Date,Price,Earnings,Real Price,Real Earnings,Real Scaled Earnings,CAPE,TR CAPE
1871.01,4.44,0.40, 114.11 ,10.28, 10.28 ,NA,NA
1871.02,4.50,0.40, 112.77 ,9.98, 10.02 ,NA,NA
1871.03,4.61,0.40, 114.37 ,9.83, 9.92 ,NA,NA
1871.04,4.74,0.40, 122.61 ,10.20, 10.35 ,NA,NA
1871.05,4.86,0.40, 129.21 ,10.44, 10.63 ,NA,NA
1871.06,4.82,0.40, 130.75 ,10.60, 10.85 ,NA,NA
1871.07,4.73,0.40, 128.90 ,10.60, 10.90 ,NA,NA
1871.08,4.79,0.40, 133.22 ,10.77, 11.12 ,NA,NA
1871.09,4.84,0.40, 132.04 ,10.52, 10.91 ,NA,NA
1871.1,4.59,0.40, 123.88 ,10.36, 10.80 ,NA,NA
1871.11,4.64,0.40, 125.81 ,10.36, 10.85 ,NA,NA
1871.12,4.74,0.40, 126.20 ,10.13, 10.65 ,NA,NA
1872.01,4.86,0.40, 129.98 ,10.19, 10.76 ,NA,NA
1872.02,4.88,0.41, 131.11 ,10.25, 10.88 ,NA,NA
1872.03,5.04,0.41, 134.00 ,10.16, 10.83 ,NA,NA
1872.04,5.18,0.41, 135.32 ,10.00, 10.71 ,NA,NA
1872.05,5.18,0.41, 135.92 ,10.06, 10.82 ,NA,NA
1872.06,5.13,0.42, 136.21 ,10.20, 11.02 ,NA,NA
1872.07,5.10,0.42, 138.05 ,10.41, 11.30 ,NA,NA
1872.08,5.04,0.42, 136.07 ,10.40, 11.34 ,NA,NA
1872.09,4.95,0.42, 133.31 ,10.38, 11.38 ,NA,NA
1872.1,4.97,0.43, 137.52 ,10.68, 11.76 ,NA,NA
1872.11,4.95,0.43, 133.66 ,10.43, 11.54 ,NA,NA
1872.12,5.07,0.43, 139.60 ,10.65, 11.84 ,NA,NA
1873.01,5.11,0.43, 141.39 ,10.71, 11.97 ,NA,NA
1873.02,5.15,0.44, 140.11 ,10.54, 11.83 ,NA,NA
1873.03,5.11,0.44, 139.72 ,10.60, 11.96 ,NA,NA
1873.04,5.04,0.44, 138.51 ,10.66, 12.09 ,NA,NA
1873.05,5.05,0.44, 142.58 ,10.95, 12.49 ,NA,NA
1873.06,4.98,0.45, 145.63 ,11.35, 13.01 ,NA,NA
1873.07,4.97,0.45, 146.11 ,11.41, 13.16 ,NA,NA
1873.08,4.97,0.45, 146.89 ,11.48, 13.30 ,NA,NA
1873.09,4.59,0.45, 136.46 ,11.54, 13.45 ,NA,NA
1873.1,4.19,0.46, 128.29 ,11.88, 13.93 ,NA,NA
1873.11,4.04,0.46, 128.51 ,12.32, 14.55 ,NA,NA
1873.12,4.42,0.46, 138.16 ,12.10, 14.38 ,NA,NA
1874.01,4.66,0.46, 144.27 ,11.91, 14.24 ,NA,NA
1874.02,4.80,0.46, 149.46 ,11.91, 14.32 ,NA,NA
1874.03,4.73,0.46, 148.13 ,11.91, 14.41 ,NA,NA
1874.04,4.60,0.46, 147.19 ,12.10, 14.72 ,NA,NA
1874.05,4.48,0.46, 145.36 ,12.19, 14.93 ,NA,NA
1874.06,4.46,0.46, 149.13 ,12.49, 15.38 ,NA,NA
1874.07,4.46,0.46, 148.85 ,12.39, 15.35 ,NA,NA
1874.08,4.47,0.46, 151.31 ,12.49, 15.57 ,NA,NA
1874.09,4.54,0.46, 154.61 ,12.49, 15.67 ,NA,NA
1874.1,4.53,0.46, 157.75 ,12.69, 16.02 ,NA,NA
1874.11,4.57,0.46, 161.42 ,12.80, 16.25 ,NA,NA
1874.12,4.54,0.46, 161.33 ,12.80, 16.35 ,NA,NA
1875.01,4.54,0.45, 162.30 ,12.57, 16.15 ,NA,NA
1875.02,4.53,0.44, 162.92 ,12.33, 15.94 ,NA,NA
1875.03,4.59,0.44, 166.04 ,12.10, 15.74 ,NA,NA
1875.04,4.65,0.43, 167.79 ,11.78, 15.40 ,NA,NA
1875.05,4.47,0.42, 166.34 ,11.83, 15.57 ,NA,NA
1875.06,4.38,0.41, 166.77 ,11.80, 15.61 ,NA,NA
1875.07,4.39,0.40, 168.14 ,11.56, 15.39 ,NA,NA
1875.08,4.41,0.39, 168.46 ,11.22, 15.02 ,NA,NA
1875.09,4.37,0.39, 169.34 ,11.08, 14.92 ,NA,NA
1875.1,4.30,0.38, 167.61 ,10.84, 14.68 ,NA,NA
1875.11,4.37,0.37, 172.80 ,10.69, 14.56 ,NA,NA
1875.12,4.37,0.36, 175.30 ,10.54, 14.44 ,NA,NA
1876.01,4.46,0.35, 181.50 ,10.43, 14.38 ,NA,NA
1876.02,4.52,0.35, 184.95 ,10.24, 14.19 ,NA,NA
1876.03,4.51,0.34, 185.57 ,10.04, 13.99 ,NA,NA
1876.04,4.34,0.33, 181.19 ,9.93, 13.91 ,NA,NA
1876.05,4.18,0.33, 182.00 ,10.09, 14.22 ,NA,NA
1876.06,4.15,0.32, 186.92 ,10.16, 14.41 ,NA,NA
1876.07,4.10,0.31, 185.80 ,9.95, 14.20 ,NA,NA
1876.08,3.93,0.31, 177.55 ,9.65, 13.86 ,NA,NA
1876.09,3.69,0.30, 166.28 ,9.35, 13.52 ,NA,NA
1876.1,3.67,0.29, 163.48 ,8.98, 13.07 ,NA,NA
1876.11,3.60,0.29, 160.02 ,8.70, 12.74 ,NA,NA
1876.12,3.58,0.28, 157.41 ,8.34, 12.31 ,NA,NA
1877.01,3.55,0.28, 154.42 ,8.25, 12.25 ,NA,NA
1877.02,3.34,0.28, 150.23 ,8.52, 12.74 ,NA,NA
1877.03,3.17,0.29, 150.31 ,8.97, 13.51 ,NA,NA
1877.04,2.94,0.29, 136.62 ,8.78, 13.32 ,NA,NA
1877.05,2.94,0.29, 135.14 ,8.67, 13.25 ,NA,NA
1877.06,2.73,0.29, 133.59 ,9.21, 14.19 ,NA,NA
1877.07,2.85,0.29, 139.11 ,9.18, 14.24 ,NA,NA
1877.08,3.05,0.29, 155.61 ,9.59, 14.96 ,NA,NA
1877.09,3.24,0.30, 167.86 ,9.74, 15.28 ,NA,NA
1877.1,3.31,0.30, 172.38 ,9.79, 15.45 ,NA,NA
1877.11,3.26,0.30, 174.06 ,10.04, 15.93 ,NA,NA
1877.12,3.25,0.30, 174.37 ,10.10, 16.10 ,NA,NA
1878.01,3.25,0.30, 180.63 ,10.44, 16.72 ,NA,NA
1878.02,3.18,0.30, 179.46 ,10.58, 17.03 ,NA,NA
1878.03,3.24,0.30, 187.64 ,10.83, 17.52 ,NA,NA
1878.04,3.33,0.30, 195.84 ,10.98, 17.84 ,NA,NA
1878.05,3.34,0.30, 203.91 ,11.38, 18.57 ,NA,NA
1878.06,3.41,0.31, 213.88 ,11.67, 19.13 ,NA,NA
1878.07,3.48,0.31, 216.77 ,11.57, 19.05 ,NA,NA
1878.08,3.45,0.31, 213.46 ,11.47, 18.98 ,NA,NA
1878.09,3.52,0.31, 218.73 ,11.50, 19.11 ,NA,NA
1878.1,3.48,0.31, 219.62 ,11.66, 19.46 ,NA,NA
1878.11,3.47,0.31, 222.44 ,11.83, 19.82 ,NA,NA
1878.12,3.45,0.31, 227.29 ,12.14, 20.42 ,NA,NA
1879.01,3.58,0.32, 234.13 ,12.22, 20.65 ,NA,NA
1879.02,3.71,0.32, 240.86 ,12.31, 20.89 ,NA,NA
1879.03,3.65,0.33, 240.70 ,12.67, 21.60 ,NA,NA
1879.04,3.77,0.33, 252.54 ,13.05, 22.33 ,NA,NA
1879.05,3.94,0.34, 264.98 ,13.28, 22.81 ,NA,NA
1879.06,3.96,0.35, 270.54 ,13.67, 23.57 ,NA,NA
1879.07,4.04,0.35, 273.87 ,13.73, 23.78 ,NA,NA
1879.08,4.07,0.36, 277.00 ,13.96, 24.28 ,NA,NA
1879.09,4.22,0.36, 278.60 ,13.71, 23.93 ,NA,NA
1879.1,4.68,0.37, 293.55 ,13.19, 23.10 ,NA,NA
1879.11,4.93,0.37, 294.60 ,12.73, 22.36 ,NA,NA
1879.12,4.92,0.38, 286.32 ,12.54, 22.11 ,NA,NA
1880.01,5.11,0.39, 289.85 ,12.48, 22.08 ,NA,NA
1880.02,5.20,0.40, 295.95 ,12.77, 22.67 ,NA,NA
1880.03,5.30,0.41, 299.80 ,12.94, 23.05 ,NA,NA
1880.04,5.18,0.42, 305.58 ,13.75, 24.58 ,NA,NA
1880.05,4.77,0.43, 291.06 ,14.48, 25.98 ,NA,NA
1880.06,4.79,0.44, 299.50 ,15.10, 27.20 ,NA,NA
1880.07,5.01,0.44, 314.48 ,15.42, 27.88 ,NA,NA
1880.08,5.19,0.45, 327.04 ,15.73, 28.56 ,NA,NA
1880.09,5.18,0.46, 324.35 ,15.89, 28.96 ,NA,NA
1880.1,5.33,0.47, 335.05 ,16.21, 29.65 ,NA,NA
1880.11,5.61,0.48, 350.41 ,16.35, 30.03 ,NA,NA
1880.12,5.84,0.49, 362.47 ,16.50, 30.41 ,NA,NA
1881.01,6.19,0.49, 389.45 ,16.52, 30.56 ,18.47,24.14
1881.02,6.17,0.48, 385.71 ,16.22, 30.11 ,18.15,23.66
1881.03,6.24,0.48, 391.52 ,16.08, 29.96 ,18.27,23.77
1881.04,6.22,0.47, 387.86 ,15.78, 29.51 ,17.95,23.31
1881.05,6.50,0.47, 410.86 ,15.80, 29.66 ,18.87,24.46
1881.06,6.58,0.47, 417.45 ,15.66, 29.50 ,19.03,24.62
1881.07,6.35,0.46, 400.41 ,15.36, 29.06 ,18.12,23.40
1881.08,6.20,0.46, 384.91 ,14.93, 28.35 ,17.29,22.29
1881.09,6.25,0.45, 375.03 ,14.24, 27.15 ,16.72,21.54
1881.1,6.15,0.45, 367.14 ,13.98, 26.76 ,16.26,20.93
1881.11,6.19,0.44, 374.57 ,13.98, 26.88 ,16.48,21.19
1881.12,6.01,0.44, 365.29 ,13.84, 26.74 ,15.96,20.51
1882.01,5.92,0.44, 361.44 ,13.82, 26.81 ,15.68,20.14
1882.02,5.79,0.44, 351.84 ,13.66, 26.63 ,15.15,19.46
1882.03,5.78,0.44, 352.85 ,13.64, 26.71 ,15.09,19.38
1882.04,5.78,0.44, 351.23 ,13.49, 26.54 ,14.92,19.15
1882.05,5.71,0.44, 345.43 ,13.34, 26.36 ,14.57,18.70
1882.06,5.68,0.44, 342.12 ,13.19, 26.20 ,14.33,18.39
1882.07,6.00,0.43, 366.30 ,13.29, 26.51 ,15.24,19.56
1882.08,6.18,0.43, 375.50 ,13.14, 26.33 ,15.53,19.91
1882.09,6.24,0.43, 391.34 ,13.48, 27.12 ,16.08,20.62
1882.1,6.07,0.43, 385.93 ,13.58, 27.45 ,15.76,20.19
1882.11,5.81,0.43, 374.59 ,13.68, 27.78 ,15.19,19.47
1882.12,5.84,0.43, 381.85 ,13.79, 28.12 ,15.38,19.70
1883.01,5.81,0.43, 381.63 ,13.71, 28.08 ,15.27,19.56
1883.02,5.68,0.43, 371.32 ,13.50, 27.78 ,14.76,18.90
1883.03,5.75,0.42, 381.25 ,13.55, 28.01 ,15.05,19.27
1883.04,5.87,0.42, 394.75 ,13.60, 28.24 ,15.48,19.82
1883.05,5.77,0.42, 393.63 ,13.65, 28.48 ,15.34,19.63
1883.06,5.82,0.42, 410.85 ,13.97, 29.30 ,15.90,20.36
1883.07,5.73,0.41, 414.71 ,14.17, 29.85 ,15.95,20.41
1883.08,5.47,0.41, 397.87 ,14.09, 29.82 ,15.20,19.45
1883.09,5.53,0.41, 408.38 ,14.14, 30.09 ,15.49,19.83
1883.1,5.38,0.41, 399.33 ,14.06, 30.06 ,15.05,19.26
1883.11,5.46,0.40, 411.54 ,14.12, 30.34 ,15.41,19.72
1883.12,5.34,0.40, 400.40 ,13.88, 29.99 ,14.90,19.07
1884.01,5.18,0.39, 390.45 ,13.62, 29.59 ,14.43,18.48
1884.02,5.32,0.39, 403.06 ,13.36, 29.17 ,14.81,18.96
1884.03,5.30,0.38, 403.60 ,13.10, 28.75 ,14.74,18.88
1884.04,5.06,0.37, 395.52 ,13.11, 28.92 ,14.35,18.40
1884.05,4.65,0.36, 373.44 ,13.12, 29.11 ,13.47,17.27
1884.06,4.46,0.36, 360.32 ,12.85, 28.68 ,12.91,16.58
1884.07,4.46,0.35, 366.40 ,12.72, 28.55 ,13.04,16.77
1884.08,4.74,0.34, 391.57 ,12.44, 28.09 ,13.86,17.83
1884.09,4.59,0.33, 385.54 ,12.30, 27.93 ,13.57,17.47
1884.1,4.44,0.33, 379.30 ,12.16, 27.76 ,13.27,17.11
1884.11,4.35,0.32, 382.33 ,12.15, 27.91 ,13.30,17.17
1884.12,4.34,0.31, 388.13 ,12.00, 27.72 ,13.43,17.36
1885.01,4.24,0.31, 381.45 ,11.87, 27.59 ,13.13,16.99
1885.02,4.37,0.30, 390.89 ,11.60, 27.13 ,13.38,17.33
1885.03,4.38,0.30, 403.13 ,11.74, 27.61 ,13.73,17.80
1885.04,4.37,0.30, 399.76 ,11.48, 27.14 ,13.55,17.58
1885.05,4.32,0.29, 406.67 ,11.62, 27.61 ,13.71,17.80
1885.06,4.30,0.29, 416.75 ,11.76, 28.11 ,13.98,18.17
1885.07,4.46,0.29, 429.26 ,11.49, 27.59 ,14.33,18.63
1885.08,4.71,0.28, 455.44 ,11.35, 27.39 ,15.13,19.68
1885.09,4.65,0.28, 457.15 ,11.36, 27.53 ,15.12,19.66
1885.1,4.92,0.28, 485.76 ,11.22, 27.32 ,15.99,20.80
1885.11,5.24,0.27, 513.19 ,10.95, 26.77 ,16.82,21.88
1885.12,5.20,0.27, 499.35 ,10.57, 25.93 ,16.30,21.19
1886.01,5.20,0.28, 513.19 ,11.02, 27.14 ,16.69,21.69
1886.02,5.30,0.28, 525.00 ,11.22, 27.74 ,17.01,22.09
1886.03,5.19,0.29, 522.26 ,11.56, 28.68 ,16.84,21.87
1886.04,5.12,0.29, 523.48 ,11.91, 29.65 ,16.80,21.81
1886.05,5.02,0.30, 528.11 ,12.42, 31.03 ,16.86,21.89
1886.06,5.25,0.30, 561.34 ,12.79, 32.08 ,17.83,23.13
1886.07,5.33,0.31, 564.78 ,12.84, 32.32 ,17.85,23.13
1886.08,5.37,0.31, 563.97 ,12.89, 32.56 ,17.72,22.95
1886.09,5.51,0.32, 580.65 ,13.09, 33.19 ,18.15,23.48
1886.1,5.65,0.32, 597.36 ,13.30, 33.83 ,18.56,24.00
1886.11,5.79,0.33, 614.11 ,13.51, 34.47 ,18.97,24.50
1886.12,5.64,0.33, 592.83 ,13.55, 34.69 ,18.19,23.49
1887.01,5.58,0.33, 574.46 ,13.33, 34.23 ,17.51,22.59
1887.02,5.54,0.34, 565.54 ,13.27, 34.20 ,17.13,22.08
1887.03,5.67,0.34, 580.75 ,13.37, 34.57 ,17.47,22.52
1887.04,5.80,0.34, 596.03 ,13.47, 34.94 ,17.82,22.95
1887.05,5.90,0.34, 608.29 ,13.57, 35.31 ,18.08,23.26
1887.06,5.73,0.35, 599.84 ,13.83, 36.12 ,17.71,22.78
1887.07,5.59,0.35, 594.33 ,14.10, 36.95 ,17.43,22.42
1887.08,5.45,0.35, 574.65 ,14.03, 36.90 ,16.74,21.52
1887.09,5.38,0.35, 576.26 ,14.30, 37.76 ,16.68,21.43
1887.1,5.20,0.36, 552.51 ,14.23, 37.72 ,15.88,20.41
1887.11,5.30,0.36, 558.68 ,14.16, 37.68 ,15.95,20.50
1887.12,5.27,0.36, 544.89 ,13.93, 37.22 ,15.46,19.86
1888.01,5.31,0.35, 544.90 ,13.46, 36.09 ,15.36,19.73
1888.02,5.28,0.34, 550.18 ,13.29, 35.77 ,15.42,19.81
1888.03,5.08,0.34, 531.47 ,12.96, 35.05 ,14.81,19.03
1888.04,5.10,0.33, 541.92 ,12.79, 34.71 ,15.02,19.30
1888.05,5.17,0.32, 557.98 ,12.61, 34.35 ,15.39,19.77
1888.06,5.01,0.31, 549.33 ,12.43, 33.99 ,15.08,19.38
1888.07,5.14,0.30, 559.11 ,11.95, 32.82 ,15.28,19.64
1888.08,5.25,0.29, 573.22 ,11.62, 32.02 ,15.60,20.05
1888.09,5.38,0.29, 589.55 ,11.29, 31.23 ,15.99,20.54
1888.1,5.35,0.28, 581.55 ,10.83, 30.08 ,15.72,20.19
1888.11,5.24,0.27, 565.12 ,10.38, 28.94 ,15.22,19.56
1888.12,5.14,0.26, 556.41 ,10.06, 28.15 ,14.95,19.21
1889.01,5.24,0.26, 589.63 ,10.55, 29.63 ,15.80,20.31
1889.02,5.30,0.27, 605.73 ,10.82, 30.48 ,16.19,20.81
1889.03,5.19,0.27, 602.59 ,11.09, 31.35 ,16.07,20.65
1889.04,5.18,0.27, 603.62 ,11.22, 31.85 ,16.05,20.63
1889.05,5.32,0.28, 637.68 ,11.64, 33.17 ,16.92,21.73
1889.06,5.41,0.28, 650.72 ,11.78, 33.68 ,17.22,22.11
1889.07,5.30,0.28, 639.73 ,11.92, 34.20 ,16.89,21.68
1889.08,5.37,0.29, 650.43 ,12.07, 34.73 ,17.13,21.97
1889.09,5.50,0.29, 660.17 ,12.05, 34.81 ,17.35,22.24
1889.1,5.40,0.29, 650.38 ,12.19, 35.33 ,17.05,21.84
1889.11,5.35,0.30, 646.58 ,12.33, 35.86 ,16.91,21.64
1889.12,5.32,0.30, 637.30 ,12.32, 35.94 ,16.61,21.25
1890.01,5.38,0.30, 662.85 ,12.59, 36.86 ,17.22,22.02
1890.02,5.32,0.30, 657.72 ,12.55, 36.88 ,17.03,21.76
1890.03,5.28,0.30, 655.04 ,12.52, 36.91 ,16.90,21.58
1890.04,5.39,0.30, 670.96 ,12.49, 36.93 ,17.26,22.02
1890.05,5.62,0.30, 693.21 ,12.30, 36.49 ,17.79,22.68
1890.06,5.58,0.30, 690.54 ,12.26, 36.51 ,17.68,22.53
1890.07,5.54,0.29, 687.85 ,12.23, 36.53 ,17.59,22.38
1890.08,5.41,0.29, 649.92 ,11.76, 35.23 ,16.60,21.10
1890.09,5.32,0.29, 633.76 ,11.59, 34.85 ,16.17,20.54
1890.1,5.08,0.29, 607.36 ,11.55, 34.88 ,15.48,19.65
1890.11,4.71,0.29, 578.93 ,11.80, 35.74 ,14.75,18.70
1890.12,4.60,0.29, 567.67 ,11.76, 35.79 ,14.44,18.31
1891.01,4.84,0.29, 606.86 ,12.08, 36.89 ,15.43,19.55
1891.02,4.90,0.30, 609.25 ,12.10, 37.09 ,15.48,19.59
1891.03,4.81,0.30, 593.19 ,12.12, 37.31 ,15.05,19.04
1891.04,4.97,0.31, 607.95 ,12.15, 37.52 ,15.41,19.47
1891.05,4.95,0.31, 614.98 ,12.46, 38.61 ,15.57,19.66
1891.06,4.85,0.32, 619.58 ,12.93, 40.24 ,15.66,19.76
1891.07,4.77,0.32, 619.26 ,13.27, 41.44 ,15.62,19.69
1891.08,4.93,0.32, 642.41 ,13.44, 42.13 ,16.16,20.36
1891.09,5.33,0.33, 705.63 ,13.78, 43.36 ,17.71,22.28
1891.1,5.33,0.33, 708.06 ,13.96, 44.06 ,17.72,22.26
1891.11,5.25,0.34, 708.73 ,14.31, 45.33 ,17.67,22.19
1891.12,5.41,0.34, 732.80 ,14.49, 46.05 ,18.21,22.83
1892.01,5.51,0.34, 768.30 ,14.98, 47.76 ,19.02,23.82
1892.02,5.52,0.35, 772.29 ,15.09, 48.27 ,19.04,23.81
1892.03,5.58,0.35, 804.20 ,15.60, 50.08 ,19.74,24.66
1892.04,5.57,0.35, 816.36 ,15.92, 51.30 ,19.94,24.88
1892.05,5.57,0.35, 819.15 ,16.04, 51.84 ,19.91,24.81
1892.06,5.54,0.36, 817.56 ,16.15, 52.39 ,19.77,24.60
1892.07,5.54,0.36, 798.82 ,15.84, 51.55 ,19.21,23.88
1892.08,5.62,0.36, 802.60 ,15.74, 51.41 ,19.20,23.85
1892.09,5.48,0.36, 785.40 ,15.85, 51.95 ,18.69,23.19
1892.1,5.59,0.37, 803.99 ,15.96, 52.50 ,19.04,23.60
1892.11,5.57,0.37, 783.62 ,15.66, 51.70 ,18.46,22.86
1892.12,5.51,0.37, 768.26 ,15.57, 51.59 ,18.01,22.28
1893.01,5.61,0.36, 756.63 ,14.64, 48.66 ,17.66,21.82
1893.02,5.51,0.35, 736.98 ,14.10, 47.04 ,17.13,21.15
1893.03,5.31,0.34, 730.32 ,14.06, 47.11 ,16.90,20.86
1893.04,5.31,0.33, 742.16 ,13.85, 46.58 ,17.10,21.10
1893.05,4.84,0.32, 687.81 ,13.64, 46.07 ,15.78,19.47
1893.06,4.61,0.32, 674.90 ,13.60, 46.12 ,15.42,19.03
1893.07,4.18,0.31, 631.13 ,13.55, 46.17 ,14.35,17.73
1893.08,4.08,0.30, 644.57 ,13.68, 46.87 ,14.59,18.03
1893.09,4.37,0.29, 666.27 ,12.74, 43.83 ,15.01,18.57
1893.1,4.50,0.28, 680.29 ,12.17, 42.07 ,15.27,18.90
1893.11,4.57,0.27, 712.52 ,12.08, 41.97 ,15.94,19.74
1893.12,4.41,0.26, 700.16 ,11.83, 41.28 ,15.61,19.34
1894.01,4.32,0.25, 708.28 ,11.77, 41.27 ,15.74,19.52
1894.02,4.38,0.24, 731.60 ,11.54, 40.64 ,16.20,20.11
1894.03,4.51,0.24, 778.58 ,11.47, 40.57 ,17.19,21.34
1894.04,4.57,0.23, 792.35 ,11.06, 39.31 ,17.43,21.66
1894.05,4.40,0.22, 766.24 ,10.65, 38.02 ,16.81,20.90
1894.06,4.34,0.21, 759.13 ,10.25, 36.73 ,16.61,20.66
1894.07,4.25,0.20, 746.70 ,9.84, 35.44 ,16.29,20.29
1894.08,4.41,0.19, 756.16 ,9.17, 33.14 ,16.46,20.51
1894.09,4.48,0.19, 760.59 ,8.65, 31.41 ,16.52,20.61
1894.1,4.34,0.18, 761.03 ,8.50, 30.98 ,16.50,20.60
1894.11,4.34,0.17, 764.15 ,8.09, 29.63 ,16.54,20.67
1894.12,4.30,0.16, 771.20 ,7.81, 28.70 ,16.67,20.86
1895.01,4.25,0.17, 765.35 ,8.17, 30.16 ,16.52,20.69
1895.02,4.19,0.18, 757.64 ,8.54, 31.64 ,16.33,20.47
1895.03,4.19,0.18, 760.73 ,8.90, 33.13 ,16.36,20.53
1895.04,4.37,0.19, 763.30 ,8.88, 33.19 ,16.39,20.58
1895.05,4.61,0.20, 797.09 ,9.11, 34.15 ,17.08,21.46
1895.06,4.70,0.21, 804.51 ,9.33, 35.09 ,17.21,21.63
1895.07,4.72,0.21, 821.87 ,9.80, 37.00 ,17.55,22.06
1895.08,4.79,0.22, 848.54 ,10.29, 38.97 ,18.07,22.73
1895.09,4.82,0.23, 856.73 ,10.64, 40.44 ,18.20,22.89
1895.1,4.75,0.24, 847.15 ,10.99, 41.91 ,17.94,22.57
1895.11,4.59,0.24, 821.46 ,11.34, 43.40 ,17.34,21.81
1895.12,4.32,0.25, 786.90 ,11.85, 45.54 ,16.55,20.82
1896.01,4.27,0.25, 791.82 ,11.87, 45.75 ,16.58,20.86
1896.02,4.45,0.24, 840.11 ,11.87, 45.93 ,17.52,22.04
1896.03,4.38,0.24, 829.85 ,11.71, 45.47 ,17.23,21.69
1896.04,4.42,0.24, 852.73 ,11.72, 45.67 ,17.64,22.20
1896.05,4.40,0.23, 864.57 ,11.72, 45.84 ,17.83,22.43
1896.06,4.32,0.23, 864.79 ,11.73, 46.04 ,17.78,22.37
1896.07,4.04,0.23, 811.81 ,11.56, 45.55 ,16.64,20.93
1896.08,3.81,0.22, 768.66 ,11.39, 45.05 ,15.70,19.76
1896.09,4.01,0.22, 812.08 ,11.22, 44.55 ,16.54,20.82
1896.1,4.10,0.22, 808.86 ,10.73, 42.75 ,16.44,20.69
1896.11,4.38,0.21, 842.30 ,10.26, 41.02 ,17.09,21.51
1896.12,4.22,0.21, 814.42 ,10.10, 40.53 ,16.50,20.77
1897.01,4.22,0.22, 841.35 ,10.81, 43.52 ,17.03,21.43
1897.02,4.18,0.23, 836.37 ,11.22, 45.36 ,16.89,21.26
1897.03,4.19,0.24, 841.37 ,11.64, 47.19 ,16.96,21.33
1897.04,4.06,0.24, 830.49 ,12.23, 49.77 ,16.70,21.00
1897.05,4.08,0.25, 850.34 ,12.84, 52.46 ,17.05,21.44
1897.06,4.27,0.26, 893.07 ,13.26, 54.38 ,17.85,22.43
1897.07,4.46,0.27, 935.94 ,13.69, 56.30 ,18.65,23.42
1897.08,4.75,0.28, 956.47 ,13.50, 55.72 ,19.01,23.84
1897.09,4.98,0.29, 977.47 ,13.51, 55.94 ,19.37,24.27
1897.1,4.82,0.29, 962.57 ,14.11, 58.57 ,19.03,23.81
1897.11,4.65,0.30, 931.62 ,14.51, 60.44 ,18.36,22.94
1897.12,4.75,0.31, 954.66 ,14.91, 62.30 ,18.75,23.40
1898.01,4.88,0.31, 983.83 ,15.07, 63.16 ,19.25,23.99
1898.02,4.87,0.32, 971.02 ,15.02, 63.15 ,18.92,23.55
1898.03,4.65,0.32, 930.23 ,15.17, 64.02 ,18.04,22.44
1898.04,4.57,0.32, 917.33 ,15.33, 64.90 ,17.71,22.00
1898.05,4.87,0.33, 916.18 ,14.47, 61.46 ,17.60,21.84
1898.06,5.06,0.33," 1,022.15 ",15.65, 66.66 ,19.54,24.23
1898.07,5.08,0.33," 1,044.13 ",16.03, 68.51 ,19.86,24.60
1898.08,5.27,0.34," 1,086.49 ",16.19, 69.42 ,20.54,25.42
1898.09,5.26,0.34," 1,087.78 ",16.35, 70.31 ,20.44,25.26
1898.1,5.15,0.34," 1,068.42 ",16.51, 71.22 ,19.95,24.63
1898.11,5.32,0.35," 1,107.12 ",16.68, 72.15 ,20.53,25.32
1898.12,5.65,0.35," 1,162.65 ",16.60, 72.02 ,21.40,26.37
1899.01,6.08,0.36," 1,254.58 ",17.11, 74.45 ,22.93,28.22
1899.02,6.31,0.37," 1,269.74 ",17.14, 74.80 ,23.05,28.33
1899.03,6.40,0.38," 1,291.24 ",17.64, 77.17 ,23.28,28.57
1899.04,6.48,0.39," 1,293.09 ",17.89, 78.48 ,23.15,28.37
1899.05,6.21,0.40," 1,242.61 ",18.39, 80.88 ,22.09,27.03
1899.06,6.07,0.42," 1,201.77 ",18.63, 82.16 ,21.21,25.92
1899.07,6.28,0.43," 1,230.34 ",18.86, 83.42 ,21.56,26.31
1899.08,6.44,0.44," 1,248.63 ",19.09, 84.67 ,21.73,26.47
1899.09,6.37,0.45," 1,191.97 ",18.83, 83.74 ,20.59,25.04
1899.1,6.34,0.46," 1,174.92 ",19.05, 84.93 ,20.15,24.48
1899.11,6.46,0.47," 1,185.75 ",19.26, 86.12 ,20.20,24.49
1899.12,6.02,0.48," 1,094.85 ",19.47, 87.30 ,18.51,22.42
1900.01,6.10,0.48," 1,112.69 ",19.47, 87.56 ,18.67,22.59
1900.02,6.21,0.48," 1,122.65 ",19.24, 86.78 ,18.70,22.60
1900.03,6.26,0.48," 1,135.19 ",19.24, 87.04 ,18.78,22.66
1900.04,6.34,0.48," 1,153.33 ",19.24, 87.32 ,18.94,22.83
1900.05,6.04,0.48," 1,129.40 ",19.71, 89.75 ,18.40,22.17
1900.06,5.86,0.48," 1,113.29 ",19.95, 91.19 ,17.99,21.67
1900.07,5.86,0.48," 1,103.82 ",19.71, 90.42 ,17.69,21.29
1900.08,5.94,0.48," 1,136.99 ",19.95, 91.88 ,18.07,21.75
1900.09,5.80,0.48," 1,101.03 ",19.71, 91.12 ,17.34,20.87
1900.1,6.01,0.48," 1,159.54 ",19.95, 92.61 ,18.10,21.78
1900.11,6.48,0.48," 1,254.92 ",19.95, 92.96 ,19.42,23.37
1900.12,6.87,0.48," 1,351.98 ",20.20, 94.46 ,20.74,24.95
1901.01,7.07,0.48," 1,379.05 ",20.02, 93.96 ,20.98,25.22
1901.02,7.25,0.48," 1,436.83 ",20.34, 95.78 ,21.68,26.05
1901.03,7.51,0.49," 1,493.39 ",20.41, 96.44 ,22.35,26.84
1901.04,8.14,0.49," 1,644.31 ",20.74, 98.32 ,24.41,29.29
1901.05,7.73,0.49," 1,566.68 ",20.81, 98.97 ,23.06,27.66
1901.06,8.50,0.49," 1,727.97 ",20.88, 99.61 ,25.24,30.24
1901.07,7.93,0.49," 1,597.16 ",20.69, 99.03 ,23.14,27.71
1901.08,8.04,0.49," 1,604.52 ",20.50, 98.45 ,23.08,27.61
1901.09,8.00,0.50," 1,582.24 ",20.32, 97.90 ,22.59,27.01
1901.1,7.91,0.50," 1,569.66 ",20.39, 98.57 ,22.25,26.59
1901.11,8.08,0.50," 1,589.28 ",20.21, 98.01 ,22.38,26.71
1901.12,7.95,0.50," 1,550.27 ",20.04, 97.50 ,21.68,25.87
1902.01,8.12,0.51," 1,607.78 ",20.72, 101.14 ,22.34,26.64
1902.02,8.19,0.52," 1,626.94 ",21.16, 103.64 ,22.46,26.76
1902.03,8.20,0.53," 1,634.27 ",21.60, 106.13 ,22.41,26.67
1902.04,8.48,0.54," 1,675.26 ",21.78, 107.33 ,22.82,27.14
1902.05,8.46,0.55," 1,656.92 ",21.95, 108.54 ,22.43,26.64
1902.06,8.41,0.57," 1,633.22 ",22.12, 109.72 ,21.96,26.06
1902.07,8.60,0.58," 1,675.39 ",22.54, 112.17 ,22.39,26.53
1902.08,8.83,0.59," 1,745.80 ",23.24, 116.00 ,23.17,27.42
1902.09,8.85,0.60," 1,734.74 ",23.39, 117.12 ,22.86,27.02
1902.1,8.57,0.61," 1,575.31 ",22.26, 111.82 ,20.60,24.33
1902.11,8.24,0.62," 1,570.93 ",23.42, 118.05 ,20.41,24.08
1902.12,8.05,0.63," 1,522.83 ",23.57, 119.18 ,19.63,23.15
1903.01,8.46,0.62," 1,587.98 ",23.00, 116.70 ,20.32,23.93
1903.02,8.41,0.61," 1,583.80 ",22.69, 115.50 ,20.11,23.67
1903.03,8.08,0.61," 1,578.96 ",23.15, 118.23 ,19.88,23.40
1903.04,7.75,0.60," 1,519.96 ",22.83, 117.03 ,18.98,22.33
1903.05,7.60,0.59," 1,530.87 ",23.03, 118.50 ,18.95,22.29
1903.06,7.18,0.58," 1,451.98 ",22.71, 117.29 ,17.82,20.96
1903.07,6.85,0.57," 1,391.00 ",22.38, 116.09 ,16.92,19.91
1903.08,6.63,0.56," 1,352.14 ",22.05, 114.88 ,16.30,19.19
1903.09,6.47,0.56," 1,310.13 ",21.48, 112.38 ,15.65,18.45
1903.1,6.26,0.55," 1,288.27 ",21.40, 112.51 ,15.25,18.00
1903.11,6.28,0.54," 1,313.63 ",21.32, 112.60 ,15.41,18.20
1903.12,6.57,0.53," 1,380.39 ",20.99, 111.36 ,16.04,18.97
1904.01,6.68,0.53," 1,377.17 ",20.38, 108.59 ,15.86,18.78
1904.02,6.50,0.52," 1,315.72 ",19.80, 105.93 ,15.02,17.80
1904.03,6.48,0.52," 1,332.37 ",19.89, 106.92 ,15.08,17.90
1904.04,6.64,0.52," 1,386.79 ",20.00, 107.92 ,15.57,18.49
1904.05,6.50,0.51," 1,395.44 ",20.33, 110.20 ,15.53,18.46
1904.06,6.51,0.51," 1,403.49 ",20.20, 109.95 ,15.47,18.42
1904.07,6.78,0.51," 1,467.57 ",20.07, 109.68 ,16.04,19.11
1904.08,7.01,0.50," 1,505.47 ",19.70, 108.09 ,16.30,19.45
1904.09,7.32,0.50," 1,559.64 ",19.35, 106.53 ,16.74,19.99
1904.1,7.75,0.50," 1,656.88 ",19.22, 106.19 ,17.63,21.07
1904.11,8.17,0.49," 1,712.88 ",18.66, 103.42 ,18.08,21.61
1904.12,8.25,0.49," 1,735.07 ",18.54, 103.05 ,18.16,21.72
1905.01,8.43,0.51," 1,778.39 ",19.10, 106.53 ,18.46,22.09
1905.02,8.80,0.52," 1,861.95 ",19.67, 110.02 ,19.17,22.94
1905.03,9.05,0.54," 1,942.21 ",20.47, 114.82 ,19.83,23.74
1905.04,8.94,0.55," 1,924.27 ",21.04, 118.38 ,19.48,23.33
1905.05,8.50,0.57," 1,856.37 ",21.86, 123.39 ,18.63,22.31
1905.06,8.60,0.58," 1,884.04 ",22.45, 127.06 ,18.74,22.45
1905.07,8.87,0.60," 1,949.06 ",23.03, 130.74 ,19.21,23.01
1905.08,9.20,0.61," 2,004.45 ",23.34, 132.90 ,19.57,23.45
1905.09,9.23,0.63," 2,040.07 ",24.19, 138.14 ,19.74,23.65
1905.1,9.36,0.64," 2,074.82 ",24.77, 141.87 ,19.90,23.83
1905.11,9.31,0.66," 2,046.28 ",25.06, 143.96 ,19.44,23.28
1905.12,9.54,0.67," 2,079.26 ",25.35, 146.03 ,19.58,23.43
1906.01,9.87,0.68," 2,157.29 ",25.63, 148.08 ,20.13,24.08
1906.02,9.80,0.69," 2,148.21 ",25.91, 150.16 ,19.87,23.75
1906.03,9.56,0.69," 2,101.95 ",26.20, 152.26 ,19.26,23.02
1906.04,9.43,0.70," 2,079.84 ",26.48, 154.39 ,18.88,22.56
1906.05,9.18,0.71," 2,008.73 ",26.47, 154.81 ,18.05,21.57
1906.06,9.30,0.72," 2,041.64 ",26.75, 156.96 ,18.17,21.72
1906.07,9.06,0.72," 2,064.55 ",27.96, 164.64 ,18.20,21.75
1906.08,9.73,0.73," 2,174.40 ",27.62, 163.14 ,18.97,22.67
1906.09,10.03,0.74," 2,223.58 ",27.59, 163.50 ,19.20,22.94
1906.1,9.73,0.75," 2,117.19 ",27.26, 162.11 ,18.10,21.62
1906.11,9.93,0.75," 2,144.56 ",27.24, 162.52 ,18.14,21.68
1906.12,9.84,0.76," 2,109.63 ",27.22, 162.94 ,17.66,21.11
1907.01,9.56,0.75," 2,078.93 ",27.21, 163.47 ,17.22,20.60
1907.02,9.26,0.74," 1,978.50 ",26.34, 158.81 ,16.22,19.41
1907.03,8.35,0.74," 1,810.43 ",26.33, 159.36 ,14.69,17.60
1907.04,8.39,0.73," 1,826.57 ",26.03, 158.21 ,14.67,17.59
1907.05,8.10,0.72," 1,734.09 ",25.19, 153.78 ,13.79,16.56
1907.06,7.84,0.71," 1,668.55 ",24.64, 151.11 ,13.14,15.81
1907.07,8.14,0.70," 1,739.91 ",24.36, 149.99 ,13.59,16.36
1907.08,7.53,0.69," 1,617.12 ",24.06, 148.89 ,12.51,15.09
1907.09,7.45,0.69," 1,607.64 ",23.78, 147.82 ,12.33,14.90
1907.1,6.64,0.68," 1,425.94 ",23.25, 145.32 ,10.83,13.12
1907.11,6.25,0.67," 1,407.45 ",23.94, 150.50 ,10.59,12.86
1907.12,6.57,0.66," 1,520.10 ",24.15, 152.70 ,11.33,13.80
1908.01,6.85,0.65," 1,610.82 ",24.17, 153.63 ,11.90,14.52
1908.02,6.60,0.65," 1,577.86 ",24.19, 154.61 ,11.55,14.13
1908.03,6.87,0.64," 1,650.98 ",23.94, 153.80 ,11.98,14.68
1908.04,7.24,0.63," 1,729.22 ",23.43, 151.26 ,12.45,15.28
1908.05,7.63,0.63," 1,830.79 ",23.19, 150.37 ,13.08,16.07
1908.06,7.64,0.62," 1,841.59 ",22.94, 149.45 ,13.05,16.06
1908.07,7.92,0.61," 1,896.61 ",22.44, 146.87 ,13.35,16.44
1908.08,8.26,0.61," 1,986.28 ",22.20, 145.89 ,13.88,17.12
1908.09,8.17,0.60," 1,972.85 ",21.96, 144.89 ,13.70,16.92
1908.1,8.27,0.59," 1,983.64 ",21.48, 142.31 ,13.69,16.92
1908.11,8.83,0.59," 2,103.40 ",21.01, 139.76 ,14.44,17.85
1908.12,9.03,0.58," 2,136.25 ",20.56, 137.21 ,14.58,18.04
1909.01,9.06,0.60," 2,174.19 ",21.31, 142.79 ,14.76,18.28
1909.02,8.80,0.61," 2,097.61 ",21.62, 145.40 ,14.17,17.55
1909.03,8.92,0.63," 2,134.35 ",22.15, 149.55 ,14.34,17.77
1909.04,9.32,0.64," 2,192.17 ",22.21, 150.53 ,14.65,18.16
1909.05,9.63,0.66," 2,250.05 ",22.50, 153.04 ,14.95,18.55
1909.06,9.80,0.67," 2,274.73 ",22.79, 155.52 ,15.04,18.66
1909.07,9.94,0.69," 2,315.41 ",23.30, 159.56 ,15.23,18.90
1909.08,10.18,0.70," 2,355.80 ",23.57, 161.99 ,15.42,19.13
1909.09,10.19,0.72," 2,342.99 ",23.83, 164.40 ,15.25,18.93
1909.1,10.23,0.73," 2,314.65 ",23.86, 165.17 ,14.99,18.60
1909.11,10.18,0.75," 2,289.34 ",24.12, 167.54 ,14.75,18.29
1909.12,10.30,0.76," 2,302.43 ",24.37, 169.89 ,14.75,18.30
1910.01,10.08,0.76," 2,283.24 ",24.52, 171.58 ,14.55,18.05
1910.02,9.72,0.76," 2,210.10 ",24.44, 171.67 ,14.00,17.37
1910.03,9.96,0.75," 2,230.27 ",23.90, 168.50 ,14.05,17.44
1910.04,9.72,0.75," 2,164.50 ",23.60, 167.01 ,13.56,16.83
1910.05,9.56,0.75," 2,177.96 ",23.97, 170.30 ,13.57,16.85
1910.06,9.10,0.75," 2,101.83 ",24.12, 172.07 ,13.02,16.18
1910.07,8.64,0.74," 2,004.39 ",24.04, 172.25 ,12.34,15.35
1910.08,8.85,0.74," 2,082.02 ",24.19, 174.09 ,12.75,15.86
1910.09,8.91,0.74," 2,125.85 ",24.34, 175.96 ,12.94,16.11
1910.1,9.32,0.74," 2,300.57 ",25.00, 181.43 ,13.92,17.34
1910.11,9.31,0.73," 2,355.31 ",25.42, 185.31 ,14.16,17.65
1910.12,9.05,0.73," 2,299.45 ",25.34, 185.48 ,13.74,17.14
1911.01,9.27,0.72," 2,365.30 ",24.93, 183.28 ,14.05,17.53
1911.02,9.43,0.71," 2,493.22 ",25.31, 186.85 ,14.72,18.37
1911.03,9.32,0.70," 2,448.44 ",24.63, 182.58 ,14.37,17.94
1911.04,9.28,0.68," 2,528.05 ",25.01, 186.14 ,14.75,18.43
1911.05,9.48,0.67," 2,593.20 ",24.58, 183.74 ,15.05,18.81
1911.06,9.67,0.66," 2,655.89 ",24.15, 181.27 ,15.33,19.16
1911.07,9.63,0.65," 2,627.12 ",23.47, 176.86 ,15.08,18.86
1911.08,9.17,0.64," 2,433.79 ",22.33, 168.99 ,13.90,17.39
1911.09,8.67,0.63," 2,287.67 ",21.69, 164.91 ,13.00,16.28
1911.1,8.72,0.61," 2,311.19 ",21.29, 162.55 ,13.07,16.38
1911.11,9.07,0.60," 2,439.47 ",21.10, 161.83 ,13.73,17.23
1911.12,9.11,0.59," 2,486.67 ",20.91, 161.05 ,13.93,17.49
1912.01,9.12,0.60," 2,474.06 ",21.01, 162.55 ,13.79,17.34
1912.02,9.04,0.61," 2,437.65 ",21.11, 164.03 ,13.53,17.02
1912.03,9.30,0.62," 2,467.49 ",21.00, 163.84 ,13.64,17.17
1912.04,9.59,0.63," 2,479.76 ",20.69, 162.05 ,13.65,17.20
1912.05,9.58,0.64," 2,487.39 ",20.99, 165.08 ,13.65,17.20
1912.06,9.58,0.65," 2,522.40 ",21.50, 169.83 ,13.79,17.38
1912.07,9.59,0.65," 2,535.48 ",21.81, 172.96 ,13.80,17.41
1912.08,9.81,0.66," 2,578.61 ",21.89, 174.35 ,13.98,17.65
1912.09,9.86,0.67," 2,576.94 ",21.98, 175.76 ,13.93,17.58
1912.1,9.84,0.68," 2,582.13 ",22.28, 178.89 ,13.91,17.56
1912.11,9.73,0.69," 2,563.75 ",22.58, 182.02 ,13.75,17.37
1912.12,9.38,0.70," 2,506.40 ",23.11, 187.04 ,13.39,16.92
1913.01,9.30,0.69," 2,471.48 ",22.69, 184.48 ,13.15,16.62
1913.02,8.97,0.69," 2,394.41 ",22.50, 183.73 ,12.68,16.04
1913.03,8.80,0.68," 2,359.71 ",22.31, 183.01 ,12.44,15.75
1913.04,8.79,0.68," 2,367.75 ",22.12, 182.28 ,12.43,15.74
1913.05,8.55,0.67," 2,337.73 ",22.15, 183.41 ,12.22,15.49
1913.06,8.12,0.67," 2,208.34 ",21.74, 180.86 ,11.49,14.58
1913.07,8.23,0.66," 2,226.41 ",21.33, 178.33 ,11.53,14.65
1913.08,8.45,0.65," 2,296.75 ",21.14, 177.57 ,11.85,15.06
1913.09,8.53,0.65," 2,306.07 ",20.74, 175.05 ,11.84,15.07
1913.1,8.26,0.64," 2,243.89 ",20.56, 174.32 ,11.47,14.61
1913.11,8.05,0.64," 2,175.95 ",20.17, 171.86 ,11.07,14.12
1913.12,8.04,0.63," 2,205.90 ",20.18, 172.85 ,11.17,14.27
1914.01,8.37,0.62," 2,307.30 ",19.89, 171.13 ,11.64,14.88
1914.02,8.48,0.61," 2,372.14 ",19.79, 171.11 ,11.91,15.24
1914.03,8.32,0.60," 2,338.22 ",19.50, 169.32 ,11.69,14.97
1914.04,8.12,0.59," 2,316.18 ",19.39, 169.24 ,11.52,14.78
1914.05,8.17,0.58," 2,317.61 ",18.90, 165.72 ,11.48,14.74
1914.06,8.13,0.58," 2,316.90 ",18.61, 163.86 ,11.43,14.69
1914.07,7.68,0.57," 2,177.24 ",18.12, 160.40 ,10.69,13.77
1914.08,7.68,0.56," 2,144.74 ",17.48, 155.47 ,10.49,13.53
1914.09,7.68,0.55," 2,154.86 ",17.19, 153.62 ,10.50,13.56
1914.1,7.68,0.54," 2,186.35 ",17.07, 153.24 ,10.61,13.72
1914.11,7.68,0.53," 2,174.90 ",16.62, 149.86 ,10.52,13.62
1914.12,7.35,0.52," 2,112.06 ",16.49, 149.42 ,10.17,13.19
1915.01,7.48,0.55," 2,159.50 ",17.44, 158.79 ,10.36,13.46
1915.02,7.38,0.58," 2,162.18 ",18.58, 169.93 ,10.33,13.44
1915.03,7.57,0.61," 2,250.67 ",19.74, 181.36 ,10.71,13.94
1915.04,8.14,0.64," 2,406.32 ",20.50, 189.19 ,11.40,14.86
1915.05,7.95,0.67," 2,337.23 ",21.25, 196.97 ,11.03,14.38
1915.06,8.04,0.70," 2,374.10 ",22.20, 206.70 ,11.15,14.55
1915.07,8.01,0.73," 2,375.72 ",23.15, 216.51 ,11.11,14.50
1915.08,8.35,0.76," 2,487.11 ",24.10, 226.37 ,11.58,15.11
1915.09,8.66,0.79," 2,590.05 ",25.06, 236.28 ,12.01,15.66
1915.1,9.14,0.82," 2,717.38 ",25.75, 243.79 ,12.55,16.35
1915.11,9.46,0.85," 2,795.75 ",26.44, 251.20 ,12.86,16.74
1915.12,9.48,0.88," 2,812.25 ",27.37, 261.05 ,12.88,16.75
1916.01,9.33,0.93," 2,751.93 ",28.77, 275.55 ,12.54,16.30
1916.02,9.20,0.99," 2,724.69 ",30.44, 292.70 ,12.35,16.03
1916.03,9.17,1.04," 2,701.24 ",31.79, 306.95 ,12.18,15.79
1916.04,9.07,1.10," 2,658.09 ",33.15, 321.49 ,11.91,15.42
1916.05,9.27,1.15," 2,703.03 ",34.46, 335.62 ,12.03,15.55
1916.06,9.36,1.21," 2,715.92 ",35.74, 349.65 ,12.00,15.49
1916.07,9.23,1.26," 2,690.43 ",37.34, 366.98 ,11.79,15.21
1916.08,9.30,1.31," 2,698.40 ",38.59, 380.97 ,11.73,15.11
1916.09,9.68,1.37," 2,770.57 ",39.48, 391.54 ,11.94,15.36
1916.1,9.98,1.42," 2,818.49 ",40.31, 401.59 ,12.05,15.46
1916.11,10.21,1.48," 2,846.00 ",41.11, 411.43 ,12.05,15.44
1916.12,9.80,1.53," 2,721.06 ",42.25, 424.82 ,11.41,14.60
1917.01,9.57,1.51," 2,647.58 ",41.32, 417.47 ,10.99,14.04
1917.02,9.03,1.49," 2,448.81 ",39.72, 403.52 ,10.06,12.84
1917.03,9.31,1.47," 2,538.13 ",39.19, 400.21 ,10.33,13.17
1917.04,9.17,1.45," 2,393.97 ",36.79, 377.76 ,9.64,12.29
1917.05,8.86,1.43," 2,290.05 ",35.69, 368.58 ,9.14,11.65
1917.06,9.04,1.41," 2,313.89 ",34.62, 359.62 ,9.15,11.67
1917.07,8.79,1.38," 2,298.82 ",34.64, 361.95 ,9.00,11.49
1917.08,8.53,1.36," 2,210.38 ",33.59, 353.19 ,8.57,10.95
1917.09,8.12,1.34," 2,070.56 ",32.35, 342.46 ,7.95,10.17
1917.1,7.68,1.32," 1,943.34 ",31.37, 334.52 ,7.39,9.47
1917.11,7.04,1.30," 1,795.71 ",30.87, 331.85 ,6.75,8.69
1917.12,6.80,1.28," 1,723.63 ",29.93, 324.45 ,6.41,8.28
1918.01,7.21,1.26," 1,802.45 ",28.74, 313.99 ,6.64,8.60
1918.02,7.43,1.23," 1,858.13 ",27.99, 308.10 ,6.78,8.81
1918.03,7.28,1.21," 1,847.47 ",27.64, 306.56 ,6.69,8.70
1918.04,7.21,1.18," 1,817.49 ",26.69, 298.21 ,6.52,8.51
1918.05,7.44,1.16," 1,849.83 ",25.60, 288.17 ,6.58,8.61
1918.06,7.45,1.14," 1,839.99 ",24.73, 280.32 ,6.50,8.52
1918.07,7.51,1.11," 1,818.10 ",23.57, 268.96 ,6.37,8.38
1918.08,7.58,1.09," 1,811.37 ",22.61, 259.76 ,6.30,8.31
1918.09,7.54,1.06," 1,779.10 ",21.69, 250.82 ,6.15,8.12
1918.1,7.86,1.04," 1,831.21 ",20.78, 241.83 ,6.29,8.33
1918.11,8.06,1.01," 1,854.30 ",19.93, 233.28 ,6.33,8.40
1918.12,7.90,0.99," 1,806.26 ",19.22, 226.35 ,6.13,8.15
1919.01,7.85,0.99," 1,805.62 ",19.12, 226.57 ,6.10,8.12
1919.02,7.88,0.98," 1,857.09 ",19.38, 230.96 ,6.24,8.33
1919.03,8.12,0.98," 1,901.17 ",19.04, 228.28 ,6.36,8.50
1919.04,8.39,0.97," 1,939.77 ",18.61, 224.26 ,6.46,8.65
1919.05,8.97,0.97," 2,059.86 ",18.29, 221.60 ,6.83,9.16
1919.06,9.21,0.96," 2,125.49 ",18.20, 221.55 ,7.02,9.43
1919.07,9.51,0.96," 2,141.87 ",17.58, 215.09 ,7.05,9.48
1919.08,8.87,0.95," 1,973.89 ",17.19, 211.41 ,6.48,8.71
1919.09,9.01,0.95," 2,003.74 ",17.01, 210.16 ,6.56,8.83
1919.1,9.47,0.94," 2,080.92 ",16.64, 206.55 ,6.79,9.15
1919.11,9.19,0.94," 1,985.28 ",16.19, 201.98 ,6.47,8.72
1919.12,8.92,0.93," 1,895.51 ",15.76, 197.63 ,6.16,8.32
1920.01,8.83,0.92," 1,846.66 ",15.26, 192.24 ,5.99,8.09
1920.02,8.10,0.91," 1,685.70 ",14.92, 189.03 ,5.46,7.38
1920.03,8.67,0.90," 1,795.02 ",14.59, 185.82 ,5.80,7.86
1920.04,8.60,0.89," 1,736.66 ",13.99, 179.06 ,5.60,7.60
1920.05,8.06,0.88," 1,612.57 ",13.62, 175.22 ,5.19,7.05
1920.06,7.92,0.87," 1,570.36 ",13.26, 171.51 ,5.04,6.86
1920.07,7.91,0.85," 1,584.52 ",13.16, 171.11 ,5.08,6.93
1920.08,7.60,0.84," 1,568.76 ",13.31, 174.07 ,5.02,6.86
1920.09,7.87,0.83," 1,657.85 ",13.33, 175.37 ,5.30,7.25
1920.1,7.88,0.82," 1,677.35 ",13.23, 174.91 ,5.35,7.33
1920.11,7.48,0.81," 1,609.37 ",13.12, 174.45 ,5.13,7.04
1920.12,6.81,0.80," 1,504.76 ",13.21, 176.77 ,4.78,6.58
1921.01,7.11,0.76," 1,613.63 ",12.77, 171.92 ,5.12,7.06
1921.02,7.06,0.72," 1,664.33 ",12.45, 168.55 ,5.27,7.29
1921.03,6.88,0.67," 1,640.59 ",11.77, 160.36 ,5.19,7.19
1921.04,6.91,0.63," 1,675.86 ",11.15, 152.79 ,5.30,7.35
1921.05,7.12,0.59," 1,775.92 ",10.63, 146.54 ,5.61,7.80
1921.06,6.55,0.55," 1,653.17 ",9.92, 137.55 ,5.22,7.27
1921.07,6.53,0.50," 1,648.87 ",9.09, 126.88 ,5.20,7.26
1921.08,6.45,0.46," 1,638.70 ",8.33, 116.87 ,5.16,7.23
1921.09,6.61,0.42," 1,708.66 ",7.64, 107.92 ,5.38,7.55
1921.1,6.70,0.38," 1,742.01 ",6.86, 97.50 ,5.48,7.71
1921.11,7.06,0.33," 1,856.28 ",6.12, 87.42 ,5.84,8.24
1921.12,7.31,0.29," 1,943.25 ",5.37, 77.09 ,6.11,8.65
1922.01,7.30,0.32," 1,997.05 ",6.13, 88.44 ,6.29,8.92
1922.02,7.46,0.36," 2,051.50 ",6.76, 98.09 ,6.46,9.19
1922.03,7.74,0.39," 2,164.95 ",7.48, 109.09 ,6.82,9.72
1922.04,8.21,0.42," 2,307.53 ",8.12, 118.97 ,7.27,10.38
1922.05,8.53,0.46," 2,408.73 ",8.76, 128.96 ,7.59,10.85
1922.06,8.45,0.49," 2,397.55 ",9.40, 139.03 ,7.56,10.82
1922.07,8.51,0.52," 2,411.70 ",9.98, 148.30 ,7.60,10.89
1922.08,8.83,0.56," 2,544.32 ",10.74, 160.41 ,8.02,11.50
1922.09,9.06,0.59," 2,622.54 ",11.39, 170.78 ,8.27,11.86
1922.1,9.26,0.62," 2,676.42 ",11.96, 180.15 ,8.43,12.11
1922.11,8.80,0.66," 2,540.43 ",12.52, 189.58 ,8.00,11.49
1922.12,8.78,0.69," 2,531.86 ",13.08, 198.97 ,7.96,11.45
1923.01,8.90,0.71," 2,594.11 ",13.62, 208.17 ,8.15,11.73
1923.02,9.28,0.74," 2,717.34 ",14.08, 216.19 ,8.53,12.27
1923.03,9.43,0.76," 2,773.82 ",14.54, 224.29 ,8.70,12.51
1923.04,9.10,0.79," 2,673.51 ",14.91, 231.13 ,8.37,12.04
1923.05,8.67,0.81," 2,559.87 ",15.37, 239.39 ,8.00,11.51
1923.06,8.34,0.84," 2,460.67 ",15.73, 246.36 ,7.67,11.04
1923.07,8.06,0.86," 2,363.08 ",16.00, 251.91 ,7.35,10.57
1923.08,8.10,0.88," 2,401.55 ",16.55, 261.89 ,7.44,10.72
1923.09,8.15,0.91," 2,415.23 ",16.90, 268.93 ,7.46,10.75
1923.1,8.03,0.93," 2,378.84 ",17.25, 276.01 ,7.32,10.55
1923.11,8.27,0.96," 2,462.98 ",17.70, 284.66 ,7.55,10.88
1923.12,8.55,0.98," 2,559.53 ",18.15, 293.37 ,7.81,11.26
1924.01,8.83,0.98," 2,656.61 ",18.07, 293.58 ,8.07,11.63
1924.02,8.87,0.97," 2,697.61 ",18.10, 295.52 ,8.16,11.76
1924.03,8.70,0.97," 2,675.02 ",18.12, 297.48 ,8.06,11.61
1924.04,8.50,0.96," 2,642.73 ",18.15, 299.50 ,7.92,11.42
1924.05,8.47,0.96," 2,647.35 ",18.07, 299.80 ,7.90,11.38
1924.06,8.63,0.96," 2,711.42 ",18.00, 300.05 ,8.05,11.60
1924.07,9.03,0.95," 2,834.61 ",17.81, 298.47 ,8.38,12.07
1924.08,9.34,0.95," 2,963.46 ",17.84, 300.38 ,8.72,12.56
1924.09,9.25,0.94," 2,932.07 ",17.66, 298.75 ,8.58,12.36
1924.1,9.13,0.94," 2,891.56 ",17.48, 297.17 ,8.42,12.13
1924.11,9.64,0.93," 3,067.56 ",17.40, 297.27 ,8.89,12.80
1924.12,10.16,0.93," 3,228.84 ",17.22, 295.55 ,9.31,13.41
1925.01,10.58,0.96," 3,376.99 ",17.71, 305.37 ,9.69,13.95
1925.02,10.67,0.98," 3,440.45 ",18.31, 317.06 ,9.83,14.14
1925.03,10.39,1.01," 3,345.83 ",18.70, 325.24 ,9.52,13.69
1925.04,10.28,1.04," 3,344.95 ",19.31, 337.42 ,9.48,13.62
1925.05,10.61,1.06," 3,447.76 ",19.68, 345.43 ,9.73,13.96
1925.06,10.80,1.09," 3,484.79 ",19.95, 351.71 ,9.80,14.04
1925.07,11.10,1.12," 3,556.51 ",20.22, 357.89 ,9.96,14.26
1925.08,11.25,1.14," 3,620.15 ",20.69, 367.81 ,10.11,14.45
1925.09,11.51,1.17," 3,719.57 ",21.17, 378.10 ,10.36,14.78
1925.1,11.89,1.20," 3,858.31 ",21.66, 388.43 ,10.72,15.26
1925.11,12.26,1.22," 3,927.91 ",21.77, 391.83 ,10.89,15.46
1925.12,12.46,1.25," 4,030.39 ",22.37, 404.33 ,11.15,15.79
1926.01,12.65,1.25," 4,108.23 ",22.35, 405.63 ,11.34,16.02
1926.02,12.67,1.25," 4,131.37 ",22.33, 406.94 ,11.39,16.04
1926.03,11.81,1.25," 3,889.59 ",22.46, 411.03 ,10.71,15.05
1926.04,11.48,1.25," 3,776.98 ",22.32, 410.27 ,10.40,14.56
1926.05,11.56,1.25," 3,842.24 ",22.42, 414.14 ,10.58,14.77
1926.06,12.11,1.25," 4,065.75 ",22.53, 417.99 ,11.20,15.59
1926.07,12.62,1.24," 4,303.86 ",22.77, 424.25 ,11.87,16.47
1926.08,13.12,1.24," 4,518.96 ",22.88, 428.13 ,12.49,17.26
1926.09,13.32,1.24," 4,580.68 ",22.73, 427.12 ,12.69,17.47
1926.1,13.02,1.24," 4,471.31 ",22.61, 426.53 ,12.43,17.03
1926.11,13.19,1.24," 4,523.52 ",22.46, 425.60 ,12.62,17.22
1926.12,13.49,1.24," 4,646.12 ",22.44, 427.07 ,13.01,17.68
1927.01,13.40,1.23," 4,688.09 ",22.50, 429.98 ,13.19,17.84
1927.02,13.66,1.22," 4,827.14 ",22.42, 430.41 ,13.63,18.36
1927.03,13.87,1.21," 4,950.71 ",22.37, 431.18 ,14.03,18.81
1927.04,14.21,1.20," 5,093.39 ",22.16, 429.05 ,14.49,19.34
1927.05,14.70,1.19," 5,260.22 ",21.83, 424.40 ,15.00,19.94
1927.06,14.89,1.18," 5,289.19 ",21.39, 417.38 ,15.12,20.01
1927.07,15.22,1.16," 5,522.35 ",21.55, 422.34 ,15.82,20.85
1927.08,16.03,1.15," 5,872.66 ",21.47, 422.41 ,16.86,22.14
1927.09,16.94,1.14," 6,192.94 ",21.16, 417.86 ,17.82,23.29
1927.1,16.68,1.13," 6,085.76 ",20.84, 413.01 ,17.54,22.84
1927.11,17.06,1.12," 6,283.73 ",20.76, 412.90 ,18.13,23.52
1927.12,17.46,1.11," 6,454.69 ",20.55, 410.35 ,18.65,24.10
1928.01,17.53,1.13," 6,504.50 ",20.98, 420.40 ,18.81,24.22
1928.02,17.32,1.16," 6,526.25 ",21.64, 435.21 ,18.87,24.22
1928.03,18.25,1.18," 6,901.48 ",22.05, 445.10 ,19.94,25.51
1928.04,19.40,1.20," 7,361.48 ",22.48, 455.35 ,21.26,27.10
1928.05,20.00,1.22," 7,570.28 ",22.76, 462.54 ,21.83,27.73
1928.06,19.02,1.25," 7,267.14 ",23.32, 475.69 ,20.91,26.48
1928.07,19.16,1.27," 7,346.63 ",23.75, 486.20 ,21.08,26.61
1928.08,19.78,1.29," 7,610.67 ",24.17, 496.35 ,21.76,27.39
1928.09,21.17,1.31," 8,077.63 ",24.29, 500.61 ,23.00,28.87
1928.1,21.60,1.34," 8,316.38 ",24.86, 514.00 ,23.58,29.50
1928.11,23.06,1.36," 8,905.56 ",25.27, 524.06 ,25.12,31.34
1928.12,23.15,1.38," 9,020.12 ",25.85, 537.70 ,25.30,31.47
1929.01,24.86,1.40," 9,714.32 ",26.21, 546.67 ,27.08,33.59
1929.02,24.99,1.42," 9,793.45 ",26.56, 555.71 ,27.13,33.56
1929.03,25.43,1.44," 10,053.42 ",27.10, 568.49 ,27.68,34.13
1929.04,25.28,1.46," 10,082.75 ",27.62, 581.11 ,27.57,33.90
1929.05,25.66,1.48," 10,203.84 ",27.81, 586.94 ,27.70,33.97
1929.06,26.15,1.50," 10,367.86 ",28.01, 592.73 ,27.94,34.17
1929.07,28.48,1.51," 11,191.16 ",28.03, 594.92 ,29.93,36.51
1929.08,30.10,1.53," 11,858.19 ",28.39, 603.94 ,31.48,38.29
1929.09,31.30,1.55," 12,361.80 ",28.74, 612.96 ,32.56,39.50
1929.1,27.99,1.57," 11,085.80 ",29.11, 622.61 ,28.96,35.05
1929.11,20.58,1.59," 8,182.66 ",29.46, 632.59 ,21.17,25.59
1929.12,21.40,1.61," 8,590.48 ",29.99, 646.29 ,22.01,26.57
1930.01,21.71,1.56," 8,798.56 ",29.17, 631.02 ,22.31,26.90
1930.02,23.07,1.50," 9,437.74 ",28.32, 614.86 ,23.70,28.53
1930.03,23.94,1.45," 9,884.95 ",27.48, 598.71 ,24.59,29.57
1930.04,25.46,1.40," 10,484.02 ",26.32, 575.26 ,25.84,31.04
1930.05,23.94,1.34," 9,950.07 ",25.46, 558.18 ,24.31,29.17
1930.06,21.52,1.29," 9,031.47 ",24.60, 541.38 ,21.87,26.24
1930.07,21.06,1.24," 8,979.44 ",23.87, 527.42 ,21.55,25.85
1930.08,20.79,1.18," 8,952.96 ",22.97, 509.44 ,21.30,25.56
1930.09,20.78,1.13," 8,929.61 ",21.81, 485.59 ,21.07,25.29
1930.1,17.92,1.08," 7,782.52 ",20.91, 467.73 ,18.21,21.88
1930.11,16.62,1.02," 7,297.61 ",19.98, 449.18 ,16.94,20.38
1930.12,15.51,0.97," 6,973.65 ",19.30, 436.13 ,16.06,19.35
1931.01,15.98,0.94," 7,312.02 ",18.94, 430.12 ,16.71,20.17
1931.02,17.20,0.91," 8,007.34 ",18.57, 423.64 ,18.16,21.96
1931.03,17.53,0.88," 8,249.98 ",18.07, 414.15 ,18.58,22.49
1931.04,15.86,0.85," 7,548.78 ",17.57, 404.57 ,16.87,20.46
1931.05,14.33,0.82," 6,946.41 ",17.17, 397.49 ,15.40,18.72
1931.06,13.87,0.79," 6,849.31 ",16.76, 390.12 ,15.06,18.36
1931.07,14.33,0.76," 7,112.96 ",16.12, 377.24 ,15.52,18.96
1931.08,13.90,0.73," 6,935.65 ",15.49, 364.25 ,15.01,18.38
1931.09,11.83,0.70," 5,978.13 ",14.95, 353.74 ,12.82,15.76
1931.1,10.25,0.67," 5,250.36 ",14.40, 343.19 ,11.15,13.76
1931.11,10.39,0.64," 5,430.54 ",13.95, 334.51 ,11.42,14.16
1931.12,8.44,0.61," 4,477.51 ",13.38, 323.61 ,9.31,11.61
1932.01,8.30,0.59," 4,531.42 ",13.29, 323.91 ,9.31,11.69
1932.02,8.23,0.58," 4,592.31 ",13.10, 321.80 ,9.34,11.79
1932.03,8.26,0.56," 4,676.63 ",12.81, 317.06 ,9.41,11.95
1932.04,6.28,0.54," 3,615.07 ",12.52, 312.75 ,7.19,9.19
1932.05,5.51,0.53," 3,251.55 ",12.32, 310.82 ,6.39,8.24
1932.06,4.77,0.51," 2,868.25 ",12.01, 306.67 ,5.57,7.24
1932.07,5.01,0.49," 3,044.30 ",11.62, 299.75 ,5.84,7.65
1932.08,7.53,0.48," 4,640.41 ",11.31, 293.77 ,8.83,11.63
1932.09,8.26,0.46," 5,158.27 ",11.00, 287.26 ,9.76,12.89
1932.1,7.12,0.44," 4,508.80 ",10.68, 280.72 ,8.48,11.24
1932.11,7.05,0.43," 4,526.30 ",10.36, 273.95 ,8.46,11.26
1932.12,6.82,0.41," 4,439.01 ",10.03, 266.86 ,8.26,11.03
1933.01,7.09,0.41," 4,713.56 ",10.24, 274.24 ,8.73,11.69
1933.02,6.25,0.42," 4,248.12 ",10.47, 282.08 ,7.83,10.52
1933.03,6.23,0.42," 4,295.83 ",10.61, 287.88 ,7.87,10.63
1933.04,6.89,0.42," 4,778.50 ",10.68, 291.29 ,8.72,11.81
1933.05,8.87,0.42," 6,179.17 ",10.74, 294.33 ,11.25,15.25
1933.06,10.39,0.43," 7,208.13 ",10.72, 294.85 ,13.10,17.77
1933.07,11.23,0.43," 7,579.06 ",10.45, 288.52 ,13.75,18.66
1933.08,10.67,0.43," 7,172.24 ",10.44, 289.04 ,13.00,17.65
1933.09,10.58,0.43," 7,137.23 ",10.50, 291.76 ,12.92,17.55
1933.1,9.55,0.44," 6,467.69 ",10.56, 294.60 ,11.70,15.90
1933.11,9.78,0.44," 6,648.58 ",10.62, 297.42 ,12.01,16.33
1933.12,9.97,0.44," 6,802.67 ",10.68, 300.22 ,12.28,16.71
1934.01,10.54,0.44," 7,216.65 ",10.78, 304.14 ,13.03,17.72
1934.02,11.32,0.45," 7,717.45 ",10.80, 305.63 ,13.93,18.95
1934.03,10.74,0.45," 7,347.17 ",10.90, 309.55 ,13.25,18.04
1934.04,10.92,0.46," 7,495.58 ",11.00, 313.48 ,13.52,18.40
1934.05,9.81,0.46," 6,759.07 ",11.10, 317.49 ,12.18,16.58
1934.06,9.94,0.47," 6,822.89 ",11.12, 319.18 ,12.29,16.73
1934.07,9.47,0.47," 6,525.78 ",11.22, 323.33 ,11.74,16.00
1934.08,9.10,0.47," 6,296.47 ",11.31, 327.49 ,11.32,15.43
1934.09,8.88,0.48," 6,079.31 ",11.25, 326.90 ,10.91,14.89
1934.1,8.95,0.48," 6,198.38 ",11.43, 333.60 ,11.11,15.17
1934.11,9.20,0.49," 6,397.45 ",11.53, 337.81 ,11.45,15.65
1934.12,9.26,0.49," 6,513.50 ",11.71, 344.67 ,11.64,15.92
1935.01,9.26,0.57," 6,443.70 ",13.43, 396.64 ,11.50,15.73
1935.02,8.98,0.65," 6,229.15 ",15.20, 450.88 ,11.09,15.18
1935.03,8.41,0.73," 5,859.77 ",17.07, 508.64 ,10.40,14.24
1935.04,9.04,0.76," 6,278.84 ",17.56, 525.55 ,11.10,15.20
1935.05,9.75,0.78," 6,797.63 ",18.18, 546.13 ,11.99,16.40
1935.06,10.12,0.81," 7,132.85 ",18.94, 570.91 ,12.54,17.14
1935.07,10.65,0.79," 7,532.25 ",18.55, 561.09 ,13.20,18.02
1935.08,11.37,0.78," 8,067.40 ",18.16, 551.07 ,14.11,19.22
1935.09,11.61,0.76," 8,263.71 ",17.77, 540.95 ,14.42,19.62
1935.1,11.92,0.76," 8,511.05 ",17.77, 542.65 ,14.83,20.14
1935.11,13.04,0.76," 9,270.45 ",17.64, 540.30 ,16.13,21.87
1935.12,13.04,0.76," 9,298.29 ",17.64, 541.93 ,16.16,21.87
1936.01,13.76,0.77," 9,840.22 ",17.87, 550.65 ,17.09,23.08
1936.02,14.55,0.78," 10,434.37 ",18.11, 559.37 ,18.10,24.41
1936.03,14.86,0.79," 10,764.57 ",18.47, 572.28 ,18.66,25.10
1936.04,14.88,0.82," 10,810.25 ",19.17, 595.73 ,18.72,25.13
1936.05,14.09,0.85," 10,268.61 ",19.87, 619.47 ,17.75,23.79
1936.06,14.69,0.88," 10,661.46 ",20.43, 638.67 ,18.39,24.60
1936.07,15.56,0.90," 11,245.86 ",20.74, 650.47 ,19.36,25.84
1936.08,15.87,0.92," 11,423.26 ",21.05, 662.22 ,19.62,26.13
1936.09,16.05,0.94," 11,589.41 ",21.51, 678.76 ,19.86,26.40
1936.1,16.89,0.97," 12,234.87 ",22.12, 700.24 ,20.91,27.73
1936.11,17.36,0.99," 12,616.59 ",22.73, 721.92 ,21.50,28.45
1936.12,17.06,1.02," 12,442.16 ",23.34, 743.90 ,21.13,27.90
1937.01,17.59,1.05," 12,781.77 ",23.85, 762.98 ,21.62,28.50
1937.02,18.11,1.08," 13,204.44 ",24.54, 787.45 ,22.24,29.26
1937.03,18.09,1.11," 13,142.22 ",25.04, 806.40 ,22.04,28.93
1937.04,17.01,1.13," 12,318.08 ",25.31, 818.31 ,20.56,26.93
1937.05,16.25,1.15," 11,734.54 ",25.58, 830.44 ,19.47,25.47
1937.06,15.64,1.17," 11,344.59 ",26.03, 848.67 ,18.71,24.45
1937.07,16.57,1.19," 11,985.31 ",26.22, 858.33 ,19.65,25.63
1937.08,16.74,1.20," 12,156.09 ",26.58, 873.82 ,19.81,25.79
1937.09,14.37,1.22," 10,409.87 ",26.77, 883.79 ,16.85,21.91
1937.1,12.28,1.19," 8,942.92 ",26.11, 866.62 ,14.36,18.67
1937.11,11.20,1.16," 8,260.94 ",25.63, 855.60 ,13.16,17.11
1937.12,11.02,1.13," 8,234.13 ",25.14, 844.33 ,13.01,16.93
1938.01,11.31,1.08," 8,619.94 ",24.29, 820.59 ,13.51,17.59
1938.02,11.04,1.02," 8,524.15 ",23.25, 790.13 ,13.26,17.28
1938.03,10.31,0.97," 8,010.69 ",22.04, 753.67 ,12.38,16.14
1938.04,9.89,0.90," 7,679.54 ",20.38, 701.43 ,11.79,15.39
1938.05,9.98,0.84," 7,853.47 ",19.01, 658.39 ,11.99,15.68
1938.06,10.21,0.77," 8,082.99 ",17.49, 609.59 ,12.29,16.08
1938.07,12.24,0.72," 9,737.15 ",16.36, 572.77 ,14.77,19.33
1938.08,12.31,0.67," 9,838.36 ",15.22, 535.48 ,14.90,19.51
1938.09,11.75,0.62," 9,434.76 ",14.09, 497.83 ,14.28,18.69
1938.1,13.06,0.63," 10,602.64 ",14.34, 508.75 ,16.06,21.01
1938.11,13.07,0.63," 10,648.65 ",14.49, 516.00 ,16.15,21.10
1938.12,12.69,0.64," 10,373.67 ",14.64, 523.18 ,15.76,20.56
1939.01,12.50,0.66," 10,253.32 ",15.18, 544.11 ,15.60,20.32
1939.02,12.40,0.69," 10,280.04 ",15.82, 569.27 ,15.66,20.38
1939.03,12.39,0.71," 10,307.68 ",16.36, 590.67 ,15.73,20.43
1939.04,10.83,0.73," 9,111.69 ",16.87, 611.37 ,13.92,18.05
1939.05,11.23,0.74," 9,485.15 ",17.25, 627.84 ,14.50,18.78
1939.06,11.43,0.76," 9,691.38 ",17.64, 644.40 ,14.83,19.18
1939.07,11.71,0.78," 9,966.95 ",18.03, 661.06 ,15.27,19.71
1939.08,11.54,0.79," 9,861.26 ",18.42, 677.93 ,15.12,19.48
1939.09,12.77,0.81," 10,719.19 ",18.40, 679.92 ,16.45,21.15
1939.1,12.90,0.84," 10,946.51 ",19.22, 712.80 ,16.82,21.57
1939.11,12.67,0.87," 10,793.77 ",19.91, 741.17 ,16.60,21.24
1939.12,12.37,0.90," 10,582.21 ",20.59, 769.93 ,16.28,20.78
1940.01,12.30,0.93," 10,642.79 ",21.43, 804.70 ,16.38,20.86
1940.02,12.22,0.96," 10,542.90 ",21.97, 828.25 ,16.22,20.61
1940.03,12.15,0.99," 10,527.80 ",22.65, 857.82 ,16.17,20.51
1940.04,12.27,1.01," 10,677.76 ",23.03, 876.04 ,16.37,20.71
1940.05,10.58,1.02," 9,253.72 ",23.42, 895.05 ,14.14,17.86
1940.06,9.67,1.04," 8,444.85 ",23.63, 908.24 ,12.84,16.21
1940.07,9.99,1.05," 8,834.75 ",24.10, 931.52 ,13.37,16.86
1940.08,10.20,1.07," 9,069.35 ",24.41, 948.43 ,13.65,17.20
1940.09,10.63,1.08," 9,501.33 ",24.71, 965.33 ,14.21,17.89
1940.1,10.73,1.07," 9,640.62 ",24.48, 961.37 ,14.33,18.02
1940.11,10.98,1.06," 9,915.40 ",24.25, 957.22 ,14.64,18.39
1940.12,10.53,1.05," 9,491.66 ",23.85, 946.46 ,13.91,17.47
1941.01,10.55,1.05," 9,560.26 ",23.93, 954.51 ,13.90,17.46
1941.02,9.89,1.06," 9,013.28 ",24.01, 963.00 ,13.00,16.33
1941.03,9.95,1.06," 9,055.38 ",23.91, 964.69 ,12.96,16.27
1941.04,9.64,1.07," 8,763.36 ",23.97, 972.70 ,12.43,15.62
1941.05,9.43,1.08," 8,564.59 ",24.03, 980.89 ,12.04,15.14
1941.06,9.76,1.09," 8,734.55 ",23.75, 975.48 ,12.16,15.31
1941.07,10.26,1.12," 9,233.73 ",24.48," 1,010.97 ",12.74,16.05
1941.08,10.21,1.16," 9,116.94 ",24.87," 1,032.84 ",12.46,15.70
1941.09,10.24,1.19," 9,074.02 ",25.25," 1,054.50 ",12.28,15.48
1941.1,9.83,1.18," 8,648.09 ",24.71," 1,038.12 ",11.58,14.60
1941.11,9.37,1.17," 8,241.35 ",24.34," 1,029.07 ",10.91,13.78
1941.12,8.76,1.16," 7,706.82 ",23.97," 1,020.54 ",10.09,12.76
1942.01,8.93,1.12," 7,807.21 ",22.85, 979.18 ,10.10,12.81
1942.02,8.65,1.08," 7,564.98 ",21.90, 944.53 ,9.68,12.30
1942.03,8.18,1.04," 7,114.17 ",20.82, 904.49 ,9.00,11.47
1942.04,7.84,1.02," 6,825.10 ",20.29, 887.96 ,8.54,10.92
1942.05,7.93,1.00," 6,866.75 ",19.65, 865.92 ,8.51,10.90
1942.06,8.33,0.98," 7,260.75 ",19.26, 854.21 ,8.91,11.44
1942.07,8.64,0.97," 7,531.72 ",18.88, 842.67 ,9.15,11.78
1942.08,8.59,0.95," 7,488.48 ",18.51, 831.08 ,9.01,11.63
1942.09,8.68,0.94," 7,611.98 ",18.25, 824.34 ,9.08,11.75
1942.1,9.32,0.97," 8,119.39 ",18.61, 845.04 ,9.60,12.44
1942.11,9.47,1.00," 8,244.26 ",19.07, 870.57 ,9.66,12.54
1942.12,9.52,1.03," 8,281.30 ",19.52, 895.98 ,9.62,12.50
1943.01,10.09,1.04," 8,819.90 ",19.78, 912.00 ,10.15,13.21
1943.02,10.69,1.06," 9,387.36 ",20.03, 927.91 ,10.71,13.95
1943.03,11.07,1.07," 9,593.92 ",19.93, 927.33 ,10.85,14.15
1943.04,11.44,1.08," 9,842.74 ",19.88, 929.21 ,11.04,14.40
1943.05,11.89,1.09," 10,213.52 ",19.95, 936.31 ,11.36,14.83
1943.06,12.10,1.10," 10,436.14 ",20.14, 948.74 ,11.52,15.03
1943.07,12.35,1.09," 10,755.87 ",20.13, 952.20 ,11.77,15.37
1943.08,11.74,1.09," 10,327.27 ",20.12, 955.91 ,11.21,14.65
1943.09,11.99,1.08," 10,530.30 ",19.88, 948.52 ,11.34,14.82
1943.1,11.88,1.03," 10,477.85 ",19.02, 911.37 ,11.19,14.63
1943.11,11.33,0.99," 10,037.35 ",18.16, 874.10 ,10.63,13.92
1943.12,11.48,0.94," 10,215.27 ",17.31, 836.44 ,10.74,14.07
1944.01,11.85,0.94," 10,589.99 ",17.24, 837.07 ,11.05,14.49
1944.02,11.77,0.93," 10,564.42 ",17.18, 837.73 ,10.95,14.37
1944.03,12.10,0.93," 10,906.99 ",17.12, 838.31 ,11.22,14.75
1944.04,11.89,0.93," 10,703.01 ",16.96, 834.16 ,10.94,14.39
1944.05,12.10,0.92," 10,939.05 ",16.90, 834.74 ,11.10,14.62
1944.06,12.67,0.92," 11,436.48 ",16.74, 830.43 ,11.53,15.20
1944.07,13.00,0.91," 11,715.42 ",16.53, 823.08 ,11.74,15.48
1944.08,12.81,0.91," 11,592.01 ",16.41, 820.46 ,11.54,15.23
1944.09,12.60,0.90," 11,450.24 ",16.29, 817.87 ,11.33,14.97
1944.1,12.91,0.91," 11,780.42 ",16.47, 830.38 ,11.58,15.32
1944.11,12.82,0.92," 11,746.96 ",16.65, 843.00 ,11.48,15.19
1944.12,13.10,0.93," 11,984.68 ",16.74, 850.82 ,11.64,15.41
1945.01,13.49,0.94," 12,390.52 ",16.92, 863.39 ,11.96,15.85
1945.02,13.94,0.95," 12,853.35 ",17.10, 875.95 ,12.34,16.36
1945.03,13.93,0.96," 12,894.07 ",17.28, 888.61 ,12.32,16.34
1945.04,14.28,0.97," 13,268.18 ",17.52, 904.37 ,12.63,16.75
1945.05,14.82,0.99," 13,743.04 ",17.66, 914.97 ,13.04,17.28
1945.06,15.09,1.00," 13,888.47 ",17.70, 920.38 ,13.13,17.39
1945.07,14.78,1.00," 13,653.26 ",17.64, 920.69 ,12.87,17.04
1945.08,14.83,0.99," 13,750.00 ",17.58, 920.99 ,12.92,17.09
1945.09,15.84,0.99," 14,737.44 ",17.52, 921.09 ,13.80,18.25
1945.1,16.50,0.98," 15,402.67 ",17.34, 914.83 ,14.37,19.00
1945.11,17.04,0.97," 15,958.10 ",17.17, 908.41 ,14.85,19.61
1945.12,17.33,0.96," 16,191.74 ",16.90, 896.95 ,15.02,19.82
1946.01,18.02,0.94," 16,888.33 ",16.54, 880.97 ,15.62,20.60
1946.02,18.07,0.92," 17,081.63 ",16.28, 869.68 ,15.76,20.77
1946.03,17.53,0.90," 16,443.04 ",15.75, 844.19 ,15.13,19.93
1946.04,18.66,0.88," 17,460.72 ",15.32, 823.44 ,16.04,21.10
1946.05,18.70,0.86," 17,456.30 ",14.89, 802.80 ,16.01,21.05
1946.06,18.58,0.84," 17,211.11 ",14.39, 778.11 ,15.77,20.71
1946.07,18.05,0.86," 15,841.08 ",13.86, 751.83 ,14.51,19.04
1946.08,17.70,0.87," 15,275.53 ",13.85, 753.71 ,13.98,18.34
1946.09,15.09,0.89," 12,944.50 ",13.98, 763.46 ,11.84,15.53
1946.1,14.75,0.95," 12,458.36 ",14.58, 799.59 ,11.39,14.93
1946.11,14.69,1.00," 12,164.77 ",15.09, 830.86 ,11.11,14.57
1946.12,15.13,1.06," 12,461.12 ",15.79, 873.02 ,11.37,14.90
1947.01,15.21,1.13," 12,575.97 ",16.84, 934.31 ,11.47,15.02
1947.02,15.80,1.20," 13,113.17 ",17.88, 995.94 ,11.95,15.64
1947.03,15.16,1.27," 12,401.08 ",18.58," 1,038.88 ",11.29,14.76
1947.04,14.60,1.33," 11,992.99 ",19.41," 1,089.78 ",10.90,14.24
1947.05,14.34,1.38," 11,830.52 ",20.23," 1,141.25 ",10.73,14.01
1947.06,14.84,1.44," 12,239.39 ",20.97," 1,187.65 ",11.08,14.45
1947.07,15.77,1.48," 12,941.68 ",21.31," 1,211.83 ",11.70,15.23
1947.08,15.46,1.51," 12,570.75 ",21.55," 1,230.51 ",11.34,14.74
1947.09,15.06,1.55," 12,031.66 ",21.59," 1,238.32 ",10.83,14.06
1947.1,15.45,1.57," 12,396.94 ",21.87," 1,259.75 ",11.13,14.44
1947.11,15.27,1.59," 12,254.29 ",22.05," 1,275.99 ",10.98,14.21
1947.12,15.03,1.61," 11,962.50 ",22.04," 1,281.41 ",10.68,13.82
1948.01,14.83,1.64," 11,709.14 ",22.21," 1,297.50 ",10.42,13.47
1948.02,14.10,1.68," 11,283.69 ",22.86," 1,341.77 ",10.00,12.92
1948.03,14.30,1.71," 11,549.57 ",23.41," 1,381.10 ",10.19,13.16
1948.04,15.40,1.76," 12,285.21 ",23.69," 1,404.02 ",10.78,13.91
1948.05,16.15,1.81," 12,885.88 ",24.26," 1,444.18 ",11.24,14.50
1948.06,16.82,1.86," 13,365.14 ",24.72," 1,477.95 ",11.58,14.93
1948.07,16.42,1.93," 12,942.91 ",25.34," 1,521.30 ",11.13,14.34
1948.08,15.94,2.00," 12,569.75 ",26.15," 1,577.13 ",10.72,13.80
1948.09,15.76,2.07," 12,484.98 ",27.07," 1,639.84 ",10.55,13.58
1948.1,16.19,2.14," 12,937.18 ",28.14," 1,712.70 ",10.83,13.93
1948.11,15.29,2.22," 12,380.08 ",29.34," 1,794.80 ",10.25,13.19
1948.12,15.19,2.29," 12,413.15 ",30.44," 1,871.37 ",10.16,13.07
1949.01,15.36,2.32," 12,669.11 ",30.97," 1,913.56 ",10.25,13.19
1949.02,14.77,2.35," 12,351.62 ",31.63," 1,965.22 ",9.87,12.71
1949.03,14.91,2.38," 12,536.99 ",32.03," 2,001.21 ",9.90,12.74
1949.04,14.89,2.39," 12,537.10 ",31.99," 2,009.53 ",9.78,12.59
1949.05,14.78,2.39," 12,567.70 ",32.21," 2,035.09 ",9.69,12.48
1949.06,13.97,2.40," 11,901.21 ",32.17," 2,044.59 ",9.07,11.68
1949.07,14.76,2.40," 12,753.84 ",32.39," 2,070.92 ",9.61,12.38
1949.08,15.29,2.39," 13,230.38 ",32.21," 2,070.94 ",9.85,12.69
1949.09,15.49,2.39," 13,422.04 ",32.03," 2,070.93 ",9.88,12.74
1949.1,15.89,2.37," 13,962.98 ",31.99," 2,079.66 ",10.17,13.10
1949.11,16.11,2.34," 14,177.52 ",31.54," 2,062.24 ",10.22,13.17
1949.12,16.54,2.32," 14,763.61 ",31.49," 2,070.83 ",10.53,13.57
1950.01,16.88,2.34," 15,217.11 ",31.85," 2,106.48 ",10.75,13.85
1950.02,17.21,2.35," 15,601.75 ",32.08," 2,133.41 ",10.91,14.06
1950.03,17.35,2.37," 15,750.03 ",32.17," 2,151.45 ",10.91,14.06
1950.04,17.84,2.43," 16,284.11 ",32.94," 2,215.03 ",11.18,14.39
1950.05,18.44,2.48," 16,850.90 ",33.57," 2,269.32 ",11.46,14.75
1950.06,18.74,2.54," 17,144.09 ",34.19," 2,323.69 ",11.55,14.86
1950.07,17.38,2.60," 15,795.59 ",34.56," 2,362.98 ",10.54,13.55
1950.08,18.43,2.66," 16,708.66 ",35.07," 2,411.56 ",11.04,14.19
1950.09,19.08,2.72," 17,327.13 ",35.71," 2,470.11 ",11.34,14.56
1950.1,19.87,2.76," 18,001.18 ",35.94," 2,500.42 ",11.66,14.97
1950.11,19.83,2.80," 17,999.23 ",36.31," 2,541.50 ",11.54,14.81
1950.12,19.75,2.84," 17,821.35 ",36.39," 2,562.67 ",11.31,14.51
1951.01,21.21,2.84," 18,947.41 ",35.78," 2,534.07 ",11.90,15.26
1951.02,22.00,2.83," 19,534.33 ",35.32," 2,515.78 ",12.14,15.57
1951.03,21.63,2.83," 19,243.39 ",35.14," 2,517.74 ",11.84,15.18
1951.04,21.92,2.79," 19,615.08 ",34.68," 2,499.61 ",11.95,15.31
1951.05,21.93,2.76," 19,663.15 ",34.10," 2,471.72 ",11.86,15.20
1951.06,21.55,2.72," 19,438.99 ",33.64," 2,453.55 ",11.62,14.88
1951.07,21.93,2.65," 19,898.03 ",32.78," 2,404.46 ",11.78,15.09
1951.08,22.89,2.58," 20,885.01 ",31.91," 2,354.01 ",12.26,15.70
1951.09,23.48,2.51," 21,373.86 ",30.81," 2,284.85 ",12.44,15.94
1951.1,23.36,2.49," 21,295.55 ",30.40," 2,266.91 ",12.31,15.76
1951.11,22.71,2.46," 20,655.22 ",29.89," 2,240.45 ",11.85,15.17
1951.12,23.41,2.44," 21,318.01 ",29.50," 2,221.95 ",12.15,15.54
1952.01,24.19,2.43," 22,135.56 ",29.33," 2,220.57 ",12.53,16.02
1952.02,23.75,2.41," 22,007.05 ",29.39," 2,236.22 ",12.36,15.81
1952.03,23.81,2.40," 22,172.29 ",29.23," 2,234.92 ",12.36,15.81
1952.04,23.74,2.38," 22,133.92 ",28.88," 2,218.99 ",12.24,15.66
1952.05,23.73,2.36," 22,236.48 ",28.64," 2,211.47 ",12.20,15.61
1952.06,24.38,2.34," 22,872.16 ",28.29," 2,195.28 ",12.45,15.93
1952.07,25.08,2.35," 23,465.13 ",28.15," 2,195.57 ",12.67,16.21
1952.08,25.18,2.35," 23,671.74 ",28.23," 2,212.37 ",12.68,16.23
1952.09,24.78,2.36," 23,409.30 ",28.31," 2,229.46 ",12.43,15.92
1952.1,24.26,2.37," 23,031.16 ",28.47," 2,253.11 ",12.13,15.54
1952.11,25.03,2.39," 23,874.76 ",28.63," 2,276.52 ",12.47,15.99
1952.12,26.04,2.40," 24,950.22 ",28.79," 2,299.56 ",12.93,16.58
1953.01,26.18,2.41," 25,291.67 ",29.02," 2,328.22 ",13.01,16.67
1953.02,25.86,2.42," 25,190.75 ",29.25," 2,357.37 ",12.86,16.48
1953.03,25.99,2.43," 25,336.23 ",29.26," 2,368.87 ",12.83,16.45
1953.04,24.71,2.46," 24,203.24 ",29.59," 2,406.29 ",12.16,15.59
1953.05,24.84,2.48," 24,354.65 ",29.79," 2,434.81 ",12.14,15.56
1953.06,23.95,2.51," 23,510.01 ",30.00," 2,463.89 ",11.62,14.90
1953.07,24.29,2.52," 23,959.93 ",30.16," 2,489.04 ",11.75,15.07
1953.08,24.39,2.54," 24,085.42 ",30.21," 2,504.99 ",11.72,15.03
1953.09,23.27,2.55," 23,096.26 ",30.37," 2,530.96 ",11.14,14.29
1953.1,23.97,2.54," 23,820.76 ",30.10," 2,520.88 ",11.39,14.62
1953.11,24.50,2.52," 24,557.67 ",30.05," 2,529.27 ",11.64,14.95
1953.12,24.83,2.51," 25,009.56 ",29.89," 2,528.15 ",11.75,15.10
1954.01,25.46,2.52," 25,766.39 ",30.05," 2,553.70 ",12.00,15.43
1954.02,26.02,2.54," 26,456.54 ",30.21," 2,579.23 ",12.22,15.71
1954.03,26.57,2.55," 27,140.32 ",30.37," 2,604.74 ",12.42,15.97
1954.04,27.63,2.57," 28,453.41 ",30.76," 2,650.02 ",12.91,16.60
1954.05,28.73,2.60," 29,600.75 ",30.92," 2,675.37 ",13.31,17.12
1954.06,28.96,2.62," 29,962.21 ",31.20," 2,710.67 ",13.36,17.18
1954.07,30.13,2.62," 31,298.29 ",31.24," 2,725.05 ",13.83,17.78
1954.08,30.73,2.63," 32,048.23 ",31.28," 2,739.35 ",14.04,18.05
1954.09,31.45,2.63," 33,049.73 ",31.44," 2,763.78 ",14.36,18.45
1954.1,32.18,2.68," 33,947.64 ",31.99," 2,823.70 ",14.62,18.78
1954.11,33.44,2.72," 35,410.18 ",32.55," 2,883.78 ",15.12,19.41
1954.12,34.97,2.77," 37,305.42 ",33.23," 2,954.99 ",15.79,20.26
1955.01,35.60,2.83," 38,114.99 ",33.99," 3,033.49 ",15.99,20.50
1955.02,36.79,2.90," 39,527.65 ",34.75," 3,112.22 ",16.44,21.06
1955.03,36.50,2.96," 39,355.74 ",35.51," 3,191.59 ",16.22,20.76
1955.04,37.76,3.05," 40,854.79 ",36.55," 3,296.37 ",16.69,21.33
1955.05,37.60,3.13," 40,822.93 ",37.59," 3,401.91 ",16.52,21.10
1955.06,39.78,3.22," 43,331.84 ",38.63," 3,507.50 ",17.37,22.16
1955.07,42.69,3.29," 46,471.65 ",39.36," 3,585.07 ",18.45,23.50
1955.08,42.43,3.37," 46,334.06 ",40.24," 3,676.44 ",18.22,23.17
1955.09,44.34,3.44," 48,386.68 ",40.96," 3,753.95 ",18.84,23.93
1955.1,42.11,3.50," 46,101.09 ",41.68," 3,831.72 ",17.77,22.53
1955.11,44.95,3.56," 49,359.26 ",42.39," 3,909.21 ",18.84,23.84
1955.12,45.37,3.62," 50,156.99 ",43.27," 4,001.95 ",18.94,23.94
1956.01,44.15,3.64," 48,962.12 ",43.55," 4,040.43 ",18.29,23.08
1956.02,44.43,3.67," 49,429.75 ",43.83," 4,079.28 ",18.27,23.02
1956.03,47.49,3.69," 52,994.48 ",44.11," 4,117.70 ",19.37,24.37
1956.04,48.05,3.66," 53,582.50 ",43.58," 4,081.41 ",19.37,24.34
1956.05,46.54,3.63," 51,870.91 ",43.07," 4,045.80 ",18.54,23.27
1956.06,46.27,3.60," 51,356.75 ",42.40," 3,995.77 ",18.16,22.77
1956.07,48.78,3.55," 53,913.99 ",41.54," 3,927.31 ",18.86,23.62
1956.08,48.49,3.51," 53,958.64 ",41.15," 3,902.15 ",18.67,23.37
1956.09,46.84,3.46," 52,102.33 ",40.45," 3,848.72 ",17.84,22.31
1956.1,46.24,3.44," 51,414.74 ",40.11," 3,828.67 ",17.42,21.78
1956.11,45.76,3.43," 51,045.34 ",39.92," 3,822.46 ",17.12,21.39
1956.12,46.44,3.41," 51,777.35 ",39.58," 3,801.91 ",17.20,21.47
1957.01,45.43,3.41," 50,812.63 ",39.54," 3,810.30 ",16.72,20.86
1957.02,43.47,3.40," 48,605.85 ",39.36," 3,805.42 ",15.84,19.76
1957.03,44.03,3.40," 49,215.54 ",39.18," 3,800.43 ",15.90,19.82
1957.04,45.05,3.41," 50,335.75 ",39.11," 3,806.38 ",16.12,20.09
1957.05,46.78,3.41," 52,242.56 ",39.05," 3,811.91 ",16.60,20.66
1957.06,47.55,3.42," 53,073.93 ",38.99," 3,817.30 ",16.73,20.81
1957.07,48.51,3.44," 53,923.50 ",38.90," 3,820.19 ",16.87,20.96
1957.08,45.84,3.45," 51,117.65 ",39.09," 3,850.92 ",15.87,19.70
1957.09,43.98,3.47," 49,207.06 ",39.28," 3,882.41 ",15.16,18.81
1957.1,41.24,3.44," 46,306.44 ",38.90," 3,858.87 ",14.15,17.55
1957.11,40.35,3.40," 45,313.54 ",38.39," 3,821.98 ",13.74,17.04
1957.12,40.33,3.37," 45,458.59 ",38.01," 3,798.55 ",13.67,16.95
1958.01,41.12,3.29," 46,191.27 ",36.89," 3,699.49 ",13.79,17.09
1958.02,41.26,3.22," 46,514.85 ",36.03," 3,626.34 ",13.78,17.09
1958.03,42.11,3.14," 47,308.56 ",34.93," 3,527.64 ",13.93,17.26
1958.04,42.34,3.07," 47,566.26 ",34.03," 3,448.95 ",13.91,17.24
1958.05,43.70,3.00," 49,257.34 ",33.25," 3,381.51 ",14.32,17.74
1958.06,44.75,2.93," 50,603.37 ",32.48," 3,313.25 ",14.64,18.12
1958.07,45.98,2.91," 51,977.43 ",32.18," 3,293.33 ",14.96,18.51
1958.08,47.70,2.90," 54,271.89 ",32.11," 3,295.76 ",15.54,19.23
1958.09,48.96,2.88," 55,869.52 ",31.92," 3,286.44 ",15.93,19.70
1958.1,50.95,2.88," 58,305.50 ",31.96," 3,299.59 ",16.56,20.46
1958.11,52.50,2.89," 60,037.78 ",31.89," 3,301.13 ",16.99,20.97
1958.12,53.49,2.89," 61,548.93 ",32.03," 3,325.41 ",17.36,21.40
1959.01,55.62,2.96," 63,947.02 ",32.73," 3,406.98 ",17.98,22.14
1959.02,54.77,3.04," 63,357.18 ",33.66," 3,512.78 ",17.76,21.84
1959.03,56.16,3.11," 65,135.74 ",34.47," 3,607.05 ",18.20,22.36
1959.04,57.10,3.21," 66,168.73 ",35.42," 3,715.96 ",18.43,22.61
1959.05,57.96,3.30," 67,337.53 ",36.49," 3,837.79 ",18.69,22.89
1959.06,57.46,3.40," 66,699.94 ",37.43," 3,946.74 ",18.45,22.56
1959.07,59.74,3.41," 69,282.29 ",37.41," 3,954.68 ",19.09,23.31
1959.08,59.40,3.42," 69,062.26 ",37.52," 3,976.31 ",18.96,23.11
1959.09,57.05,3.43," 66,278.39 ",37.50," 3,984.84 ",18.12,22.07
1959.1,57.00,3.42," 66,170.34 ",37.23," 3,966.35 ",18.02,21.91
1959.11,57.23,3.40," 66,613.74 ",37.08," 3,961.36 ",18.07,21.95
1959.12,59.06,3.39," 68,921.30 ",36.94," 3,956.03 ",18.62,22.59
1960.01,58.03,3.39," 68,132.59 ",37.06," 3,980.17 ",18.34,22.22
1960.02,55.78,3.39," 65,453.71 ",36.94," 3,977.91 ",17.55,21.23
1960.03,55.02,3.39," 64,751.61 ",36.94," 3,989.60 ",17.29,20.90
1960.04,55.73,3.35," 65,554.81 ",36.34," 3,936.66 ",17.43,21.06
1960.05,55.22,3.30," 65,145.72 ",35.87," 3,897.10 ",17.26,20.83
1960.06,57.26,3.26," 67,515.25 ",35.28," 3,843.87 ",17.82,21.49
1960.07,55.84,3.26," 66,032.53 ",35.32," 3,858.99 ",17.38,20.94
1960.08,56.51,3.27," 67,016.99 ",35.35," 3,874.05 ",17.58,21.17
1960.09,54.81,3.27," 65,193.62 ",35.39," 3,889.49 ",17.05,20.51
1960.1,53.73,3.27," 63,672.08 ",35.15," 3,875.07 ",16.61,19.96
1960.11,55.47,3.27," 65,926.62 ",35.15," 3,886.43 ",17.15,20.59
1960.12,56.80,3.27," 67,700.47 ",35.15," 3,897.54 ",17.56,21.07
1961.01,59.72,3.21," 71,374.20 ",34.51," 3,836.42 ",18.47,22.14
1961.02,62.17,3.15," 74,495.86 ",33.86," 3,774.52 ",19.23,23.03
1961.03,64.12,3.09," 77,026.18 ",33.22," 3,711.96 ",19.84,23.73
1961.04,65.83,3.07," 79,274.58 ",33.00," 3,696.99 ",20.38,24.35
1961.05,66.50,3.05," 80,276.10 ",32.79," 3,681.84 ",20.60,24.58
1961.06,65.62,3.03," 79,408.96 ",32.57," 3,666.70 ",20.33,24.24
1961.07,65.44,3.04," 78,858.20 ",32.43," 3,659.33 ",20.15,24.00
1961.08,67.79,3.04," 82,160.08 ",32.61," 3,688.45 ",20.94,24.93
1961.09,67.26,3.05," 81,443.30 ",32.57," 3,693.16 ",20.71,24.63
1961.1,68.00,3.10," 82,539.14 ",33.07," 3,758.77 ",20.92,24.87
1961.11,71.08,3.14," 86,479.98 ",33.56," 3,824.35 ",21.86,25.96
1961.12,71.74,3.19," 87,487.78 ",34.06," 3,890.24 ",22.04,26.16
1962.01,69.07,3.25," 84,437.64 ",34.70," 3,973.10 ",21.20,25.14
1962.02,70.22,3.31," 85,764.77 ",35.23," 4,042.74 ",21.45,25.43
1962.03,70.29,3.37," 86,057.90 ",35.86," 4,125.98 ",21.44,25.40
1962.04,68.05,3.40," 83,247.65 ",36.10," 4,163.40 ",20.66,24.46
1962.05,62.99,3.44," 77,266.93 ",36.45," 4,215.60 ",19.09,22.59
1962.06,55.63,3.47," 68,449.33 ",36.81," 4,269.62 ",16.83,19.92
1962.07,56.97,3.49," 70,077.98 ",36.90," 4,293.00 ",17.14,20.29
1962.08,58.52,3.51," 72,197.15 ",37.11," 4,330.35 ",17.57,20.80
1962.09,58.00,3.53," 71,533.37 ",37.20," 4,353.67 ",17.32,20.50
1962.1,56.17,3.58," 69,491.86 ",37.69," 4,424.95 ",16.74,19.82
1962.11,60.04,3.62," 74,497.59 ",38.18," 4,495.83 ",17.85,21.13
1962.12,62.64,3.67," 77,943.91 ",38.67," 4,566.64 ",18.59,22.00
1963.01,65.06,3.68," 81,176.71 ",38.81," 4,595.77 ",19.26,22.79
1963.02,65.92,3.70," 82,472.61 ",38.95," 4,624.91 ",19.47,23.03
1963.03,65.67,3.71," 82,113.88 ",38.97," 4,638.99 ",19.29,22.81
1963.04,68.76,3.75," 86,203.39 ",39.42," 4,705.49 ",20.15,23.82
1963.05,70.14,3.80," 88,161.57 ",39.88," 4,772.18 ",20.51,24.23
1963.06,70.11,3.84," 88,065.56 ",40.20," 4,823.45 ",20.38,24.08
1963.07,69.07,3.88," 86,706.49 ",40.49," 4,870.73 ",19.97,23.58
1963.08,70.98,3.92," 89,335.04 ",40.90," 4,933.69 ",20.47,24.16
1963.09,72.85,3.96," 91,920.40 ",41.32," 4,996.63 ",20.96,24.73
1963.1,73.03,3.98," 92,082.41 ",41.39," 5,018.32 ",20.89,24.63
1963.11,72.62,4.00," 91,802.56 ",41.60," 5,056.60 ",20.72,24.42
1963.12,74.17,4.02," 93,697.97 ",41.67," 5,078.41 ",21.04,24.79
1964.01,76.45,4.07," 96,820.04 ",42.23," 5,158.67 ",21.63,25.47
1964.02,77.39,4.13," 98,254.65 ",42.78," 5,239.24 ",21.83,25.70
1964.03,78.80,4.18," 100,291.31 ",43.33," 5,320.02 ",22.17,26.08
1964.04,79.94,4.23," 101,991.11 ",43.85," 5,396.83 ",22.42,26.37
1964.05,80.72,4.28," 103,237.54 ",44.37," 5,473.94 ",22.57,26.54
1964.06,80.24,4.33," 102,545.44 ",44.74," 5,533.67 ",22.30,26.20
1964.07,83.22,4.38," 106,266.63 ",45.08," 5,588.73 ",22.98,26.99
1964.08,82.00,4.42," 105,304.89 ",45.71," 5,680.47 ",22.65,26.58
1964.09,83.41,4.47," 107,031.48 ",46.04," 5,735.89 ",22.89,26.85
1964.1,84.85,4.50," 109,142.34 ",46.32," 5,784.05 ",23.21,27.21
1964.11,85.44,4.52," 109,813.99 ",46.44," 5,813.73 ",23.23,27.21
1964.12,83.96,4.55," 108,179.54 ",46.72," 5,862.52 ",22.75,26.65
1965.01,86.12,4.59," 111,232.85 ",47.16," 5,932.76 ",23.27,27.24
1965.02,86.75,4.64," 112,319.23 ",47.61," 6,003.31 ",23.37,27.34
1965.03,86.83,4.68," 112,337.89 ",47.90," 6,054.83 ",23.25,27.19
1965.04,87.97,4.73," 113,726.52 ",48.29," 6,119.19 ",23.42,27.37
1965.05,89.28,4.79," 115,699.10 ",48.83," 6,203.11 ",23.71,27.68
1965.06,85.04,4.84," 109,787.01 ",49.06," 6,248.46 ",22.39,26.12
1965.07,84.91,4.89," 109,901.76 ",49.54," 6,324.98 ",22.30,26.01
1965.08,86.49,4.93," 112,231.92 ",50.01," 6,401.63 ",22.67,26.42
1965.09,89.38,4.98," 116,269.71 ",50.48," 6,478.22 ",23.37,27.22
1965.1,91.39,5.05," 118,798.99 ",51.03," 6,564.56 ",23.78,27.67
1965.11,92.15,5.12," 120,079.40 ",51.74," 6,671.80 ",23.93,27.82
1965.12,91.73,5.19," 119,450.66 ",52.28," 6,758.41 ",23.69,27.53
1966.01,93.32,5.24," 121,818.49 ",52.79," 6,840.22 ",24.06,27.92
1966.02,92.69,5.29," 120,538.23 ",52.96," 6,879.35 ",23.70,27.48
1966.03,88.88,5.34," 115,523.79 ",53.29," 6,940.79 ",22.61,26.20
1966.04,91.60,5.38," 118,623.01 ",53.36," 6,967.16 ",23.11,26.76
1966.05,86.78,5.42," 112,684.67 ",53.75," 7,037.92 ",21.85,25.28
1966.06,86.06,5.46," 111,710.12 ",53.98," 7,087.35 ",21.56,24.93
1966.07,85.84,5.48," 111,389.04 ",53.98," 7,106.72 ",21.38,24.71
1966.08,80.65,5.49," 104,322.68 ",53.81," 7,105.75 ",19.91,23.01
1966.09,77.81,5.51," 100,960.60 ",53.98," 7,149.38 ",19.16,22.14
1966.1,77.13,5.52," 99,779.77 ",53.78," 7,145.29 ",18.83,21.75
1966.11,80.99,5.54," 105,083.40 ",53.91," 7,183.75 ",19.71,22.77
1966.12,81.33,5.55," 105,834.87 ",54.04," 7,222.22 ",19.74,22.79
1967.01,84.45,5.52," 110,207.24 ",53.71," 7,199.25 ",20.43,23.59
1967.02,87.36,5.48," 114,319.08 ",53.39," 7,175.47 ",21.07,24.32
1967.03,89.42,5.45," 116,975.48 ",52.90," 7,129.46 ",21.44,24.74
1967.04,90.96,5.41," 118,945.74 ",52.36," 7,074.50 ",21.69,25.01
1967.05,92.59,5.37," 121,027.62 ",51.81," 7,019.31 ",21.95,25.30
1967.06,91.43,5.33," 119,467.40 ",51.27," 6,964.47 ",21.55,24.84
1967.07,93.01,5.32," 121,483.60 ",51.02," 6,948.64 ",21.80,25.12
1967.08,94.49,5.31," 123,364.42 ",50.78," 6,932.64 ",22.03,25.37
1967.09,95.81,5.30," 125,032.25 ",50.53," 6,916.51 ",22.22,25.58
1967.1,95.66,5.31," 124,782.67 ",50.47," 6,926.57 ",22.07,25.40
1967.11,92.66,5.32," 120,828.23 ",50.42," 6,937.26 ",21.26,24.46
1967.12,95.30,5.33," 124,220.57 ",50.37," 6,947.49 ",21.75,25.02
1968.01,95.04,5.37," 123,471.48 ",50.41," 6,972.12 ",21.51,24.74
1968.02,90.75,5.40," 117,870.75 ",50.61," 7,018.12 ",20.42,23.49
1968.03,89.09,5.44," 115,695.66 ",50.81," 7,064.59 ",19.93,22.92
1968.04,95.67,5.48," 124,199.30 ",51.06," 7,118.49 ",21.28,24.47
1968.05,97.87,5.53," 127,008.16 ",51.32," 7,172.09 ",21.63,24.87
1968.06,100.50,5.57," 129,990.95 ",51.42," 7,204.47 ",22.00,25.30
1968.07,100.30,5.60," 129,310.68 ",51.40," 7,219.74 ",21.75,25.01
1968.08,98.11,5.63," 126,449.03 ",51.53," 7,256.22 ",21.14,24.30
1968.09,101.30,5.66," 130,513.00 ",51.66," 7,292.24 ",21.68,24.92
1968.1,103.80,5.69," 133,301.15 ",51.67," 7,311.44 ",22.00,25.29
1968.11,105.40,5.73," 135,299.72 ",51.82," 7,351.20 ",22.20,25.51
1968.12,106.50,5.76," 136,654.14 ",51.98," 7,390.87 ",22.28,25.60
1969.01,102.00,5.78," 130,840.80 ",52.01," 7,414.31 ",21.19,24.36
1969.02,101.50,5.80," 129,800.51 ",51.90," 7,417.17 ",20.90,24.02
1969.03,99.30,5.82," 126,259.43 ",51.64," 7,400.10 ",20.20,23.22
1969.04,101.30,5.83," 128,420.47 ",51.42," 7,386.61 ",20.43,23.48
1969.05,104.60,5.83," 132,568.37 ",51.34," 7,393.07 ",20.97,24.11
1969.06,99.14,5.84," 125,290.62 ",51.11," 7,380.44 ",19.71,22.66
1969.07,94.71,5.86," 119,370.14 ",50.98," 7,381.60 ",18.68,21.48
1969.08,94.18,5.87," 118,388.87 ",50.85," 7,383.06 ",18.43,21.19
1969.09,94.51,5.89," 118,812.56 ",50.86," 7,404.57 ",18.40,21.16
1969.1,95.52,5.85," 119,766.98 ",50.27," 7,339.15 ",18.45,21.22
1969.11,96.21,5.82," 120,316.83 ",49.69," 7,274.12 ",18.44,21.22
1969.12,91.11,5.78," 113,662.07 ",49.11," 7,210.70 ",17.33,19.95
1970.01,90.31,5.73," 112,693.98 ",48.56," 7,150.22 ",17.09,19.68
1970.02,87.16,5.68," 108,518.36 ",47.88," 7,071.87 ",16.37,18.87
1970.03,88.65,5.63," 110,122.78 ",47.21," 6,993.70 ",16.53,19.06
1970.04,85.95,5.59," 106,262.76 ",46.54," 6,915.21 ",15.87,18.31
1970.05,76.06,5.56," 94,118.26 ",46.11," 6,875.94 ",13.98,16.15
1970.06,75.59,5.52," 93,380.75 ",45.57," 6,819.18 ",13.80,15.96
1970.07,75.72,5.47," 93,387.68 ",44.90," 6,742.20 ",13.73,15.89
1970.08,77.92,5.41," 96,428.52 ",44.46," 6,699.17 ",14.10,16.34
1970.09,82.58,5.36," 102,001.32 ",43.80," 6,620.57 ",14.84,17.22
1970.1,84.37,5.28," 104,008.27 ",42.96," 6,513.10 ",15.06,17.49
1970.11,84.28,5.21," 103,695.24 ",42.12," 6,406.11 ",14.95,17.37
1970.12,90.05,5.13," 110,558.02 ",41.29," 6,298.31 ",15.87,18.45
1971.01,93.49,5.16," 115,101.69 ",41.53," 6,352.82 ",16.46,19.15
1971.02,97.11,5.19," 119,578.16 ",41.67," 6,390.80 ",17.03,19.82
1971.03,99.60,5.22," 122,655.99 ",41.80," 6,428.36 ",17.40,20.26
1971.04,103.00,5.25," 126,844.75 ",41.97," 6,469.49 ",17.92,20.88
1971.05,101.60,5.29," 124,816.60 ",42.02," 6,494.73 ",17.56,20.46
1971.06,99.72,5.32," 121,916.79 ",41.98," 6,504.19 ",17.08,19.91
1971.07,99.00,5.36," 121,053.86 ",42.16," 6,549.96 ",16.89,19.69
1971.08,97.24,5.39," 118,924.80 ",42.35," 6,596.06 ",16.52,19.27
1971.09,99.40,5.43," 121,881.41 ",42.63," 6,658.11 ",16.86,19.67
1971.1,97.29,5.52," 119,316.80 ",43.23," 6,769.75 ",16.43,19.18
1971.11,92.78,5.61," 114,100.16 ",43.94," 6,899.14 ",15.64,18.27
1971.12,99.17,5.70," 121,678.15 ",44.43," 6,993.70 ",16.60,19.41
1972.01,103.30,5.74," 127,059.42 ",44.71," 7,056.13 ",17.26,20.18
1972.02,105.20,5.77," 129,082.96 ",44.78," 7,084.02 ",17.46,20.42
1972.03,107.70,5.81," 132,144.47 ",44.96," 7,128.68 ",17.81,20.82
1972.04,108.80,5.86," 133,485.61 ",45.26," 7,193.66 ",17.92,20.95
1972.05,107.70,5.92," 132,131.52 ",45.56," 7,258.85 ",17.66,20.65
1972.06,108.00,5.97," 132,494.94 ",45.86," 7,324.03 ",17.64,20.63
1972.07,107.20,6.03," 131,198.45 ",46.08," 7,375.84 ",17.40,20.35
1972.08,111.00,6.08," 135,838.73 ",46.40," 7,444.61 ",17.94,20.98
1972.09,109.40,6.14," 133,876.04 ",46.72," 7,513.70 ",17.61,20.60
1972.1,109.60,6.23," 133,801.62 ",47.20," 7,609.76 ",17.53,20.50
1972.11,115.10,6.33," 140,502.05 ",47.80," 7,722.94 ",18.34,21.44
1972.12,117.50,6.42," 143,413.91 ",48.39," 7,835.89 ",18.65,21.80
1973.01,118.40,6.55," 144,493.49 ",49.23," 7,989.45 ",18.71,21.87
1973.02,114.20,6.67," 138,712.73 ",49.83," 8,105.74 ",17.89,20.91
1973.03,112.40,6.80," 135,583.06 ",50.31," 8,202.53 ",17.41,20.35
1973.04,110.30,6.94," 132,452.57 ",51.01," 8,337.82 ",16.94,19.79
1973.05,107.20,7.09," 128,168.63 ",51.71," 8,472.84 ",16.31,19.06
1973.06,104.80,7.23," 124,767.38 ",52.40," 8,607.52 ",15.81,18.47
1973.07,105.80,7.38," 125,993.96 ",53.39," 8,792.58 ",15.89,18.57
1973.08,103.80,7.54," 121,736.68 ",53.53," 8,839.01 ",15.28,17.85
1973.09,105.60,7.69," 123,892.60 ",54.50," 9,022.10 ",15.48,18.08
1973.1,109.80,7.85," 128,010.60 ",55.12," 9,148.06 ",15.91,18.59
1973.11,102.00,8.00," 118,462.41 ",55.86," 9,295.04 ",14.65,17.12
1973.12,94.78,8.16," 109,687.34 ",56.58," 9,443.43 ",13.49,15.77
1974.01,96.11,8.23," 110,596.88 ",56.55," 9,466.69 ",13.53,15.82
1974.02,93.45,8.29," 106,492.74 ",56.29," 9,450.82 ",12.96,15.15
1974.03,97.44,8.36," 109,968.39 ",56.03," 9,434.89 ",13.31,15.57
1974.04,92.46,8.49," 104,237.35 ",56.64," 9,567.68 ",12.55,14.69
1974.05,89.67,8.61," 100,166.82 ",56.77," 9,621.61 ",12.00,14.05
1974.06,89.79,8.74," 99,805.24 ",57.14," 9,714.87 ",11.89,13.93
1974.07,79.31,8.86," 87,766.81 ",57.47," 9,808.42 ",10.39,12.19
1974.08,76.03,8.99," 83,451.78 ",57.58," 9,863.92 ",9.82,11.53
1974.09,68.12,9.11," 74,207.51 ",57.67," 9,924.11 ",8.68,10.21
1974.1,69.44,9.04," 75,228.31 ",56.65," 9,789.94 ",8.74,10.30
1974.11,71.74,8.96," 77,438.57 ",55.75," 9,675.32 ",8.95,10.55
1974.12,67.07,8.89," 72,160.97 ",54.87," 9,564.80 ",8.29,9.79
1975.01,72.56,8.74," 78,091.62 ",53.76," 9,409.88 ",8.92,10.55
1975.02,80.10,8.60," 85,874.19 ",52.45," 9,216.38 ",9.76,11.56
1975.03,83.78,8.45," 89,805.23 ",51.36," 9,057.70 ",10.16,12.04
1975.04,84.72,8.29," 90,797.27 ",50.18," 8,881.10 ",10.23,12.13
1975.05,90.10,8.12," 96,346.96 ",48.91," 8,686.55 ",10.82,12.84
1975.06,92.40,7.96," 98,397.20 ",47.57," 8,476.64 ",11.01,13.07
1975.07,92.49,7.89," 97,728.31 ",46.65," 8,340.38 ",10.90,12.95
1975.08,85.71,7.83," 90,723.60 ",46.17," 8,284.49 ",10.09,12.00
1975.09,84.67,7.76," 89,455.79 ",45.53," 8,198.62 ",9.92,11.81
1975.1,88.57,7.83," 93,388.86 ",45.67," 8,252.50 ",10.33,12.30
1975.11,90.07,7.89," 94,605.41 ",45.72," 8,290.79 ",10.44,12.44
1975.12,88.70,7.96," 93,151.64 ",45.94," 8,359.49 ",10.25,12.23
1976.01,96.86,8.19," 101,859.99 ",47.21," 8,616.28 ",11.19,13.34
1976.02,100.60,8.43," 105,735.78 ",48.38," 8,856.86 ",11.59,13.83
1976.03,101.10,8.66," 106,393.84 ",49.63," 9,113.46 ",11.63,13.88
1976.04,101.90,8.86," 107,177.91 ",50.57," 9,315.40 ",11.69,13.95
1976.05,101.20,9.05," 106,013.29 ",51.33," 9,483.93 ",11.53,13.76
1976.06,101.80,9.25," 106,405.08 ",52.17," 9,668.44 ",11.54,13.78
1976.07,104.20,9.35," 108,669.80 ",52.45," 9,751.08 ",11.76,14.03
1976.08,103.30,9.45," 107,498.40 ",52.74," 9,834.07 ",11.60,13.84
1976.09,105.50,9.55," 109,739.32 ",53.11," 9,933.75 ",11.81,14.09
1976.1,101.90,9.67," 105,783.21 ",53.50," 10,038.50 ",11.35,13.54
1976.11,101.20,9.79," 105,219.40 ",54.07," 10,178.83 ",11.25,13.43
1976.12,104.70,9.91," 108,834.03 ",54.55," 10,301.29 ",11.60,13.85
1977.01,103.80,9.97," 107,698.21 ",54.58," 10,340.97 ",11.44,13.66
1977.02,101.00,10.02," 104,083.78 ",54.33," 10,329.34 ",11.01,13.15
1977.03,100.60,10.08," 103,332.02 ",54.27," 10,353.75 ",10.90,13.02
1977.04,99.05,10.19," 101,252.56 ",54.42," 10,419.97 ",10.64,12.71
1977.05,98.76,10.31," 100,818.61 ",54.75," 10,521.54 ",10.55,12.61
1977.06,99.29,10.42," 101,060.18 ",54.99," 10,605.77 ",10.53,12.60
1977.07,100.20,10.52," 101,856.76 ",55.23," 10,690.59 ",10.57,12.65
1977.08,97.75,10.61," 99,417.54 ",55.55," 10,794.35 ",10.27,12.30
1977.09,96.23,10.71," 97,932.97 ",55.88," 10,899.53 ",10.07,12.07
1977.1,93.74,10.77," 95,474.35 ",56.01," 10,969.26 ",9.77,11.72
1977.11,94.28,10.83," 95,948.62 ",56.05," 11,021.68 ",9.77,11.72
1977.12,93.82,10.89," 95,567.75 ",56.17," 11,092.87 ",9.68,11.63
1978.01,90.25,10.90," 91,740.42 ",55.87," 11,080.01 ",9.24,11.12
1978.02,88.98,10.91," 90,274.62 ",55.56," 11,068.74 ",9.05,10.89
1978.03,88.82,10.92," 89,804.25 ",55.17," 11,041.01 ",8.95,10.79
1978.04,92.71,11.02," 93,408.22 ",55.26," 11,106.32 ",9.26,11.18
1978.05,97.41,11.13," 97,636.02 ",55.26," 11,152.52 ",9.63,11.64
1978.06,97.66,11.23," 97,241.38 ",55.17," 11,181.86 ",9.55,11.55
1978.07,97.19,11.34," 96,444.25 ",55.31," 11,256.26 ",9.43,11.41
1978.08,103.90,11.46," 103,044.33 ",55.61," 11,362.35 ",10.02,12.14
1978.09,103.90,11.57," 102,681.33 ",55.73," 11,434.29 ",9.94,12.05
1978.1,100.60,11.82," 98,942.12 ",56.44," 11,628.45 ",9.53,11.57
1978.11,94.71,12.08," 93,146.91 ",57.40," 11,877.39 ",8.93,10.84
1978.12,96.11,12.33," 94,518.62 ",58.34," 12,125.84 ",9.01,10.95
1979.01,99.71,12.65," 97,612.96 ",59.35," 12,387.18 ",9.26,11.26
1979.02,98.23,12.98," 95,466.57 ",60.16," 12,611.64 ",9.00,10.96
1979.03,100.10,13.30," 96,725.26 ",61.04," 12,851.61 ",9.07,11.05
1979.04,102.10,13.53," 97,957.59 ",61.38," 12,977.89 ",9.13,11.13
1979.05,99.73,13.75," 94,897.22 ",61.62," 13,086.83 ",8.79,10.73
1979.06,101.70,13.98," 96,119.73 ",61.94," 13,212.92 ",8.85,10.81
1979.07,102.70,14.20," 96,422.98 ",62.21," 13,329.00 ",8.83,10.78
1979.08,107.40,14.41," 100,301.90 ",62.56," 13,460.72 ",9.13,11.16
1979.09,108.60,14.63," 100,759.17 ",62.82," 13,573.73 ",9.11,11.14
1979.1,104.50,14.71," 96,607.81 ",62.65," 13,596.00 ",8.68,10.62
1979.11,103.70,14.78," 95,411.76 ",62.39," 13,601.74 ",8.52,10.43
1979.12,107.80,14.86," 98,578.24 ",62.06," 13,588.80 ",8.75,10.72
1980.01,110.90,15.00," 100,407.41 ",61.78," 13,583.79 ",8.85,10.85
1980.02,115.30,15.15," 103,363.51 ",61.50," 13,578.63 ",9.05,11.11
1980.03,104.70,15.29," 92,881.53 ",61.15," 13,564.07 ",8.08,9.92
1980.04,103.00,15.17," 90,785.59 ",60.01," 13,373.95 ",7.84,9.64
1980.05,107.70,15.06," 94,428.48 ",58.96," 13,201.31 ",8.10,9.97
1980.06,114.60,14.94," 99,814.01 ",57.87," 13,012.40 ",8.51,10.48
1980.07,119.80,14.84," 104,777.38 ",57.48," 12,979.10 ",8.88,10.95
1980.08,123.50,14.74," 107,671.48 ",56.68," 12,850.83 ",9.07,11.19
1980.09,126.50,14.64," 109,805.25 ",55.83," 12,707.90 ",9.20,11.35
1980.1,130.20,14.70," 112,387.83 ",55.53," 12,688.95 ",9.36,11.56
1980.11,135.70,14.76," 116,613.73 ",55.30," 12,684.00 ",9.65,11.93
1980.12,133.50,14.82," 114,096.72 ",55.01," 12,666.02 ",9.39,11.61
1981.01,133.00,14.74," 113,192.83 ",54.27," 12,544.83 ",9.26,11.45
1981.02,128.40,14.66," 108,597.03 ",53.43," 12,399.01 ",8.83,10.93
1981.03,133.20,14.58," 112,332.58 ",52.77," 12,295.86 ",9.08,11.25
1981.04,134.40,14.72," 113,022.26 ",52.93," 12,381.40 ",9.09,11.27
1981.05,131.70,14.87," 110,330.16 ",53.03," 12,454.41 ",8.82,10.94
1981.06,132.30,15.01," 110,296.30 ",53.07," 12,513.59 ",8.77,10.89
1981.07,129.10,15.10," 106,895.60 ",52.80," 12,500.16 ",8.45,10.50
1981.08,129.60,15.18," 106,939.28 ",52.70," 12,528.48 ",8.40,10.45
1981.09,118.30,15.27," 97,116.46 ",52.48," 12,535.66 ",7.58,9.45
1981.1,119.80,15.30," 98,584.86 ",52.47," 12,590.55 ",7.65,9.54
1981.11,122.90,15.33," 101,262.77 ",52.41," 12,631.07 ",7.81,9.76
1981.12,123.80,15.36," 102,132.55 ",52.34," 12,671.70 ",7.83,9.80
1982.01,117.30,15.18," 96,918.73 ",51.56," 12,539.70 ",7.39,9.25
1982.02,114.50,14.99," 94,764.40 ",50.77," 12,409.00 ",7.18,9.01
1982.03,110.80,14.81," 92,263.15 ",50.20," 12,332.29 ",6.95,8.73
1982.04,116.30,14.60," 96,901.23 ",49.27," 12,161.98 ",7.26,9.14
1982.05,116.40,14.38," 96,539.75 ",48.09," 11,929.21 ",7.19,9.07
1982.06,109.70,14.17," 90,322.20 ",46.80," 11,666.96 ",6.69,8.45
1982.07,109.40,13.97," 90,079.04 ",45.89," 11,500.06 ",6.64,8.40
1982.08,109.70,13.76," 90,609.29 ",45.13," 11,368.12 ",6.64,8.42
1982.09,122.40,13.56," 101,363.15 ",44.37," 11,229.45 ",7.40,9.39
1982.1,132.70,13.25," 110,028.91 ",43.23," 10,989.04 ",8.00,10.17
1982.11,138.10,12.95," 115,215.24 ",42.32," 10,801.28 ",8.35,10.62
1982.12,139.40,12.64," 117,256.04 ",41.49," 10,632.11 ",8.47,10.78
1983.01,144.30,12.57," 121,610.95 ",41.16," 10,590.77 ",8.76,11.16
1983.02,146.80,12.49," 124,075.35 ",40.88," 10,559.34 ",8.91,11.36
1983.03,151.90,12.42," 128,872.57 ",40.64," 10,537.18 ",9.23,11.78
1983.04,157.70,12.48," 133,329.23 ",40.53," 10,548.57 ",9.53,12.17
1983.05,164.10,12.53," 138,386.33 ",40.47," 10,569.39 ",9.87,12.61
1983.06,166.40,12.59," 140,389.08 ",40.53," 10,621.99 ",10.00,12.77
1983.07,167.00,12.83," 140,818.52 ",41.13," 10,815.79 ",10.01,12.79
1983.08,162.40,13.06," 137,018.70 ",41.76," 11,021.65 ",9.73,12.42
1983.09,167.20,13.30," 140,857.79 ",42.31," 11,204.60 ",9.98,12.75
1983.1,167.70,13.54," 141,351.45 ",42.95," 11,415.41 ",10.00,12.77
1983.11,165.20,13.79," 139,463.97 ",43.64," 11,638.91 ",9.85,12.58
1983.12,164.40,14.03," 139,149.89 ",44.37," 11,875.14 ",9.82,12.53
1984.01,166.40,14.44," 140,512.66 ",45.39," 12,193.53 ",9.89,12.63
1984.02,157.30,14.85," 132,680.47 ",46.46," 12,525.78 ",9.32,11.90
1984.03,157.40,15.26," 133,009.72 ",47.64," 12,895.35 ",9.33,11.90
1984.04,157.60,15.57," 133,039.06 ",48.39," 13,146.30 ",9.31,11.88
1984.05,156.60,15.89," 132,321.06 ",49.22," 13,423.66 ",9.23,11.78
1984.06,153.10,16.20," 129,502.69 ",50.04," 13,703.09 ",9.01,11.50
1984.07,151.10,16.32," 127,834.77 ",50.22," 13,807.17 ",8.87,11.32
1984.08,164.40,16.44," 139,071.23 ",50.40," 13,907.12 ",9.62,12.27
1984.09,166.10,16.56," 140,357.99 ",50.52," 13,993.55 ",9.69,12.35
1984.1,164.80,16.59," 139,384.43 ",50.46," 14,028.69 ",9.60,12.23
1984.11,166.30,16.61," 141,180.30 ",50.54," 14,103.85 ",9.69,12.35
1984.12,164.50,16.64," 140,184.91 ",50.62," 14,180.41 ",9.60,12.22
1985.01,171.60,16.56," 146,495.02 ",50.27," 14,134.46 ",10.00,12.73
1985.02,180.90,16.47," 154,245.28 ",49.78," 14,046.04 ",10.49,13.36
1985.03,179.40,16.39," 152,933.47 ",49.35," 13,972.02 ",10.37,13.20
1985.04,180.60,16.13," 153,779.84 ",48.34," 13,734.60 ",10.40,13.22
1985.05,184.90,15.87," 157,399.63 ",47.38," 13,509.64 ",10.61,13.49
1985.06,188.90,15.61," 160,903.90 ",46.47," 13,296.51 ",10.81,13.74
1985.07,192.50,15.48," 164,216.90 ",46.01," 13,208.41 ",11.00,13.98
1985.08,188.30,15.36," 160,890.46 ",45.55," 13,121.33 ",10.74,13.65
1985.09,184.10,15.23," 157,422.77 ",45.05," 13,023.08 ",10.47,13.31
1985.1,186.20,15.02," 159,190.59 ",44.27," 12,844.08 ",10.55,13.41
1985.11,197.50,14.82," 168,946.60 ",43.54," 12,674.59 ",11.16,14.19
1985.12,207.30,14.61," 177,404.66 ",42.82," 12,503.05 ",11.69,14.85
1986.01,208.20,14.58," 178,251.86 ",42.61," 12,482.77 ",11.72,14.88
1986.02,219.40,14.55," 188,927.29 ",42.64," 12,529.13 ",12.39,15.73
1986.03,232.30,14.52," 201,533.03 ",42.75," 12,596.90 ",13.19,16.73
1986.04,238.00,14.58," 207,441.17 ",43.02," 12,710.83 ",13.55,17.18
1986.05,238.50,14.65," 207,889.08 ",43.08," 12,766.83 ",13.56,17.18
1986.06,245.30,14.71," 213,229.86 ",43.03," 12,786.84 ",13.89,17.58
1986.07,240.20,14.76," 209,386.52 ",43.17," 12,863.67 ",13.62,17.23
1986.08,245.00,14.80," 213,775.01 ",43.23," 12,916.64 ",13.89,17.55
1986.09,238.30,14.85," 207,581.21 ",43.17," 12,935.72 ",13.47,17.01
1986.1,237.40,14.73," 207,207.83 ",42.77," 12,853.78 ",13.43,16.94
1986.11,245.10,14.60," 214,335.27 ",42.37," 12,770.31 ",13.87,17.49
1986.12,248.60,14.48," 217,802.07 ",41.98," 12,686.14 ",14.09,17.74
1987.01,264.50,14.69," 230,875.70 ",42.31," 12,819.67 ",14.92,18.78
1987.02,280.90,14.89," 244,915.08 ",42.75," 12,985.38 ",15.82,19.89
1987.03,292.50,15.10," 254,494.80 ",43.15," 13,138.02 ",16.43,20.63
1987.04,289.30,14.87," 250,976.32 ",42.28," 12,903.03 ",16.20,20.30
1987.05,289.10,14.65," 250,525.25 ",41.48," 12,692.38 ",16.16,20.23
1987.06,301.40,14.42," 260,876.67 ",40.70," 12,481.23 ",16.83,21.04
1987.07,310.10,14.90," 268,315.66 ",41.94," 12,892.30 ",17.31,21.61
1987.08,329.40,15.38," 284,138.05 ",43.07," 13,266.68 ",18.33,22.85
1987.09,318.70,15.86," 274,093.26 ",44.18," 13,640.16 ",17.68,22.01
1987.1,280.20,16.41," 240,977.51 ",45.58," 14,110.08 ",15.53,19.31
1987.11,245.00,16.95," 211,149.50 ",47.06," 14,610.94 ",13.59,16.89
1987.12,241.00,17.50," 208,334.89 ",48.58," 15,128.05 ",13.39,16.62
1988.01,250.50,17.86," 216,622.14 ",49.46," 15,447.45 ",13.90,17.24
1988.02,258.10,18.23," 223,257.03 ",50.33," 15,766.13 ",14.30,17.71
1988.03,265.70,18.59," 229,487.02 ",51.12," 16,056.32 ",14.67,18.15
1988.04,262.60,19.62," 226,294.96 ",53.66," 16,904.65 ",14.43,17.84
1988.05,256.10,20.64," 220,596.19 ",56.28," 17,781.47 ",14.03,17.33
1988.06,270.70,21.67," 232,843.87 ",58.83," 18,639.55 ",14.77,18.21
1988.07,269.10,22.02," 231,155.25 ",59.53," 18,917.88 ",14.61,17.99
1988.08,263.70,22.38," 226,233.79 ",60.24," 19,197.44 ",14.24,17.52
1988.09,268.00,22.73," 229,059.29 ",60.78," 19,427.30 ",14.37,17.65
1988.1,277.40,23.07," 236,982.39 ",61.49," 19,711.48 ",14.81,18.17
1988.11,271.00,23.42," 232,008.15 ",62.35," 20,047.47 ",14.45,17.69
1988.12,276.50,23.75," 237,018.36 ",63.14," 20,358.72 ",14.70,17.98
1989.01,285.40,24.16," 244,132.92 ",63.91," 20,666.61 ",15.09,18.43
1989.02,294.00,24.56," 251,157.90 ",64.70," 20,981.08 ",15.47,18.86
1989.03,292.70,24.96," 249,324.70 ",65.38," 21,261.17 ",15.30,18.62
1989.04,302.30,25.05," 256,539.96 ",65.18," 21,255.31 ",15.69,19.06
1989.05,313.90,25.13," 265,594.61 ",65.03," 21,265.59 ",16.19,19.63
1989.06,323.70,25.22," 273,953.83 ",65.10," 21,344.19 ",16.64,20.15
1989.07,331.90,24.71," 280,949.60 ",63.63," 20,916.74 ",17.01,20.56
1989.08,346.60,24.20," 293,664.83 ",62.22," 20,504.01 ",17.73,21.39
1989.09,347.30,23.69," 294,071.48 ",60.71," 20,059.18 ",17.71,21.33
1989.1,347.40,23.43," 293,509.13 ",59.75," 19,792.60 ",17.64,21.21
1989.11,340.20,23.16," 287,508.39 ",58.94," 19,575.67 ",17.24,20.70
1989.12,348.60,22.87," 294,917.78 ",58.10," 19,348.16 ",17.65,21.15
1990.01,339.97,22.49," 285,459.24 ",56.55," 18,883.96 ",17.05,20.41
1990.02,330.45,22.08," 276,947.16 ",55.26," 18,505.05 ",16.51,19.74
1990.03,338.46,21.67," 282,903.73 ",53.94," 18,112.99 ",16.83,20.10
1990.04,338.18,21.53," 283,026.49 ",53.51," 18,021.45 ",16.81,20.06
1990.05,350.25,21.40," 293,251.25 ",53.05," 17,914.66 ",17.39,20.72
1990.06,360.39,21.26," 300,924.24 ",52.43," 17,752.02 ",17.82,21.21
1990.07,360.03,21.42," 300,283.79 ",52.62," 17,865.40 ",17.75,21.10
1990.08,330.75,21.58," 274,158.80 ",52.53," 17,887.67 ",16.17,19.21
1990.09,315.41,21.74," 260,086.65 ",52.48," 17,926.77 ",15.30,18.17
1990.1,307.12,21.61," 252,547.77 ",51.85," 17,767.40 ",14.82,17.59
1990.11,315.29,21.47," 259,506.11 ",51.41," 17,674.05 ",15.19,18.02
1990.12,328.75,21.34," 271,413.89 ",51.09," 17,618.17 ",15.85,18.80
1991.01,325.49,21.18," 267,953.28 ",50.41," 17,438.74 ",15.61,18.50
1991.02,362.26,21.03," 298,610.76 ",49.97," 17,332.30 ",17.35,20.56
1991.03,372.28,20.94," 307,246.24 ",49.69," 17,281.98 ",17.82,21.10
1991.04,379.68,20.36," 313,723.01 ",48.25," 16,825.84 ",18.16,21.48
1991.05,377.99,19.86," 312,238.73 ",46.91," 16,402.63 ",18.04,21.33
1991.06,378.29,19.41," 312,401.38 ",45.72," 16,029.27 ",18.02,21.29
1991.07,380.23,18.84," 314,380.29 ",44.31," 15,577.22 ",18.10,21.38
1991.08,389.40,18.33," 321,860.06 ",42.99," 15,150.73 ",18.51,21.85
1991.09,387.20,17.82," 319,484.18 ",41.61," 14,703.53 ",18.36,21.66
1991.1,386.88,17.20," 319,596.79 ",40.11," 14,211.43 ",18.35,21.64
1991.11,385.92,16.59," 318,717.59 ",38.56," 13,698.37 ",18.29,21.56
1991.12,388.51,15.97," 321,462.93 ",37.10," 13,213.98 ",18.44,21.73
1992.01,416.08,16.05," 344,619.20 ",37.22," 13,290.72 ",19.77,23.29
1992.02,412.56,16.12," 341,315.57 ",37.26," 13,338.99 ",19.58,23.06
1992.03,407.36,16.19," 336,165.12 ",37.23," 13,360.45 ",19.28,22.70
1992.04,407.41,16.48," 336,570.39 ",37.85," 13,617.22 ",19.30,22.71
1992.05,414.81,16.77," 343,040.03 ",38.45," 13,865.74 ",19.66,23.13
1992.06,408.27,17.05," 337,273.47 ",38.96," 14,085.07 ",19.32,22.72
1992.07,415.05,17.38," 342,990.27 ",39.63," 14,362.54 ",19.62,23.07
1992.08,417.93,17.71," 345,239.00 ",40.26," 14,629.68 ",19.72,23.18
1992.09,418.48,18.04," 345,565.92 ",40.90," 14,896.79 ",19.71,23.16
1992.1,412.50,18.39," 340,276.13 ",41.54," 15,170.13 ",19.37,22.76
1992.11,422.84,18.74," 349,164.50 ",42.28," 15,474.75 ",19.83,23.30
1992.12,435.64,19.09," 360,840.95 ",43.10," 15,812.26 ",20.45,24.02
1993.01,435.23,19.34," 359,584.32 ",43.45," 15,978.59 ",20.32,23.87
1993.02,441.70,19.59," 364,508.66 ",43.85," 16,166.46 ",20.55,24.12
1993.03,450.16,19.84," 371,051.97 ",44.26," 16,353.45 ",20.86,24.48
1993.04,443.08,19.67," 365,057.44 ",43.76," 16,206.28 ",20.46,24.01
1993.05,445.25,19.50," 367,194.03 ",43.32," 16,081.49 ",20.52,24.07
1993.06,448.06,19.33," 369,858.86 ",42.88," 15,956.28 ",20.61,24.18
1993.07,447.29,19.69," 370,084.49 ",43.68," 16,291.36 ",20.56,24.12
1993.08,454.13,20.05," 375,566.75 ",44.36," 16,581.40 ",20.81,24.41
1993.09,459.24,20.41," 379,868.55 ",45.06," 16,882.50 ",20.99,24.61
1993.1,463.90,20.90," 383,003.79 ",45.95," 17,255.40 ",21.11,24.74
1993.11,462.89,21.39," 382,771.35 ",47.00," 17,687.74 ",21.04,24.65
1993.12,465.95,21.89," 386,168.60 ",48.09," 18,141.93 ",21.16,24.78
1994.01,472.99,22.16," 391,800.12 ",48.55," 18,353.45 ",21.41,25.06
1994.02,471.58,22.43," 390,172.14 ",48.99," 18,560.69 ",21.26,24.88
1994.03,463.81,22.71," 383,313.33 ",49.42," 18,768.56 ",20.83,24.36
1994.04,447.23,23.54," 369,986.50 ",51.16," 19,474.28 ",20.06,23.44
1994.05,450.90,24.37," 373,651.35 ",52.93," 20,194.91 ",20.20,23.59
1994.06,454.83,25.20," 376,518.41 ",54.54," 20,861.12 ",20.29,23.69
1994.07,451.40,25.91," 373,557.21 ",55.93," 21,441.89 ",20.07,23.42
1994.08,464.24,26.62," 383,521.97 ",57.23," 21,991.55 ",20.54,23.95
1994.09,466.96,27.33," 385,623.28 ",58.60," 22,569.57 ",20.58,23.98
1994.1,463.81,28.42," 383,660.71 ",60.90," 23,508.84 ",20.40,23.75
1994.11,461.01,29.51," 381,736.67 ",63.15," 24,435.59 ",20.21,23.51
1994.12,455.19,30.60," 377,826.23 ",65.48," 25,399.25 ",19.91,23.15
1995.01,465.25,31.25," 385,542.84 ",66.60," 25,896.21 ",20.22,23.49
1995.02,481.92,31.90," 398,675.56 ",67.72," 26,389.75 ",20.80,24.14
1995.03,493.15,32.55," 407,523.36 ",68.87," 26,898.28 ",21.15,24.53
1995.04,507.91,33.18," 419,247.97 ",69.97," 27,385.29 ",21.64,25.07
1995.05,523.81,33.80," 432,433.70 ",71.15," 27,906.47 ",22.20,25.68
1995.06,539.35,34.43," 445,304.20 ",72.32," 28,426.48 ",22.72,26.26
1995.07,557.37,34.68," 461,106.78 ",72.85," 28,690.43 ",23.38,26.99
1995.08,559.11,34.93," 462,265.16 ",73.18," 28,879.69 ",23.28,26.86
1995.09,578.77,35.18," 478,516.57 ",73.56," 29,086.19 ",23.95,27.59
1995.1,582.92,34.77," 481,317.30 ",72.47," 28,712.33 ",23.93,27.54
1995.11,595.53,34.37," 492,994.18 ",71.67," 28,449.59 ",24.35,28.00
1995.12,614.57,33.96," 510,039.32 ",70.87," 28,183.83 ",25.03,28.75
1996.01,614.42,33.99," 507,897.78 ",70.51," 28,094.41 ",24.76,28.42
1996.02,649.54,34.01," 536,156.93 ",70.34," 28,075.97 ",25.98,29.78
1996.03,647.07,34.04," 532,338.66 ",70.03," 28,004.40 ",25.63,29.36
1996.04,647.17,34.33," 531,343.91 ",70.36," 28,185.85 ",25.42,29.10
1996.05,661.23,34.62," 542,818.12 ",70.82," 28,420.31 ",25.81,29.52
1996.06,668.50,34.91," 549,411.60 ",71.37," 28,691.04 ",25.97,29.67
1996.07,644.07,35.27," 529,306.50 ",71.97," 28,988.13 ",24.86,28.38
1996.08,662.68,35.64," 544,555.02 ",72.57," 29,284.34 ",25.41,28.99
1996.09,674.88,36.00," 553,823.82 ",73.08," 29,542.52 ",25.68,29.27
1996.1,701.46,36.91," 574,822.68 ",74.69," 30,246.49 ",26.48,30.16
1996.11,735.67,37.82," 602,726.41 ",76.39," 30,985.51 ",27.59,31.38
1996.12,743.25,38.73," 609,953.91 ",78.23," 31,784.08 ",27.72,31.51
1997.01,766.22,39.23," 627,847.70 ",78.99," 32,148.13 ",28.33,32.17
1997.02,798.39,39.74," 653,180.08 ",79.76," 32,509.45 ",29.27,33.19
1997.03,792.16,40.24," 647,487.15 ",80.56," 32,890.93 ",28.80,32.64
1997.04,763.93,40.34," 624,660.06 ",80.67," 32,988.43 ",27.59,31.23
1997.05,833.09,40.45," 682,668.58 ",80.93," 33,143.71 ",29.93,33.84
1997.06,876.29,40.55," 718,206.48 ",81.03," 33,234.74 ",31.26,35.31
1997.07,925.29,40.58," 758,459.84 ",80.99," 33,263.41 ",32.77,36.97
1997.08,927.24,40.61," 759,681.58 ",80.90," 33,271.50 ",32.59,36.73
1997.09,937.02,40.64," 766,833.37 ",80.76," 33,258.74 ",32.67,36.78
1997.1,951.16,40.33," 777,525.19 ",79.95," 32,970.43 ",32.90,37.00
1997.11,938.92,40.03," 769,047.51 ",79.39," 32,784.94 ",32.34,36.32
1997.12,962.37,39.72," 790,291.52 ",78.88," 32,617.79 ",33.03,37.06
1998.01,963.36,39.66," 790,698.02 ",78.62," 32,551.78 ",32.86,36.83
1998.02,1023.74,39.60," 839,764.21 ",78.35," 32,483.50 ",34.71,38.86
1998.03,1076.83,39.54," 882,746.82 ",78.09," 32,413.48 ",36.30,40.58
1998.04,1112.20,39.35," 911,132.63 ",77.57," 32,236.17 ",37.28,41.63
1998.05,1108.42,39.16," 907,442.76 ",77.05," 32,059.56 ",36.96,41.22
1998.06,1108.39,38.97," 907,391.63 ",76.59," 31,903.08 ",36.80,40.99
1998.07,1156.58,38.68," 946,773.72 ",75.92," 31,660.66 ",38.26,42.56
1998.08,1074.62,38.38," 879,700.54 ",75.25," 31,421.16 ",35.42,39.36
1998.09,1020.64,38.09," 835,589.96 ",74.58," 31,183.98 ",33.53,37.21
1998.1,1032.47,37.96," 844,313.72 ",74.15," 31,044.91 ",33.77,37.44
1998.11,1144.43,37.84," 936,973.08 ",73.91," 30,977.84 ",37.37,41.38
1998.12,1190.05,37.71," 976,023.71 ",73.70," 30,927.99 ",38.82,42.93
1999.01,1248.77,37.93," 1,022,799.87 ",73.96," 31,069.14 ",40.58,44.81
1999.02,1246.58,38.16," 1,020,880.55 ",74.30," 31,248.21 ",40.40,44.56
1999.03,1281.66,38.38," 1,047,547.74 ",74.51," 31,369.38 ",41.36,45.55
1999.04,1334.76,39.26," 1,084,183.78 ",75.67," 31,889.67 ",42.70,46.97
1999.05,1332.07,40.14," 1,083,112.26 ",77.37," 32,638.02 ",42.56,46.75
1999.06,1322.55,41.02," 1,076,486.14 ",79.06," 33,388.12 ",42.18,46.27
1999.07,1380.99,42.00," 1,121,798.46 ",80.71," 34,117.22 ",43.83,48.01
1999.08,1327.49,42.98," 1,076,877.76 ",82.39," 34,865.95 ",41.93,45.87
1999.09,1318.17,43.96," 1,065,341.75 ",83.87," 35,528.36 ",41.32,45.15
1999.1,1300.01,45.36," 1,049,910.75 ",86.39," 36,636.22 ",40.55,44.26
1999.11,1391.00,46.77," 1,123,849.84 ",89.01," 37,784.84 ",43.21,47.09
1999.12,1428.68,48.17," 1,155,416.88 ",91.69," 38,956.54 ",44.20,48.11
2000.01,1425.59,49.10," 1,150,625.90 ",93.17," 39,627.03 ",43.77,47.59
2000.02,1388.87,50.02," 1,115,505.63 ",94.37," 40,177.49 ",42.19,45.81
2000.03,1442.21,50.95," 1,149,987.11 ",95.33," 40,626.43 ",43.22,46.88
2000.04,1461.36,51.27," 1,165,688.36 ",95.88," 40,899.39 ",43.53,47.16
2000.05,1418.48,51.60," 1,131,274.73 ",96.37," 41,149.68 ",41.97,45.41
2000.06,1461.96,51.92," 1,160,968.50 ",96.47," 41,230.60 ",42.78,46.25
2000.07,1473.00,52.51," 1,168,122.73 ",97.35," 41,644.28 ",42.76,46.17
2000.08,1485.46,53.11," 1,179,092.00 ",98.45," 42,153.71 ",42.87,46.24
2000.09,1468.05,53.70," 1,160,310.92 ",99.03," 42,443.17 ",41.90,45.15
2000.1,1390.14,52.47," 1,097,911.67 ",96.59," 41,437.38 ",39.37,42.38
2000.11,1378.04,51.23," 1,088,802.09 ",94.27," 40,479.93 ",38.78,41.71
2000.12,1330.93,50.00," 1,053,256.28 ",92.05," 39,568.43 ",37.27,40.06
2001.01,1335.63,48.48," 1,051,395.33 ",88.69," 38,163.00 ",36.98,39.71
2001.02,1305.75,46.96," 1,024,831.27 ",85.57," 36,857.04 ",35.83,38.46
2001.03,1185.85,45.44," 929,655.78 ",82.61," 35,623.02 ",32.33,34.68
2001.04,1189.84,42.56," 930,125.83 ",77.06," 33,267.54 ",32.17,34.50
2001.05,1270.37,39.67," 989,630.76 ",71.52," 30,905.92 ",34.07,36.52
2001.06,1238.71,36.79," 964,357.80 ",66.21," 28,641.67 ",33.07,35.43
2001.07,1204.45,33.96," 941,349.01 ",61.29," 26,544.36 ",32.16,34.45
2001.08,1178.50,31.14," 922,091.61 ",56.19," 24,362.21 ",31.40,33.63
2001.09,1044.64,28.31," 814,710.13 ",50.86," 22,078.84 ",27.67,29.63
2001.1,1076.59,27.10," 843,489.19 ",48.86," 21,234.98 ",28.58,30.61
2001.11,1129.68,25.90," 887,610.43 ",46.76," 20,347.49 ",30.01,32.14
2001.12,1144.93,24.69," 904,191.07 ",44.76," 19,498.55 ",30.50,32.68
2002.01,1140.21,24.69," 899,463.04 ",44.67," 19,479.52 ",30.28,32.45
2002.02,1100.67,24.70," 865,883.43 ",44.50," 19,428.56 ",29.09,31.18
2002.03,1153.79,24.70," 903,621.26 ",44.25," 19,344.46 ",30.29,32.48
2002.04,1111.93,25.38," 867,021.73 ",45.22," 19,789.93 ",29.01,31.10
2002.05,1079.25,26.06," 842,575.22 ",46.43," 20,345.16 ",28.13,30.17
2002.06,1014.02,26.74," 792,252.78 ",47.61," 20,891.93 ",26.39,28.32
2002.07,903.59,27.84," 706,227.93 ",49.52," 21,759.19 ",23.46,25.19
2002.08,912.55,28.94," 711,893.52 ",51.30," 22,576.51 ",23.59,25.34
2002.09,867.81,30.04," 676,894.56 ",53.17," 23,431.30 ",22.37,24.03
2002.1,854.63,29.22," 666,542.20 ",51.63," 22,791.83 ",21.96,23.61
2002.11,909.93,28.41," 710,710.32 ",50.19," 22,187.32 ",23.35,25.11
2002.12,899.18,27.59," 704,915.13 ",48.86," 21,629.27 ",23.10,24.86
2003.01,895.84,28.50," 700,253.09 ",50.25," 22,277.65 ",22.90,24.65
2003.02,837.03,29.41," 650,325.49 ",51.45," 22,849.93 ",21.21,22.85
2003.03,846.63,30.32," 654,899.92 ",52.73," 23,453.65 ",21.31,22.97
2003.04,890.03,31.73," 691,016.51 ",55.30," 24,635.07 ",22.43,24.19
2003.05,935.96,33.14," 728,913.43 ",57.85," 25,809.00 ",23.59,25.45
2003.06,988.00,34.55," 769,652.06 ",60.25," 26,914.45 ",24.83,26.80
2003.07,992.54,35.89," 773,405.48 ",62.52," 27,968.75 ",24.87,26.84
2003.08,989.53,37.24," 769,200.31 ",64.62," 28,945.52 ",24.64,26.61
2003.09,1019.44,38.58," 790,954.38 ",66.73," 29,933.12 ",25.24,27.26
2003.1,1038.73,41.97," 807,883.27 ",72.67," 32,640.02 ",25.68,27.74
2003.11,1049.90,45.35," 819,896.61 ",78.74," 35,417.70 ",25.95,28.03
2003.12,1080.64,48.74," 845,951.06 ",84.72," 38,154.85 ",26.64,28.78
2004.01,1132.52,49.83," 883,398.19 ",86.18," 38,866.23 ",27.66,29.88
2004.02,1143.36,50.91," 888,215.41 ",87.59," 39,551.85 ",27.65,29.87
2004.03,1123.98,52.00," 868,728.01 ",88.89," 40,190.98 ",26.89,29.04
2004.04,1133.36,53.38," 874,351.52 ",90.96," 41,183.56 ",26.90,29.06
2004.05,1102.78,54.77," 846,987.58 ",92.78," 42,063.41 ",25.90,27.98
2004.06,1132.76,56.15," 868,448.60 ",94.82," 43,048.30 ",26.40,28.52
2004.07,1105.85,56.69," 850,362.68 ",95.88," 43,592.77 ",25.70,27.76
2004.08,1088.94,57.23," 838,132.74 ",96.74," 44,048.65 ",25.17,27.19
2004.09,1117.66,57.77," 859,652.24 ",97.45," 44,434.00 ",25.67,27.73
2004.1,1117.21,58.03," 856,032.37 ",97.38," 44,463.94 ",25.41,27.45
2004.11,1168.94,58.29," 896,434.85 ",97.76," 44,701.34 ",26.47,28.58
2004.12,1199.21,58.55," 924,278.00 ",98.56," 45,126.77 ",27.14,29.31
2005.01,1181.41,59.11," 909,911.78 ",99.29," 45,523.44 ",26.59,28.71
2005.02,1199.63,59.66," 919,919.87 ",99.65," 45,752.01 ",26.74,28.87
2005.03,1194.90,60.22," 910,465.07 ",99.80," 45,885.18 ",26.34,28.43
2005.04,1164.43,61.23," 882,611.70 ",100.80," 46,413.49 ",25.41,27.43
2005.05,1178.28,62.25," 895,337.17 ",102.57," 47,299.24 ",25.65,27.69
2005.06,1202.25,63.26," 914,406.17 ",104.19," 48,114.23 ",26.07,28.14
2005.07,1222.24,64.33," 926,660.24 ",105.46," 48,772.79 ",26.29,28.37
2005.08,1224.27,65.40," 924,811.51 ",106.67," 49,403.05 ",26.10,28.17
2005.09,1225.92,66.47," 916,213.36 ",107.11," 49,677.55 ",25.73,27.76
2005.1,1191.96,67.59," 890,393.94 ",108.69," 50,489.72 ",24.88,26.84
2005.11,1237.37,68.71," 933,178.25 ",111.39," 51,818.52 ",25.93,27.98
2005.12,1262.07,69.83," 957,077.33 ",113.66," 52,954.84 ",26.44,28.53
2006.01,1278.73,70.78," 963,781.36 ",114.33," 53,344.52 ",26.47,28.55
2006.02,1276.65,71.72," 961,692.84 ",115.63," 54,028.76 ",26.25,28.31
2006.03,1293.74,72.67," 970,623.28 ",116.51," 54,520.38 ",26.33,28.40
2006.04,1302.17,73.28," 970,131.45 ",116.49," 54,591.95 ",26.15,28.20
2006.05,1290.01,73.88," 957,760.56 ",116.88," 54,854.26 ",25.65,27.66
2006.06,1253.17,74.49," 930,022.07 ",117.60," 55,281.68 ",24.75,26.69
2006.07,1260.24,75.85," 933,970.35 ",119.40," 56,212.83 ",24.70,26.63
2006.08,1287.15,77.21," 953,514.06 ",121.30," 57,196.77 ",25.05,27.02
2006.09,1317.74,78.57," 982,481.18 ",124.05," 58,580.26 ",25.64,27.66
2006.1,1363.38,79.55," 1,023,572.19 ",126.28," 59,723.02 ",26.54,28.62
2006.11,1388.64,80.53," 1,045,631.17 ",128.02," 60,638.23 ",26.93,29.03
2006.12,1416.42,81.51," 1,066,522.54 ",129.39," 61,374.63 ",27.28,29.41
2007.01,1424.16,82.06," 1,070,656.24 ",129.86," 61,688.63 ",27.21,29.33
2007.02,1444.80,82.60," 1,081,968.24 ",130.03," 61,859.21 ",27.32,29.44
2007.03,1406.95,83.15," 1,045,692.46 ",129.71," 61,799.87 ",26.23,28.26
2007.04,1463.64,83.74," 1,082,387.79 ",129.79," 61,927.22 ",26.98,29.07
2007.05,1511.14,84.33," 1,112,316.63 ",129.91," 62,073.44 ",27.55,29.68
2007.06,1514.19,84.92," 1,114,008.01 ",130.56," 62,476.68 ",27.42,29.53
2007.07,1520.71,82.81," 1,120,710.95 ",127.36," 61,030.58 ",27.41,29.52
2007.08,1454.62,80.71," 1,075,617.84 ",124.34," 59,678.49 ",26.15,28.16
2007.09,1497.12,78.60," 1,105,659.87 ",120.77," 58,048.03 ",26.73,28.78
2007.1,1539.66,74.46," 1,136,321.73 ",114.16," 54,954.03 ",27.32,29.42
2007.11,1463.39,70.32," 1,075,334.88 ",107.18," 51,672.86 ",25.73,27.71
2007.12,1479.22,66.18," 1,089,396.04 ",100.93," 48,739.36 ",25.96,27.96
2008.01,1378.76,64.25," 1,012,093.44 ",97.51," 47,163.40 ",24.02,25.89
2008.02,1354.87,62.32," 993,391.35 ",94.30," 45,693.05 ",23.50,25.33
2008.03,1316.94,60.39," 958,997.39 ",90.60," 43,976.08 ",22.61,24.38
2008.04,1370.47,57.38," 993,677.21 ",85.57," 41,606.54 ",23.36,25.20
2008.05,1403.22,54.38," 1,010,639.00 ",80.41," 39,163.62 ",23.70,25.58
2008.06,1341.25,51.37," 958,075.07 ",75.20," 36,694.36 ",22.42,24.22
2008.07,1257.33,49.56," 895,141.13 ",72.18," 35,286.03 ",20.91,22.60
2008.08,1281.47,47.76," 917,699.22 ",69.83," 34,199.99 ",21.40,23.16
2008.09,1216.95,45.95," 874,425.55 ",67.28," 33,016.85 ",20.36,22.05
2008.1,968.80,35.59," 704,959.53 ",52.65," 25,899.94 ",16.39,17.77
2008.11,883.04,25.24," 656,866.92 ",38.06," 18,772.80 ",15.26,16.58
2008.12,877.56,14.88," 661,390.80 ",22.67," 11,214.61 ",15.38,16.73
2009.01,865.58,12.21," 651,286.56 ",18.52," 9,184.64 ",15.17,16.55
2009.02,805.23,9.53," 604,603.77 ",14.39," 7,158.07 ",14.12,15.43
2009.03,757.13,6.86," 568,810.54 ",10.33," 5,153.73 ",13.32,14.59
2009.04,848.15,7.08," 637,272.23 ",10.63," 5,317.18 ",14.98,16.44
2009.05,902.41,7.29," 677,720.80 ",10.92," 5,477.38 ",16.00,17.59
2009.06,926.12,7.51," 691,191.57 ",11.15," 5,604.94 ",16.38,18.04
2009.07,935.82,9.19," 701,099.14 ",13.67," 6,882.48 ",16.69,18.41
2009.08,1009.73,10.86," 756,302.17 ",16.12," 8,136.79 ",18.09,19.98
2009.09,1044.55,12.54," 783,384.64 ",18.60," 9,404.67 ",18.83,20.82
2009.1,1067.66,25.35," 801,407.35 ",37.56," 19,028.23 ",19.36,21.42
2009.11,1088.07,38.16," 817,581.71 ",56.51," 28,673.63 ",19.81,21.94
2009.12,1110.38,50.97," 837,223.33 ",75.61," 38,431.23 ",20.32,22.51
2010.01,1123.58,54.29," 845,683.40 ",80.26," 40,862.38 ",20.53,22.74
2010.02,1089.16,57.61," 820,956.24 ",85.15," 43,423.64 ",19.92,22.07
2010.03,1152.05,60.93," 866,178.51 ",89.68," 45,810.73 ",21.00,23.27
2010.04,1197.32,62.99," 900,026.97 ",92.55," 47,347.16 ",21.80,24.15
2010.05,1125.06,65.04," 846,430.58 ",95.50," 48,934.87 ",20.48,22.68
2010.06,1083.36,67.10," 817,237.54 ",98.61," 50,617.19 ",19.74,21.86
2010.07,1079.80,68.69," 815,771.87 ",100.93," 51,891.69 ",19.67,21.77
2010.08,1087.28,70.27," 821,689.00 ",103.11," 53,107.59 ",19.77,21.88
2010.09,1122.08,71.86," 848,902.08 ",105.38," 54,365.20 ",20.38,22.55
2010.1,1171.58,73.69," 886,663.94 ",107.93," 55,769.36 ",21.24,23.49
2010.11,1198.89,75.52," 908,375.87 ",110.56," 57,220.05 ",21.70,23.99
2010.12,1241.53,77.35," 940,502.35 ",113.05," 58,595.33 ",22.40,24.75
2011.01,1282.62,78.67," 968,466.06 ",114.43," 59,401.25 ",22.98,25.38
2011.02,1321.12,79.99," 994,093.55 ",115.78," 60,189.49 ",23.49,25.93
2011.03,1304.49,81.31," 973,556.06 ",116.56," 60,682.60 ",22.90,25.27
2011.04,1331.51,82.16," 988,829.94 ",117.03," 61,017.61 ",23.14,25.53
2011.05,1338.31,83.02," 990,706.95 ",117.69," 61,454.51 ",23.06,25.42
2011.06,1287.29,83.87," 955,463.30 ",119.03," 62,250.70 ",22.10,24.36
2011.07,1325.19,84.91," 984,244.48 ",120.39," 63,061.84 ",22.61,24.92
2011.08,1185.31,85.94," 879,468.80 ",121.52," 63,767.69 ",20.05,22.09
2011.09,1173.88,86.98," 871,222.04 ",122.80," 64,554.21 ",19.70,21.71
2011.1,1207.22,86.97," 899,404.37 ",123.04," 64,794.48 ",20.16,22.21
2011.11,1226.42,86.96," 916,096.59 ",123.13," 64,956.34 ",20.35,22.42
2011.12,1243.32,86.95," 932,665.99 ",123.42," 65,224.81 ",20.52,22.62
2012.01,1300.58,87.48," 973,009.02 ",123.63," 65,446.82 ",21.21,23.39
2012.02,1352.49,88.01," 1,009,087.71 ",123.84," 65,663.93 ",21.80,24.03
2012.03,1389.24,88.54," 1,030,381.93 ",123.64," 65,669.01 ",22.05,24.32
2012.04,1386.43,88.33," 1,026,905.89 ",122.98," 65,427.05 ",21.78,24.02
2012.05,1341.27,88.13," 996,353.88 ",122.84," 65,464.33 ",20.94,23.10
2012.06,1323.48,87.92," 986,338.17 ",122.73," 65,523.36 ",20.55,22.67
2012.07,1359.78,87.45," 1,016,833.47 ",122.27," 65,391.97 ",21.00,23.17
2012.08,1403.45,86.97," 1,045,488.82 ",120.93," 64,790.09 ",21.41,23.63
2012.09,1443.42,86.50," 1,072,316.15 ",119.74," 64,260.82 ",21.78,24.04
2012.1,1437.82,86.50," 1,070,438.35 ",119.79," 64,400.61 ",21.58,23.82
2012.11,1394.51,86.51," 1,045,050.60 ",120.37," 64,828.39 ",20.90,23.07
2012.12,1422.29,86.51," 1,070,704.07 ",120.70," 65,124.98 ",21.24,23.46
2013.01,1480.40,86.91," 1,113,135.98 ",120.89," 65,346.49 ",21.90,24.19
2013.02,1512.31,87.30," 1,129,869.98 ",120.46," 65,225.66 ",22.05,24.37
2013.03,1550.83,87.70," 1,157,621.41 ",120.69," 65,463.91 ",22.42,24.78
2013.04,1570.70,88.78," 1,175,697.16 ",122.31," 66,455.92 ",22.60,24.98
2013.05,1639.84,89.87," 1,227,315.72 ",123.58," 67,259.47 ",23.41,25.88
2013.06,1618.77,90.95," 1,210,715.84 ",124.77," 68,023.63 ",22.93,25.35
2013.07,1668.68,92.09," 1,249,649.43 ",126.29," 68,964.82 ",23.49,25.98
2013.08,1670.09,93.23," 1,251,323.40 ",127.70," 69,853.05 ",23.36,25.83
2013.09,1687.17,94.37," 1,264,797.57 ",129.11," 70,745.06 ",23.44,25.92
2013.1,1720.03,96.31," 1,294,927.38 ",132.11," 72,509.65 ",23.83,26.36
2013.11,1783.54,98.26," 1,347,676.37 ",135.05," 74,244.59 ",24.64,27.25
2013.12,1807.78,100.20," 1,368,313.24 ",137.73," 75,841.63 ",24.86,27.48
2014.01,1822.36,100.42," 1,376,461.18 ",137.52," 75,846.51 ",24.86,27.47
2014.02,1817.04,100.63," 1,369,632.52 ",137.30," 75,854.51 ",24.59,27.17
2014.03,1863.52,100.85," 1,397,940.77 ",136.72," 75,653.78 ",24.96,27.57
2014.04,1864.26,101.61," 1,396,181.85 ",137.29," 76,095.28 ",24.79,27.37
2014.05,1889.77,102.36," 1,412,661.89 ",137.83," 76,519.78 ",24.94,27.54
2014.06,1947.09,103.12," 1,455,129.30 ",138.59," 77,065.23 ",25.56,28.21
2014.07,1973.10,104.07," 1,477,494.99 ",139.92," 77,927.11 ",25.82,28.49
2014.08,1961.53,105.01," 1,473,671.69 ",141.43," 78,895.14 ",25.62,28.26
2014.09,1993.23,105.96," 1,498,769.31 ",142.60," 79,674.50 ",25.92,28.58
2014.1,1937.27,104.74," 1,462,797.92 ",141.32," 79,089.82 ",25.16,27.74
2014.11,2044.57,103.53," 1,554,674.35 ",140.43," 78,720.83 ",26.61,29.32
2014.12,2054.27,102.31," 1,573,471.04 ",139.57," 78,364.49 ",26.79,29.52
2015.01,2028.18,101.29," 1,563,391.10 ",138.84," 78,077.83 ",26.49,29.17
2015.02,2082.20,100.27," 1,600,671.93 ",136.84," 77,081.63 ",27.00,29.72
2015.03,2079.99,99.25," 1,592,111.57 ",134.65," 75,970.11 ",26.73,29.42
2015.04,2094.86,97.80," 1,602,858.20 ",132.42," 74,833.10 ",26.79,29.48
2015.05,2111.94,96.36," 1,610,360.03 ",129.80," 73,472.22 ",26.81,29.49
2015.06,2099.29,94.91," 1,597,769.83 ",127.40," 72,236.01 ",26.50,29.14
2015.07,2094.14,93.49," 1,596,406.76 ",125.49," 71,271.93 ",26.38,29.01
2015.08,2039.87,92.08," 1,559,929.11 ",123.77," 70,412.86 ",25.69,28.25
2015.09,1944.41,90.66," 1,491,960.60 ",122.05," 69,564.11 ",24.50,26.94
2015.1,2024.81,89.28," 1,557,089.27 ",120.25," 68,659.34 ",25.49,28.03
2015.11,2080.62,87.91," 1,606,159.33 ",118.65," 67,860.60 ",26.23,28.83
2015.12,2054.08,86.53," 1,593,909.29 ",117.19," 67,144.89 ",25.97,28.54
2016.01,1918.60,86.50," 1,489,135.21 ",116.96," 67,137.60 ",24.21,26.61
2016.02,1904.42,86.47," 1,479,738.95 ",116.82," 67,187.40 ",24.00,26.39
2016.03,2021.95,86.44," 1,567,153.12 ",116.28," 66,997.07 ",25.37,27.89
2016.04,2075.54,86.60," 1,603,931.44 ",115.95," 66,922.57 ",25.92,28.50
2016.05,2065.55,86.76," 1,592,618.68 ",115.69," 66,895.30 ",25.69,28.24
2016.06,2083.89,86.92," 1,604,346.96 ",115.53," 66,918.04 ",25.84,28.40
2016.07,2148.90,87.64," 1,659,947.53 ",116.68," 67,701.31 ",26.69,29.33
2016.08,2170.95,88.37," 1,678,325.38 ",117.53," 68,314.80 ",26.95,29.61
2016.09,2157.69,89.09," 1,666,967.90 ",118.21," 68,828.32 ",26.73,29.36
2016.1,2143.02,90.91," 1,656,482.52 ",120.47," 70,270.38 ",26.53,29.13
2016.11,2164.99,92.73," 1,679,005.55 ",123.08," 71,914.51 ",26.85,29.48
2016.12,2246.63,94.55," 1,744,701.86 ",125.45," 73,426.23 ",27.87,30.59
2017.01,2275.12,96.46," 1,759,544.82 ",127.25," 74,603.34 ",28.06,30.79
2017.02,2329.91,98.38," 1,799,232.54 ",129.36," 75,969.67 ",28.66,31.43
2017.03,2366.82,100.29," 1,829,233.53 ",131.77," 77,510.68 ",29.09,31.89
2017.04,2359.31,101.53," 1,821,034.13 ",133.01," 78,368.53 ",28.90,31.67
2017.05,2395.35,102.78," 1,850,289.35 ",134.53," 79,389.89 ",29.31,32.10
2017.06,2433.99,104.02," 1,881,469.73 ",136.03," 80,407.27 ",29.75,32.56
2017.07,2454.10,105.04," 1,901,388.68 ",137.46," 81,382.94 ",30.00,32.82
2017.08,2456.22,106.06," 1,900,430.12 ",138.38," 82,060.90 ",29.91,32.71
2017.09,2492.84,107.08," 1,921,694.46 ",138.97," 82,546.43 ",30.17,32.97
2017.1,2557.00,108.01," 1,975,513.82 ",140.27," 83,450.07 ",30.92,33.78
2017.11,2593.61,108.95," 2,006,883.47 ",141.48," 84,300.75 ",31.30,34.17
2017.12,2664.34,109.88," 2,065,982.47 ",142.78," 85,203.15 ",32.09,35.02
2018.01,2789.80,111.73," 2,154,713.15 ",144.40," 86,297.69 ",33.31,36.33
2018.02,2705.16,113.59," 2,083,090.13 ",146.13," 87,466.64 ",32.04,34.93
2018.03,2702.77,115.44," 2,079,755.65 ",148.18," 88,829.98 ",31.81,34.68
2018.04,2653.63,117.79," 2,037,072.71 ",150.60," 90,419.54 ",30.97,33.75
2018.05,2701.49,120.13," 2,068,450.95 ",152.96," 91,982.54 ",31.24,34.04
2018.06,2754.35,122.48," 2,108,816.56 ",155.70," 93,774.52 ",31.63,34.46
2018.07,2793.64,125.12," 2,142,035.71 ",159.04," 95,933.75 ",31.89,34.73
2018.08,2857.82,127.75," 2,193,343.09 ",162.30," 98,049.17 ",32.39,35.27
2018.09,2901.50,130.39," 2,227,625.94 ",165.46," 100,106.89 ",32.62,35.52
2018.1,2785.46,131.06," 2,138,137.41 ",166.01," 100,599.96 ",31.04,33.79
2018.11,2723.23,131.72," 2,100,813.79 ",167.42," 101,616.90 ",30.20,32.88
2018.12,2567.31,132.39," 1,990,343.06 ",168.80," 102,637.20 ",28.29,30.82
2019.01,2607.39,133.06," 2,021,060.46 ",169.33," 103,135.92 ",28.38,30.93
2019.02,2754.86,133.72," 2,129,888.57 ",169.46," 103,386.67 ",29.54,32.21
2019.03,2803.98,134.39," 2,159,223.87 ",169.35," 103,487.93 ",29.58,32.26
2019.04,2903.80,134.68," 2,227,844.41 ",168.83," 103,331.33 ",30.13,32.88
2019.05,2854.71,134.98," 2,189,082.75 ",168.84," 103,504.42 ",29.24,31.93
2019.06,2890.17,135.27," 2,219,416.11 ",169.17," 103,876.39 ",29.28,31.99
2019.07,2996.11,134.48," 2,300,541.10 ",167.90," 103,259.36 ",29.99,32.77
2019.08,2897.50,133.69," 2,228,569.90 ",166.92," 102,825.78 ",28.71,31.39
2019.09,2982.16,132.90," 2,295,552.32 ",165.81," 102,301.46 ",29.23,31.97
2019.1,2977.68,135.09," 2,290,562.50 ",168.16," 103,917.17 ",28.84,31.56
2019.11,3104.90,137.28," 2,393,424.24 ",170.97," 105,822.67 ",29.84,32.66
2019.12,3176.75,139.47," 2,454,780.67 ",173.86," 107,773.14 ",30.33,33.21
2020.01,3278.20,131.76," 2,527,151.39 ",163.61," 101,570.60 ",30.99,33.92
2020.02,3277.31,124.04," 2,523,349.63 ",153.61," 95,506.47 ",30.73,33.64
2020.03,2652.39,116.33," 2,050,481.14 ",144.37," 89,931.02 ",24.82,27.18
2020.04,2761.98,110.63," 2,153,435.54 ",138.22," 86,255.14 ",25.93,28.41
2020.05,2919.62,104.93," 2,280,173.84 ",131.10," 81,948.70 ",27.33,29.95
2020.06,3104.66,99.23," 2,415,358.96 ",123.30," 77,198.79 ",28.84,31.61
2020.07,3207.62,98.89," 2,486,730.91 ",122.27," 76,667.80 ",29.60,32.45
2020.08,3391.71,98.56," 2,624,991.49 ",121.47," 76,277.28 ",31.16,34.17
2020.09,3365.52,98.22," 2,604,886.93 ",120.88," 76,021.61 ",30.84,33.82
2020.1,3418.70,96.86," 2,648,735.98 ",119.16," 75,042.45 ",31.28,34.31
2020.11,3548.99,95.49," 2,755,140.16 ",117.55," 74,133.02 ",32.47,35.61
2020.12,3695.31,94.13," 2,869,797.18 ",115.76," 73,101.85 ",33.77,37.03
2021.01,3793.75,105.49," 2,937,507.17 ",129.18," 81,678.54 ",34.51,37.84
2021.02,3883.43,116.84," 2,994,290.22 ",142.31," 90,091.15 ",35.10,38.48
2021.03,3910.51,128.20," 2,997,637.15 ",155.04," 98,272.92 ",35.04,38.40
2021.04,4141.18,138.39," 3,152,236.44 ",166.00," 105,339.03 ",36.72,40.22
2021.05,4167.85,148.57," 3,150,944.18 ",176.80," 112,323.22 ",36.55,40.01
2021.06,4238.49,158.76," 3,178,464.42 ",187.18," 119,054.91 ",36.70,40.15
2021.07,4363.71,164.32," 3,260,331.15 ",192.81," 122,768.56 ",37.44,40.94
2021.08,4454.21,169.87," 3,324,734.90 ",198.92," 126,797.85 ",37.97,41.49
2021.09,4445.54,175.43," 3,312,956.45 ",204.87," 130,735.86 ",37.62,41.07
2021.1,4460.71,182.91," 3,300,539.23 ",211.84," 135,337.65 ",37.25,40.64
2021.11,4667.39,190.39," 3,440,261.38 ",219.43," 140,333.64 ",38.58,42.05
2021.12,4674.77,197.87," 3,438,849.43 ",227.35," 145,556.84 ",38.30,41.72
2022.01,4573.82,197.88," 3,340,211.54 ",225.47," 144,512.21 ",36.94,40.19
2022.02,4435.98,197.90," 3,213,935.45 ",223.44," 143,379.15 ",35.29,38.37
2022.03,4391.27,197.91," 3,143,312.49 ",220.51," 141,666.00 ",34.27,37.24
2022.04,4391.30,196.03," 3,129,600.75 ",217.20," 139,704.82 ",33.89,36.80
2022.05,4040.36,194.14," 2,851,819.21 ",212.77," 137,032.76 ",30.67,33.29
2022.06,3898.95,192.26," 2,718,430.08 ",207.85," 134,047.84 ",29.05,31.52
2022.07,3911.73,190.58," 2,731,410.00 ",206.06," 133,077.00 ",29.00,31.46
2022.08,4158.56,188.91," 2,908,570.74 ",204.32," 132,124.58 ",30.70,33.28
2022.09,3850.52,187.23," 2,691,139.46 ",202.07," 130,855.57 ",28.23,30.60
2022.1,3726.05,182.40," 2,597,446.19 ",196.07," 127,154.15 ",27.08,29.35
2022.11,3917.49,177.58," 2,737,519.65 ",191.07," 124,089.61 ",28.38,30.75
2022.12,3912.38,172.75," 2,746,278.75 ",186.45," 121,261.11 ",28.32,30.68
2023.01,3960.66,173.56," 2,762,021.86 ",185.84," 121,032.29 ",28.33,30.69
2023.02,4079.68,174.36," 2,833,151.92 ",185.66," 121,087.25 ",28.92,31.32
2023.03,3968.56,175.17," 2,750,820.51 ",185.91," 121,419.69 ",27.94,30.25
2023.04,4121.47,177.12," 2,846,359.17 ",187.03," 122,319.94 ",28.76,31.15
2023.05,4146.17,179.06," 2,860,163.08 ",188.61," 123,523.62 ",28.76,31.14
2023.06,4345.37,181.01," 2,991,866.78 ",190.04," 124,628.62 ",29.94,32.41
2023.07,4508.08,182.09," 3,101,927.36 ",190.81," 125,292.92 ",30.89,33.43
2023.08,4457.36,183.17," 3,057,639.73 ",191.11," 125,650.17 ",30.30,32.78
2023.09,4409.10,184.25," 3,020,986.72 ",191.76," 126,242.87 ",29.80,32.23
2023.1,4269.40,186.98," 2,930,372.21 ",194.67," 128,334.45 ",28.77,31.11
2023.11,4460.06,189.70," 3,071,428.08 ",197.91," 130,639.43 ",30.01,32.45
2023.12,4685.05,192.43," 3,233,613.03 ",200.96," 132,814.80 ",31.45,33.99
2024.01,4815.61,192.08," 3,309,750.68 ",199.51," 132,018.05 ",32.05,34.62
2024.02,5011.96,191.74," 3,427,530.76 ",197.92," 131,122.98 ",33.04,35.68
2024.03,5170.57,191.39," 3,517,299.90 ",196.30," 130,193.71 ",33.75,36.44
2024.04,5112.49,193.18," 3,468,324.39 ",197.36," 131,053.66 ",33.14,35.76
2024.05,5235.23,194.97," 3,549,735.51 ",198.86," 132,199.07 ",33.77,36.43
2024.06,5415.14,196.76," 3,674,553.35 ",200.62," 133,515.49 ",34.81,37.53
2024.07,5538.00,197.93," 3,757,656.57 ",201.58," 134,299.81 ",35.44,38.20
2024.08,5478.21,199.10," 3,718,185.02 ",202.60," 135,133.56 ",34.92,37.62
2024.09,5621.26,200.27," 3,813,307.62 ",203.47," 135,857.63 ",35.66,38.40
2024.1,5792.32,203.57," 3,929,002.34 ",206.58," 138,084.06 ",36.59,39.38
2024.11,5929.92,206.87," 4,028,721.12 ",210.05," 140,545.25 ",37.35,40.18
2024.12,6010.91,210.17," 4,086,532.57 ",213.32," 142,884.65 ",37.71,40.54
2025.01,5979.52,," 4,042,988.24 ",,,37.13,39.90
2025.02,6038.69,," 4,069,190.08 ",,,37.29,40.08
2025.03,5683.98,," 3,825,848.83 ",,,34.97,37.61
2025.04,5369.50,," 3,610,122.44 ",,,32.95,35.41
2025.05,5686.67,," 3,821,231.71 ",,,34.82,37.40
