investment_start_date,total_profit,dayofweek
1965-01-05 00:00:00,1257.719970703125,1
1965-01-06 00:00:00,1263.989990234375,2
1965-01-07 00:00:00,1274.27001953125,3
1965-01-08 00:00:00,1286.4300537109375,4
1965-01-12 00:00:00,1288.5400390625,1
1965-01-13 00:00:00,1281.6700439453125,2
1965-01-14 00:00:00,1289.5,3
1965-01-18 00:00:00,1271.6800537109375,0
1965-01-19 00:00:00,1270.3399658203125,1
1965-01-20 00:00:00,1268.8800048828125,2
1965-01-21 00:00:00,1270.4599609375,3
1965-01-22 00:00:00,1261.8299560546875,4
1965-01-25 00:00:00,1249.719970703125,0
1965-01-26 00:00:00,1248.050048828125,1
1965-01-27 00:00:00,1258.2099609375,2
1965-01-28 00:00:00,1247.199951171875,3
1965-01-29 00:00:00,1242.27001953125,4
1965-02-01 00:00:00,1242.8299560546875,0
1965-02-02 00:00:00,1238.75,1
1965-02-03 00:00:00,1248.030029296875,2
1965-02-04 00:00:00,1261.5999755859375,3
1965-02-05 00:00:00,1263.5899658203125,4
1965-02-08 00:00:00,1258.9300537109375,0
1965-02-09 00:00:00,1251.6800537109375,1
1965-02-10 00:00:00,1248.6099853515625,2
1965-02-12 00:00:00,1257.93994140625,4
1965-02-15 00:00:00,1249.5,0
1965-02-16 00:00:00,1247.010009765625,1
1965-02-17 00:00:00,1237.0799560546875,2
1965-02-18 00:00:00,1241.4100341796875,3
1965-02-19 00:00:00,1237.3499755859375,4
1965-02-22 00:00:00,1224.8199462890625,0
1965-02-23 00:00:00,1223.5899658203125,1
1965-02-24 00:00:00,1219.0999755859375,2
1965-02-25 00:00:00,1216.7099609375,3
1965-02-26 00:00:00,1213.0699462890625,4
1965-03-01 00:00:00,1206.47998046875,0
1965-03-02 00:00:00,1202.5400390625,1
1965-03-03 00:00:00,1207.8199462890625,2
1965-03-04 00:00:00,1213.030029296875,3
1965-03-05 00:00:00,1209.6400146484375,4
1965-03-08 00:00:00,1190.97998046875,0
1965-03-09 00:00:00,1178.4300537109375,1
1965-03-10 00:00:00,1173.3399658203125,2
1965-03-11 00:00:00,1164.6300048828125,3
1965-03-12 00:00:00,1175.8599853515625,4
1965-03-15 00:00:00,1188.489990234375,0
1965-03-16 00:00:00,1181.219970703125,1
1965-03-17 00:00:00,1175.800048828125,2
1965-03-18 00:00:00,1182.68994140625,3
1965-03-19 00:00:00,1175.8800048828125,4
1965-03-23 00:00:00,1167.7900390625,1
1965-03-24 00:00:00,1157.050048828125,2
1965-03-25 00:00:00,1157.0699462890625,3
1965-03-26 00:00:00,1162.77001953125,4
1965-03-29 00:00:00,1188.7900390625,0
1965-03-30 00:00:00,1139.800048828125,1
1965-03-31 00:00:00,1132.77001953125,2
1965-04-01 00:00:00,1127.5799560546875,3
1965-04-02 00:00:00,1128.5699462890625,4
1965-04-05 00:00:00,1124.449951171875,0
1965-04-06 00:00:00,1154.3900146484375,1
1965-04-07 00:00:00,1159.97998046875,2
1965-04-08 00:00:00,1183.1199951171875,3
1965-04-09 00:00:00,1180.5699462890625,4
1965-04-12 00:00:00,1163.0,0
1965-04-13 00:00:00,1149.4100341796875,1
1965-04-14 00:00:00,1142.22998046875,2
1965-04-15 00:00:00,1161.72998046875,3
1965-04-16 00:00:00,1148.2099609375,4
1965-04-19 00:00:00,1136.1300048828125,0
1965-04-20 00:00:00,1131.1700439453125,1
1965-04-21 00:00:00,1119.8599853515625,2
1965-04-22 00:00:00,1144.550048828125,3
1965-04-23 00:00:00,1133.300048828125,4
1965-04-26 00:00:00,1144.219970703125,0
1965-04-27 00:00:00,1150.0799560546875,1
1965-04-28 00:00:00,1171.06005859375,2
1965-04-30 00:00:00,1176.6400146484375,4
1965-05-06 00:00:00,1163.510009765625,3
1965-05-07 00:00:00,1162.6300048828125,4
1965-05-10 00:00:00,1162.5,0
1965-05-11 00:00:00,1163.8699951171875,1
1965-05-12 00:00:00,1157.1700439453125,2
1965-05-13 00:00:00,1159.8599853515625,3
1965-05-14 00:00:00,1150.469970703125,4
1965-05-17 00:00:00,1149.0,0
1965-05-18 00:00:00,1147.25,1
1965-05-19 00:00:00,1140.7900390625,2
1965-05-20 00:00:00,1141.22998046875,3
1965-05-21 00:00:00,1142.68994140625,4
1965-05-24 00:00:00,1133.6300048828125,0
1965-05-25 00:00:00,1124.8299560546875,1
1965-05-26 00:00:00,1117.6600341796875,2
1965-05-27 00:00:00,1101.0,3
1965-05-28 00:00:00,1081.510009765625,4
1965-05-31 00:00:00,1096.5999755859375,0
1965-06-01 00:00:00,1092.8499755859375,1
1965-06-02 00:00:00,1119.260009765625,2
1965-06-03 00:00:00,1131.3199462890625,3
1965-06-04 00:00:00,1120.530029296875,4
1965-06-07 00:00:00,1114.52001953125,0
1965-06-08 00:00:00,1109.4200439453125,1
1965-06-09 00:00:00,1101.3499755859375,2
1965-06-10 00:00:00,1090.3800048828125,3
1965-06-11 00:00:00,1093.1400146484375,4
1965-06-14 00:00:00,1080.2900390625,0
1965-06-15 00:00:00,1069.0699462890625,1
1965-06-16 00:00:00,1062.6800537109375,2
1965-06-17 00:00:00,1055.5999755859375,3
1965-06-18 00:00:00,1080.2099609375,4
1965-06-21 00:00:00,1075.5999755859375,0
1965-06-22 00:00:00,1104.030029296875,1
1965-06-23 00:00:00,1091.1700439453125,2
1965-06-24 00:00:00,1090.6600341796875,3
1965-06-25 00:00:00,1096.56005859375,4
1965-06-28 00:00:00,1072.4100341796875,0
1965-06-29 00:00:00,1067.719970703125,1
1965-06-30 00:00:00,1060.1099853515625,2
1965-07-01 00:00:00,1064.5899658203125,3
1965-07-02 00:00:00,1065.8900146484375,4
1965-07-05 00:00:00,1049.0699462890625,0
1965-07-06 00:00:00,1046.97998046875,1
1965-07-07 00:00:00,1037.52001953125,2
1965-07-08 00:00:00,1038.449951171875,3
1965-07-09 00:00:00,1032.949951171875,4
1965-07-12 00:00:00,1020.489990234375,0
1965-07-13 00:00:00,1026.77001953125,1
1965-07-14 00:00:00,1033.1400146484375,2
1965-07-15 00:00:00,1024.6800537109375,3
1965-07-16 00:00:00,1037.969970703125,4
1965-07-19 00:00:00,1037.52001953125,0
1965-07-21 00:00:00,1045.68994140625,2
1965-07-22 00:00:00,1036.0699462890625,3
1965-07-23 00:00:00,1027.8499755859375,4
1965-07-26 00:00:00,1034.3399658203125,0
1965-07-27 00:00:00,1052.06005859375,1
1965-07-28 00:00:00,1066.18994140625,2
1965-07-29 00:00:00,1085.4100341796875,3
1965-07-30 00:00:00,1097.199951171875,4
1965-08-02 00:00:00,1120.5899658203125,0
1965-08-03 00:00:00,1111.68994140625,1
1965-08-04 00:00:00,1135.31005859375,2
1965-08-05 00:00:00,1153.7099609375,3
1965-08-06 00:00:00,1145.8699951171875,4
1965-08-09 00:00:00,1150.5699462890625,0
1965-08-10 00:00:00,1133.0,1
1965-08-11 00:00:00,1122.0899658203125,2
1965-08-12 00:00:00,1130.3299560546875,3
1965-08-13 00:00:00,1146.6600341796875,4
1965-08-16 00:00:00,1158.3499755859375,0
1965-08-17 00:00:00,1151.77001953125,1
1965-08-18 00:00:00,1157.02001953125,2
1965-08-19 00:00:00,1168.6199951171875,3
1965-08-20 00:00:00,1165.81005859375,4
1965-08-23 00:00:00,1170.9200439453125,0
1965-08-24 00:00:00,1183.3399658203125,1
1965-08-25 00:00:00,1198.9100341796875,2
1965-08-26 00:00:00,1198.3800048828125,3
1965-08-27 00:00:00,1214.949951171875,4
1965-08-30 00:00:00,1245.489990234375,0
1965-08-31 00:00:00,1255.5799560546875,1
1965-09-01 00:00:00,1249.719970703125,2
1965-09-02 00:00:00,1240.0699462890625,3
1965-09-03 00:00:00,1256.219970703125,4
1965-09-06 00:00:00,1235.780029296875,0
1965-09-07 00:00:00,1239.97998046875,1
1965-09-08 00:00:00,1260.02001953125,2
1965-09-09 00:00:00,1277.1500244140625,3
1965-09-10 00:00:00,1273.22998046875,4
1965-09-13 00:00:00,1250.2900390625,0
1965-09-14 00:00:00,1250.0999755859375,1
1965-09-16 00:00:00,1242.949951171875,3
1965-09-17 00:00:00,1266.4000244140625,4
1965-09-20 00:00:00,1271.760009765625,0
1965-09-21 00:00:00,1253.25,1
1965-09-22 00:00:00,1252.1600341796875,2
1965-09-24 00:00:00,1243.4000244140625,4
1965-09-27 00:00:00,1233.4100341796875,0
1965-09-28 00:00:00,1251.8800048828125,1
1965-09-29 00:00:00,1235.81005859375,2
1965-09-30 00:00:00,1223.739990234375,3
1965-10-01 00:00:00,1210.1099853515625,4
1965-10-04 00:00:00,1204.47998046875,0
1965-10-05 00:00:00,1191.8900146484375,1
1965-10-06 00:00:00,1201.9000244140625,2
1965-10-07 00:00:00,1207.4599609375,3
1965-10-08 00:00:00,1198.1099853515625,4
1965-10-12 00:00:00,1233.77001953125,1
1965-10-13 00:00:00,1258.3399658203125,2
1965-10-14 00:00:00,1243.550048828125,3
1965-10-15 00:00:00,1253.8699951171875,4
1965-10-18 00:00:00,1248.8399658203125,0
1965-10-19 00:00:00,1253.3399658203125,1
1965-10-20 00:00:00,1242.77001953125,2
1965-10-21 00:00:00,1242.239990234375,3
1965-10-22 00:00:00,1240.8599853515625,4
1965-10-25 00:00:00,1222.8299560546875,0
1965-10-26 00:00:00,1234.739990234375,1
1965-10-27 00:00:00,1247.4200439453125,2
1965-10-28 00:00:00,1250.3699951171875,3
1965-10-29 00:00:00,1250.6800537109375,4
1965-11-01 00:00:00,1268.0,0
1965-11-02 00:00:00,1264.5999755859375,1
1965-11-04 00:00:00,1268.6400146484375,3
1965-11-05 00:00:00,1262.800048828125,4
1965-11-08 00:00:00,1284.31005859375,0
1965-11-09 00:00:00,1295.4200439453125,1
1965-11-10 00:00:00,1300.969970703125,2
1965-11-11 00:00:00,1304.9000244140625,3
1965-11-12 00:00:00,1323.1099853515625,4
1965-11-15 00:00:00,1304.219970703125,0
1965-11-16 00:00:00,1319.8699951171875,1
1965-11-17 00:00:00,1313.81005859375,2
1965-11-18 00:00:00,1340.469970703125,3
1965-11-19 00:00:00,1329.280029296875,4
1965-11-22 00:00:00,1343.6700439453125,0
1965-11-24 00:00:00,1354.4200439453125,2
1965-11-25 00:00:00,1325.56005859375,3
1965-11-26 00:00:00,1335.9300537109375,4
1965-11-29 00:00:00,1359.81005859375,0
1965-11-30 00:00:00,1373.1600341796875,1
1965-12-01 00:00:00,1377.6700439453125,2
1965-12-02 00:00:00,1409.0699462890625,3
1965-12-03 00:00:00,1376.56005859375,4
1965-12-06 00:00:00,1315.260009765625,0
1965-12-07 00:00:00,1349.300048828125,1
1965-12-08 00:00:00,1357.780029296875,2
1965-12-09 00:00:00,1330.0799560546875,3
1965-12-10 00:00:00,1334.93994140625,4
1965-12-13 00:00:00,1340.050048828125,0
1965-12-14 00:00:00,1347.8299560546875,1
1965-12-15 00:00:00,1362.81005859375,2
1965-12-16 00:00:00,1373.6199951171875,3
1965-12-17 00:00:00,1369.8399658203125,4
1965-12-20 00:00:00,1367.4200439453125,0
1965-12-21 00:00:00,1364.969970703125,1
1965-12-22 00:00:00,1373.7900390625,2
1965-12-24 00:00:00,1389.2900390625,4
1965-12-27 00:00:00,1412.77001953125,0
1965-12-28 00:00:00,1417.8299560546875,1
1965-12-29 00:00:00,1417.8299560546875,2
1965-12-30 00:00:00,1417.8299560546875,3
1966-01-04 00:00:00,1430.1300048828125,1
1966-01-05 00:00:00,1414.8699951171875,2
1966-01-06 00:00:00,1434.93994140625,3
1966-01-07 00:00:00,1428.530029296875,4
1966-01-11 00:00:00,1410.4300537109375,1
1966-01-12 00:00:00,1418.4599609375,2
1966-01-13 00:00:00,1416.25,3
1966-01-14 00:00:00,1416.1199951171875,4
1966-01-17 00:00:00,1421.0999755859375,0
1966-01-18 00:00:00,1414.010009765625,1
1966-01-19 00:00:00,1414.550048828125,2
1966-01-20 00:00:00,1421.56005859375,3
1966-01-21 00:00:00,1435.3399658203125,4
1966-01-24 00:00:00,1451.6800537109375,0
1966-01-25 00:00:00,1445.3399658203125,1
1966-01-26 00:00:00,1457.18994140625,2
1966-01-27 00:00:00,1454.760009765625,3
1966-01-28 00:00:00,1465.8299560546875,4
1966-01-31 00:00:00,1470.3800048828125,0
1966-02-01 00:00:00,1485.239990234375,1
1966-02-02 00:00:00,1492.4200439453125,2
1966-02-03 00:00:00,1482.699951171875,3
1966-02-04 00:00:00,1487.0899658203125,4
1966-02-07 00:00:00,1498.8900146484375,0
1966-02-08 00:00:00,1503.9100341796875,1
1966-02-09 00:00:00,1505.699951171875,2
1966-02-10 00:00:00,1489.1099853515625,3
1966-02-14 00:00:00,1464.27001953125,0
1966-02-15 00:00:00,1453.0999755859375,1
1966-02-16 00:00:00,1464.6700439453125,2
1966-02-17 00:00:00,1442.02001953125,3
1966-02-18 00:00:00,1459.6300048828125,4
1966-02-21 00:00:00,1465.7900390625,0
1966-02-22 00:00:00,1465.4200439453125,1
1966-02-23 00:00:00,1480.469970703125,2
1966-02-24 00:00:00,1490.780029296875,3
1966-02-25 00:00:00,1491.760009765625,4
1966-02-28 00:00:00,1507.4100341796875,0
1966-03-01 00:00:00,1520.7099609375,1
1966-03-02 00:00:00,1514.6199951171875,2
1966-03-03 00:00:00,1517.8399658203125,3
1966-03-04 00:00:00,1524.989990234375,4
1966-03-07 00:00:00,1533.75,0
1966-03-08 00:00:00,1545.780029296875,1
1966-03-09 00:00:00,1542.719970703125,2
1966-03-10 00:00:00,1529.9300537109375,3
1966-03-11 00:00:00,1512.18994140625,4
1966-03-14 00:00:00,1535.0400390625,0
1966-03-15 00:00:00,1540.5899658203125,1
1966-03-16 00:00:00,1560.0899658203125,2
1966-03-17 00:00:00,1551.25,3
1966-03-18 00:00:00,1558.77001953125,4
1966-03-22 00:00:00,1568.280029296875,1
1966-03-23 00:00:00,1562.6500244140625,2
1966-03-24 00:00:00,1571.8299560546875,3
1966-03-25 00:00:00,1550.2099609375,4
1966-03-28 00:00:00,1566.5999755859375,0
1966-03-29 00:00:00,1579.5699462890625,1
1966-03-30 00:00:00,1577.1300048828125,2
1966-03-31 00:00:00,1584.280029296875,3
1966-04-01 00:00:00,1588.72998046875,4
1966-04-04 00:00:00,1573.8699951171875,0
1966-04-05 00:00:00,1573.0699462890625,1
1966-04-06 00:00:00,1564.6600341796875,2
1966-04-07 00:00:00,1540.4599609375,3
1966-04-08 00:00:00,1548.0,4
1966-04-11 00:00:00,1536.8800048828125,0
1966-04-12 00:00:00,1551.510009765625,1
1966-04-13 00:00:00,1555.7099609375,2
1966-04-14 00:00:00,1537.9000244140625,3
1966-04-15 00:00:00,1535.199951171875,4
1966-04-18 00:00:00,1531.530029296875,0
1966-04-19 00:00:00,1508.0400390625,1
1966-04-20 00:00:00,1486.9300537109375,2
1966-04-21 00:00:00,1502.800048828125,3
1966-04-22 00:00:00,1503.0899658203125,4
1966-04-25 00:00:00,1530.1600341796875,0
1966-04-26 00:00:00,1523.0,1
1966-04-27 00:00:00,1557.0699462890625,2
1966-04-28 00:00:00,1553.6800537109375,3
1966-05-02 00:00:00,1565.550048828125,0
1966-05-06 00:00:00,1581.5799560546875,4
1966-05-09 00:00:00,1572.93994140625,0
1966-05-10 00:00:00,1568.3699951171875,1
1966-05-11 00:00:00,1575.2900390625,2
1966-05-12 00:00:00,1582.72998046875,3
1966-05-13 00:00:00,1571.0999755859375,4
1966-05-16 00:00:00,1558.1500244140625,0
1966-05-17 00:00:00,1559.6700439453125,1
1966-05-18 00:00:00,1564.93994140625,2
1966-05-19 00:00:00,1556.8399658203125,3
1966-05-20 00:00:00,1552.75,4
1966-05-23 00:00:00,1561.1400146484375,0
1966-05-24 00:00:00,1574.06005859375,1
1966-05-25 00:00:00,1568.9300537109375,2
1966-05-26 00:00:00,1572.969970703125,3
1966-05-27 00:00:00,1550.06005859375,4
1966-05-30 00:00:00,1512.6300048828125,0
1966-05-31 00:00:00,1514.1500244140625,1
1966-06-01 00:00:00,1490.8499755859375,2
1966-06-02 00:00:00,1502.6700439453125,3
1966-06-03 00:00:00,1517.81005859375,4
1966-06-06 00:00:00,1524.5,0
1966-06-07 00:00:00,1516.9000244140625,1
1966-06-08 00:00:00,1511.800048828125,2
1966-06-09 00:00:00,1507.030029296875,3
1966-06-10 00:00:00,1515.010009765625,4
1966-06-13 00:00:00,1526.5,0
1966-06-14 00:00:00,1543.0999755859375,1
1966-06-15 00:00:00,1545.77001953125,2
1966-06-16 00:00:00,1530.3499755859375,3
1966-06-17 00:00:00,1519.4200439453125,4
1966-06-20 00:00:00,1514.93994140625,0
1966-06-21 00:00:00,1522.7099609375,1
1966-06-22 00:00:00,1513.949951171875,2
1966-06-23 00:00:00,1504.1400146484375,3
1966-06-24 00:00:00,1513.3800048828125,4
1966-06-27 00:00:00,1521.0,0
1966-06-28 00:00:00,1510.1400146484375,1
1966-06-29 00:00:00,1514.52001953125,2
1966-06-30 00:00:00,1494.9000244140625,3
1966-07-01 00:00:00,1509.1600341796875,4
1966-07-04 00:00:00,1532.6600341796875,0
1966-07-05 00:00:00,1525.56005859375,1
1966-07-06 00:00:00,1512.780029296875,2
1966-07-07 00:00:00,1524.949951171875,3
1966-07-08 00:00:00,1507.1099853515625,4
1966-07-11 00:00:00,1480.5,0
1966-07-12 00:00:00,1451.9200439453125,1
1966-07-13 00:00:00,1443.8299560546875,2
1966-07-14 00:00:00,1445.8499755859375,3
1966-07-15 00:00:00,1465.2099609375,4
1966-07-18 00:00:00,1434.6800537109375,0
1966-07-19 00:00:00,1460.550048828125,1
1966-07-21 00:00:00,1472.3299560546875,3
1966-07-22 00:00:00,1475.3900146484375,4
1966-07-25 00:00:00,1470.97998046875,0
1966-07-26 00:00:00,1468.22998046875,1
1966-07-27 00:00:00,1486.010009765625,2
1966-07-28 00:00:00,1486.02001953125,3
1966-07-29 00:00:00,1499.0,4
1966-08-01 00:00:00,1495.8800048828125,0
1966-08-02 00:00:00,1494.0400390625,1
1966-08-03 00:00:00,1490.7900390625,2
1966-08-04 00:00:00,1479.0799560546875,3
1966-08-05 00:00:00,1479.8499755859375,4
1966-08-08 00:00:00,1475.050048828125,0
1966-08-09 00:00:00,1487.6199951171875,1
1966-08-10 00:00:00,1486.6099853515625,2
1966-08-11 00:00:00,1483.5799560546875,3
1966-08-12 00:00:00,1486.3800048828125,4
1966-08-15 00:00:00,1496.93994140625,0
1966-08-16 00:00:00,1497.3499755859375,1
1966-08-17 00:00:00,1494.1300048828125,2
1966-08-18 00:00:00,1486.2099609375,3
1966-08-19 00:00:00,1466.4300537109375,4
1966-08-22 00:00:00,1463.68994140625,0
1966-08-23 00:00:00,1469.550048828125,1
1966-08-24 00:00:00,1450.6099853515625,2
1966-08-25 00:00:00,1456.239990234375,3
1966-08-26 00:00:00,1459.0,4
1966-08-29 00:00:00,1456.6300048828125,0
1966-08-30 00:00:00,1468.2900390625,1
1966-08-31 00:00:00,1463.0400390625,2
1966-09-01 00:00:00,1472.8599853515625,3
1966-09-02 00:00:00,1470.949951171875,4
1966-09-05 00:00:00,1456.77001953125,0
1966-09-06 00:00:00,1453.3199462890625,1
1966-09-07 00:00:00,1441.239990234375,2
1966-09-08 00:00:00,1449.8800048828125,3
1966-09-09 00:00:00,1436.1500244140625,4
1966-09-12 00:00:00,1442.3699951171875,0
1966-09-13 00:00:00,1440.6199951171875,1
1966-09-14 00:00:00,1431.239990234375,2
1966-09-16 00:00:00,1422.1700439453125,4
1966-09-19 00:00:00,1435.8900146484375,0
1966-09-20 00:00:00,1454.3599853515625,1
1966-09-21 00:00:00,1451.47998046875,2
1966-09-22 00:00:00,1461.43994140625,3
1966-09-26 00:00:00,1467.68994140625,0
1966-09-27 00:00:00,1471.1500244140625,1
1966-09-28 00:00:00,1466.760009765625,2
1966-09-29 00:00:00,1464.5899658203125,3
1966-09-30 00:00:00,1464.5899658203125,4
1966-10-03 00:00:00,1469.239990234375,0
1966-10-04 00:00:00,1459.3299560546875,1
1966-10-05 00:00:00,1461.5999755859375,2
1966-10-06 00:00:00,1450.3399658203125,3
1966-10-07 00:00:00,1444.8900146484375,4
1966-10-11 00:00:00,1442.219970703125,1
1966-10-12 00:00:00,1436.7099609375,2
1966-10-13 00:00:00,1445.030029296875,3
1966-10-14 00:00:00,1448.1700439453125,4
1966-10-17 00:00:00,1432.9200439453125,0
1966-10-18 00:00:00,1432.9200439453125,1
1966-10-19 00:00:00,1433.4599609375,2
1966-10-20 00:00:00,1426.989990234375,3
1966-10-21 00:00:00,1420.260009765625,4
1966-10-24 00:00:00,1413.780029296875,0
1966-10-25 00:00:00,1418.56005859375,1
1966-10-26 00:00:00,1412.199951171875,2
1966-10-27 00:00:00,1408.0899658203125,3
1966-10-28 00:00:00,1430.0400390625,4
1966-10-31 00:00:00,1441.02001953125,0
1966-11-01 00:00:00,1431.9200439453125,1
1966-11-02 00:00:00,1431.9200439453125,2
1966-11-04 00:00:00,1438.5799560546875,4
1966-11-07 00:00:00,1445.0799560546875,0
1966-11-08 00:00:00,1443.5999755859375,1
1966-11-09 00:00:00,1428.77001953125,2
1966-11-10 00:00:00,1425.3900146484375,3
1966-11-11 00:00:00,1418.5,4
1966-11-14 00:00:00,1415.02001953125,0
1966-11-15 00:00:00,1418.06005859375,1
1966-11-16 00:00:00,1414.5999755859375,2
1966-11-17 00:00:00,1426.5799560546875,3
1966-11-18 00:00:00,1426.5799560546875,4
1966-11-21 00:00:00,1431.27001953125,0
1966-11-22 00:00:00,1424.97998046875,1
1966-11-24 00:00:00,1416.219970703125,3
1966-11-25 00:00:00,1405.5799560546875,4
1966-11-28 00:00:00,1391.77001953125,0
1966-11-29 00:00:00,1392.239990234375,1
1966-11-30 00:00:00,1390.2099609375,2
1966-12-01 00:00:00,1392.0699462890625,3
1966-12-02 00:00:00,1378.3399658203125,4
1966-12-05 00:00:00,1364.3399658203125,0
1966-12-06 00:00:00,1364.3399658203125,1
1966-12-07 00:00:00,1375.4300537109375,2
1966-12-08 00:00:00,1380.3599853515625,3
1966-12-09 00:00:00,1393.6400146484375,4
1966-12-12 00:00:00,1391.489990234375,0
1966-12-13 00:00:00,1387.0999755859375,1
1966-12-14 00:00:00,1386.25,2
1966-12-15 00:00:00,1379.3499755859375,3
1966-12-16 00:00:00,1376.489990234375,4
1966-12-19 00:00:00,1394.22998046875,0
1966-12-20 00:00:00,1404.300048828125,1
1966-12-21 00:00:00,1404.300048828125,2
1966-12-22 00:00:00,1417.97998046875,3
1966-12-26 00:00:00,1449.5999755859375,0
1966-12-27 00:00:00,1444.9100341796875,1
1966-12-28 00:00:00,1452.0999755859375,2
1966-12-29 00:00:00,1452.0999755859375,3
1966-12-30 00:00:00,1452.0999755859375,4
1967-01-04 00:00:00,1441.3499755859375,2
1967-01-05 00:00:00,1419.969970703125,3
1967-01-06 00:00:00,1413.9300537109375,4
1967-01-09 00:00:00,1424.02001953125,0
1967-01-11 00:00:00,1416.9300537109375,2
1967-01-12 00:00:00,1416.010009765625,3
1967-01-13 00:00:00,1418.22998046875,4
1967-01-17 00:00:00,1447.1400146484375,1
1967-01-18 00:00:00,1440.47998046875,2
1967-01-19 00:00:00,1444.010009765625,3
1967-01-20 00:00:00,1441.969970703125,4
1967-01-23 00:00:00,1443.27001953125,0
1967-01-24 00:00:00,1446.47998046875,1
1967-01-25 00:00:00,1444.0899658203125,2
1967-01-26 00:00:00,1444.0899658203125,3
1967-01-27 00:00:00,1429.1400146484375,4
1967-01-30 00:00:00,1457.5,0
1967-01-31 00:00:00,1463.1099853515625,1
1967-02-01 00:00:00,1463.6400146484375,2
1967-02-02 00:00:00,1472.239990234375,3
1967-02-03 00:00:00,1480.510009765625,4
1967-02-06 00:00:00,1481.81005859375,0
1967-02-07 00:00:00,1483.47998046875,1
1967-02-08 00:00:00,1488.780029296875,2
1967-02-09 00:00:00,1446.6600341796875,3
1967-02-10 00:00:00,1446.6600341796875,4
1967-02-13 00:00:00,1460.3800048828125,0
1967-02-14 00:00:00,1454.8599853515625,1
1967-02-15 00:00:00,1467.510009765625,2
1967-02-16 00:00:00,1476.2099609375,3
1967-02-17 00:00:00,1468.1500244140625,4
1967-02-20 00:00:00,1476.010009765625,0
1967-02-21 00:00:00,1472.2099609375,1
1967-02-22 00:00:00,1478.239990234375,2
1967-02-23 00:00:00,1482.22998046875,3
1967-02-24 00:00:00,1484.949951171875,4
1967-02-27 00:00:00,1484.949951171875,0
1967-02-28 00:00:00,1494.8199462890625,1
1967-03-01 00:00:00,1506.27001953125,2
1967-03-02 00:00:00,1502.6400146484375,3
1967-03-03 00:00:00,1485.0699462890625,4
1967-03-06 00:00:00,1487.4100341796875,0
1967-03-07 00:00:00,1480.43994140625,1
1967-03-08 00:00:00,1468.5,2
1967-03-09 00:00:00,1473.1800537109375,3
1967-03-10 00:00:00,1468.4000244140625,4
1967-03-13 00:00:00,1460.6199951171875,0
1967-03-14 00:00:00,1460.6199951171875,1
1967-03-15 00:00:00,1466.93994140625,2
1967-03-16 00:00:00,1459.3599853515625,3
1967-03-17 00:00:00,1467.1199951171875,4
1967-03-20 00:00:00,1467.739990234375,0
1967-03-22 00:00:00,1462.989990234375,2
1967-03-23 00:00:00,1455.449951171875,3
1967-03-24 00:00:00,1456.6099853515625,4
1967-03-27 00:00:00,1450.31005859375,0
1967-03-28 00:00:00,1438.0,1
1967-03-29 00:00:00,1456.469970703125,2
1967-03-30 00:00:00,1456.469970703125,3
1967-03-31 00:00:00,1455.5799560546875,4
1967-04-03 00:00:00,1439.1199951171875,0
1967-04-04 00:00:00,1426.469970703125,1
1967-04-05 00:00:00,1434.469970703125,2
1967-04-06 00:00:00,1428.1600341796875,3
1967-04-07 00:00:00,1425.7099609375,4
1967-04-10 00:00:00,1432.6300048828125,0
1967-04-11 00:00:00,1428.780029296875,1
1967-04-12 00:00:00,1418.02001953125,2
1967-04-13 00:00:00,1420.719970703125,3
1967-04-14 00:00:00,1420.719970703125,4
1967-04-17 00:00:00,1431.8499755859375,0
1967-04-18 00:00:00,1436.219970703125,1
1967-04-19 00:00:00,1438.219970703125,2
1967-04-20 00:00:00,1438.5899658203125,3
1967-04-21 00:00:00,1445.4599609375,4
1967-04-24 00:00:00,1436.6800537109375,0
1967-04-25 00:00:00,1438.969970703125,1
1967-04-26 00:00:00,1443.4300537109375,2
1967-04-27 00:00:00,1438.22998046875,3
1967-04-28 00:00:00,1437.239990234375,4
1967-05-01 00:00:00,1437.239990234375,0
1967-05-02 00:00:00,1448.739990234375,1
1967-05-08 00:00:00,1457.489990234375,0
1967-05-09 00:00:00,1451.6400146484375,1
1967-05-10 00:00:00,1461.6199951171875,2
1967-05-11 00:00:00,1476.52001953125,3
1967-05-12 00:00:00,1476.5799560546875,4
1967-05-15 00:00:00,1480.81005859375,0
1967-05-16 00:00:00,1477.43994140625,1
1967-05-17 00:00:00,1480.530029296875,2
1967-05-18 00:00:00,1480.530029296875,3
1967-05-19 00:00:00,1480.739990234375,4
1967-05-22 00:00:00,1474.77001953125,0
1967-05-23 00:00:00,1485.6199951171875,1
1967-05-24 00:00:00,1479.5899658203125,2
1967-05-25 00:00:00,1481.5799560546875,3
1967-05-26 00:00:00,1474.75,4
1967-05-29 00:00:00,1490.8199462890625,0
1967-05-30 00:00:00,1495.5699462890625,1
1967-05-31 00:00:00,1505.93994140625,2
1967-06-01 00:00:00,1502.780029296875,3
1967-06-02 00:00:00,1502.780029296875,4
1967-06-05 00:00:00,1488.68994140625,0
1967-06-06 00:00:00,1483.0400390625,1
1967-06-07 00:00:00,1476.9000244140625,2
1967-06-08 00:00:00,1490.5799560546875,3
1967-06-09 00:00:00,1487.7900390625,4
1967-06-12 00:00:00,1487.800048828125,0
1967-06-13 00:00:00,1479.0400390625,1
1967-06-14 00:00:00,1480.3599853515625,2
1967-06-15 00:00:00,1475.25,3
1967-06-16 00:00:00,1478.47998046875,4
1967-06-19 00:00:00,1478.47998046875,0
1967-06-20 00:00:00,1470.7099609375,1
1967-06-21 00:00:00,1477.449951171875,2
1967-06-22 00:00:00,1474.2900390625,3
1967-06-23 00:00:00,1474.030029296875,4
1967-06-26 00:00:00,1489.449951171875,0
1967-06-27 00:00:00,1490.6300048828125,1
1967-06-28 00:00:00,1486.1600341796875,2
1967-06-29 00:00:00,1494.4200439453125,3
1967-06-30 00:00:00,1494.1800537109375,4
1967-07-03 00:00:00,1494.43994140625,0
1967-07-04 00:00:00,1494.43994140625,1
1967-07-05 00:00:00,1489.280029296875,2
1967-07-06 00:00:00,1486.739990234375,3
1967-07-07 00:00:00,1477.1600341796875,4
1967-07-10 00:00:00,1481.989990234375,0
1967-07-11 00:00:00,1475.6600341796875,1
1967-07-12 00:00:00,1477.75,2
1967-07-13 00:00:00,1482.6500244140625,3
1967-07-14 00:00:00,1480.8199462890625,4
1967-07-17 00:00:00,1481.550048828125,0
1967-07-18 00:00:00,1481.239990234375,1
1967-07-19 00:00:00,1481.239990234375,2
1967-07-21 00:00:00,1494.0699462890625,4
1967-07-24 00:00:00,1494.2099609375,0
1967-07-25 00:00:00,1489.3399658203125,1
1967-07-26 00:00:00,1488.1099853515625,2
1967-07-27 00:00:00,1486.47998046875,3
1967-07-28 00:00:00,1483.6300048828125,4
1967-07-31 00:00:00,1476.3299560546875,0
1967-08-01 00:00:00,1461.72998046875,1
1967-08-02 00:00:00,1446.02001953125,2
1967-08-03 00:00:00,1446.02001953125,3
1967-08-04 00:00:00,1446.739990234375,4
1967-08-07 00:00:00,1429.3399658203125,0
1967-08-08 00:00:00,1435.3900146484375,1
1967-08-09 00:00:00,1430.8699951171875,2
1967-08-10 00:00:00,1429.47998046875,3
1967-08-11 00:00:00,1414.47998046875,4
1967-08-14 00:00:00,1369.449951171875,0
1967-08-15 00:00:00,1383.72998046875,1
1967-08-16 00:00:00,1354.2099609375,2
1967-08-17 00:00:00,1360.9000244140625,3
1967-08-18 00:00:00,1360.9000244140625,4
1967-08-21 00:00:00,1321.5400390625,0
1967-08-22 00:00:00,1340.31005859375,1
1967-08-23 00:00:00,1337.030029296875,2
1967-08-24 00:00:00,1350.9000244140625,3
1967-08-25 00:00:00,1342.1700439453125,4
1967-08-28 00:00:00,1335.1500244140625,0
1967-08-29 00:00:00,1336.8399658203125,1
1967-08-30 00:00:00,1336.8399658203125,2
1967-08-31 00:00:00,1342.6800537109375,3
1967-09-01 00:00:00,1352.5400390625,4
1967-09-04 00:00:00,1352.5400390625,0
1967-09-05 00:00:00,1371.3699951171875,1
1967-09-06 00:00:00,1364.22998046875,2
1967-09-07 00:00:00,1353.9100341796875,3
1967-09-08 00:00:00,1337.489990234375,4
1967-09-11 00:00:00,1331.6700439453125,0
1967-09-12 00:00:00,1329.719970703125,1
1967-09-13 00:00:00,1333.8299560546875,2
1967-09-14 00:00:00,1334.6600341796875,3
1967-09-18 00:00:00,1344.1199951171875,0
1967-09-19 00:00:00,1342.52001953125,1
1967-09-20 00:00:00,1342.52001953125,2
1967-09-21 00:00:00,1339.18994140625,3
1967-09-22 00:00:00,1350.27001953125,4
1967-09-25 00:00:00,1340.3800048828125,0
1967-09-26 00:00:00,1336.1800537109375,1
1967-09-27 00:00:00,1317.81005859375,2
1967-09-28 00:00:00,1320.0,3
1967-09-29 00:00:00,1323.9100341796875,4
1967-10-02 00:00:00,1312.280029296875,0
1967-10-03 00:00:00,1330.4000244140625,1
1967-10-04 00:00:00,1348.5799560546875,2
1967-10-05 00:00:00,1348.5799560546875,3
1967-10-06 00:00:00,1363.010009765625,4
1967-10-09 00:00:00,1380.4300537109375,0
1967-10-11 00:00:00,1367.3599853515625,2
1967-10-12 00:00:00,1365.1800537109375,3
1967-10-13 00:00:00,1362.6600341796875,4
1967-10-16 00:00:00,1372.989990234375,0
1967-10-17 00:00:00,1366.0,1
1967-10-18 00:00:00,1372.18994140625,2
1967-10-19 00:00:00,1375.1400146484375,3
1967-10-20 00:00:00,1378.699951171875,4
1967-10-23 00:00:00,1378.699951171875,0
1967-10-24 00:00:00,1385.4300537109375,1
1967-10-25 00:00:00,1382.3599853515625,2
1967-10-26 00:00:00,1384.1700439453125,3
1967-10-27 00:00:00,1376.0899658203125,4
1967-10-30 00:00:00,1385.6099853515625,0
1967-10-31 00:00:00,1376.050048828125,1
1967-11-01 00:00:00,1378.0699462890625,2
1967-11-02 00:00:00,1364.6099853515625,3
1967-11-06 00:00:00,1368.9200439453125,0
1967-11-07 00:00:00,1360.739990234375,1
1967-11-08 00:00:00,1360.739990234375,2
1967-11-09 00:00:00,1361.25,3
1967-11-10 00:00:00,1344.68994140625,4
1967-11-13 00:00:00,1342.0400390625,0
1967-11-14 00:00:00,1351.9599609375,1
1967-11-15 00:00:00,1344.4200439453125,2
1967-11-16 00:00:00,1349.300048828125,3
1967-11-17 00:00:00,1343.7900390625,4
1967-11-20 00:00:00,1273.3299560546875,0
1967-11-21 00:00:00,1265.239990234375,1
1967-11-22 00:00:00,1282.4000244140625,2
1967-11-24 00:00:00,1282.4000244140625,4
1967-11-27 00:00:00,1269.050048828125,0
1967-11-28 00:00:00,1275.77001953125,1
1967-11-29 00:00:00,1285.6800537109375,2
1967-11-30 00:00:00,1277.27001953125,3
1967-12-01 00:00:00,1284.8800048828125,4
1967-12-04 00:00:00,1294.9300537109375,0
1967-12-05 00:00:00,1279.3399658203125,1
1967-12-06 00:00:00,1274.6099853515625,2
1967-12-07 00:00:00,1277.030029296875,3
1967-12-08 00:00:00,1260.6300048828125,4
1967-12-11 00:00:00,1260.6300048828125,0
1967-12-12 00:00:00,1263.25,1
1967-12-13 00:00:00,1264.199951171875,2
1967-12-14 00:00:00,1258.239990234375,3
1967-12-15 00:00:00,1258.3699951171875,4
1967-12-18 00:00:00,1259.5699462890625,0
1967-12-19 00:00:00,1274.3900146484375,1
1967-12-20 00:00:00,1279.5899658203125,2
1967-12-21 00:00:00,1279.8599853515625,3
1967-12-22 00:00:00,1291.0799560546875,4
1967-12-25 00:00:00,1290.2900390625,0
1967-12-26 00:00:00,1290.2900390625,1
1967-12-27 00:00:00,1279.2900390625,2
1967-12-28 00:00:00,1283.469970703125,3
1967-12-29 00:00:00,1283.469970703125,4
1968-01-04 00:00:00,1266.27001953125,3
1968-01-05 00:00:00,1282.3800048828125,4
1968-01-08 00:00:00,1283.530029296875,0
1968-01-09 00:00:00,1305.93994140625,1
1968-01-11 00:00:00,1316.8900146484375,3
1968-01-12 00:00:00,1314.469970703125,4
1968-01-16 00:00:00,1314.97998046875,1
1968-01-17 00:00:00,1314.97998046875,2
1968-01-18 00:00:00,1322.989990234375,3
1968-01-19 00:00:00,1312.739990234375,4
1968-01-22 00:00:00,1306.489990234375,0
1968-01-23 00:00:00,1307.550048828125,1
1968-01-24 00:00:00,1304.449951171875,2
1968-01-25 00:00:00,1305.22998046875,3
1968-01-26 00:00:00,1313.1800537109375,4
1968-01-29 00:00:00,1306.6099853515625,0
1968-01-30 00:00:00,1306.6700439453125,1
1968-01-31 00:00:00,1312.199951171875,2
1968-02-01 00:00:00,1312.199951171875,3
1968-02-02 00:00:00,1318.1099853515625,4
1968-02-05 00:00:00,1320.5799560546875,0
1968-02-06 00:00:00,1329.3599853515625,1
1968-02-07 00:00:00,1331.77001953125,2
1968-02-08 00:00:00,1329.02001953125,3
1968-02-09 00:00:00,1330.72998046875,4
1968-02-13 00:00:00,1337.5899658203125,1
1968-02-14 00:00:00,1340.0799560546875,2
1968-02-15 00:00:00,1334.219970703125,3
1968-02-16 00:00:00,1334.219970703125,4
1968-02-19 00:00:00,1345.010009765625,0
1968-02-20 00:00:00,1341.6400146484375,1
1968-02-21 00:00:00,1342.6700439453125,2
1968-02-22 00:00:00,1352.030029296875,3
1968-02-23 00:00:00,1348.6600341796875,4
1968-02-26 00:00:00,1341.030029296875,0
1968-02-27 00:00:00,1351.1300048828125,1
1968-02-28 00:00:00,1344.6600341796875,2
1968-02-29 00:00:00,1349.77001953125,3
1968-03-01 00:00:00,1355.489990234375,4
1968-03-04 00:00:00,1355.489990234375,0
1968-03-05 00:00:00,1331.8599853515625,1
1968-03-06 00:00:00,1322.010009765625,2
1968-03-07 00:00:00,1327.0,3
1968-03-08 00:00:00,1321.4100341796875,4
1968-03-11 00:00:00,1326.6800537109375,0
1968-03-12 00:00:00,1328.0899658203125,1
1968-03-13 00:00:00,1335.0699462890625,2
1968-03-14 00:00:00,1318.010009765625,3
1968-03-15 00:00:00,1340.5400390625,4
1968-03-18 00:00:00,1373.0,0
1968-03-19 00:00:00,1373.0,1
1968-03-20 00:00:00,1373.0,2
1968-03-22 00:00:00,1350.6400146484375,4
1968-03-25 00:00:00,1356.719970703125,0
1968-03-26 00:00:00,1364.68994140625,1
1968-03-27 00:00:00,1354.68994140625,2
1968-03-28 00:00:00,1369.719970703125,3
1968-03-29 00:00:00,1361.1500244140625,4
1968-04-01 00:00:00,1367.3599853515625,0
1968-04-02 00:00:00,1380.77001953125,1
1968-04-03 00:00:00,1378.68994140625,2
1968-04-04 00:00:00,1378.68994140625,3
1968-04-05 00:00:00,1393.3199462890625,4
1968-04-08 00:00:00,1406.3199462890625,0
1968-04-09 00:00:00,1404.0699462890625,1
1968-04-10 00:00:00,1402.18994140625,2
1968-04-11 00:00:00,1403.550048828125,3
1968-04-12 00:00:00,1415.0,4
1968-04-15 00:00:00,1443.6500244140625,0
1968-04-16 00:00:00,1433.93994140625,1
1968-04-17 00:00:00,1435.0799560546875,2
1968-04-18 00:00:00,1437.300048828125,3
1968-04-19 00:00:00,1437.300048828125,4
1968-04-22 00:00:00,1440.47998046875,0
1968-04-23 00:00:00,1444.81005859375,1
1968-04-24 00:00:00,1450.3199462890625,2
1968-04-25 00:00:00,1449.6700439453125,3
1968-04-26 00:00:00,1438.239990234375,4
1968-04-30 00:00:00,1456.0699462890625,1
1968-05-01 00:00:00,1464.760009765625,2
1968-05-02 00:00:00,1464.8199462890625,3
1968-05-07 00:00:00,1480.1600341796875,1
1968-05-08 00:00:00,1480.1600341796875,2
1968-05-09 00:00:00,1478.1700439453125,3
1968-05-10 00:00:00,1473.5,4
1968-05-13 00:00:00,1469.5,0
1968-05-14 00:00:00,1466.3699951171875,1
1968-05-15 00:00:00,1469.9100341796875,2
1968-05-16 00:00:00,1476.3499755859375,3
1968-05-17 00:00:00,1485.8599853515625,4
1968-05-20 00:00:00,1500.4100341796875,0
1968-05-21 00:00:00,1476.6700439453125,1
1968-05-22 00:00:00,1466.0899658203125,2
1968-05-23 00:00:00,1466.0899658203125,3
1968-05-24 00:00:00,1460.0999755859375,4
1968-05-27 00:00:00,1460.02001953125,0
1968-05-28 00:00:00,1465.5999755859375,1
1968-05-29 00:00:00,1452.3199462890625,2
1968-05-30 00:00:00,1454.9300537109375,3
1968-05-31 00:00:00,1462.3399658203125,4
1968-06-03 00:00:00,1496.56005859375,0
1968-06-04 00:00:00,1509.489990234375,1
1968-06-05 00:00:00,1518.6600341796875,2
1968-06-06 00:00:00,1510.510009765625,3
1968-06-07 00:00:00,1510.510009765625,4
1968-06-10 00:00:00,1522.5899658203125,0
1968-06-11 00:00:00,1531.4599609375,1
1968-06-12 00:00:00,1519.06005859375,2
1968-06-13 00:00:00,1523.199951171875,3
1968-06-14 00:00:00,1524.030029296875,4
1968-06-17 00:00:00,1532.0,0
1968-06-18 00:00:00,1515.18994140625,1
1968-06-19 00:00:00,1481.239990234375,2
1968-06-20 00:00:00,1484.699951171875,3
1968-06-21 00:00:00,1482.5400390625,4
1968-06-24 00:00:00,1482.5400390625,0
1968-06-25 00:00:00,1501.7099609375,1
1968-06-26 00:00:00,1518.1800537109375,2
1968-06-27 00:00:00,1527.780029296875,3
1968-06-28 00:00:00,1531.1800537109375,4
1968-07-01 00:00:00,1548.9000244140625,0
1968-07-02 00:00:00,1542.9599609375,1
1968-07-03 00:00:00,1548.68994140625,2
1968-07-04 00:00:00,1540.4200439453125,3
1968-07-05 00:00:00,1547.0899658203125,4
1968-07-08 00:00:00,1552.760009765625,0
1968-07-09 00:00:00,1552.760009765625,1
1968-07-10 00:00:00,1549.8699951171875,2
1968-07-11 00:00:00,1554.9599609375,3
1968-07-12 00:00:00,1564.47998046875,4
1968-07-15 00:00:00,1581.56005859375,0
1968-07-16 00:00:00,1564.239990234375,1
1968-07-17 00:00:00,1561.6600341796875,2
1968-07-18 00:00:00,1561.93994140625,3
1968-07-19 00:00:00,1565.8699951171875,4
1968-07-22 00:00:00,1573.800048828125,0
1968-07-23 00:00:00,1577.800048828125,1
1968-07-24 00:00:00,1577.800048828125,2
1968-07-25 00:00:00,1570.0699462890625,3
1968-07-26 00:00:00,1582.8299560546875,4
1968-07-29 00:00:00,1592.1099853515625,0
1968-07-30 00:00:00,1583.0,1
1968-07-31 00:00:00,1602.969970703125,2
1968-08-01 00:00:00,1601.5799560546875,3
1968-08-02 00:00:00,1601.8399658203125,4
1968-08-05 00:00:00,1604.5699462890625,0
1968-08-06 00:00:00,1598.43994140625,1
1968-08-07 00:00:00,1617.9000244140625,2
1968-08-08 00:00:00,1617.9000244140625,3
1968-08-09 00:00:00,1622.8599853515625,4
1968-08-12 00:00:00,1627.8199462890625,0
1968-08-13 00:00:00,1631.239990234375,1
1968-08-14 00:00:00,1630.030029296875,2
1968-08-15 00:00:00,1617.9599609375,3
1968-08-16 00:00:00,1612.260009765625,4
1968-08-19 00:00:00,1623.18994140625,0
1968-08-20 00:00:00,1636.72998046875,1
1968-08-21 00:00:00,1641.030029296875,2
1968-08-22 00:00:00,1648.1700439453125,3
1968-08-23 00:00:00,1648.1700439453125,4
1968-08-26 00:00:00,1655.6800537109375,0
1968-08-27 00:00:00,1666.3499755859375,1
1968-08-28 00:00:00,1672.719970703125,2
1968-08-29 00:00:00,1691.6300048828125,3
1968-08-30 00:00:00,1691.9100341796875,4
1968-09-02 00:00:00,1717.5999755859375,0
1968-09-03 00:00:00,1723.469970703125,1
1968-09-04 00:00:00,1705.1500244140625,2
1968-09-05 00:00:00,1727.9200439453125,3
1968-09-06 00:00:00,1736.93994140625,4
1968-09-09 00:00:00,1736.93994140625,0
1968-09-10 00:00:00,1753.7099609375,1
1968-09-11 00:00:00,1766.1199951171875,2
1968-09-12 00:00:00,1766.219970703125,3
1968-09-13 00:00:00,1764.4100341796875,4
1968-09-17 00:00:00,1792.0999755859375,1
1968-09-18 00:00:00,1796.489990234375,2
1968-09-19 00:00:00,1793.8299560546875,3
1968-09-20 00:00:00,1801.6199951171875,4
1968-09-24 00:00:00,1802.97998046875,1
1968-09-25 00:00:00,1805.6099853515625,2
1968-09-26 00:00:00,1820.22998046875,3
1968-09-27 00:00:00,1826.6800537109375,4
1968-09-30 00:00:00,1826.6800537109375,0
1968-10-01 00:00:00,1835.1199951171875,1
1968-10-02 00:00:00,1851.489990234375,2
1968-10-03 00:00:00,1809.6099853515625,3
1968-10-04 00:00:00,1803.239990234375,4
1968-10-07 00:00:00,1830.6400146484375,0
1968-10-08 00:00:00,1827.6700439453125,1
1968-10-09 00:00:00,1827.6700439453125,2
1968-10-11 00:00:00,1715.469970703125,4
1968-10-14 00:00:00,1747.06005859375,0
1968-10-15 00:00:00,1707.719970703125,1
1968-10-16 00:00:00,1700.47998046875,2
1968-10-17 00:00:00,1724.72998046875,3
1968-10-18 00:00:00,1741.9300537109375,4
1968-10-21 00:00:00,1746.8299560546875,0
1968-10-22 00:00:00,1726.6199951171875,1
1968-10-23 00:00:00,1739.6500244140625,2
1968-10-24 00:00:00,1749.3299560546875,3
1968-10-25 00:00:00,1749.3299560546875,4
1968-10-28 00:00:00,1755.510009765625,0
1968-10-29 00:00:00,1768.93994140625,1
1968-10-30 00:00:00,1762.530029296875,2
1968-10-31 00:00:00,1745.2900390625,3
1968-11-01 00:00:00,1741.9200439453125,4
1968-11-05 00:00:00,1709.81005859375,1
1968-11-06 00:00:00,1705.7099609375,2
1968-11-07 00:00:00,1679.5899658203125,3
1968-11-08 00:00:00,1668.0899658203125,4
1968-11-11 00:00:00,1668.0899658203125,0
1968-11-12 00:00:00,1659.1800537109375,1
1968-11-13 00:00:00,1678.550048828125,2
1968-11-14 00:00:00,1695.050048828125,3
1968-11-15 00:00:00,1697.0799560546875,4
1968-11-18 00:00:00,1705.010009765625,0
1968-11-19 00:00:00,1712.2900390625,1
1968-11-20 00:00:00,1710.1500244140625,2
1968-11-21 00:00:00,1696.199951171875,3
1968-11-22 00:00:00,1693.0400390625,4
1968-11-25 00:00:00,1668.550048828125,0
1968-11-26 00:00:00,1668.550048828125,1
1968-11-27 00:00:00,1688.6800537109375,2
1968-11-28 00:00:00,1695.9100341796875,3
1968-11-29 00:00:00,1716.68994140625,4
1968-12-02 00:00:00,1743.2099609375,0
1968-12-03 00:00:00,1736.2099609375,1
1968-12-04 00:00:00,1725.7900390625,2
1968-12-05 00:00:00,1718.4200439453125,3
1968-12-06 00:00:00,1718.0899658203125,4
1968-12-09 00:00:00,1690.97998046875,0
1968-12-10 00:00:00,1710.969970703125,1
1968-12-11 00:00:00,1710.969970703125,2
1968-12-12 00:00:00,1725.4300537109375,3
1968-12-13 00:00:00,1712.0,4
1968-12-16 00:00:00,1722.3299560546875,0
1968-12-17 00:00:00,1711.5699462890625,1
1968-12-18 00:00:00,1692.9300537109375,2
1968-12-19 00:00:00,1696.1400146484375,3
1968-12-20 00:00:00,1702.449951171875,4
1968-12-24 00:00:00,1701.6700439453125,1
1968-12-25 00:00:00,1701.3800048828125,2
1968-12-26 00:00:00,1701.3800048828125,3
1968-12-27 00:00:00,1699.0799560546875,4
1968-12-30 00:00:00,1699.0799560546875,0
1969-01-06 00:00:00,1755.1500244140625,0
1969-01-07 00:00:00,1761.9300537109375,1
1969-01-08 00:00:00,1759.260009765625,2
1969-01-09 00:00:00,1753.31005859375,3
1969-01-13 00:00:00,1767.3499755859375,0
1969-01-14 00:00:00,1771.239990234375,1
1969-01-16 00:00:00,1782.050048828125,3
1969-01-17 00:00:00,1779.6300048828125,4
1969-01-20 00:00:00,1779.6300048828125,0
1969-01-21 00:00:00,1803.9000244140625,1
1969-01-22 00:00:00,1820.25,2
1969-01-23 00:00:00,1830.8699951171875,3
1969-01-24 00:00:00,1825.800048828125,4
1969-01-27 00:00:00,1833.2900390625,0
1969-01-28 00:00:00,1820.6199951171875,1
1969-01-29 00:00:00,1831.77001953125,2
1969-01-30 00:00:00,1826.1199951171875,3
1969-01-31 00:00:00,1830.260009765625,4
1969-02-03 00:00:00,1828.0400390625,0
1969-02-04 00:00:00,1828.0400390625,1
1969-02-05 00:00:00,1833.75,2
1969-02-06 00:00:00,1840.699951171875,3
1969-02-07 00:00:00,1845.949951171875,4
1969-02-10 00:00:00,1851.050048828125,0
1969-02-12 00:00:00,1852.3800048828125,2
1969-02-13 00:00:00,1843.0699462890625,3
1969-02-14 00:00:00,1826.1400146484375,4
1969-02-17 00:00:00,1824.27001953125,0
1969-02-18 00:00:00,1828.8499755859375,1
1969-02-19 00:00:00,1819.4200439453125,2
1969-02-20 00:00:00,1819.4200439453125,3
1969-02-21 00:00:00,1775.4300537109375,4
1969-02-24 00:00:00,1765.9000244140625,0
1969-02-25 00:00:00,1771.8499755859375,1
1969-02-26 00:00:00,1777.969970703125,2
1969-02-27 00:00:00,1762.969970703125,3
1969-02-28 00:00:00,1758.5400390625,4
1969-03-03 00:00:00,1769.550048828125,0
1969-03-04 00:00:00,1748.8800048828125,1
1969-03-05 00:00:00,1764.25,2
1969-03-06 00:00:00,1766.8900146484375,3
1969-03-07 00:00:00,1766.8900146484375,4
1969-03-10 00:00:00,1789.3199462890625,0
1969-03-11 00:00:00,1778.989990234375,1
1969-03-12 00:00:00,1785.25,2
1969-03-13 00:00:00,1803.1099853515625,3
1969-03-14 00:00:00,1795.5799560546875,4
1969-03-17 00:00:00,1806.6400146484375,0
1969-03-18 00:00:00,1798.2099609375,1
1969-03-19 00:00:00,1791.8199462890625,2
1969-03-20 00:00:00,1783.199951171875,3
1969-03-24 00:00:00,1815.739990234375,0
1969-03-25 00:00:00,1815.739990234375,1
1969-03-26 00:00:00,1832.8599853515625,2
1969-03-27 00:00:00,1819.8399658203125,3
1969-03-28 00:00:00,1824.0699462890625,4
1969-03-31 00:00:00,1841.02001953125,0
1969-04-01 00:00:00,1827.43994140625,1
1969-04-02 00:00:00,1859.1300048828125,2
1969-04-03 00:00:00,1844.969970703125,3
1969-04-04 00:00:00,1868.1199951171875,4
1969-04-07 00:00:00,1872.0999755859375,0
1969-04-08 00:00:00,1870.969970703125,1
1969-04-09 00:00:00,1870.969970703125,2
1969-04-10 00:00:00,1893.02001953125,3
1969-04-11 00:00:00,1893.5,4
1969-04-14 00:00:00,1900.260009765625,0
1969-04-15 00:00:00,1889.2099609375,1
1969-04-16 00:00:00,1871.8399658203125,2
1969-04-17 00:00:00,1899.7900390625,3
1969-04-18 00:00:00,1880.8299560546875,4
1969-04-21 00:00:00,1878.449951171875,0
1969-04-22 00:00:00,1890.1300048828125,1
1969-04-23 00:00:00,1877.25,2
1969-04-24 00:00:00,1877.25,3
1969-04-25 00:00:00,1896.0899658203125,4
1969-04-28 00:00:00,1901.030029296875,0
1969-04-30 00:00:00,1904.93994140625,2
1969-05-01 00:00:00,1911.5400390625,3
1969-05-02 00:00:00,1906.43994140625,4
1969-05-06 00:00:00,1925.1400146484375,1
1969-05-07 00:00:00,1924.2900390625,2
1969-05-08 00:00:00,1917.43994140625,3
1969-05-09 00:00:00,1919.0699462890625,4
1969-05-12 00:00:00,1938.97998046875,0
1969-05-13 00:00:00,1938.97998046875,1
1969-05-14 00:00:00,1938.6099853515625,2
1969-05-15 00:00:00,1937.22998046875,3
1969-05-16 00:00:00,1937.050048828125,4
1969-05-19 00:00:00,1939.8299560546875,0
1969-05-20 00:00:00,1928.2900390625,1
1969-05-21 00:00:00,1930.3399658203125,2
1969-05-22 00:00:00,1929.5799560546875,3
1969-05-23 00:00:00,1932.199951171875,4
1969-05-26 00:00:00,1939.3699951171875,0
1969-05-27 00:00:00,1939.3699951171875,1
1969-05-28 00:00:00,1959.5699462890625,2
1969-05-29 00:00:00,1959.5699462890625,3
1969-05-30 00:00:00,1990.530029296875,4
1969-06-02 00:00:00,2007.6099853515625,0
1969-06-03 00:00:00,2000.469970703125,1
1969-06-04 00:00:00,2001.77001953125,2
1969-06-05 00:00:00,2000.9599609375,3
1969-06-06 00:00:00,2009.1800537109375,4
1969-06-09 00:00:00,2029.0999755859375,0
1969-06-10 00:00:00,2029.5899658203125,1
1969-06-11 00:00:00,2014.6400146484375,2
1969-06-12 00:00:00,1926.010009765625,3
1969-06-13 00:00:00,1926.010009765625,4
1969-06-16 00:00:00,1955.68994140625,0
1969-06-17 00:00:00,1938.719970703125,1
1969-06-18 00:00:00,1884.8199462890625,2
1969-06-19 00:00:00,1907.4100341796875,3
1969-06-20 00:00:00,1883.5,4
1969-06-23 00:00:00,1867.31005859375,0
1969-06-24 00:00:00,1925.8800048828125,1
1969-06-25 00:00:00,1915.31005859375,2
1969-06-26 00:00:00,1938.06005859375,3
1969-06-27 00:00:00,1953.52001953125,4
1969-06-30 00:00:00,1953.52001953125,0
1969-07-01 00:00:00,1969.6700439453125,1
1969-07-02 00:00:00,1990.3499755859375,2
1969-07-03 00:00:00,1998.0,3
1969-07-04 00:00:00,1992.81005859375,4
1969-07-07 00:00:00,1983.1400146484375,0
1969-07-08 00:00:00,1987.5999755859375,1
1969-07-09 00:00:00,1979.1300048828125,2
1969-07-10 00:00:00,1930.56005859375,3
1969-07-11 00:00:00,1948.6400146484375,4
1969-07-14 00:00:00,1911.1199951171875,0
1969-07-15 00:00:00,1911.1199951171875,1
1969-07-16 00:00:00,1919.4599609375,2
1969-07-17 00:00:00,1898.8800048828125,3
1969-07-18 00:00:00,1906.0,4
1969-07-22 00:00:00,1921.530029296875,1
1969-07-23 00:00:00,1888.0400390625,2
1969-07-24 00:00:00,1900.18994140625,3
1969-07-25 00:00:00,1888.4200439453125,4
1969-07-28 00:00:00,1875.0,0
1969-07-29 00:00:00,1845.4000244140625,1
1969-07-30 00:00:00,1845.4000244140625,2
1969-07-31 00:00:00,1865.5899658203125,3
1969-08-01 00:00:00,1879.4100341796875,4
1969-08-04 00:00:00,1878.1400146484375,0
1969-08-05 00:00:00,1878.699951171875,1
1969-08-06 00:00:00,1867.7900390625,2
1969-08-07 00:00:00,1860.4100341796875,3
1969-08-08 00:00:00,1844.030029296875,4
1969-08-11 00:00:00,1877.199951171875,0
1969-08-12 00:00:00,1900.8900146484375,1
1969-08-13 00:00:00,1910.8699951171875,2
1969-08-14 00:00:00,1910.8699951171875,3
1969-08-15 00:00:00,1896.0899658203125,4
1969-08-18 00:00:00,1896.8299560546875,0
1969-08-19 00:00:00,1897.75,1
1969-08-20 00:00:00,1890.3800048828125,2
1969-08-21 00:00:00,1891.2900390625,3
1969-08-22 00:00:00,1871.7900390625,4
1969-08-25 00:00:00,1880.4300537109375,0
1969-08-26 00:00:00,1890.6700439453125,1
1969-08-27 00:00:00,1890.239990234375,2
1969-08-28 00:00:00,1909.260009765625,3
1969-08-29 00:00:00,1909.260009765625,4
1969-09-01 00:00:00,1951.5400390625,0
1969-09-02 00:00:00,1964.81005859375,1
1969-09-03 00:00:00,1972.6800537109375,2
1969-09-04 00:00:00,1971.469970703125,3
1969-09-05 00:00:00,1984.68994140625,4
1969-09-08 00:00:00,1983.949951171875,0
1969-09-09 00:00:00,1964.4599609375,1
1969-09-10 00:00:00,1988.5,2
1969-09-11 00:00:00,1987.9100341796875,3
1969-09-12 00:00:00,1987.6199951171875,4
1969-09-16 00:00:00,1987.6199951171875,1
1969-09-17 00:00:00,2016.7099609375,2
1969-09-18 00:00:00,1995.260009765625,3
1969-09-19 00:00:00,2000.4300537109375,4
1969-09-22 00:00:00,2016.8499755859375,0
1969-09-24 00:00:00,2012.27001953125,2
1969-09-25 00:00:00,2012.9599609375,3
1969-09-26 00:00:00,1988.9200439453125,4
1969-09-29 00:00:00,1995.9599609375,0
1969-09-30 00:00:00,2016.1500244140625,1
1969-10-01 00:00:00,2036.800048828125,2
1969-10-02 00:00:00,2036.800048828125,3
1969-10-03 00:00:00,2027.93994140625,4
1969-10-06 00:00:00,2038.719970703125,0
1969-10-07 00:00:00,2033.81005859375,1
1969-10-08 00:00:00,2022.699951171875,2
1969-10-09 00:00:00,2033.52001953125,3
1969-10-13 00:00:00,2068.320068359375,0
1969-10-14 00:00:00,2062.85009765625,1
1969-10-15 00:00:00,2074.110107421875,2
1969-10-16 00:00:00,2098.64990234375,3
1969-10-17 00:00:00,2097.489990234375,4
1969-10-20 00:00:00,2097.489990234375,0
1969-10-21 00:00:00,2099.389892578125,1
1969-10-22 00:00:00,2110.27001953125,2
1969-10-23 00:00:00,2092.89990234375,3
1969-10-24 00:00:00,2120.93994140625,4
1969-10-27 00:00:00,2117.1201171875,0
1969-10-28 00:00:00,2136.800048828125,1
1969-10-29 00:00:00,2150.10009765625,2
1969-10-30 00:00:00,2145.159912109375,3
1969-10-31 00:00:00,2130.300048828125,4
1969-11-04 00:00:00,2133.969970703125,1
1969-11-05 00:00:00,2133.969970703125,2
1969-11-06 00:00:00,2121.989990234375,3
1969-11-07 00:00:00,2102.580078125,4
1969-11-10 00:00:00,2118.260009765625,0
1969-11-11 00:00:00,2104.52001953125,1
1969-11-12 00:00:00,2118.14990234375,2
1969-11-13 00:00:00,2147.52001953125,3
1969-11-14 00:00:00,2148.659912109375,4
1969-11-17 00:00:00,2168.2099609375,0
1969-11-18 00:00:00,2168.2099609375,1
1969-11-19 00:00:00,2210.60009765625,2
1969-11-20 00:00:00,2201.52001953125,3
1969-11-21 00:00:00,2196.02001953125,4
1969-11-25 00:00:00,2230.580078125,1
1969-11-26 00:00:00,2201.409912109375,2
1969-11-27 00:00:00,2211.89990234375,3
1969-11-28 00:00:00,2211.89990234375,4
1969-12-01 00:00:00,2251.3701171875,0
1969-12-02 00:00:00,2252.610107421875,1
1969-12-03 00:00:00,2252.610107421875,2
1969-12-04 00:00:00,2171.7900390625,3
1969-12-05 00:00:00,2170.14990234375,4
1969-12-08 00:00:00,2198.97998046875,0
1969-12-09 00:00:00,2193.0400390625,1
1969-12-10 00:00:00,2219.18994140625,2
1969-12-11 00:00:00,2225.050048828125,3
1969-12-12 00:00:00,2253.590087890625,4
1969-12-15 00:00:00,2261.89990234375,0
1969-12-16 00:00:00,2261.429931640625,1
1969-12-17 00:00:00,2268.550048828125,2
1969-12-18 00:00:00,2268.550048828125,3
1969-12-19 00:00:00,2278.830078125,4
1969-12-22 00:00:00,2258.260009765625,0
1969-12-24 00:00:00,2287.070068359375,2
1969-12-25 00:00:00,2324.06005859375,3
1969-12-26 00:00:00,2348.030029296875,4
1969-12-29 00:00:00,2348.030029296875,0
1969-12-30 00:00:00,2348.030029296875,1
1970-01-05 00:00:00,2402.85009765625,0
1970-01-06 00:00:00,2406.219970703125,1
1970-01-07 00:00:00,2394.9599609375,2
1970-01-08 00:00:00,2283.679931640625,3
1970-01-09 00:00:00,2283.679931640625,4
1970-01-12 00:00:00,2324.239990234375,0
1970-01-13 00:00:00,2297.68994140625,1
1970-01-14 00:00:00,2288.139892578125,2
1970-01-16 00:00:00,2286.449951171875,4
1970-01-19 00:00:00,2309.3798828125,0
1970-01-20 00:00:00,2309.93994140625,1
1970-01-21 00:00:00,2325.360107421875,2
1970-01-22 00:00:00,2322.580078125,3
1970-01-23 00:00:00,2312.0,4
1970-01-26 00:00:00,2316.7099609375,0
1970-01-27 00:00:00,2316.7099609375,1
1970-01-28 00:00:00,2324.77001953125,2
1970-01-29 00:00:00,2328.60009765625,3
1970-01-30 00:00:00,2296.429931640625,4
1970-02-02 00:00:00,2310.449951171875,0
1970-02-03 00:00:00,2296.679931640625,1
1970-02-04 00:00:00,2313.31005859375,2
1970-02-05 00:00:00,2306.780029296875,3
1970-02-06 00:00:00,2302.929931640625,4
1970-02-09 00:00:00,2306.39990234375,0
1970-02-10 00:00:00,2306.25,1
1970-02-12 00:00:00,2306.25,3
1970-02-13 00:00:00,2298.64990234375,4
1970-02-16 00:00:00,2293.929931640625,0
1970-02-17 00:00:00,2294.7099609375,1
1970-02-18 00:00:00,2313.22998046875,2
1970-02-19 00:00:00,2324.39990234375,3
1970-02-20 00:00:00,2322.97998046875,4
1970-02-23 00:00:00,2361.469970703125,0
1970-02-24 00:00:00,2375.4599609375,1
1970-02-25 00:00:00,2383.179931640625,2
1970-02-26 00:00:00,2385.070068359375,3
1970-02-27 00:00:00,2385.070068359375,4
1970-03-02 00:00:00,2399.760009765625,0
1970-03-03 00:00:00,2396.639892578125,1
1970-03-04 00:00:00,2422.72998046875,2
1970-03-05 00:00:00,2423.3701171875,3
1970-03-06 00:00:00,2452.260009765625,4
1970-03-09 00:00:00,2455.169921875,0
1970-03-10 00:00:00,2470.219970703125,1
1970-03-11 00:00:00,2458.1298828125,2
1970-03-12 00:00:00,2433.1201171875,3
1970-03-13 00:00:00,2446.360107421875,4
1970-03-16 00:00:00,2446.360107421875,0
1970-03-17 00:00:00,2468.840087890625,1
1970-03-18 00:00:00,2484.6201171875,2
1970-03-19 00:00:00,2490.469970703125,3
1970-03-20 00:00:00,2491.179931640625,4
1970-03-23 00:00:00,2495.179931640625,0
1970-03-24 00:00:00,2484.14990234375,1
1970-03-25 00:00:00,2481.010009765625,2
1970-03-26 00:00:00,2504.840087890625,3
1970-03-27 00:00:00,2485.360107421875,4
1970-03-30 00:00:00,2510.239990234375,0
1970-03-31 00:00:00,2510.239990234375,1
1970-04-01 00:00:00,2521.419921875,2
1970-04-02 00:00:00,2522.840087890625,3
1970-04-03 00:00:00,2500.090087890625,4
1970-04-06 00:00:00,2534.449951171875,0
1970-04-07 00:00:00,2524.1298828125,1
1970-04-08 00:00:00,2529.64990234375,2
1970-04-09 00:00:00,2515.050048828125,3
1970-04-10 00:00:00,2513.93994140625,4
1970-04-13 00:00:00,2508.159912109375,0
1970-04-14 00:00:00,2502.030029296875,1
1970-04-15 00:00:00,2502.030029296875,2
1970-04-16 00:00:00,2502.64990234375,3
1970-04-17 00:00:00,2471.2099609375,4
1970-04-20 00:00:00,2470.669921875,0
1970-04-21 00:00:00,2469.639892578125,1
1970-04-22 00:00:00,2436.39990234375,2
1970-04-23 00:00:00,2415.669921875,3
1970-04-24 00:00:00,2422.860107421875,4
1970-04-27 00:00:00,2386.06005859375,0
1970-04-28 00:00:00,2315.429931640625,1
1970-04-30 00:00:00,2114.320068359375,3
1970-05-01 00:00:00,2114.320068359375,4
1970-05-06 00:00:00,2191.389892578125,2
1970-05-07 00:00:00,2209.610107421875,3
1970-05-08 00:00:00,2190.5400390625,4
1970-05-11 00:00:00,2139.070068359375,0
1970-05-12 00:00:00,2149.429931640625,1
1970-05-13 00:00:00,2096.75,2
1970-05-14 00:00:00,2048.719970703125,3
1970-05-15 00:00:00,2018.7099609375,4
1970-05-18 00:00:00,2047.9000244140625,0
1970-05-19 00:00:00,2047.9000244140625,1
1970-05-20 00:00:00,1983.780029296875,2
1970-05-21 00:00:00,1982.3299560546875,3
1970-05-22 00:00:00,1989.3399658203125,4
1970-05-25 00:00:00,1933.3299560546875,0
1970-05-26 00:00:00,1946.47998046875,1
1970-05-27 00:00:00,1929.6400146484375,2
1970-05-28 00:00:00,2009.0999755859375,3
1970-05-29 00:00:00,2026.0999755859375,4
1970-06-01 00:00:00,2082.3701171875,0
1970-06-02 00:00:00,2082.3701171875,1
1970-06-03 00:00:00,2109.22998046875,2
1970-06-04 00:00:00,2133.85009765625,3
1970-06-05 00:00:00,2123.820068359375,4
1970-06-08 00:00:00,2109.580078125,0
1970-06-09 00:00:00,2091.830078125,1
1970-06-10 00:00:00,2109.469970703125,2
1970-06-11 00:00:00,2029.4100341796875,3
1970-06-12 00:00:00,2048.93994140625,4
1970-06-15 00:00:00,2072.800048828125,0
1970-06-16 00:00:00,2054.3701171875,1
1970-06-17 00:00:00,2054.3701171875,2
1970-06-18 00:00:00,2082.02001953125,3
1970-06-19 00:00:00,2113.219970703125,4
1970-06-22 00:00:00,2149.280029296875,0
1970-06-23 00:00:00,2131.889892578125,1
1970-06-24 00:00:00,2140.469970703125,2
1970-06-25 00:00:00,2143.449951171875,3
1970-06-26 00:00:00,2135.8798828125,4
1970-06-29 00:00:00,2131.81005859375,0
1970-06-30 00:00:00,2138.110107421875,1
1970-07-01 00:00:00,2148.7900390625,2
1970-07-02 00:00:00,2148.7900390625,3
1970-07-03 00:00:00,2135.25,4
1970-07-06 00:00:00,2117.64990234375,0
1970-07-07 00:00:00,2116.860107421875,1
1970-07-08 00:00:00,2121.510009765625,2
1970-07-09 00:00:00,2111.10009765625,3
1970-07-10 00:00:00,2102.219970703125,4
1970-07-13 00:00:00,2110.010009765625,0
1970-07-14 00:00:00,2110.8701171875,1
1970-07-15 00:00:00,2087.989990234375,2
1970-07-16 00:00:00,2067.760009765625,3
1970-07-17 00:00:00,2067.760009765625,4
1970-07-21 00:00:00,2148.93994140625,1
1970-07-22 00:00:00,2132.18994140625,2
1970-07-23 00:00:00,2125.6201171875,3
1970-07-24 00:00:00,2128.35009765625,4
1970-07-27 00:00:00,2130.050048828125,0
1970-07-28 00:00:00,2138.56005859375,1
1970-07-29 00:00:00,2132.429931640625,2
1970-07-30 00:00:00,2140.5,3
1970-07-31 00:00:00,2159.159912109375,4
1970-08-03 00:00:00,2159.159912109375,0
1970-08-04 00:00:00,2164.2099609375,1
1970-08-05 00:00:00,2169.780029296875,2
1970-08-06 00:00:00,2147.72998046875,3
1970-08-07 00:00:00,2143.090087890625,4
1970-08-10 00:00:00,2141.3798828125,0
1970-08-11 00:00:00,2123.52001953125,1
1970-08-12 00:00:00,2122.830078125,2
1970-08-13 00:00:00,2142.85009765625,3
1970-08-14 00:00:00,2136.14990234375,4
1970-08-17 00:00:00,2140.639892578125,0
1970-08-18 00:00:00,2140.639892578125,1
1970-08-19 00:00:00,2155.989990234375,2
1970-08-20 00:00:00,2161.429931640625,3
1970-08-21 00:00:00,2164.280029296875,4
1970-08-24 00:00:00,2168.14990234375,0
1970-08-25 00:00:00,2153.179931640625,1
1970-08-26 00:00:00,2153.360107421875,2
1970-08-27 00:00:00,2163.5,3
1970-08-28 00:00:00,2157.840087890625,4
1970-08-31 00:00:00,2132.2099609375,0
1970-09-01 00:00:00,2130.5400390625,1
1970-09-02 00:00:00,2130.5400390625,2
1970-09-03 00:00:00,2139.050048828125,3
1970-09-04 00:00:00,2144.9599609375,4
1970-09-07 00:00:00,2150.5400390625,0
1970-09-08 00:00:00,2165.179931640625,1
1970-09-09 00:00:00,2176.989990234375,2
1970-09-10 00:00:00,2165.469970703125,3
1970-09-11 00:00:00,2157.260009765625,4
1970-09-14 00:00:00,2168.39990234375,0
1970-09-15 00:00:00,2168.39990234375,1
1970-09-16 00:00:00,2139.89990234375,2
1970-09-17 00:00:00,2136.800048828125,3
1970-09-18 00:00:00,2136.800048828125,4
1970-09-21 00:00:00,2076.989990234375,0
1970-09-22 00:00:00,2089.360107421875,1
1970-09-24 00:00:00,2094.0,3
1970-09-25 00:00:00,2065.02001953125,4
1970-09-28 00:00:00,2020.8800048828125,0
1970-09-29 00:00:00,2065.43994140625,1
1970-09-30 00:00:00,2065.43994140625,2
1970-10-01 00:00:00,2061.64990234375,3
1970-10-02 00:00:00,2065.590087890625,4
1970-10-05 00:00:00,2065.590087890625,0
1970-10-06 00:00:00,2094.360107421875,1
1970-10-07 00:00:00,2083.159912109375,2
1970-10-08 00:00:00,2079.929931640625,3
1970-10-09 00:00:00,2081.320068359375,4
1970-10-12 00:00:00,2092.4599609375,0
1970-10-13 00:00:00,2094.47998046875,1
1970-10-14 00:00:00,2096.1201171875,2
1970-10-15 00:00:00,2118.39990234375,3
1970-10-16 00:00:00,2114.2099609375,4
1970-10-19 00:00:00,2133.030029296875,0
1970-10-20 00:00:00,2133.030029296875,1
1970-10-21 00:00:00,2106.840087890625,2
1970-10-22 00:00:00,2107.159912109375,3
1970-10-23 00:00:00,2101.679931640625,4
1970-10-26 00:00:00,2094.89990234375,0
1970-10-27 00:00:00,2095.18994140625,1
1970-10-28 00:00:00,2104.469970703125,2
1970-10-29 00:00:00,2117.260009765625,3
1970-10-30 00:00:00,2114.199951171875,4
1970-11-02 00:00:00,2139.320068359375,0
1970-11-04 00:00:00,2143.719970703125,2
1970-11-05 00:00:00,2143.719970703125,3
1970-11-06 00:00:00,2136.590087890625,4
1970-11-09 00:00:00,2147.97998046875,0
1970-11-10 00:00:00,2142.72998046875,1
1970-11-11 00:00:00,2122.550048828125,2
1970-11-12 00:00:00,2109.989990234375,3
1970-11-13 00:00:00,2111.090087890625,4
1970-11-16 00:00:00,2098.449951171875,0
1970-11-17 00:00:00,2075.659912109375,1
1970-11-18 00:00:00,2087.8798828125,2
1970-11-19 00:00:00,2075.159912109375,3
1970-11-20 00:00:00,2075.159912109375,4
1970-11-24 00:00:00,2060.030029296875,1
1970-11-25 00:00:00,2056.929931640625,2
1970-11-26 00:00:00,2041.1500244140625,3
1970-11-27 00:00:00,2012.1300048828125,4
1970-11-30 00:00:00,1990.469970703125,0
1970-12-01 00:00:00,2027.3699951171875,1
1970-12-02 00:00:00,2017.1199951171875,2
1970-12-03 00:00:00,1992.719970703125,3
1970-12-04 00:00:00,1989.68994140625,4
1970-12-07 00:00:00,1969.5699462890625,0
1970-12-08 00:00:00,1963.4000244140625,1
1970-12-09 00:00:00,1965.780029296875,2
1970-12-10 00:00:00,1973.1600341796875,3
1970-12-11 00:00:00,2018.1700439453125,4
1970-12-14 00:00:00,2015.9100341796875,0
1970-12-15 00:00:00,1997.1099853515625,1
1970-12-16 00:00:00,1973.4100341796875,2
1970-12-17 00:00:00,1972.780029296875,3
1970-12-18 00:00:00,1977.56005859375,4
1970-12-21 00:00:00,1988.9599609375,0
1970-12-22 00:00:00,1979.7099609375,1
1970-12-24 00:00:00,1987.9599609375,3
1970-12-25 00:00:00,1982.6099853515625,4
1970-12-28 00:00:00,1987.1400146484375,0
1970-12-29 00:00:00,1987.1400146484375,1
1970-12-30 00:00:00,1987.1400146484375,2
1971-01-05 00:00:00,1989.43994140625,1
1971-01-06 00:00:00,1981.739990234375,2
1971-01-07 00:00:00,2000.9599609375,3
1971-01-08 00:00:00,2040.9300537109375,4
1971-01-12 00:00:00,2092.330078125,1
1971-01-13 00:00:00,2089.219970703125,2
1971-01-14 00:00:00,2093.89990234375,3
1971-01-18 00:00:00,2097.39990234375,0
1971-01-19 00:00:00,2115.25,1
1971-01-20 00:00:00,2102.3701171875,2
1971-01-21 00:00:00,2112.5,3
1971-01-22 00:00:00,2113.72998046875,4
1971-01-25 00:00:00,2105.010009765625,0
1971-01-26 00:00:00,2109.199951171875,1
1971-01-27 00:00:00,2099.080078125,2
1971-01-28 00:00:00,2102.360107421875,3
1971-01-29 00:00:00,2100.89990234375,4
1971-02-01 00:00:00,2104.8798828125,0
1971-02-02 00:00:00,2113.550048828125,1
1971-02-03 00:00:00,2129.72998046875,2
1971-02-04 00:00:00,2133.340087890625,3
1971-02-05 00:00:00,2125.159912109375,4
1971-02-08 00:00:00,2128.25,0
1971-02-09 00:00:00,2122.659912109375,1
1971-02-10 00:00:00,2139.2900390625,2
1971-02-12 00:00:00,2149.8798828125,4
1971-02-15 00:00:00,2166.639892578125,0
1971-02-16 00:00:00,2173.280029296875,1
1971-02-17 00:00:00,2166.68994140625,2
1971-02-18 00:00:00,2202.889892578125,3
1971-02-19 00:00:00,2213.389892578125,4
1971-02-22 00:00:00,2230.090087890625,0
1971-02-23 00:00:00,2204.330078125,1
1971-02-24 00:00:00,2184.5,2
1971-02-25 00:00:00,2216.64990234375,3
1971-02-26 00:00:00,2232.419921875,4
1971-03-01 00:00:00,2256.050048828125,0
1971-03-02 00:00:00,2246.610107421875,1
1971-03-03 00:00:00,2268.590087890625,2
1971-03-04 00:00:00,2275.280029296875,3
1971-03-05 00:00:00,2256.429931640625,4
1971-03-08 00:00:00,2273.3798828125,0
1971-03-09 00:00:00,2271.159912109375,1
1971-03-10 00:00:00,2305.590087890625,2
1971-03-11 00:00:00,2309.10009765625,3
1971-03-12 00:00:00,2316.2099609375,4
1971-03-15 00:00:00,2301.39990234375,0
1971-03-16 00:00:00,2320.010009765625,1
1971-03-17 00:00:00,2317.360107421875,2
1971-03-18 00:00:00,2319.5400390625,3
1971-03-19 00:00:00,2341.89990234375,4
1971-03-23 00:00:00,2345.27001953125,1
1971-03-24 00:00:00,2364.06005859375,2
1971-03-25 00:00:00,2372.239990234375,3
1971-03-26 00:00:00,2390.02001953125,4
1971-03-29 00:00:00,2404.64990234375,0
1971-03-30 00:00:00,2401.330078125,1
1971-03-31 00:00:00,2403.300048828125,2
1971-04-01 00:00:00,2414.0400390625,3
1971-04-02 00:00:00,2415.72998046875,4
1971-04-05 00:00:00,2373.419921875,0
1971-04-06 00:00:00,2404.659912109375,1
1971-04-07 00:00:00,2416.919921875,2
1971-04-08 00:00:00,2413.929931640625,3
1971-04-09 00:00:00,2401.43994140625,4
1971-04-12 00:00:00,2435.320068359375,0
1971-04-13 00:00:00,2428.47998046875,1
1971-04-14 00:00:00,2437.530029296875,2
1971-04-15 00:00:00,2457.360107421875,3
1971-04-16 00:00:00,2464.10009765625,4
1971-04-19 00:00:00,2439.949951171875,0
1971-04-20 00:00:00,2374.669921875,1
1971-04-21 00:00:00,2431.72998046875,2
1971-04-22 00:00:00,2416.989990234375,3
1971-04-23 00:00:00,2433.330078125,4
1971-04-26 00:00:00,2436.929931640625,0
1971-04-27 00:00:00,2445.929931640625,1
1971-04-28 00:00:00,2450.739990234375,2
1971-04-30 00:00:00,2468.179931640625,4
1971-05-06 00:00:00,2481.669921875,3
1971-05-07 00:00:00,2444.81005859375,4
1971-05-10 00:00:00,2390.219970703125,0
1971-05-11 00:00:00,2402.3701171875,1
1971-05-12 00:00:00,2431.280029296875,2
1971-05-13 00:00:00,2428.010009765625,3
1971-05-14 00:00:00,2415.199951171875,4
1971-05-17 00:00:00,2417.6201171875,0
1971-05-18 00:00:00,2391.219970703125,1
1971-05-19 00:00:00,2365.919921875,2
1971-05-20 00:00:00,2388.510009765625,3
1971-05-21 00:00:00,2385.2099609375,4
1971-05-24 00:00:00,2398.47998046875,0
1971-05-25 00:00:00,2404.77001953125,1
1971-05-26 00:00:00,2408.800048828125,2
1971-05-27 00:00:00,2420.179931640625,3
1971-05-28 00:00:00,2432.719970703125,4
1971-05-31 00:00:00,2456.330078125,0
1971-06-01 00:00:00,2455.949951171875,1
1971-06-02 00:00:00,2475.929931640625,2
1971-06-03 00:00:00,2473.909912109375,3
1971-06-04 00:00:00,2490.389892578125,4
1971-06-07 00:00:00,2506.06005859375,0
1971-06-08 00:00:00,2504.31005859375,1
1971-06-09 00:00:00,2508.93994140625,2
1971-06-10 00:00:00,2523.840087890625,3
1971-06-11 00:00:00,2528.7900390625,4
1971-06-14 00:00:00,2531.489990234375,0
1971-06-15 00:00:00,2542.1298828125,1
1971-06-16 00:00:00,2555.050048828125,2
1971-06-17 00:00:00,2581.030029296875,3
1971-06-18 00:00:00,2584.489990234375,4
1971-06-21 00:00:00,2587.580078125,0
1971-06-22 00:00:00,2586.580078125,1
1971-06-23 00:00:00,2600.489990234375,2
1971-06-24 00:00:00,2584.510009765625,3
1971-06-25 00:00:00,2600.320068359375,4
1971-06-28 00:00:00,2628.4599609375,0
1971-06-29 00:00:00,2625.139892578125,1
1971-06-30 00:00:00,2637.35009765625,2
1971-07-01 00:00:00,2651.06005859375,3
1971-07-02 00:00:00,2647.199951171875,4
1971-07-05 00:00:00,2630.43994140625,0
1971-07-06 00:00:00,2571.3701171875,1
1971-07-07 00:00:00,2637.14990234375,2
1971-07-08 00:00:00,2638.739990234375,3
1971-07-09 00:00:00,2659.570068359375,4
1971-07-12 00:00:00,2686.419921875,0
1971-07-13 00:00:00,2675.85009765625,1
1971-07-14 00:00:00,2685.35009765625,2
1971-07-15 00:00:00,2664.199951171875,3
1971-07-16 00:00:00,2670.8798828125,4
1971-07-19 00:00:00,2692.6298828125,0
1971-07-21 00:00:00,2643.139892578125,2
1971-07-22 00:00:00,2669.030029296875,3
1971-07-23 00:00:00,2671.3701171875,4
1971-07-26 00:00:00,2673.840087890625,0
1971-07-27 00:00:00,2678.0,1
1971-07-28 00:00:00,2681.25,2
1971-07-29 00:00:00,2683.239990234375,3
1971-07-30 00:00:00,2661.590087890625,4
1971-08-02 00:00:00,2640.679931640625,0
1971-08-03 00:00:00,2640.449951171875,1
1971-08-04 00:00:00,2630.090087890625,2
1971-08-05 00:00:00,2634.179931640625,3
1971-08-06 00:00:00,2648.530029296875,4
1971-08-09 00:00:00,2698.27001953125,0
1971-08-10 00:00:00,2690.139892578125,1
1971-08-11 00:00:00,2699.419921875,2
1971-08-12 00:00:00,2704.89990234375,3
1971-08-13 00:00:00,2727.800048828125,4
1971-08-16 00:00:00,2530.47998046875,0
1971-08-17 00:00:00,2440.820068359375,1
1971-08-18 00:00:00,2328.280029296875,2
1971-08-19 00:00:00,2190.159912109375,3
1971-08-20 00:00:00,2283.8798828125,4
1971-08-23 00:00:00,2163.7900390625,0
1971-08-24 00:00:00,2162.820068359375,1
1971-08-25 00:00:00,2233.89990234375,2
1971-08-26 00:00:00,2282.340087890625,3
1971-08-27 00:00:00,2267.18994140625,4
1971-08-30 00:00:00,2303.909912109375,0
1971-08-31 00:00:00,2297.06005859375,1
1971-09-01 00:00:00,2348.010009765625,2
1971-09-02 00:00:00,2352.27001953125,3
1971-09-03 00:00:00,2346.77001953125,4
1971-09-06 00:00:00,2365.580078125,0
1971-09-07 00:00:00,2341.72998046875,1
1971-09-08 00:00:00,2325.52001953125,2
1971-09-09 00:00:00,2341.18994140625,3
1971-09-10 00:00:00,2321.7900390625,4
1971-09-13 00:00:00,2351.14990234375,0
1971-09-14 00:00:00,2364.64990234375,1
1971-09-16 00:00:00,2347.35009765625,3
1971-09-17 00:00:00,2352.31005859375,4
1971-09-20 00:00:00,2377.050048828125,0
1971-09-21 00:00:00,2372.989990234375,1
1971-09-22 00:00:00,2360.860107421875,2
1971-09-24 00:00:00,2363.969970703125,4
1971-09-27 00:00:00,2351.9599609375,0
1971-09-28 00:00:00,2393.56005859375,1
1971-09-29 00:00:00,2420.360107421875,2
1971-09-30 00:00:00,2428.25,3
1971-10-01 00:00:00,2429.31005859375,4
1971-10-04 00:00:00,2412.64990234375,0
1971-10-05 00:00:00,2407.840087890625,1
1971-10-06 00:00:00,2401.969970703125,2
1971-10-07 00:00:00,2401.679931640625,3
1971-10-08 00:00:00,2372.47998046875,4
1971-10-12 00:00:00,2352.60009765625,1
1971-10-13 00:00:00,2312.68994140625,2
1971-10-14 00:00:00,2305.860107421875,3
1971-10-15 00:00:00,2254.93994140625,4
1971-10-18 00:00:00,2255.179931640625,0
1971-10-19 00:00:00,2228.330078125,1
1971-10-20 00:00:00,2227.25,2
1971-10-21 00:00:00,2240.449951171875,3
1971-10-22 00:00:00,2259.52001953125,4
1971-10-25 00:00:00,2253.68994140625,0
1971-10-26 00:00:00,2236.889892578125,1
1971-10-27 00:00:00,2229.35009765625,2
1971-10-28 00:00:00,2253.280029296875,3
1971-10-29 00:00:00,2278.4599609375,4
1971-11-01 00:00:00,2279.0400390625,0
1971-11-02 00:00:00,2254.929931640625,1
1971-11-04 00:00:00,2228.780029296875,3
1971-11-05 00:00:00,2234.110107421875,4
1971-11-08 00:00:00,2236.239990234375,0
1971-11-09 00:00:00,2252.179931640625,1
1971-11-10 00:00:00,2282.199951171875,2
1971-11-11 00:00:00,2298.260009765625,3
1971-11-12 00:00:00,2307.820068359375,4
1971-11-15 00:00:00,2329.139892578125,0
1971-11-16 00:00:00,2326.5400390625,1
1971-11-17 00:00:00,2371.739990234375,2
1971-11-18 00:00:00,2391.89990234375,3
1971-11-19 00:00:00,2378.7900390625,4
1971-11-22 00:00:00,2408.110107421875,0
1971-11-24 00:00:00,2404.679931640625,2
1971-11-25 00:00:00,2418.679931640625,3
1971-11-26 00:00:00,2413.75,4
1971-11-29 00:00:00,2450.739990234375,0
1971-11-30 00:00:00,2442.7099609375,1
1971-12-01 00:00:00,2455.7900390625,2
1971-12-02 00:00:00,2480.56005859375,3
1971-12-03 00:00:00,2441.580078125,4
1971-12-06 00:00:00,2475.7099609375,0
1971-12-07 00:00:00,2481.68994140625,1
1971-12-08 00:00:00,2453.68994140625,2
1971-12-09 00:00:00,2477.929931640625,3
1971-12-10 00:00:00,2482.469970703125,4
1971-12-13 00:00:00,2496.719970703125,0
1971-12-14 00:00:00,2490.7900390625,1
1971-12-15 00:00:00,2491.0,2
1971-12-16 00:00:00,2468.110107421875,3
1971-12-17 00:00:00,2480.25,4
1971-12-20 00:00:00,2487.590087890625,0
1971-12-21 00:00:00,2554.02001953125,1
1971-12-22 00:00:00,2586.330078125,2
1971-12-24 00:00:00,2658.7099609375,4
1971-12-27 00:00:00,2693.489990234375,0
1971-12-28 00:00:00,2713.739990234375,1
1971-12-29 00:00:00,2713.739990234375,2
1971-12-30 00:00:00,2713.739990234375,3
1972-01-04 00:00:00,2712.31005859375,1
1972-01-05 00:00:00,2727.8701171875,2
1972-01-06 00:00:00,2754.889892578125,3
1972-01-07 00:00:00,2762.489990234375,4
1972-01-11 00:00:00,2769.6201171875,1
1972-01-12 00:00:00,2799.47998046875,2
1972-01-13 00:00:00,2812.860107421875,3
1972-01-14 00:00:00,2823.530029296875,4
1972-01-17 00:00:00,2799.739990234375,0
1972-01-18 00:00:00,2805.429931640625,1
1972-01-19 00:00:00,2820.97998046875,2
1972-01-20 00:00:00,2840.860107421875,3
1972-01-21 00:00:00,2822.5400390625,4
1972-01-24 00:00:00,2800.06005859375,0
1972-01-25 00:00:00,2814.3798828125,1
1972-01-26 00:00:00,2832.889892578125,2
1972-01-27 00:00:00,2839.0400390625,3
1972-01-28 00:00:00,2862.39990234375,4
1972-01-31 00:00:00,2856.5,0
1972-02-01 00:00:00,2852.320068359375,1
1972-02-02 00:00:00,2863.570068359375,2
1972-02-03 00:00:00,2879.669921875,3
1972-02-04 00:00:00,2857.2900390625,4
1972-02-07 00:00:00,2883.469970703125,0
1972-02-08 00:00:00,2889.840087890625,1
1972-02-09 00:00:00,2870.77001953125,2
1972-02-10 00:00:00,2871.780029296875,3
1972-02-14 00:00:00,2890.659912109375,0
1972-02-15 00:00:00,2876.419921875,1
1972-02-16 00:00:00,2888.659912109375,2
1972-02-17 00:00:00,2931.81005859375,3
1972-02-18 00:00:00,2932.219970703125,4
1972-02-21 00:00:00,2959.2900390625,0
1972-02-22 00:00:00,2966.64990234375,1
1972-02-23 00:00:00,2960.919921875,2
1972-02-24 00:00:00,2975.159912109375,3
1972-02-25 00:00:00,2995.550048828125,4
1972-02-28 00:00:00,3027.489990234375,0
1972-02-29 00:00:00,3021.97998046875,1
1972-03-01 00:00:00,3011.300048828125,2
1972-03-02 00:00:00,3023.64990234375,3
1972-03-03 00:00:00,3015.139892578125,4
1972-03-06 00:00:00,3028.989990234375,0
1972-03-07 00:00:00,3038.6201171875,1
1972-03-08 00:00:00,3040.219970703125,2
1972-03-09 00:00:00,3030.02001953125,3
1972-03-10 00:00:00,3027.419921875,4
1972-03-13 00:00:00,2976.14990234375,0
1972-03-14 00:00:00,2996.3701171875,1
1972-03-15 00:00:00,2981.179931640625,2
1972-03-16 00:00:00,3012.60009765625,3
1972-03-17 00:00:00,3022.929931640625,4
1972-03-20 00:00:00,3022.929931640625,0
1972-03-22 00:00:00,3050.840087890625,2
1972-03-23 00:00:00,3067.300048828125,3
1972-03-24 00:00:00,3073.22998046875,4
1972-03-27 00:00:00,3102.47998046875,0
1972-03-28 00:00:00,3107.409912109375,1
1972-03-29 00:00:00,3144.260009765625,2
1972-03-30 00:00:00,3146.179931640625,3
1972-03-31 00:00:00,3187.6201171875,4
1972-04-03 00:00:00,3187.6201171875,0
1972-04-04 00:00:00,3187.6201171875,1
1972-04-05 00:00:00,3187.6201171875,2
1972-04-06 00:00:00,3187.6201171875,3
1972-04-07 00:00:00,3187.6201171875,4
1972-04-10 00:00:00,3187.6201171875,0
1972-04-11 00:00:00,3187.6201171875,1
1972-04-12 00:00:00,3187.6201171875,2
1972-04-13 00:00:00,3187.6201171875,3
1972-04-14 00:00:00,3187.6201171875,4
1972-04-17 00:00:00,3187.6201171875,0
1972-04-18 00:00:00,3187.6201171875,1
1972-04-19 00:00:00,3187.6201171875,2
1972-04-20 00:00:00,3187.6201171875,3
1972-04-21 00:00:00,3187.6201171875,4
1972-04-24 00:00:00,3187.6201171875,0
1972-04-25 00:00:00,3187.6201171875,1
1972-04-26 00:00:00,3187.6201171875,2
1972-04-27 00:00:00,3187.6201171875,3
1972-04-28 00:00:00,3187.6201171875,4
1972-05-01 00:00:00,3353.3798828125,0
1972-05-02 00:00:00,3359.409912109375,1
1972-05-08 00:00:00,3362.800048828125,0
1972-05-09 00:00:00,3342.919921875,1
1972-05-10 00:00:00,3358.419921875,2
1972-05-11 00:00:00,3398.510009765625,3
1972-05-12 00:00:00,3408.090087890625,4
1972-05-15 00:00:00,3424.93994140625,0
1972-05-16 00:00:00,3416.429931640625,1
1972-05-17 00:00:00,3436.739990234375,2
1972-05-18 00:00:00,3438.18994140625,3
1972-05-19 00:00:00,3420.56005859375,4
1972-05-22 00:00:00,3446.659912109375,0
1972-05-23 00:00:00,3468.110107421875,1
1972-05-24 00:00:00,3477.1201171875,2
1972-05-25 00:00:00,3506.47998046875,3
1972-05-26 00:00:00,3535.8798828125,4
1972-05-29 00:00:00,3572.6201171875,0
1972-05-30 00:00:00,3594.949951171875,1
1972-05-31 00:00:00,3636.7900390625,2
1972-06-01 00:00:00,3626.919921875,3
1972-06-02 00:00:00,3667.169921875,4
1972-06-05 00:00:00,3678.909912109375,0
1972-06-06 00:00:00,3650.030029296875,1
1972-06-07 00:00:00,3656.830078125,2
1972-06-08 00:00:00,3667.25,3
1972-06-09 00:00:00,3615.800048828125,4
1972-06-12 00:00:00,3651.35009765625,0
1972-06-13 00:00:00,3647.77001953125,1
1972-06-14 00:00:00,3640.3701171875,2
1972-06-15 00:00:00,3669.590087890625,3
1972-06-16 00:00:00,3680.780029296875,4
1972-06-19 00:00:00,3722.6298828125,0
1972-06-20 00:00:00,3718.4599609375,1
1972-06-21 00:00:00,3716.409912109375,2
1972-06-22 00:00:00,3687.31005859375,3
1972-06-23 00:00:00,3663.159912109375,4
1972-06-26 00:00:00,3369.639892578125,0
1972-06-27 00:00:00,3548.949951171875,1
1972-06-28 00:00:00,3611.31005859375,2
1972-06-29 00:00:00,3670.81005859375,3
1972-06-30 00:00:00,3710.699951171875,4
1972-07-03 00:00:00,3751.320068359375,0
1972-07-04 00:00:00,3722.77001953125,1
1972-07-05 00:00:00,3645.3798828125,2
1972-07-06 00:00:00,3682.719970703125,3
1972-07-07 00:00:00,3695.31005859375,4
1972-07-10 00:00:00,3710.530029296875,0
1972-07-11 00:00:00,3719.090087890625,1
1972-07-12 00:00:00,3707.3701171875,2
1972-07-13 00:00:00,3712.320068359375,3
1972-07-14 00:00:00,3727.5,4
1972-07-17 00:00:00,3693.840087890625,0
1972-07-18 00:00:00,3722.06005859375,1
1972-07-19 00:00:00,3760.72998046875,2
1972-07-21 00:00:00,3807.14990234375,4
1972-07-24 00:00:00,3815.31005859375,0
1972-07-25 00:00:00,3837.429931640625,1
1972-07-26 00:00:00,3850.25,2
1972-07-27 00:00:00,3867.85009765625,3
1972-07-28 00:00:00,3913.81005859375,4
1972-07-31 00:00:00,3913.81005859375,0
1972-08-01 00:00:00,3951.64990234375,1
1972-08-02 00:00:00,3870.300048828125,2
1972-08-03 00:00:00,3954.1201171875,3
1972-08-04 00:00:00,3954.389892578125,4
1972-08-07 00:00:00,3946.330078125,0
1972-08-08 00:00:00,3940.81005859375,1
1972-08-09 00:00:00,3922.280029296875,2
1972-08-10 00:00:00,3908.010009765625,3
1972-08-11 00:00:00,3929.800048828125,4
1972-08-14 00:00:00,3957.68994140625,0
1972-08-15 00:00:00,3974.7099609375,1
1972-08-16 00:00:00,4007.659912109375,2
1972-08-17 00:00:00,4006.409912109375,3
1972-08-18 00:00:00,4014.35009765625,4
1972-08-21 00:00:00,4013.9599609375,0
1972-08-22 00:00:00,4010.610107421875,1
1972-08-23 00:00:00,4029.06005859375,2
1972-08-24 00:00:00,4041.780029296875,3
1972-08-25 00:00:00,4010.4599609375,4
1972-08-28 00:00:00,3996.89990234375,0
1972-08-29 00:00:00,4016.280029296875,1
1972-08-30 00:00:00,4026.25,2
1972-08-31 00:00:00,4066.780029296875,3
1972-09-01 00:00:00,4090.389892578125,4
1972-09-04 00:00:00,4137.759765625,0
1972-09-05 00:00:00,4137.47998046875,1
1972-09-06 00:00:00,4143.02001953125,2
1972-09-07 00:00:00,4168.64013671875,3
1972-09-08 00:00:00,4181.89013671875,4
1972-09-11 00:00:00,4203.22021484375,0
1972-09-12 00:00:00,4160.31005859375,1
1972-09-13 00:00:00,4190.97021484375,2
1972-09-14 00:00:00,4174.7998046875,3
1972-09-18 00:00:00,4178.83984375,0
1972-09-19 00:00:00,4157.5,1
1972-09-20 00:00:00,4178.27978515625,2
1972-09-21 00:00:00,4204.22021484375,3
1972-09-22 00:00:00,4231.2099609375,4
1972-09-25 00:00:00,4254.60986328125,0
1972-09-26 00:00:00,4273.2001953125,1
1972-09-27 00:00:00,4251.2900390625,2
1972-09-28 00:00:00,4291.81005859375,3
1972-09-29 00:00:00,4320.6298828125,4
1972-10-02 00:00:00,4393.669921875,0
1972-10-03 00:00:00,4363.3798828125,1
1972-10-04 00:00:00,4424.2998046875,2
1972-10-05 00:00:00,4425.490234375,3
1972-10-06 00:00:00,4355.27978515625,4
1972-10-09 00:00:00,4422.080078125,0
1972-10-11 00:00:00,4443.08984375,2
1972-10-12 00:00:00,4480.06005859375,3
1972-10-13 00:00:00,4472.72998046875,4
1972-10-16 00:00:00,4433.6298828125,0
1972-10-17 00:00:00,4401.080078125,1
1972-10-18 00:00:00,4444.31982421875,2
1972-10-19 00:00:00,4452.169921875,3
1972-10-20 00:00:00,4324.7998046875,4
1972-10-23 00:00:00,4415.06005859375,0
1972-10-24 00:00:00,4424.33984375,1
1972-10-25 00:00:00,4442.419921875,2
1972-10-26 00:00:00,4439.2001953125,3
1972-10-27 00:00:00,4455.06005859375,4
1972-10-30 00:00:00,4522.18017578125,0
1972-10-31 00:00:00,4537.990234375,1
1972-11-01 00:00:00,4541.77001953125,2
1972-11-02 00:00:00,4547.919921875,3
1972-11-06 00:00:00,4543.8798828125,0
1972-11-07 00:00:00,4538.830078125,1
1972-11-08 00:00:00,4555.9501953125,2
1972-11-09 00:00:00,4564.4599609375,3
1972-11-10 00:00:00,4540.10009765625,4
1972-11-13 00:00:00,4553.77001953125,0
1972-11-14 00:00:00,4555.009765625,1
1972-11-15 00:00:00,4602.77978515625,2
1972-11-16 00:00:00,4589.25,3
1972-11-17 00:00:00,4585.91015625,4
1972-11-20 00:00:00,4591.06982421875,0
1972-11-21 00:00:00,4618.27001953125,1
1972-11-22 00:00:00,4667.7099609375,2
1972-11-24 00:00:00,4731.39990234375,4
1972-11-27 00:00:00,4742.16015625,0
1972-11-28 00:00:00,4816.72021484375,1
1972-11-29 00:00:00,4879.18017578125,2
1972-11-30 00:00:00,4868.9599609375,3
1972-12-01 00:00:00,4781.47998046875,4
1972-12-04 00:00:00,4872.4599609375,0
1972-12-05 00:00:00,4881.3701171875,1
1972-12-06 00:00:00,4902.81982421875,2
1972-12-07 00:00:00,4838.759765625,3
1972-12-08 00:00:00,4862.39990234375,4
1972-12-11 00:00:00,4859.39990234375,0
1972-12-12 00:00:00,4866.7001953125,1
1972-12-13 00:00:00,4869.77001953125,2
1972-12-14 00:00:00,4892.02001953125,3
1972-12-15 00:00:00,4909.240234375,4
1972-12-18 00:00:00,4923.39013671875,0
1972-12-19 00:00:00,4920.83984375,1
1972-12-20 00:00:00,4959.2099609375,2
1972-12-21 00:00:00,4965.0498046875,3
1972-12-22 00:00:00,5025.5400390625,4
1972-12-25 00:00:00,5031.22998046875,0
1972-12-26 00:00:00,5106.7099609375,1
1972-12-27 00:00:00,5194.419921875,2
1972-12-28 00:00:00,5207.93994140625,3
1972-12-29 00:00:00,5207.93994140625,4
1973-01-04 00:00:00,5232.85986328125,3
1973-01-05 00:00:00,5253.18017578125,4
1973-01-08 00:00:00,5307.18994140625,0
1973-01-09 00:00:00,5278.10009765625,1
1973-01-11 00:00:00,5244.2900390625,3
1973-01-12 00:00:00,5251.669921875,4
1973-01-16 00:00:00,5188.39990234375,1
1973-01-17 00:00:00,5215.419921875,2
1973-01-18 00:00:00,5188.91015625,3
1973-01-19 00:00:00,5230.8701171875,4
1973-01-22 00:00:00,5270.5400390625,0
1973-01-23 00:00:00,5267.68017578125,1
1973-01-24 00:00:00,5359.740234375,2
1973-01-25 00:00:00,5329.22998046875,3
1973-01-26 00:00:00,5256.81982421875,4
1973-01-29 00:00:00,5349.509765625,0
1973-01-30 00:00:00,5232.0,1
1973-01-31 00:00:00,5165.240234375,2
1973-02-01 00:00:00,5066.169921875,3
1973-02-02 00:00:00,4820.52001953125,4
1973-02-05 00:00:00,4949.759765625,0
1973-02-06 00:00:00,4891.33984375,1
1973-02-07 00:00:00,4832.47021484375,2
1973-02-08 00:00:00,4903.14013671875,3
1973-02-09 00:00:00,4843.5400390625,4
1973-02-13 00:00:00,4993.72998046875,1
1973-02-14 00:00:00,4984.8798828125,2
1973-02-15 00:00:00,5113.52978515625,3
1973-02-16 00:00:00,5187.2998046875,4
1973-02-19 00:00:00,5277.740234375,0
1973-02-20 00:00:00,5334.68994140625,1
1973-02-21 00:00:00,5298.97998046875,2
1973-02-22 00:00:00,5278.25,3
1973-02-23 00:00:00,5215.02978515625,4
1973-02-26 00:00:00,5129.31005859375,0
1973-02-27 00:00:00,5194.8798828125,1
1973-02-28 00:00:00,5121.31982421875,2
1973-03-01 00:00:00,5139.9501953125,3
1973-03-02 00:00:00,5024.10009765625,4
1973-03-05 00:00:00,4771.6298828125,0
1973-03-06 00:00:00,4888.8798828125,1
1973-03-07 00:00:00,4950.759765625,2
1973-03-08 00:00:00,4964.509765625,3
1973-03-09 00:00:00,4987.43017578125,4
1973-03-12 00:00:00,5003.5498046875,0
1973-03-13 00:00:00,5050.64013671875,1
1973-03-14 00:00:00,5096.259765625,2
1973-03-15 00:00:00,5133.4501953125,3
1973-03-16 00:00:00,5095.2998046875,4
1973-03-19 00:00:00,5123.5400390625,0
1973-03-20 00:00:00,5131.009765625,1
1973-03-22 00:00:00,5101.35986328125,3
1973-03-23 00:00:00,5060.18017578125,4
1973-03-26 00:00:00,5066.02001953125,0
1973-03-27 00:00:00,5081.990234375,1
1973-03-28 00:00:00,5116.7900390625,2
1973-03-29 00:00:00,5177.5,3
1973-03-30 00:00:00,5233.7900390625,4
1973-04-02 00:00:00,5181.68017578125,0
1973-04-03 00:00:00,5162.68994140625,1
1973-04-04 00:00:00,5090.169921875,2
1973-04-05 00:00:00,5013.009765625,3
1973-04-06 00:00:00,5023.10009765625,4
1973-04-09 00:00:00,4988.6298828125,0
1973-04-10 00:00:00,4915.9599609375,1
1973-04-11 00:00:00,4906.5400390625,2
1973-04-12 00:00:00,4793.64013671875,3
1973-04-13 00:00:00,4735.58984375,4
1973-04-16 00:00:00,4539.39990234375,0
1973-04-17 00:00:00,4599.91015625,1
1973-04-18 00:00:00,4735.5498046875,2
1973-04-19 00:00:00,4727.509765625,3
1973-04-20 00:00:00,4654.85009765625,4
1973-04-23 00:00:00,4495.18017578125,0
1973-04-24 00:00:00,4435.830078125,1
1973-04-25 00:00:00,4374.77001953125,2
1973-04-26 00:00:00,4499.39013671875,3
1973-04-27 00:00:00,4570.330078125,4
1973-05-01 00:00:00,4594.64990234375,1
1973-05-02 00:00:00,4601.89013671875,2
1973-05-07 00:00:00,4671.06982421875,0
1973-05-08 00:00:00,4669.56982421875,1
1973-05-09 00:00:00,4637.06005859375,2
1973-05-10 00:00:00,4663.330078125,3
1973-05-11 00:00:00,4694.18994140625,4
1973-05-14 00:00:00,4767.85009765625,0
1973-05-15 00:00:00,4701.14013671875,1
1973-05-16 00:00:00,4772.97021484375,2
1973-05-17 00:00:00,4740.169921875,3
1973-05-18 00:00:00,4774.9501953125,4
1973-05-21 00:00:00,4667.5400390625,0
1973-05-22 00:00:00,4675.27001953125,1
1973-05-23 00:00:00,4646.39013671875,2
1973-05-24 00:00:00,4593.56982421875,3
1973-05-25 00:00:00,4627.41015625,4
1973-05-28 00:00:00,4627.580078125,0
1973-05-29 00:00:00,4626.22021484375,1
1973-05-30 00:00:00,4613.43994140625,2
1973-05-31 00:00:00,4557.35986328125,3
1973-06-01 00:00:00,4546.740234375,4
1973-06-04 00:00:00,4500.5498046875,0
1973-06-05 00:00:00,4542.580078125,1
1973-06-06 00:00:00,4599.8701171875,2
1973-06-07 00:00:00,4623.72021484375,3
1973-06-08 00:00:00,4625.7900390625,4
1973-06-11 00:00:00,4606.10009765625,0
1973-06-12 00:00:00,4571.4501953125,1
1973-06-13 00:00:00,4611.16015625,2
1973-06-14 00:00:00,4587.8701171875,3
1973-06-15 00:00:00,4581.9501953125,4
1973-06-18 00:00:00,4542.990234375,0
1973-06-19 00:00:00,4553.7099609375,1
1973-06-20 00:00:00,4582.85009765625,2
1973-06-21 00:00:00,4597.02978515625,3
1973-06-22 00:00:00,4668.85986328125,4
1973-06-25 00:00:00,4687.240234375,0
1973-06-26 00:00:00,4637.77001953125,1
1973-06-27 00:00:00,4677.009765625,2
1973-06-28 00:00:00,4681.3701171875,3
1973-06-29 00:00:00,4675.1201171875,4
1973-07-02 00:00:00,4688.77001953125,0
1973-07-03 00:00:00,4722.9599609375,1
1973-07-04 00:00:00,4774.580078125,2
1973-07-05 00:00:00,4748.4501953125,3
1973-07-06 00:00:00,4754.2001953125,4
1973-07-09 00:00:00,4778.02001953125,0
1973-07-10 00:00:00,4792.47021484375,1
1973-07-11 00:00:00,4863.35986328125,2
1973-07-12 00:00:00,4912.330078125,3
1973-07-13 00:00:00,4943.5,4
1973-07-16 00:00:00,4965.33984375,0
1973-07-17 00:00:00,4972.9599609375,1
1973-07-18 00:00:00,4962.56005859375,2
1973-07-19 00:00:00,4989.7900390625,3
1973-07-23 00:00:00,5000.2001953125,0
1973-07-24 00:00:00,5007.14013671875,1
1973-07-25 00:00:00,5035.91015625,2
1973-07-26 00:00:00,5089.6201171875,3
1973-07-27 00:00:00,5123.25,4
1973-07-30 00:00:00,5108.4599609375,0
1973-07-31 00:00:00,5041.18017578125,1
1973-08-01 00:00:00,4972.81005859375,2
1973-08-02 00:00:00,5021.06005859375,3
1973-08-03 00:00:00,4983.9599609375,4
1973-08-06 00:00:00,4946.06982421875,0
1973-08-07 00:00:00,4956.43994140625,1
1973-08-08 00:00:00,4972.14013671875,2
1973-08-09 00:00:00,4972.9501953125,3
1973-08-10 00:00:00,4926.080078125,4
1973-08-13 00:00:00,4908.27978515625,0
1973-08-14 00:00:00,4915.41015625,1
1973-08-15 00:00:00,4912.240234375,2
1973-08-16 00:00:00,4857.02978515625,3
1973-08-17 00:00:00,4834.4501953125,4
1973-08-20 00:00:00,4828.72998046875,0
1973-08-21 00:00:00,4874.31982421875,1
1973-08-22 00:00:00,4893.91015625,2
1973-08-23 00:00:00,4865.2998046875,3
1973-08-24 00:00:00,4828.06982421875,4
1973-08-27 00:00:00,4829.7099609375,0
1973-08-28 00:00:00,4832.41015625,1
1973-08-29 00:00:00,4870.89990234375,2
1973-08-30 00:00:00,4889.18994140625,3
1973-08-31 00:00:00,4882.08984375,4
1973-09-03 00:00:00,4838.25,0
1973-09-04 00:00:00,4785.85009765625,1
1973-09-05 00:00:00,4678.66015625,2
1973-09-06 00:00:00,4657.7099609375,3
1973-09-07 00:00:00,4671.64013671875,4
1973-09-10 00:00:00,4696.490234375,0
1973-09-11 00:00:00,4587.39990234375,1
1973-09-12 00:00:00,4646.3701171875,2
1973-09-13 00:00:00,4620.91015625,3
1973-09-14 00:00:00,4644.1201171875,4
1973-09-17 00:00:00,4623.7900390625,0
1973-09-18 00:00:00,4557.919921875,1
1973-09-19 00:00:00,4516.18017578125,2
1973-09-20 00:00:00,4444.77978515625,3
1973-09-21 00:00:00,4393.419921875,4
1973-09-25 00:00:00,4472.77978515625,1
1973-09-26 00:00:00,4515.3798828125,2
1973-09-27 00:00:00,4622.56005859375,3
1973-09-28 00:00:00,4617.330078125,4
1973-10-01 00:00:00,4617.330078125,0
1973-10-02 00:00:00,4606.52978515625,1
1973-10-03 00:00:00,4643.68994140625,2
1973-10-04 00:00:00,4619.02001953125,3
1973-10-05 00:00:00,4562.1298828125,4
1973-10-08 00:00:00,4509.2900390625,0
1973-10-09 00:00:00,4493.02978515625,1
1973-10-11 00:00:00,4487.93017578125,3
1973-10-12 00:00:00,4452.60009765625,4
1973-10-15 00:00:00,4468.41015625,0
1973-10-16 00:00:00,4477.580078125,1
1973-10-17 00:00:00,4482.830078125,2
1973-10-18 00:00:00,4516.02001953125,3
1973-10-19 00:00:00,4552.22021484375,4
1973-10-22 00:00:00,4549.5,0
1973-10-23 00:00:00,4595.5400390625,1
1973-10-24 00:00:00,4661.58984375,2
1973-10-25 00:00:00,4667.10986328125,3
1973-10-26 00:00:00,4628.580078125,4
1973-10-29 00:00:00,4630.3798828125,0
1973-10-30 00:00:00,4702.919921875,1
1973-10-31 00:00:00,4699.72998046875,2
1973-11-01 00:00:00,4634.830078125,3
1973-11-02 00:00:00,4665.97998046875,4
1973-11-05 00:00:00,4676.9599609375,0
1973-11-06 00:00:00,4616.6201171875,1
1973-11-07 00:00:00,4632.43017578125,2
1973-11-08 00:00:00,4660.66015625,3
1973-11-09 00:00:00,4649.0,4
1973-11-12 00:00:00,4510.31982421875,0
1973-11-13 00:00:00,4428.39013671875,1
1973-11-14 00:00:00,4473.75,2
1973-11-15 00:00:00,4444.8701171875,3
1973-11-16 00:00:00,4388.10009765625,4
1973-11-19 00:00:00,4450.89013671875,0
1973-11-20 00:00:00,4441.89013671875,1
1973-11-21 00:00:00,4371.5498046875,2
1973-11-22 00:00:00,4293.5,3
1973-11-26 00:00:00,4371.7099609375,0
1973-11-27 00:00:00,4288.75,1
1973-11-28 00:00:00,4352.68017578125,2
1973-11-29 00:00:00,4411.43994140625,3
1973-11-30 00:00:00,4641.83984375,4
1973-12-03 00:00:00,4510.52001953125,0
1973-12-04 00:00:00,4447.89990234375,1
1973-12-05 00:00:00,4434.14990234375,2
1973-12-06 00:00:00,4335.2900390625,3
1973-12-07 00:00:00,4283.56005859375,4
1973-12-10 00:00:00,4165.1298828125,0
1973-12-11 00:00:00,4135.9501953125,1
1973-12-12 00:00:00,4097.10009765625,2
1973-12-13 00:00:00,4033.090087890625,3
1973-12-14 00:00:00,4037.919921875,4
1973-12-17 00:00:00,4041.469970703125,0
1973-12-18 00:00:00,3958.570068359375,1
1973-12-19 00:00:00,3988.93994140625,2
1973-12-20 00:00:00,4165.22998046875,3
1973-12-21 00:00:00,4157.080078125,4
1973-12-25 00:00:00,4038.2099609375,1
1973-12-26 00:00:00,4194.7900390625,2
1973-12-27 00:00:00,4289.41015625,3
1973-12-28 00:00:00,4306.7998046875,4
1974-01-04 00:00:00,4259.2001953125,4
1974-01-07 00:00:00,4180.7001953125,0
1974-01-08 00:00:00,4194.18017578125,1
1974-01-09 00:00:00,4195.22021484375,2
1974-01-11 00:00:00,4171.10986328125,4
1974-01-14 00:00:00,4274.75,0
1974-01-16 00:00:00,4314.1298828125,2
1974-01-17 00:00:00,4311.85986328125,3
1974-01-18 00:00:00,4369.669921875,4
1974-01-21 00:00:00,4352.64990234375,0
1974-01-22 00:00:00,4371.16015625,1
1974-01-23 00:00:00,4453.97998046875,2
1974-01-24 00:00:00,4487.97021484375,3
1974-01-25 00:00:00,4473.990234375,4
1974-01-28 00:00:00,4536.85009765625,0
1974-01-29 00:00:00,4516.169921875,1
1974-01-30 00:00:00,4510.6201171875,2
1974-01-31 00:00:00,4449.89990234375,3
1974-02-01 00:00:00,4489.93994140625,4
1974-02-04 00:00:00,4551.8798828125,0
1974-02-05 00:00:00,4555.0498046875,1
1974-02-06 00:00:00,4586.72021484375,2
1974-02-07 00:00:00,4651.5498046875,3
1974-02-08 00:00:00,4576.60009765625,4
1974-02-12 00:00:00,4601.2001953125,1
1974-02-13 00:00:00,4556.56005859375,2
1974-02-14 00:00:00,4525.27978515625,3
1974-02-15 00:00:00,4552.22021484375,4
1974-02-18 00:00:00,4546.8701171875,0
1974-02-19 00:00:00,4523.35986328125,1
1974-02-20 00:00:00,4520.25,2
1974-02-21 00:00:00,4481.89990234375,3
1974-02-22 00:00:00,4460.47021484375,4
1974-02-25 00:00:00,4453.06982421875,0
1974-02-26 00:00:00,4474.22998046875,1
1974-02-27 00:00:00,4468.4599609375,2
1974-02-28 00:00:00,4486.580078125,3
1974-03-01 00:00:00,4538.68994140625,4
1974-03-04 00:00:00,4610.68994140625,0
1974-03-05 00:00:00,4597.16015625,1
1974-03-06 00:00:00,4580.58984375,2
1974-03-07 00:00:00,4550.8701171875,3
1974-03-08 00:00:00,4527.0400390625,4
1974-03-11 00:00:00,4514.68994140625,0
1974-03-12 00:00:00,4484.0498046875,1
1974-03-13 00:00:00,4456.93994140625,2
1974-03-14 00:00:00,4465.39013671875,3
1974-03-15 00:00:00,4465.58984375,4
1974-03-18 00:00:00,4446.10986328125,0
1974-03-19 00:00:00,4420.06982421875,1
1974-03-20 00:00:00,4405.740234375,2
1974-03-22 00:00:00,4403.14990234375,4
1974-03-25 00:00:00,4389.89013671875,0
1974-03-26 00:00:00,4427.97021484375,1
1974-03-27 00:00:00,4460.14990234375,2
1974-03-28 00:00:00,4470.33984375,3
1974-03-29 00:00:00,4466.14013671875,4
1974-04-01 00:00:00,4466.31982421875,0
1974-04-02 00:00:00,4454.47021484375,1
1974-04-03 00:00:00,4443.9599609375,2
1974-04-04 00:00:00,4403.64990234375,3
1974-04-05 00:00:00,4424.14013671875,4
1974-04-08 00:00:00,4448.4599609375,0
1974-04-09 00:00:00,4427.89990234375,1
1974-04-10 00:00:00,4444.85986328125,2
1974-04-11 00:00:00,4461.8798828125,3
1974-04-12 00:00:00,4539.18994140625,4
1974-04-15 00:00:00,4573.56982421875,0
1974-04-16 00:00:00,4533.72021484375,1
1974-04-17 00:00:00,4583.0,2
1974-04-18 00:00:00,4600.41015625,3
1974-04-19 00:00:00,4613.58984375,4
1974-04-22 00:00:00,4608.31982421875,0
1974-04-23 00:00:00,4585.22021484375,1
1974-04-24 00:00:00,4571.259765625,2
1974-04-25 00:00:00,4554.2998046875,3
1974-04-26 00:00:00,4576.43994140625,4
1974-04-30 00:00:00,4622.35009765625,1
1974-05-01 00:00:00,4644.259765625,2
1974-05-02 00:00:00,4684.68017578125,3
1974-05-07 00:00:00,4690.77978515625,1
1974-05-08 00:00:00,4706.47021484375,2
1974-05-09 00:00:00,4694.31005859375,3
1974-05-10 00:00:00,4693.5400390625,4
1974-05-13 00:00:00,4704.419921875,0
1974-05-14 00:00:00,4684.91015625,1
1974-05-15 00:00:00,4666.06005859375,2
1974-05-16 00:00:00,4677.31982421875,3
1974-05-17 00:00:00,4703.91015625,4
1974-05-20 00:00:00,4680.580078125,0
1974-05-21 00:00:00,4717.85986328125,1
1974-05-22 00:00:00,4752.2900390625,2
1974-05-23 00:00:00,4754.18994140625,3
1974-05-24 00:00:00,4709.60986328125,4
1974-05-27 00:00:00,4743.330078125,0
1974-05-28 00:00:00,4748.97998046875,1
1974-05-29 00:00:00,4778.35986328125,2
1974-05-30 00:00:00,4778.35986328125,3
1974-05-31 00:00:00,4750.43994140625,4
1974-06-03 00:00:00,4771.85986328125,0
1974-06-04 00:00:00,4747.009765625,1
1974-06-05 00:00:00,4781.490234375,2
1974-06-06 00:00:00,4782.27001953125,3
1974-06-07 00:00:00,4729.16015625,4
1974-06-10 00:00:00,4640.4501953125,0
1974-06-11 00:00:00,4698.490234375,1
1974-06-12 00:00:00,4720.60009765625,2
1974-06-13 00:00:00,4692.47021484375,3
1974-06-14 00:00:00,4685.1201171875,4
1974-06-17 00:00:00,4686.0400390625,0
1974-06-18 00:00:00,4688.52978515625,1
1974-06-19 00:00:00,4709.47998046875,2
1974-06-20 00:00:00,4705.240234375,3
1974-06-21 00:00:00,4666.740234375,4
1974-06-24 00:00:00,4659.89990234375,0
1974-06-25 00:00:00,4650.4599609375,1
1974-06-26 00:00:00,4671.81982421875,2
1974-06-27 00:00:00,4643.2001953125,3
1974-06-28 00:00:00,4602.8701171875,4
1974-07-01 00:00:00,4622.14990234375,0
1974-07-02 00:00:00,4599.509765625,1
1974-07-03 00:00:00,4573.77001953125,2
1974-07-04 00:00:00,4573.6201171875,3
1974-07-05 00:00:00,4626.7001953125,4
1974-07-08 00:00:00,4562.4599609375,0
1974-07-09 00:00:00,4506.97998046875,1
1974-07-10 00:00:00,4580.52001953125,2
1974-07-11 00:00:00,4576.41015625,3
1974-07-12 00:00:00,4527.6298828125,4
1974-07-15 00:00:00,4479.8798828125,0
1974-07-16 00:00:00,4524.97998046875,1
1974-07-17 00:00:00,4522.08984375,2
1974-07-18 00:00:00,4492.85986328125,3
1974-07-19 00:00:00,4516.7900390625,4
1974-07-22 00:00:00,4529.16015625,0
1974-07-23 00:00:00,4518.22998046875,1
1974-07-24 00:00:00,4536.5400390625,2
1974-07-25 00:00:00,4552.43017578125,3
1974-07-26 00:00:00,4545.02978515625,4
1974-07-29 00:00:00,4498.22021484375,0
1974-07-30 00:00:00,4465.06005859375,1
1974-07-31 00:00:00,4492.419921875,2
1974-08-01 00:00:00,4491.52001953125,3
1974-08-02 00:00:00,4396.10009765625,4
1974-08-05 00:00:00,4262.919921875,0
1974-08-06 00:00:00,4196.06982421875,1
1974-08-07 00:00:00,4288.9599609375,2
1974-08-08 00:00:00,4297.39990234375,3
1974-08-09 00:00:00,4285.1298828125,4
1974-08-12 00:00:00,4290.52978515625,0
1974-08-13 00:00:00,4228.52978515625,1
1974-08-14 00:00:00,4179.81982421875,2
1974-08-15 00:00:00,4189.4599609375,3
1974-08-16 00:00:00,4250.52001953125,4
1974-08-19 00:00:00,4237.6201171875,0
1974-08-20 00:00:00,4211.25,1
1974-08-21 00:00:00,4116.240234375,2
1974-08-22 00:00:00,4041.280029296875,3
1974-08-23 00:00:00,4100.6298828125,4
1974-08-26 00:00:00,3994.989990234375,0
1974-08-27 00:00:00,4017.110107421875,1
1974-08-28 00:00:00,3973.139892578125,2
1974-08-29 00:00:00,3987.6201171875,3
1974-08-30 00:00:00,4069.679931640625,4
1974-09-02 00:00:00,4134.35009765625,0
1974-09-03 00:00:00,4094.27001953125,1
1974-09-04 00:00:00,4052.679931640625,2
1974-09-05 00:00:00,4134.02978515625,3
1974-09-06 00:00:00,4080.81005859375,4
1974-09-09 00:00:00,4091.820068359375,0
1974-09-10 00:00:00,4070.610107421875,1
1974-09-11 00:00:00,4088.4599609375,2
1974-09-12 00:00:00,4080.0,3
1974-09-13 00:00:00,4035.5,4
1974-09-17 00:00:00,3965.6201171875,1
1974-09-18 00:00:00,3991.97998046875,2
1974-09-19 00:00:00,4017.300048828125,3
1974-09-20 00:00:00,4048.469970703125,4
1974-09-24 00:00:00,4036.6201171875,1
1974-09-25 00:00:00,4037.639892578125,2
1974-09-26 00:00:00,4018.419921875,3
1974-09-27 00:00:00,3961.39990234375,4
1974-09-30 00:00:00,3950.0,0
1974-10-01 00:00:00,3854.110107421875,1
1974-10-02 00:00:00,3803.93994140625,2
1974-10-03 00:00:00,3755.1298828125,3
1974-10-04 00:00:00,3668.18994140625,4
1974-10-07 00:00:00,3605.8701171875,0
1974-10-08 00:00:00,3546.909912109375,1
1974-10-09 00:00:00,3355.1298828125,2
1974-10-11 00:00:00,3513.22998046875,4
1974-10-14 00:00:00,3601.889892578125,0
1974-10-15 00:00:00,3670.659912109375,1
1974-10-16 00:00:00,3715.25,2
1974-10-17 00:00:00,3699.52001953125,3
1974-10-18 00:00:00,3748.719970703125,4
1974-10-21 00:00:00,3696.570068359375,0
1974-10-22 00:00:00,3657.1298828125,1
1974-10-23 00:00:00,3678.530029296875,2
1974-10-24 00:00:00,3627.489990234375,3
1974-10-25 00:00:00,3580.330078125,4
1974-10-28 00:00:00,3403.610107421875,0
1974-10-29 00:00:00,3513.68994140625,1
1974-10-30 00:00:00,3478.429931640625,2
1974-10-31 00:00:00,3594.550048828125,3
1974-11-01 00:00:00,3547.580078125,4
1974-11-05 00:00:00,3558.31005859375,1
1974-11-06 00:00:00,3578.080078125,2
1974-11-07 00:00:00,3612.52001953125,3
1974-11-08 00:00:00,3648.820068359375,4
1974-11-11 00:00:00,3732.22998046875,0
1974-11-12 00:00:00,3773.10009765625,1
1974-11-13 00:00:00,3775.909912109375,2
1974-11-14 00:00:00,3795.1298828125,3
1974-11-15 00:00:00,3765.780029296875,4
1974-11-18 00:00:00,3738.56005859375,0
1974-11-19 00:00:00,3707.22998046875,1
1974-11-20 00:00:00,3694.989990234375,2
1974-11-21 00:00:00,3665.10009765625,3
1974-11-22 00:00:00,3759.860107421875,4
1974-11-25 00:00:00,3823.070068359375,0
1974-11-26 00:00:00,3860.580078125,1
1974-11-27 00:00:00,3929.3701171875,2
1974-11-28 00:00:00,3918.550048828125,3
1974-11-29 00:00:00,3927.489990234375,4
1974-12-02 00:00:00,3974.719970703125,0
1974-12-03 00:00:00,3953.7099609375,1
1974-12-04 00:00:00,3908.25,2
1974-12-05 00:00:00,3904.93994140625,3
1974-12-06 00:00:00,3850.169921875,4
1974-12-09 00:00:00,3970.659912109375,0
1974-12-10 00:00:00,3943.429931640625,1
1974-12-11 00:00:00,3931.3798828125,2
1974-12-12 00:00:00,3920.35009765625,3
1974-12-13 00:00:00,3886.179931640625,4
1974-12-16 00:00:00,3902.199951171875,0
1974-12-17 00:00:00,3903.080078125,1
1974-12-18 00:00:00,3916.6201171875,2
1974-12-19 00:00:00,3903.590087890625,3
1974-12-20 00:00:00,3886.5400390625,4
1974-12-24 00:00:00,3834.2099609375,1
1974-12-25 00:00:00,3896.010009765625,2
1974-12-26 00:00:00,3889.889892578125,3
1974-12-27 00:00:00,3836.929931640625,4
1974-12-30 00:00:00,3836.929931640625,0
1975-01-06 00:00:00,3717.580078125,0
1975-01-07 00:00:00,3742.580078125,1
1975-01-08 00:00:00,3676.02001953125,2
1975-01-09 00:00:00,3652.530029296875,3
1975-01-13 00:00:00,3657.820068359375,0
1975-01-14 00:00:00,3721.75,1
1975-01-16 00:00:00,3741.199951171875,3
1975-01-17 00:00:00,3829.3701171875,4
1975-01-20 00:00:00,3823.320068359375,0
1975-01-21 00:00:00,3791.6201171875,1
1975-01-22 00:00:00,3765.9599609375,2
1975-01-23 00:00:00,3752.159912109375,3
1975-01-24 00:00:00,3747.010009765625,4
1975-01-27 00:00:00,3781.090087890625,0
1975-01-28 00:00:00,3841.97998046875,1
1975-01-29 00:00:00,3886.090087890625,2
1975-01-30 00:00:00,3949.110107421875,3
1975-01-31 00:00:00,3957.530029296875,4
1975-02-03 00:00:00,3998.590087890625,0
1975-02-04 00:00:00,4003.75,1
1975-02-05 00:00:00,4037.780029296875,2
1975-02-06 00:00:00,4038.35009765625,3
1975-02-07 00:00:00,4036.409912109375,4
1975-02-10 00:00:00,4092.300048828125,0
1975-02-12 00:00:00,4094.31005859375,2
1975-02-13 00:00:00,4120.89013671875,3
1975-02-14 00:00:00,4107.6298828125,4
1975-02-17 00:00:00,4139.509765625,0
1975-02-18 00:00:00,4084.929931640625,1
1975-02-19 00:00:00,4053.530029296875,2
1975-02-20 00:00:00,4095.389892578125,3
1975-02-21 00:00:00,4105.0498046875,4
1975-02-24 00:00:00,4182.85986328125,0
1975-02-25 00:00:00,4185.5,1
1975-02-26 00:00:00,4206.31982421875,2
1975-02-27 00:00:00,4246.58984375,3
1975-02-28 00:00:00,4273.39013671875,4
1975-03-03 00:00:00,4302.0400390625,0
1975-03-04 00:00:00,4265.7900390625,1
1975-03-05 00:00:00,4257.419921875,2
1975-03-06 00:00:00,4260.2998046875,3
1975-03-07 00:00:00,4281.0400390625,4
1975-03-10 00:00:00,4330.14013671875,0
1975-03-11 00:00:00,4320.9501953125,1
1975-03-12 00:00:00,4348.06982421875,2
1975-03-13 00:00:00,4301.31982421875,3
1975-03-14 00:00:00,4260.56005859375,4
1975-03-17 00:00:00,4273.2998046875,0
1975-03-18 00:00:00,4293.4599609375,1
1975-03-19 00:00:00,4274.3798828125,2
1975-03-20 00:00:00,4246.97998046875,3
1975-03-24 00:00:00,4226.8701171875,0
1975-03-25 00:00:00,4247.490234375,1
1975-03-26 00:00:00,4260.52001953125,2
1975-03-27 00:00:00,4320.56982421875,3
1975-03-28 00:00:00,4392.6201171875,4
1975-03-31 00:00:00,4484.97021484375,0
1975-04-01 00:00:00,4478.97021484375,1
1975-04-02 00:00:00,4492.2900390625,2
1975-04-03 00:00:00,4494.02978515625,3
1975-04-04 00:00:00,4442.91015625,4
1975-04-07 00:00:00,4394.68017578125,0
1975-04-08 00:00:00,4405.1201171875,1
1975-04-09 00:00:00,4450.9599609375,2
1975-04-10 00:00:00,4461.85986328125,3
1975-04-11 00:00:00,4461.16015625,4
1975-04-14 00:00:00,4473.18017578125,0
1975-04-15 00:00:00,4443.56982421875,1
1975-04-16 00:00:00,4421.64990234375,2
1975-04-17 00:00:00,4422.7099609375,3
1975-04-18 00:00:00,4421.43994140625,4
1975-04-21 00:00:00,4398.6201171875,0
1975-04-22 00:00:00,4355.10986328125,1
1975-04-23 00:00:00,4371.97021484375,2
1975-04-24 00:00:00,4365.33984375,3
1975-04-25 00:00:00,4391.990234375,4
1975-04-28 00:00:00,4474.5,0
1975-04-30 00:00:00,4484.83984375,2
1975-05-01 00:00:00,4504.31005859375,3
1975-05-02 00:00:00,4548.0400390625,4
1975-05-06 00:00:00,4548.39990234375,1
1975-05-07 00:00:00,4546.4599609375,2
1975-05-08 00:00:00,4552.60986328125,3
1975-05-09 00:00:00,4534.8701171875,4
1975-05-12 00:00:00,4564.52001953125,0
1975-05-13 00:00:00,4515.16015625,1
1975-05-14 00:00:00,4522.6298828125,2
1975-05-15 00:00:00,4551.60009765625,3
1975-05-16 00:00:00,4544.97998046875,4
1975-05-19 00:00:00,4511.35986328125,0
1975-05-20 00:00:00,4518.77001953125,1
1975-05-21 00:00:00,4504.68017578125,2
1975-05-22 00:00:00,4521.47998046875,3
1975-05-23 00:00:00,4473.64990234375,4
1975-05-26 00:00:00,4457.3798828125,0
1975-05-27 00:00:00,4469.58984375,1
1975-05-28 00:00:00,4459.16015625,2
1975-05-29 00:00:00,4423.39990234375,3
1975-05-30 00:00:00,4407.72998046875,4
1975-06-02 00:00:00,4378.509765625,0
1975-06-03 00:00:00,4399.93994140625,1
1975-06-04 00:00:00,4466.64013671875,2
1975-06-05 00:00:00,4486.77978515625,3
1975-06-06 00:00:00,4534.66015625,4
1975-06-09 00:00:00,4489.02001953125,0
1975-06-10 00:00:00,4476.0,1
1975-06-11 00:00:00,4490.4599609375,2
1975-06-12 00:00:00,4473.919921875,3
1975-06-13 00:00:00,4468.81982421875,4
1975-06-16 00:00:00,4506.2001953125,0
1975-06-17 00:00:00,4510.22998046875,1
1975-06-18 00:00:00,4498.18994140625,2
1975-06-19 00:00:00,4496.990234375,3
1975-06-20 00:00:00,4488.5498046875,4
1975-06-23 00:00:00,4500.25,0
1975-06-24 00:00:00,4523.68994140625,1
1975-06-25 00:00:00,4515.60986328125,2
1975-06-26 00:00:00,4485.0,3
1975-06-27 00:00:00,4498.10986328125,4
1975-06-30 00:00:00,4532.5400390625,0
1975-07-01 00:00:00,4541.25,1
1975-07-02 00:00:00,4531.43994140625,2
1975-07-03 00:00:00,4491.47021484375,3
1975-07-04 00:00:00,4445.72021484375,4
1975-07-07 00:00:00,4410.60009765625,0
1975-07-08 00:00:00,4389.93017578125,1
1975-07-09 00:00:00,4413.169921875,2
1975-07-10 00:00:00,4408.3701171875,3
1975-07-11 00:00:00,4427.31982421875,4
1975-07-14 00:00:00,4427.5400390625,0
1975-07-15 00:00:00,4432.02001953125,1
1975-07-16 00:00:00,4435.25,2
1975-07-17 00:00:00,4395.72998046875,3
1975-07-18 00:00:00,4377.3701171875,4
1975-07-22 00:00:00,4302.2900390625,1
1975-07-23 00:00:00,4321.47998046875,2
1975-07-24 00:00:00,4306.7998046875,3
1975-07-25 00:00:00,4322.93994140625,4
1975-07-28 00:00:00,4290.9599609375,0
1975-07-29 00:00:00,4329.9501953125,1
1975-07-30 00:00:00,4311.31005859375,2
1975-07-31 00:00:00,4333.0400390625,3
1975-08-01 00:00:00,4292.5498046875,4
1975-08-04 00:00:00,4305.009765625,0
1975-08-05 00:00:00,4259.22998046875,1
1975-08-06 00:00:00,4238.9599609375,2
1975-08-07 00:00:00,4215.8798828125,3
1975-08-08 00:00:00,4244.81005859375,4
1975-08-11 00:00:00,4240.6201171875,0
1975-08-12 00:00:00,4217.490234375,1
1975-08-13 00:00:00,4194.490234375,2
1975-08-14 00:00:00,4205.72998046875,3
1975-08-15 00:00:00,4229.669921875,4
1975-08-18 00:00:00,4238.60009765625,0
1975-08-19 00:00:00,4224.85986328125,1
1975-08-20 00:00:00,4183.97021484375,2
1975-08-21 00:00:00,4159.7900390625,3
1975-08-22 00:00:00,4134.990234375,4
1975-08-25 00:00:00,4098.58984375,0
1975-08-26 00:00:00,4051.0400390625,1
1975-08-27 00:00:00,4036.340087890625,2
1975-08-28 00:00:00,4007.139892578125,3
1975-08-29 00:00:00,4060.570068359375,4
1975-09-01 00:00:00,4045.97998046875,0
1975-09-02 00:00:00,4047.820068359375,1
1975-09-03 00:00:00,4011.35009765625,2
1975-09-04 00:00:00,3949.530029296875,3
1975-09-05 00:00:00,3887.889892578125,4
1975-09-08 00:00:00,3972.800048828125,0
1975-09-09 00:00:00,3947.1201171875,1
1975-09-10 00:00:00,3963.02001953125,2
1975-09-11 00:00:00,4002.889892578125,3
1975-09-12 00:00:00,4027.830078125,4
1975-09-16 00:00:00,4031.75,1
1975-09-17 00:00:00,4024.93994140625,2
1975-09-18 00:00:00,3992.909912109375,3
1975-09-19 00:00:00,3973.7099609375,4
1975-09-22 00:00:00,3934.179931640625,0
1975-09-24 00:00:00,3942.300048828125,2
1975-09-25 00:00:00,3933.320068359375,3
1975-09-26 00:00:00,3895.050048828125,4
1975-09-29 00:00:00,3814.02001953125,0
1975-09-30 00:00:00,3886.389892578125,1
1975-10-01 00:00:00,3870.110107421875,2
1975-10-02 00:00:00,3891.090087890625,3
1975-10-03 00:00:00,3981.530029296875,4
1975-10-06 00:00:00,4101.68017578125,0
1975-10-07 00:00:00,4100.81982421875,1
1975-10-08 00:00:00,4149.5,2
1975-10-09 00:00:00,4201.6201171875,3
1975-10-13 00:00:00,4180.64013671875,0
1975-10-14 00:00:00,4213.81005859375,1
1975-10-15 00:00:00,4234.97021484375,2
1975-10-16 00:00:00,4233.14990234375,3
1975-10-17 00:00:00,4257.85986328125,4
1975-10-20 00:00:00,4289.2001953125,0
1975-10-21 00:00:00,4260.58984375,1
1975-10-22 00:00:00,4294.14990234375,2
1975-10-23 00:00:00,4296.66015625,3
1975-10-24 00:00:00,4311.1201171875,4
1975-10-27 00:00:00,4332.7900390625,0
1975-10-28 00:00:00,4320.10009765625,1
1975-10-29 00:00:00,4360.419921875,2
1975-10-30 00:00:00,4322.330078125,3
1975-10-31 00:00:00,4352.0498046875,4
1975-11-04 00:00:00,4339.47998046875,1
1975-11-05 00:00:00,4306.89990234375,2
1975-11-06 00:00:00,4282.259765625,3
1975-11-07 00:00:00,4322.85009765625,4
1975-11-10 00:00:00,4354.9599609375,0
1975-11-11 00:00:00,4335.39013671875,1
1975-11-12 00:00:00,4337.64990234375,2
1975-11-13 00:00:00,4309.8798828125,3
1975-11-14 00:00:00,4313.77001953125,4
1975-11-17 00:00:00,4312.06982421875,0
1975-11-18 00:00:00,4318.35986328125,1
1975-11-19 00:00:00,4282.39013671875,2
1975-11-20 00:00:00,4307.77001953125,3
1975-11-21 00:00:00,4287.93017578125,4
1975-11-25 00:00:00,4245.39013671875,1
1975-11-26 00:00:00,4301.72021484375,2
1975-11-27 00:00:00,4323.22021484375,3
1975-11-28 00:00:00,4329.77001953125,4
1975-12-01 00:00:00,4306.75,0
1975-12-02 00:00:00,4305.2001953125,1
1975-12-03 00:00:00,4331.8798828125,2
1975-12-04 00:00:00,4307.169921875,3
1975-12-05 00:00:00,4310.0,4
1975-12-08 00:00:00,4267.490234375,0
1975-12-09 00:00:00,4233.02001953125,1
1975-12-10 00:00:00,4249.1201171875,2
1975-12-11 00:00:00,4249.5498046875,3
1975-12-12 00:00:00,4230.2099609375,4
1975-12-15 00:00:00,4225.0498046875,0
1975-12-16 00:00:00,4212.16015625,1
1975-12-17 00:00:00,4177.1201171875,2
1975-12-18 00:00:00,4181.5400390625,3
1975-12-19 00:00:00,4220.25,4
1975-12-22 00:00:00,4235.009765625,0
1975-12-24 00:00:00,4258.2998046875,2
1975-12-25 00:00:00,4310.25,3
1975-12-26 00:00:00,4342.06005859375,4
1975-12-29 00:00:00,4342.06005859375,0
1975-12-30 00:00:00,4342.06005859375,1
1976-01-05 00:00:00,4403.06005859375,0
1976-01-06 00:00:00,4449.7001953125,1
1976-01-07 00:00:00,4469.10009765625,2
1976-01-08 00:00:00,4485.77001953125,3
1976-01-09 00:00:00,4484.0498046875,4
1976-01-12 00:00:00,4580.77001953125,0
1976-01-13 00:00:00,4588.4599609375,1
1976-01-14 00:00:00,4605.18994140625,2
1976-01-16 00:00:00,4629.56005859375,4
1976-01-19 00:00:00,4609.259765625,0
1976-01-20 00:00:00,4627.02001953125,1
1976-01-21 00:00:00,4617.39990234375,2
1976-01-22 00:00:00,4568.16015625,3
1976-01-23 00:00:00,4582.58984375,4
1976-01-26 00:00:00,4639.6201171875,0
1976-01-27 00:00:00,4660.4599609375,1
1976-01-28 00:00:00,4637.41015625,2
1976-01-29 00:00:00,4626.85009765625,3
1976-01-30 00:00:00,4656.85986328125,4
1976-02-02 00:00:00,4670.2900390625,0
1976-02-03 00:00:00,4631.419921875,1
1976-02-04 00:00:00,4649.68994140625,2
1976-02-05 00:00:00,4633.9501953125,3
1976-02-06 00:00:00,4587.77001953125,4
1976-02-09 00:00:00,4519.02001953125,0
1976-02-10 00:00:00,4520.5,1
1976-02-12 00:00:00,4537.7900390625,3
1976-02-13 00:00:00,4568.1298828125,4
1976-02-16 00:00:00,4539.5,0
1976-02-17 00:00:00,4540.5498046875,1
1976-02-18 00:00:00,4506.66015625,2
1976-02-19 00:00:00,4461.6298828125,3
1976-02-20 00:00:00,4489.22998046875,4
1976-02-23 00:00:00,4496.3701171875,0
1976-02-24 00:00:00,4500.52978515625,1
1976-02-25 00:00:00,4554.330078125,2
1976-02-26 00:00:00,4599.39990234375,3
1976-02-27 00:00:00,4628.759765625,4
1976-03-01 00:00:00,4630.52978515625,0
1976-03-02 00:00:00,4622.7099609375,1
1976-03-03 00:00:00,4618.47998046875,2
1976-03-04 00:00:00,4610.27978515625,3
1976-03-05 00:00:00,4612.58984375,4
1976-03-08 00:00:00,4592.5,0
1976-03-09 00:00:00,4587.43994140625,1
1976-03-10 00:00:00,4607.5,2
1976-03-11 00:00:00,4611.22021484375,3
1976-03-12 00:00:00,4598.7900390625,4
1976-03-15 00:00:00,4607.2998046875,0
1976-03-16 00:00:00,4590.91015625,1
1976-03-17 00:00:00,4582.93994140625,2
1976-03-18 00:00:00,4601.8701171875,3
1976-03-19 00:00:00,4610.68994140625,4
1976-03-23 00:00:00,4626.47021484375,1
1976-03-24 00:00:00,4635.4501953125,2
1976-03-25 00:00:00,4622.7001953125,3
1976-03-26 00:00:00,4670.77978515625,4
1976-03-29 00:00:00,4566.7001953125,0
1976-03-30 00:00:00,4552.52978515625,1
1976-03-31 00:00:00,4596.47998046875,2
1976-04-01 00:00:00,4581.81982421875,3
1976-04-02 00:00:00,4574.35986328125,4
1976-04-05 00:00:00,4511.8798828125,0
1976-04-06 00:00:00,4479.97021484375,1
1976-04-07 00:00:00,4522.52978515625,2
1976-04-08 00:00:00,4500.509765625,3
1976-04-09 00:00:00,4464.25,4
1976-04-12 00:00:00,4423.10009765625,0
1976-04-13 00:00:00,4408.2099609375,1
1976-04-14 00:00:00,4413.18994140625,2
1976-04-15 00:00:00,4457.72998046875,3
1976-04-16 00:00:00,4475.10009765625,4
1976-04-19 00:00:00,4477.419921875,0
1976-04-20 00:00:00,4508.7998046875,1
1976-04-21 00:00:00,4535.81982421875,2
1976-04-22 00:00:00,4553.080078125,3
1976-04-23 00:00:00,4573.31005859375,4
1976-04-26 00:00:00,4566.06982421875,0
1976-04-27 00:00:00,4614.93994140625,1
1976-04-28 00:00:00,4641.759765625,2
1976-04-30 00:00:00,4656.9599609375,4
1976-05-06 00:00:00,4581.7099609375,3
1976-05-07 00:00:00,4614.830078125,4
1976-05-10 00:00:00,4631.18017578125,0
1976-05-11 00:00:00,4625.97998046875,1
1976-05-12 00:00:00,4615.10986328125,2
1976-05-13 00:00:00,4648.06005859375,3
1976-05-14 00:00:00,4633.18994140625,4
1976-05-17 00:00:00,4630.6298828125,0
1976-05-18 00:00:00,4573.2900390625,1
1976-05-19 00:00:00,4587.7998046875,2
1976-05-20 00:00:00,4602.6201171875,3
1976-05-21 00:00:00,4581.7001953125,4
1976-05-24 00:00:00,4589.89990234375,0
1976-05-25 00:00:00,4569.080078125,1
1976-05-26 00:00:00,4588.14990234375,2
1976-05-27 00:00:00,4570.72021484375,3
1976-05-28 00:00:00,4608.9501953125,4
1976-05-31 00:00:00,4659.4599609375,0
1976-06-01 00:00:00,4686.0,1
1976-06-02 00:00:00,4706.5,2
1976-06-03 00:00:00,4727.7099609375,3
1976-06-04 00:00:00,4717.33984375,4
1976-06-07 00:00:00,4733.9501953125,0
1976-06-08 00:00:00,4699.9599609375,1
1976-06-09 00:00:00,4705.8798828125,2
1976-06-10 00:00:00,4689.35009765625,3
1976-06-11 00:00:00,4688.52001953125,4
1976-06-14 00:00:00,4707.0498046875,0
1976-06-15 00:00:00,4737.7001953125,1
1976-06-16 00:00:00,4753.43994140625,2
1976-06-17 00:00:00,4737.330078125,3
1976-06-18 00:00:00,4696.2998046875,4
1976-06-21 00:00:00,4739.259765625,0
1976-06-22 00:00:00,4700.85009765625,1
1976-06-23 00:00:00,4703.169921875,2
1976-06-24 00:00:00,4708.52978515625,3
1976-06-25 00:00:00,4725.4501953125,4
1976-06-28 00:00:00,4794.68017578125,0
1976-06-29 00:00:00,4823.919921875,1
1976-06-30 00:00:00,4852.1298828125,2
1976-07-01 00:00:00,4865.5498046875,3
1976-07-02 00:00:00,4853.68017578125,4
1976-07-05 00:00:00,4846.5,0
1976-07-06 00:00:00,4843.27978515625,1
1976-07-07 00:00:00,4854.5400390625,2
1976-07-08 00:00:00,4814.169921875,3
1976-07-09 00:00:00,4839.0,4
1976-07-12 00:00:00,4808.02978515625,0
1976-07-13 00:00:00,4775.39990234375,1
1976-07-14 00:00:00,4746.39013671875,2
1976-07-15 00:00:00,4695.68017578125,3
1976-07-16 00:00:00,4708.47998046875,4
1976-07-19 00:00:00,4688.490234375,0
1976-07-21 00:00:00,4697.08984375,2
1976-07-22 00:00:00,4705.240234375,3
1976-07-23 00:00:00,4721.47998046875,4
1976-07-26 00:00:00,4667.10009765625,0
1976-07-27 00:00:00,4679.509765625,1
1976-07-28 00:00:00,4678.22021484375,2
1976-07-29 00:00:00,4646.60009765625,3
1976-07-30 00:00:00,4641.830078125,4
1976-08-02 00:00:00,4640.89013671875,0
1976-08-03 00:00:00,4651.580078125,1
1976-08-04 00:00:00,4693.97021484375,2
1976-08-05 00:00:00,4707.89990234375,3
1976-08-06 00:00:00,4717.8701171875,4
1976-08-09 00:00:00,4711.89013671875,0
1976-08-10 00:00:00,4725.97998046875,1
1976-08-11 00:00:00,4743.93017578125,2
1976-08-12 00:00:00,4730.77978515625,3
1976-08-13 00:00:00,4736.93017578125,4
1976-08-16 00:00:00,4722.830078125,0
1976-08-17 00:00:00,4729.89990234375,1
1976-08-18 00:00:00,4732.6298828125,2
1976-08-19 00:00:00,4734.06005859375,3
1976-08-20 00:00:00,4716.8701171875,4
1976-08-23 00:00:00,4696.64013671875,0
1976-08-24 00:00:00,4697.31005859375,1
1976-08-25 00:00:00,4695.02978515625,2
1976-08-26 00:00:00,4682.2998046875,3
1976-08-27 00:00:00,4689.60986328125,4
1976-08-30 00:00:00,4696.83984375,0
1976-08-31 00:00:00,4738.14013671875,1
1976-09-01 00:00:00,4786.14990234375,2
1976-09-02 00:00:00,4781.81005859375,3
1976-09-03 00:00:00,4764.83984375,4
1976-09-06 00:00:00,4739.33984375,0
1976-09-07 00:00:00,4700.81005859375,1
1976-09-08 00:00:00,4699.4501953125,2
1976-09-09 00:00:00,4676.56982421875,3
1976-09-10 00:00:00,4707.7001953125,4
1976-09-13 00:00:00,4729.7001953125,0
1976-09-14 00:00:00,4702.83984375,1
1976-09-16 00:00:00,4710.97021484375,3
1976-09-17 00:00:00,4722.89013671875,4
1976-09-20 00:00:00,4726.5498046875,0
1976-09-21 00:00:00,4738.60009765625,1
1976-09-22 00:00:00,4744.5,2
1976-09-24 00:00:00,4730.66015625,4
1976-09-27 00:00:00,4722.06005859375,0
1976-09-28 00:00:00,4781.7900390625,1
1976-09-29 00:00:00,4834.08984375,2
1976-09-30 00:00:00,4830.39990234375,3
1976-10-01 00:00:00,4815.5400390625,4
1976-10-04 00:00:00,4835.27001953125,0
1976-10-05 00:00:00,4829.93994140625,1
1976-10-06 00:00:00,4825.31005859375,2
1976-10-07 00:00:00,4804.60986328125,3
1976-10-08 00:00:00,4778.77978515625,4
1976-10-12 00:00:00,4693.240234375,1
1976-10-13 00:00:00,4704.5,2
1976-10-14 00:00:00,4703.3701171875,3
1976-10-15 00:00:00,4703.3701171875,4
1976-10-18 00:00:00,4684.3701171875,0
1976-10-19 00:00:00,4645.31982421875,1
1976-10-20 00:00:00,4626.990234375,2
1976-10-21 00:00:00,4637.91015625,3
1976-10-22 00:00:00,4618.81005859375,4
1976-10-25 00:00:00,4615.5,0
1976-10-26 00:00:00,4618.52978515625,1
1976-10-27 00:00:00,4633.2001953125,2
1976-10-28 00:00:00,4641.02978515625,3
1976-10-29 00:00:00,4646.27001953125,4
1976-11-01 00:00:00,4645.5400390625,0
1976-11-02 00:00:00,4619.0400390625,1
1976-11-04 00:00:00,4575.740234375,3
1976-11-05 00:00:00,4522.14990234375,4
1976-11-08 00:00:00,4528.60986328125,0
1976-11-09 00:00:00,4558.89990234375,1
1976-11-10 00:00:00,4598.93994140625,2
1976-11-11 00:00:00,4586.919921875,3
1976-11-12 00:00:00,4565.39013671875,4
1976-11-15 00:00:00,4553.16015625,0
1976-11-16 00:00:00,4518.7099609375,1
1976-11-17 00:00:00,4514.18994140625,2
1976-11-18 00:00:00,4459.91015625,3
1976-11-19 00:00:00,4451.6201171875,4
1976-11-22 00:00:00,4478.14013671875,0
1976-11-24 00:00:00,4534.169921875,2
1976-11-25 00:00:00,4561.669921875,3
1976-11-26 00:00:00,4571.27978515625,4
1976-11-29 00:00:00,4541.60986328125,0
1976-11-30 00:00:00,4506.60009765625,1
1976-12-01 00:00:00,4504.77978515625,2
1976-12-02 00:00:00,4496.5,3
1976-12-03 00:00:00,4542.919921875,4
1976-12-06 00:00:00,4585.93994140625,0
1976-12-07 00:00:00,4650.6201171875,1
1976-12-08 00:00:00,4717.580078125,2
1976-12-09 00:00:00,4765.6201171875,3
1976-12-10 00:00:00,4765.2998046875,4
1976-12-13 00:00:00,4751.490234375,0
1976-12-14 00:00:00,4731.0498046875,1
1976-12-15 00:00:00,4764.02978515625,2
1976-12-16 00:00:00,4765.06982421875,3
1976-12-17 00:00:00,4793.85009765625,4
1976-12-20 00:00:00,4820.10986328125,0
1976-12-21 00:00:00,4863.52978515625,1
1976-12-22 00:00:00,4911.830078125,2
1976-12-24 00:00:00,4900.18994140625,4
1976-12-27 00:00:00,4973.68994140625,0
1976-12-28 00:00:00,4990.85009765625,1
1976-12-29 00:00:00,4990.85009765625,2
1976-12-30 00:00:00,4990.85009765625,3
1977-01-04 00:00:00,4998.85009765625,1
1977-01-05 00:00:00,4983.56982421875,2
1977-01-06 00:00:00,4950.77001953125,3
1977-01-07 00:00:00,4960.22021484375,4
1977-01-11 00:00:00,4937.06982421875,1
1977-01-12 00:00:00,4928.02001953125,2
1977-01-13 00:00:00,4958.009765625,3
1977-01-14 00:00:00,4994.81982421875,4
1977-01-17 00:00:00,4983.009765625,0
1977-01-18 00:00:00,4942.81005859375,1
1977-01-19 00:00:00,4989.509765625,2
1977-01-20 00:00:00,4992.259765625,3
1977-01-21 00:00:00,5011.93017578125,4
1977-01-24 00:00:00,5054.10986328125,0
1977-01-25 00:00:00,5044.5498046875,1
1977-01-26 00:00:00,5073.0,2
1977-01-27 00:00:00,5046.0,3
1977-01-28 00:00:00,5041.009765625,4
1977-01-31 00:00:00,4962.47021484375,0
1977-02-01 00:00:00,5008.31982421875,1
1977-02-02 00:00:00,5071.97021484375,2
1977-02-03 00:00:00,5046.60009765625,3
1977-02-04 00:00:00,5065.27978515625,4
1977-02-07 00:00:00,5078.75,0
1977-02-08 00:00:00,5086.7001953125,1
1977-02-09 00:00:00,5068.10986328125,2
1977-02-10 00:00:00,5053.919921875,3
1977-02-14 00:00:00,4979.02978515625,0
1977-02-15 00:00:00,4987.7998046875,1
1977-02-16 00:00:00,5014.169921875,2
1977-02-17 00:00:00,5056.5,3
1977-02-18 00:00:00,5037.93017578125,4
1977-02-21 00:00:00,5037.93017578125,0
1977-02-22 00:00:00,5023.52001953125,1
1977-02-23 00:00:00,5024.580078125,2
1977-02-24 00:00:00,5037.91015625,3
1977-02-25 00:00:00,5041.7099609375,4
1977-02-28 00:00:00,5041.7099609375,0
1977-03-01 00:00:00,5044.16015625,1
1977-03-02 00:00:00,5073.64990234375,2
1977-03-03 00:00:00,5057.64990234375,3
1977-03-04 00:00:00,5056.89013671875,4
1977-03-07 00:00:00,5056.89013671875,0
1977-03-08 00:00:00,5034.52001953125,1
1977-03-09 00:00:00,5009.5400390625,2
1977-03-10 00:00:00,5011.14013671875,3
1977-03-11 00:00:00,5111.52001953125,4
1977-03-14 00:00:00,5111.52001953125,0
1977-03-15 00:00:00,4962.60009765625,1
1977-03-16 00:00:00,4997.06005859375,2
1977-03-17 00:00:00,4998.60986328125,3
1977-03-18 00:00:00,4988.85009765625,4
1977-03-22 00:00:00,4988.85009765625,1
1977-03-23 00:00:00,4989.08984375,2
1977-03-24 00:00:00,4978.33984375,3
1977-03-25 00:00:00,4961.7998046875,4
1977-03-28 00:00:00,4961.7998046875,0
1977-03-29 00:00:00,4978.25,1
1977-03-30 00:00:00,4987.990234375,2
1977-03-31 00:00:00,5011.75,3
1977-04-01 00:00:00,5008.3798828125,4
1977-04-04 00:00:00,5008.3798828125,0
1977-04-05 00:00:00,4970.68017578125,1
1977-04-06 00:00:00,4879.52978515625,2
1977-04-07 00:00:00,4893.31982421875,3
1977-04-08 00:00:00,4870.240234375,4
1977-04-11 00:00:00,4870.240234375,0
1977-04-12 00:00:00,4926.56005859375,1
1977-04-13 00:00:00,4969.0,2
1977-04-14 00:00:00,5011.60009765625,3
1977-04-15 00:00:00,5021.1298828125,4
1977-04-18 00:00:00,5021.1298828125,0
1977-04-19 00:00:00,5034.77001953125,1
1977-04-20 00:00:00,5075.43017578125,2
1977-04-21 00:00:00,5118.43994140625,3
1977-04-22 00:00:00,5157.06982421875,4
1977-04-25 00:00:00,5157.06982421875,0
1977-04-26 00:00:00,5102.89990234375,1
1977-04-27 00:00:00,5092.89990234375,2
1977-04-28 00:00:00,5091.9599609375,3
1977-05-02 00:00:00,5099.0498046875,0
1977-05-06 00:00:00,5141.85986328125,4
1977-05-09 00:00:00,5141.85986328125,0
1977-05-10 00:00:00,5124.2099609375,1
1977-05-11 00:00:00,5088.56982421875,2
1977-05-12 00:00:00,5079.60986328125,3
1977-05-13 00:00:00,5048.990234375,4
1977-05-16 00:00:00,5048.990234375,0
1977-05-17 00:00:00,5044.509765625,1
1977-05-18 00:00:00,5036.080078125,2
1977-05-19 00:00:00,5032.85986328125,3
1977-05-20 00:00:00,5024.3798828125,4
1977-05-23 00:00:00,5024.3798828125,0
1977-05-24 00:00:00,5027.60986328125,1
1977-05-25 00:00:00,5023.8798828125,2
1977-05-26 00:00:00,5022.0400390625,3
1977-05-27 00:00:00,4989.27001953125,4
1977-05-30 00:00:00,4989.27001953125,0
1977-05-31 00:00:00,4986.2998046875,1
1977-06-01 00:00:00,5053.39990234375,2
1977-06-02 00:00:00,5014.5,3
1977-06-03 00:00:00,4992.16015625,4
1977-06-06 00:00:00,4992.16015625,0
1977-06-07 00:00:00,5012.06005859375,1
1977-06-08 00:00:00,4965.43017578125,2
1977-06-09 00:00:00,4954.830078125,3
1977-06-10 00:00:00,4955.2998046875,4
1977-06-13 00:00:00,4955.2998046875,0
1977-06-14 00:00:00,4926.490234375,1
1977-06-15 00:00:00,4913.68017578125,2
1977-06-16 00:00:00,4918.56982421875,3
1977-06-17 00:00:00,4970.18994140625,4
1977-06-20 00:00:00,4970.18994140625,0
1977-06-21 00:00:00,4973.919921875,1
1977-06-22 00:00:00,4956.64013671875,2
1977-06-23 00:00:00,4935.25,3
1977-06-24 00:00:00,4950.5498046875,4
1977-06-27 00:00:00,4950.5498046875,0
1977-06-28 00:00:00,4999.52978515625,1
1977-06-29 00:00:00,5006.7900390625,2
1977-06-30 00:00:00,4989.08984375,3
1977-07-01 00:00:00,4969.14990234375,4
1977-07-04 00:00:00,4969.14990234375,0
1977-07-05 00:00:00,4977.97998046875,1
1977-07-06 00:00:00,4942.509765625,2
1977-07-07 00:00:00,4972.490234375,3
1977-07-08 00:00:00,4985.4599609375,4
1977-07-11 00:00:00,4985.4599609375,0
1977-07-12 00:00:00,5079.27001953125,1
1977-07-13 00:00:00,5057.9501953125,2
1977-07-14 00:00:00,5054.5400390625,3
1977-07-15 00:00:00,5028.77978515625,4
1977-07-18 00:00:00,5028.77978515625,0
1977-07-19 00:00:00,5001.02001953125,1
1977-07-21 00:00:00,4963.4501953125,3
1977-07-22 00:00:00,4970.580078125,4
1977-07-25 00:00:00,4970.580078125,0
1977-07-26 00:00:00,4936.39013671875,1
1977-07-27 00:00:00,4916.56982421875,2
1977-07-28 00:00:00,4903.93994140625,3
1977-07-29 00:00:00,4849.35009765625,4
1977-08-01 00:00:00,4975.5,0
1977-08-02 00:00:00,4970.7099609375,1
1977-08-03 00:00:00,5011.740234375,2
1977-08-04 00:00:00,5059.1298828125,3
1977-08-05 00:00:00,5061.33984375,4
1977-08-08 00:00:00,5061.33984375,0
1977-08-09 00:00:00,5076.08984375,1
1977-08-10 00:00:00,5066.64013671875,2
1977-08-11 00:00:00,5092.7900390625,3
1977-08-12 00:00:00,5133.990234375,4
1977-08-15 00:00:00,5133.990234375,0
1977-08-16 00:00:00,5202.009765625,1
1977-08-17 00:00:00,5231.580078125,2
1977-08-18 00:00:00,5216.02001953125,3
1977-08-19 00:00:00,5220.259765625,4
1977-08-22 00:00:00,5220.259765625,0
1977-08-23 00:00:00,5165.0400390625,1
1977-08-24 00:00:00,5183.60009765625,2
1977-08-25 00:00:00,5150.240234375,3
1977-08-26 00:00:00,5180.35986328125,4
1977-08-29 00:00:00,5180.35986328125,0
1977-08-30 00:00:00,5234.18017578125,1
1977-08-31 00:00:00,5242.93017578125,2
1977-09-01 00:00:00,5148.68017578125,3
1977-09-02 00:00:00,5238.60009765625,4
1977-09-05 00:00:00,5238.60009765625,0
1977-09-06 00:00:00,5287.64990234375,1
1977-09-07 00:00:00,5270.77001953125,2
1977-09-08 00:00:00,5280.31005859375,3
1977-09-09 00:00:00,5251.330078125,4
1977-09-12 00:00:00,5251.330078125,0
1977-09-13 00:00:00,5203.16015625,1
1977-09-14 00:00:00,5201.93017578125,2
1977-09-16 00:00:00,5206.169921875,4
1977-09-19 00:00:00,5206.169921875,0
1977-09-20 00:00:00,5177.7099609375,1
1977-09-21 00:00:00,5196.08984375,2
1977-09-22 00:00:00,5188.490234375,3
1977-09-26 00:00:00,5157.2998046875,0
1977-09-27 00:00:00,5159.77001953125,1
1977-09-28 00:00:00,5185.0,2
1977-09-29 00:00:00,5222.4501953125,3
1977-09-30 00:00:00,5264.740234375,4
1977-10-03 00:00:00,5264.740234375,0
1977-10-04 00:00:00,5262.259765625,1
1977-10-05 00:00:00,5223.08984375,2
1977-10-06 00:00:00,5246.490234375,3
1977-10-07 00:00:00,5237.43017578125,4
1977-10-11 00:00:00,5237.43017578125,1
1977-10-12 00:00:00,5138.06005859375,2
1977-10-13 00:00:00,5188.39013671875,3
1977-10-14 00:00:00,5152.85986328125,4
1977-10-17 00:00:00,5152.85986328125,0
1977-10-18 00:00:00,5108.27978515625,1
1977-10-19 00:00:00,5110.7998046875,2
1977-10-20 00:00:00,5142.580078125,3
1977-10-21 00:00:00,5150.0498046875,4
1977-10-24 00:00:00,5150.0498046875,0
1977-10-25 00:00:00,5134.14990234375,1
1977-10-26 00:00:00,5127.56005859375,2
1977-10-27 00:00:00,5121.5400390625,3
1977-10-28 00:00:00,5120.52001953125,4
1977-10-31 00:00:00,5120.52001953125,0
1977-11-01 00:00:00,5155.330078125,1
1977-11-02 00:00:00,5021.080078125,2
1977-11-04 00:00:00,5024.81982421875,4
1977-11-07 00:00:00,5024.81982421875,0
1977-11-08 00:00:00,5024.27978515625,1
1977-11-09 00:00:00,4976.43017578125,2
1977-11-10 00:00:00,4974.64990234375,3
1977-11-11 00:00:00,4941.2099609375,4
1977-11-14 00:00:00,4941.2099609375,0
1977-11-15 00:00:00,4996.35009765625,1
1977-11-16 00:00:00,4951.7900390625,2
1977-11-17 00:00:00,4903.5,3
1977-11-18 00:00:00,4836.52001953125,4
1977-11-21 00:00:00,4836.52001953125,0
1977-11-22 00:00:00,4829.22998046875,1
1977-11-24 00:00:00,4723.740234375,3
1977-11-25 00:00:00,4597.259765625,4
1977-11-28 00:00:00,4597.259765625,0
1977-11-29 00:00:00,4822.5,1
1977-11-30 00:00:00,4849.56005859375,2
1977-12-01 00:00:00,4898.009765625,3
1977-12-02 00:00:00,4913.1201171875,4
1977-12-05 00:00:00,4913.1201171875,0
1977-12-06 00:00:00,4904.39990234375,1
1977-12-07 00:00:00,4886.68017578125,2
1977-12-08 00:00:00,4815.919921875,3
1977-12-09 00:00:00,4843.330078125,4
1977-12-12 00:00:00,4843.330078125,0
1977-12-13 00:00:00,4808.97021484375,1
1977-12-14 00:00:00,4778.52978515625,2
1977-12-15 00:00:00,4808.97021484375,3
1977-12-16 00:00:00,4797.0400390625,4
1977-12-19 00:00:00,4797.0400390625,0
1977-12-20 00:00:00,4910.5400390625,1
1977-12-21 00:00:00,4901.18994140625,2
1977-12-22 00:00:00,4896.56005859375,3
1977-12-26 00:00:00,4878.93994140625,0
1977-12-27 00:00:00,4884.759765625,1
1977-12-28 00:00:00,4863.009765625,2
1977-12-29 00:00:00,4863.009765625,3
1977-12-30 00:00:00,4863.009765625,4
1978-01-04 00:00:00,4867.91015625,2
1978-01-05 00:00:00,4941.18017578125,3
1978-01-06 00:00:00,4974.64990234375,4
1978-01-09 00:00:00,4994.72998046875,0
1978-01-11 00:00:00,5007.22998046875,2
1978-01-12 00:00:00,4995.97998046875,3
1978-01-13 00:00:00,5030.97998046875,4
1978-01-17 00:00:00,5038.919921875,1
1978-01-18 00:00:00,5063.10986328125,2
1978-01-19 00:00:00,5066.14990234375,3
1978-01-20 00:00:00,5064.10009765625,4
1978-01-23 00:00:00,5046.240234375,0
1978-01-24 00:00:00,5025.89013671875,1
1978-01-25 00:00:00,5007.22998046875,2
1978-01-26 00:00:00,5021.509765625,3
1978-01-27 00:00:00,5028.41015625,4
1978-01-30 00:00:00,5077.5400390625,0
1978-01-31 00:00:00,5111.669921875,1
1978-02-01 00:00:00,5138.47021484375,2
1978-02-02 00:00:00,5135.33984375,3
1978-02-03 00:00:00,5129.0,4
1978-02-06 00:00:00,5133.02001953125,0
1978-02-07 00:00:00,5131.31982421875,1
1978-02-08 00:00:00,5144.6298828125,2
1978-02-09 00:00:00,5148.1201171875,3
1978-02-10 00:00:00,5144.5400390625,4
1978-02-13 00:00:00,5158.2998046875,0
1978-02-14 00:00:00,5136.22998046875,1
1978-02-15 00:00:00,5124.6201171875,2
1978-02-16 00:00:00,5131.9501953125,3
1978-02-17 00:00:00,5086.2998046875,4
1978-02-20 00:00:00,5086.2998046875,0
1978-02-21 00:00:00,5061.81982421875,1
1978-02-22 00:00:00,5085.39990234375,2
1978-02-23 00:00:00,5104.25,3
1978-02-24 00:00:00,5121.7998046875,4
1978-02-27 00:00:00,5222.1201171875,0
1978-02-28 00:00:00,5222.66015625,1
1978-03-01 00:00:00,5210.580078125,2
1978-03-02 00:00:00,5213.89013671875,3
1978-03-03 00:00:00,5237.9599609375,4
1978-03-06 00:00:00,5197.8701171875,0
1978-03-07 00:00:00,5209.240234375,1
1978-03-08 00:00:00,5190.6201171875,2
1978-03-09 00:00:00,5177.47021484375,3
1978-03-10 00:00:00,5211.740234375,4
1978-03-13 00:00:00,5275.5498046875,0
1978-03-14 00:00:00,5269.2001953125,1
1978-03-15 00:00:00,5278.9501953125,2
1978-03-16 00:00:00,5297.66015625,3
1978-03-17 00:00:00,5290.669921875,4
1978-03-20 00:00:00,5269.72998046875,0
1978-03-22 00:00:00,5273.669921875,2
1978-03-23 00:00:00,5266.77978515625,3
1978-03-24 00:00:00,5262.47998046875,4
1978-03-27 00:00:00,5317.080078125,0
1978-03-28 00:00:00,5360.33984375,1
1978-03-29 00:00:00,5400.77001953125,2
1978-03-30 00:00:00,5411.27978515625,3
1978-03-31 00:00:00,5447.759765625,4
1978-04-03 00:00:00,5430.330078125,0
1978-04-04 00:00:00,5479.740234375,1
1978-04-05 00:00:00,5527.89990234375,2
1978-04-06 00:00:00,5498.25,3
1978-04-07 00:00:00,5485.22021484375,4
1978-04-10 00:00:00,5464.830078125,0
1978-04-11 00:00:00,5449.81982421875,1
1978-04-12 00:00:00,5464.64990234375,2
1978-04-13 00:00:00,5466.18017578125,3
1978-04-14 00:00:00,5503.5498046875,4
1978-04-17 00:00:00,5544.60986328125,0
1978-04-18 00:00:00,5534.72021484375,1
1978-04-19 00:00:00,5555.83984375,2
1978-04-20 00:00:00,5548.56005859375,3
1978-04-21 00:00:00,5502.2900390625,4
1978-04-24 00:00:00,5514.77978515625,0
1978-04-25 00:00:00,5521.7001953125,1
1978-04-26 00:00:00,5540.56005859375,2
1978-04-27 00:00:00,5516.33984375,3
1978-04-28 00:00:00,5534.18017578125,4
1978-05-01 00:00:00,5532.93017578125,0
1978-05-02 00:00:00,5541.10009765625,1
1978-05-08 00:00:00,5526.64013671875,0
1978-05-09 00:00:00,5490.25,1
1978-05-10 00:00:00,5486.1201171875,2
1978-05-11 00:00:00,5489.259765625,3
1978-05-12 00:00:00,5497.97998046875,4
1978-05-15 00:00:00,5499.509765625,0
1978-05-16 00:00:00,5418.830078125,1
1978-05-17 00:00:00,5440.1201171875,2
1978-05-18 00:00:00,5406.8798828125,3
1978-05-19 00:00:00,5404.18994140625,4
1978-05-22 00:00:00,5408.22998046875,0
1978-05-23 00:00:00,5417.47998046875,1
1978-05-24 00:00:00,5455.31005859375,2
1978-05-25 00:00:00,5455.93017578125,3
1978-05-26 00:00:00,5439.39990234375,4
1978-05-29 00:00:00,5439.93994140625,0
1978-05-30 00:00:00,5438.509765625,1
1978-05-31 00:00:00,5469.77001953125,2
1978-06-01 00:00:00,5476.240234375,3
1978-06-02 00:00:00,5480.5498046875,4
1978-06-05 00:00:00,5495.27978515625,0
1978-06-06 00:00:00,5489.7998046875,1
1978-06-07 00:00:00,5490.43017578125,2
1978-06-08 00:00:00,5504.72021484375,3
1978-06-09 00:00:00,5500.669921875,4
1978-06-12 00:00:00,5511.990234375,0
1978-06-13 00:00:00,5493.669921875,1
1978-06-14 00:00:00,5502.10986328125,2
1978-06-15 00:00:00,5495.91015625,3
1978-06-16 00:00:00,5491.509765625,4
1978-06-19 00:00:00,5477.31982421875,0
1978-06-20 00:00:00,5474.7998046875,1
1978-06-21 00:00:00,5478.83984375,2
1978-06-22 00:00:00,5483.8701171875,3
1978-06-23 00:00:00,5481.35986328125,4
1978-06-26 00:00:00,5481.27001953125,0
1978-06-27 00:00:00,5472.10009765625,1
1978-06-28 00:00:00,5501.0400390625,2
1978-06-29 00:00:00,5533.31005859375,3
1978-06-30 00:00:00,5543.14013671875,4
1978-07-03 00:00:00,5562.97021484375,0
1978-07-04 00:00:00,5562.009765625,1
1978-07-05 00:00:00,5576.33984375,2
1978-07-06 00:00:00,5588.1298828125,3
1978-07-07 00:00:00,5616.89013671875,4
1978-07-10 00:00:00,5631.39990234375,0
1978-07-11 00:00:00,5628.31982421875,1
1978-07-12 00:00:00,5627.259765625,2
1978-07-13 00:00:00,5624.18994140625,3
1978-07-14 00:00:00,5629.2001953125,4
1978-07-17 00:00:00,5636.85009765625,0
1978-07-18 00:00:00,5636.14990234375,1
1978-07-19 00:00:00,5640.6298828125,2
1978-07-21 00:00:00,5614.25,4
1978-07-24 00:00:00,5578.009765625,0
1978-07-25 00:00:00,5562.4501953125,1
1978-07-26 00:00:00,5575.2900390625,2
1978-07-27 00:00:00,5575.10986328125,3
1978-07-28 00:00:00,5578.02001953125,4
1978-07-31 00:00:00,5601.33984375,0
1978-08-01 00:00:00,5585.41015625,1
1978-08-02 00:00:00,5550.81982421875,2
1978-08-03 00:00:00,5556.72021484375,3
1978-08-04 00:00:00,5576.60986328125,4
1978-08-07 00:00:00,5557.9501953125,0
1978-08-08 00:00:00,5492.2099609375,1
1978-08-09 00:00:00,5480.77001953125,2
1978-08-10 00:00:00,5496.7900390625,3
1978-08-11 00:00:00,5502.60009765625,4
1978-08-14 00:00:00,5508.14013671875,0
1978-08-15 00:00:00,5493.97021484375,1
1978-08-16 00:00:00,5497.93017578125,2
1978-08-17 00:00:00,5489.66015625,3
1978-08-18 00:00:00,5495.56005859375,4
1978-08-21 00:00:00,5513.330078125,0
1978-08-22 00:00:00,5518.8798828125,1
1978-08-23 00:00:00,5520.72998046875,2
1978-08-24 00:00:00,5503.740234375,3
1978-08-25 00:00:00,5510.43017578125,4
1978-08-28 00:00:00,5506.1201171875,0
1978-08-29 00:00:00,5527.77001953125,1
1978-08-30 00:00:00,5557.419921875,2
1978-08-31 00:00:00,5585.41015625,3
1978-09-01 00:00:00,5599.580078125,4
1978-09-04 00:00:00,5637.68017578125,0
1978-09-05 00:00:00,5641.3798828125,1
1978-09-06 00:00:00,5637.240234375,2
1978-09-07 00:00:00,5651.240234375,3
1978-09-08 00:00:00,5610.31005859375,4
1978-09-11 00:00:00,5640.240234375,0
1978-09-12 00:00:00,5662.06005859375,1
1978-09-13 00:00:00,5661.89013671875,2
1978-09-14 00:00:00,5660.2998046875,3
1978-09-18 00:00:00,5672.35986328125,0
1978-09-19 00:00:00,5652.91015625,1
1978-09-20 00:00:00,5622.10986328125,2
1978-09-21 00:00:00,5623.509765625,3
1978-09-22 00:00:00,5637.16015625,4
1978-09-25 00:00:00,5662.06005859375,0
1978-09-26 00:00:00,5693.919921875,1
1978-09-27 00:00:00,5738.27001953125,2
1978-09-28 00:00:00,5754.2099609375,3
1978-09-29 00:00:00,5772.35986328125,4
1978-10-02 00:00:00,5780.85986328125,0
1978-10-03 00:00:00,5779.52978515625,1
1978-10-04 00:00:00,5787.85009765625,2
1978-10-05 00:00:00,5790.77001953125,3
1978-10-06 00:00:00,5792.5400390625,4
1978-10-09 00:00:00,5758.89990234375,0
1978-10-11 00:00:00,5757.56982421875,2
1978-10-12 00:00:00,5731.89013671875,3
1978-10-13 00:00:00,5727.91015625,4
1978-10-16 00:00:00,5797.06005859375,0
1978-10-17 00:00:00,5837.6298828125,1
1978-10-18 00:00:00,5857.91015625,2
1978-10-19 00:00:00,5872.52978515625,3
1978-10-20 00:00:00,5873.419921875,4
1978-10-23 00:00:00,5860.22021484375,0
1978-10-24 00:00:00,5811.31982421875,1
1978-10-25 00:00:00,5834.85986328125,2
1978-10-26 00:00:00,5836.97998046875,3
1978-10-27 00:00:00,5887.31982421875,4
1978-10-30 00:00:00,5926.81982421875,0
1978-10-31 00:00:00,5902.93017578125,1
1978-11-01 00:00:00,5872.419921875,2
1978-11-02 00:00:00,5895.8701171875,3
1978-11-06 00:00:00,5936.169921875,0
1978-11-07 00:00:00,5943.93017578125,1
1978-11-08 00:00:00,5957.93994140625,2
1978-11-09 00:00:00,5948.25,3
1978-11-10 00:00:00,5968.259765625,4
1978-11-13 00:00:00,5973.3701171875,0
1978-11-14 00:00:00,5942.8701171875,1
1978-11-15 00:00:00,5900.18017578125,2
1978-11-16 00:00:00,5919.68017578125,3
1978-11-17 00:00:00,5933.89013671875,4
1978-11-20 00:00:00,5945.97998046875,0
1978-11-21 00:00:00,5955.33984375,1
1978-11-22 00:00:00,5978.81982421875,2
1978-11-24 00:00:00,5985.43994140625,4
1978-11-27 00:00:00,5979.43994140625,0
1978-11-28 00:00:00,5945.27978515625,1
1978-11-29 00:00:00,5946.77978515625,2
1978-11-30 00:00:00,5967.43017578125,3
1978-12-01 00:00:00,6002.740234375,4
1978-12-04 00:00:00,6056.580078125,0
1978-12-05 00:00:00,6052.68994140625,1
1978-12-06 00:00:00,6050.93017578125,2
1978-12-07 00:00:00,6060.3701171875,3
1978-12-08 00:00:00,6074.93017578125,4
1978-12-11 00:00:00,6097.0,0
1978-12-12 00:00:00,6079.259765625,1
1978-12-13 00:00:00,6097.259765625,2
1978-12-14 00:00:00,6083.93994140625,3
1978-12-15 00:00:00,6030.35986328125,4
1978-12-18 00:00:00,5978.4599609375,0
1978-12-19 00:00:00,5983.31982421875,1
1978-12-20 00:00:00,5974.669921875,2
1978-12-21 00:00:00,5873.169921875,3
1978-12-22 00:00:00,5884.2900390625,4
1978-12-25 00:00:00,5888.35009765625,0
1978-12-26 00:00:00,5925.60009765625,1
1978-12-27 00:00:00,5979.080078125,2
1978-12-28 00:00:00,6001.85009765625,3
1978-12-29 00:00:00,6001.85009765625,4
1979-01-04 00:00:00,6041.56982421875,3
1979-01-05 00:00:00,6072.2900390625,4
1979-01-08 00:00:00,6076.8798828125,0
1979-01-09 00:00:00,6081.08984375,1
1979-01-10 00:00:00,6100.35009765625,2
1979-01-11 00:00:00,6116.3701171875,3
1979-01-12 00:00:00,6113.490234375,4
1979-01-16 00:00:00,6118.0400390625,1
1979-01-17 00:00:00,6111.81982421875,2
1979-01-18 00:00:00,6106.56982421875,3
1979-01-19 00:00:00,6106.1298828125,4
1979-01-22 00:00:00,6107.6201171875,0
1979-01-23 00:00:00,6126.009765625,1
1979-01-24 00:00:00,6150.9599609375,2
1979-01-25 00:00:00,6157.7099609375,3
1979-01-26 00:00:00,6160.7099609375,4
1979-01-29 00:00:00,6192.2900390625,0
1979-01-30 00:00:00,6186.080078125,1
1979-01-31 00:00:00,6212.77978515625,2
1979-02-01 00:00:00,6200.0,3
1979-02-02 00:00:00,6187.2998046875,4
1979-02-05 00:00:00,6148.85986328125,0
1979-02-06 00:00:00,6095.18017578125,1
1979-02-07 00:00:00,6106.0400390625,2
1979-02-08 00:00:00,6100.7001953125,3
1979-02-09 00:00:00,6036.60009765625,4
1979-02-13 00:00:00,6023.64013671875,1
1979-02-14 00:00:00,6061.02978515625,2
1979-02-15 00:00:00,6101.93017578125,3
1979-02-16 00:00:00,6128.89990234375,4
1979-02-19 00:00:00,6124.9599609375,0
1979-02-20 00:00:00,6116.10986328125,1
1979-02-21 00:00:00,6097.3701171875,2
1979-02-22 00:00:00,6105.830078125,3
1979-02-23 00:00:00,6080.93994140625,4
1979-02-26 00:00:00,6089.1201171875,0
1979-02-27 00:00:00,6065.2900390625,1
1979-02-28 00:00:00,6072.8798828125,2
1979-03-01 00:00:00,5975.56005859375,3
1979-03-02 00:00:00,5972.93994140625,4
1979-03-05 00:00:00,6014.22998046875,0
1979-03-06 00:00:00,5992.83984375,1
1979-03-07 00:00:00,6017.27978515625,2
1979-03-08 00:00:00,6026.009765625,3
1979-03-09 00:00:00,6042.93994140625,4
1979-03-12 00:00:00,6062.580078125,0
1979-03-13 00:00:00,6058.2998046875,1
1979-03-14 00:00:00,6048.009765625,2
1979-03-15 00:00:00,6024.52978515625,3
1979-03-16 00:00:00,6025.75,4
1979-03-19 00:00:00,6029.85009765625,0
1979-03-20 00:00:00,6053.77001953125,1
1979-03-22 00:00:00,6074.7099609375,3
1979-03-23 00:00:00,6079.85986328125,4
1979-03-26 00:00:00,6101.60009765625,0
1979-03-27 00:00:00,6109.02001953125,1
1979-03-28 00:00:00,6108.2998046875,2
1979-03-29 00:00:00,6136.02001953125,3
1979-03-30 00:00:00,6133.97021484375,4
1979-04-02 00:00:00,6088.990234375,0
1979-04-03 00:00:00,6035.06982421875,1
1979-04-04 00:00:00,6039.18017578125,2
1979-04-05 00:00:00,6049.0,3
1979-04-06 00:00:00,6049.990234375,4
1979-04-09 00:00:00,6010.97998046875,0
1979-04-10 00:00:00,5925.8701171875,1
1979-04-11 00:00:00,6043.02978515625,2
1979-04-12 00:00:00,6071.009765625,3
1979-04-13 00:00:00,6115.669921875,4
1979-04-16 00:00:00,6110.02001953125,0
1979-04-17 00:00:00,6078.6201171875,1
1979-04-18 00:00:00,6058.6298828125,2
1979-04-19 00:00:00,6064.8701171875,3
1979-04-20 00:00:00,6102.97021484375,4
1979-04-23 00:00:00,6120.52001953125,0
1979-04-24 00:00:00,6139.169921875,1
1979-04-25 00:00:00,6178.77978515625,2
1979-04-26 00:00:00,6193.9599609375,3
1979-04-27 00:00:00,6223.14013671875,4
1979-05-01 00:00:00,6236.919921875,1
1979-05-02 00:00:00,6277.60009765625,2
1979-05-04 00:00:00,6286.10009765625,4
1979-05-07 00:00:00,6253.56005859375,0
1979-05-08 00:00:00,6236.81982421875,1
1979-05-09 00:00:00,6248.8798828125,2
1979-05-10 00:00:00,6264.0400390625,3
1979-05-11 00:00:00,6274.1201171875,4
1979-05-14 00:00:00,6296.919921875,0
1979-05-15 00:00:00,6308.8798828125,1
1979-05-16 00:00:00,6341.259765625,2
1979-05-17 00:00:00,6287.0,3
1979-05-18 00:00:00,6315.47998046875,4
1979-05-21 00:00:00,6306.72021484375,0
1979-05-22 00:00:00,6263.580078125,1
1979-05-23 00:00:00,6233.52978515625,2
1979-05-24 00:00:00,6300.4501953125,3
1979-05-25 00:00:00,6313.81982421875,4
1979-05-28 00:00:00,6332.8798828125,0
1979-05-29 00:00:00,6293.0400390625,1
1979-05-30 00:00:00,6307.4501953125,2
1979-05-31 00:00:00,6252.58984375,3
1979-06-01 00:00:00,6176.93017578125,4
1979-06-04 00:00:00,6198.7099609375,0
1979-06-05 00:00:00,6123.9599609375,1
1979-06-06 00:00:00,6175.64990234375,2
1979-06-07 00:00:00,6186.259765625,3
1979-06-08 00:00:00,6176.56005859375,4
1979-06-11 00:00:00,6065.18994140625,0
1979-06-12 00:00:00,6097.16015625,1
1979-06-13 00:00:00,6120.31005859375,2
1979-06-14 00:00:00,6100.5400390625,3
1979-06-15 00:00:00,6143.93994140625,4
1979-06-18 00:00:00,6188.2099609375,0
1979-06-19 00:00:00,6186.4501953125,1
1979-06-20 00:00:00,6200.75,2
1979-06-21 00:00:00,6248.47021484375,3
1979-06-22 00:00:00,6247.5400390625,4
1979-06-25 00:00:00,6239.83984375,0
1979-06-26 00:00:00,6240.58984375,1
1979-06-27 00:00:00,6258.0400390625,2
1979-06-28 00:00:00,6250.0400390625,3
1979-06-29 00:00:00,6247.259765625,4
1979-07-02 00:00:00,6283.14013671875,0
1979-07-03 00:00:00,6303.080078125,1
1979-07-04 00:00:00,6310.02978515625,2
1979-07-05 00:00:00,6292.419921875,3
1979-07-06 00:00:00,6280.10986328125,4
1979-07-09 00:00:00,6258.7099609375,0
1979-07-10 00:00:00,6177.2099609375,1
1979-07-11 00:00:00,6207.56982421875,2
1979-07-12 00:00:00,6154.81005859375,3
1979-07-13 00:00:00,6109.2998046875,4
1979-07-16 00:00:00,6188.72998046875,0
1979-07-17 00:00:00,6181.66015625,1
1979-07-18 00:00:00,6181.2998046875,2
1979-07-19 00:00:00,6180.2998046875,3
1979-07-20 00:00:00,6179.89990234375,4
1979-07-23 00:00:00,6180.41015625,0
1979-07-24 00:00:00,6210.91015625,1
1979-07-25 00:00:00,6250.31005859375,2
1979-07-26 00:00:00,6243.93994140625,3
1979-07-27 00:00:00,6264.66015625,4
1979-07-30 00:00:00,6275.31005859375,0
1979-07-31 00:00:00,6313.77001953125,1
1979-08-01 00:00:00,6322.68017578125,2
1979-08-02 00:00:00,6329.58984375,3
1979-08-03 00:00:00,6355.72021484375,4
1979-08-06 00:00:00,6392.18017578125,0
1979-08-07 00:00:00,6364.72998046875,1
1979-08-08 00:00:00,6402.669921875,2
1979-08-09 00:00:00,6392.16015625,3
1979-08-10 00:00:00,6394.990234375,4
1979-08-13 00:00:00,6394.6298828125,0
1979-08-14 00:00:00,6395.22021484375,1
1979-08-15 00:00:00,6424.14990234375,2
1979-08-16 00:00:00,6443.56005859375,3
1979-08-17 00:00:00,6452.56005859375,4
1979-08-20 00:00:00,6448.72021484375,0
1979-08-21 00:00:00,6403.2900390625,1
1979-08-22 00:00:00,6415.7998046875,2
1979-08-23 00:00:00,6396.83984375,3
1979-08-24 00:00:00,6384.490234375,4
1979-08-27 00:00:00,6408.10986328125,0
1979-08-28 00:00:00,6435.6298828125,1
1979-08-29 00:00:00,6445.419921875,2
1979-08-30 00:00:00,6437.25,3
1979-08-31 00:00:00,6436.1298828125,4
1979-09-03 00:00:00,6405.7900390625,0
1979-09-04 00:00:00,6401.68017578125,1
1979-09-05 00:00:00,6411.64013671875,2
1979-09-06 00:00:00,6425.5,3
1979-09-07 00:00:00,6410.9599609375,4
1979-09-10 00:00:00,6410.41015625,0
1979-09-11 00:00:00,6426.60986328125,1
1979-09-12 00:00:00,6451.72021484375,2
1979-09-13 00:00:00,6447.8701171875,3
1979-09-14 00:00:00,6455.0,4
1979-09-17 00:00:00,6438.1201171875,0
1979-09-18 00:00:00,6459.830078125,1
1979-09-19 00:00:00,6482.56005859375,2
1979-09-20 00:00:00,6465.66015625,3
1979-09-21 00:00:00,6490.33984375,4
1979-09-25 00:00:00,6491.0,1
1979-09-26 00:00:00,6477.85986328125,2
1979-09-27 00:00:00,6539.7099609375,3
1979-09-28 00:00:00,6568.60986328125,4
1979-10-01 00:00:00,6577.89013671875,0
1979-10-02 00:00:00,6545.1201171875,1
1979-10-03 00:00:00,6542.7001953125,2
1979-10-04 00:00:00,6532.93994140625,3
1979-10-05 00:00:00,6568.830078125,4
1979-10-08 00:00:00,6495.7001953125,0
1979-10-09 00:00:00,6512.83984375,1
1979-10-11 00:00:00,6395.9501953125,3
1979-10-12 00:00:00,6439.75,4
1979-10-15 00:00:00,6526.830078125,0
1979-10-16 00:00:00,6516.6201171875,1
1979-10-17 00:00:00,6496.08984375,2
1979-10-18 00:00:00,6427.56982421875,3
1979-10-19 00:00:00,6416.83984375,4
1979-10-22 00:00:00,6341.72998046875,0
1979-10-23 00:00:00,6371.1298828125,1
1979-10-24 00:00:00,6225.7099609375,2
1979-10-25 00:00:00,6235.31982421875,3
1979-10-26 00:00:00,6207.89013671875,4
1979-10-29 00:00:00,6319.35009765625,0
1979-10-30 00:00:00,6405.580078125,1
1979-10-31 00:00:00,6444.1298828125,2
1979-11-01 00:00:00,6444.1298828125,3
1979-11-02 00:00:00,6424.97021484375,4
1979-11-05 00:00:00,6423.2001953125,0
1979-11-06 00:00:00,6451.830078125,1
1979-11-07 00:00:00,6368.10986328125,2
1979-11-08 00:00:00,6390.6201171875,3
1979-11-09 00:00:00,6403.47021484375,4
1979-11-12 00:00:00,6414.81982421875,0
1979-11-13 00:00:00,6401.75,1
1979-11-14 00:00:00,6414.10986328125,2
1979-11-15 00:00:00,6372.56982421875,3
1979-11-16 00:00:00,6387.10986328125,4
1979-11-19 00:00:00,6374.97021484375,0
1979-11-20 00:00:00,6363.7099609375,1
1979-11-21 00:00:00,6303.60009765625,2
1979-11-22 00:00:00,6328.56005859375,3
1979-11-26 00:00:00,6387.5,0
1979-11-27 00:00:00,6407.7998046875,1
1979-11-28 00:00:00,6420.25,2
1979-11-29 00:00:00,6440.83984375,3
1979-11-30 00:00:00,6450.18994140625,4
1979-12-03 00:00:00,6475.5498046875,0
1979-12-04 00:00:00,6487.64990234375,1
1979-12-05 00:00:00,6507.64990234375,2
1979-12-06 00:00:00,6502.9599609375,3
1979-12-07 00:00:00,6461.33984375,4
1979-12-10 00:00:00,6452.14013671875,0
1979-12-11 00:00:00,6443.97998046875,1
1979-12-12 00:00:00,6501.240234375,2
1979-12-13 00:00:00,6493.6298828125,3
1979-12-14 00:00:00,6509.77001953125,4
1979-12-17 00:00:00,6491.25,0
1979-12-18 00:00:00,6478.3798828125,1
1979-12-19 00:00:00,6477.10986328125,2
1979-12-20 00:00:00,6526.1298828125,3
1979-12-21 00:00:00,6535.93994140625,4
1979-12-25 00:00:00,6546.43994140625,1
1979-12-26 00:00:00,6531.22998046875,2
1979-12-27 00:00:00,6528.830078125,3
1979-12-28 00:00:00,6569.47021484375,4
1980-01-04 00:00:00,6560.16015625,4
1980-01-07 00:00:00,6552.64990234375,0
1980-01-08 00:00:00,6563.27978515625,1
1980-01-09 00:00:00,6591.830078125,2
1980-01-10 00:00:00,6594.009765625,3
1980-01-11 00:00:00,6615.509765625,4
1980-01-14 00:00:00,6659.5498046875,0
1980-01-16 00:00:00,6653.259765625,2
1980-01-17 00:00:00,6656.2998046875,3
1980-01-18 00:00:00,6649.2998046875,4
1980-01-21 00:00:00,6666.27001953125,0
1980-01-22 00:00:00,6684.58984375,1
1980-01-23 00:00:00,6694.18994140625,2
1980-01-24 00:00:00,6746.93017578125,3
1980-01-25 00:00:00,6767.7099609375,4
1980-01-28 00:00:00,6763.60986328125,0
1980-01-29 00:00:00,6770.830078125,1
1980-01-30 00:00:00,6776.60009765625,2
1980-01-31 00:00:00,6768.16015625,3
1980-02-01 00:00:00,6777.64013671875,4
1980-02-04 00:00:00,6794.2099609375,0
1980-02-05 00:00:00,6765.1201171875,1
1980-02-06 00:00:00,6800.330078125,2
1980-02-07 00:00:00,6795.6201171875,3
1980-02-08 00:00:00,6816.02978515625,4
1980-02-12 00:00:00,6828.0498046875,1
1980-02-13 00:00:00,6835.990234375,2
1980-02-14 00:00:00,6839.85986328125,3
1980-02-15 00:00:00,6827.7099609375,4
1980-02-18 00:00:00,6756.60009765625,0
1980-02-19 00:00:00,6763.08984375,1
1980-02-20 00:00:00,6806.009765625,2
1980-02-21 00:00:00,6776.509765625,3
1980-02-22 00:00:00,6783.22021484375,4
1980-02-25 00:00:00,6751.2900390625,0
1980-02-26 00:00:00,6739.43017578125,1
1980-02-27 00:00:00,6777.33984375,2
1980-02-28 00:00:00,6743.990234375,3
1980-02-29 00:00:00,6764.89013671875,4
1980-03-03 00:00:00,6793.56005859375,0
1980-03-04 00:00:00,6778.27001953125,1
1980-03-05 00:00:00,6794.0400390625,2
1980-03-06 00:00:00,6736.08984375,3
1980-03-07 00:00:00,6625.18017578125,4
1980-03-10 00:00:00,6507.16015625,0
1980-03-11 00:00:00,6535.669921875,1
1980-03-12 00:00:00,6609.4599609375,2
1980-03-13 00:00:00,6604.39013671875,3
1980-03-14 00:00:00,6593.39990234375,4
1980-03-17 00:00:00,6562.66015625,0
1980-03-18 00:00:00,6578.2099609375,1
1980-03-19 00:00:00,6584.759765625,2
1980-03-20 00:00:00,6584.759765625,3
1980-03-21 00:00:00,6571.77001953125,4
1980-03-24 00:00:00,6567.25,0
1980-03-25 00:00:00,6531.259765625,1
1980-03-26 00:00:00,6535.8798828125,2
1980-03-27 00:00:00,6481.02001953125,3
1980-03-28 00:00:00,6475.93017578125,4
1980-03-31 00:00:00,6556.18994140625,0
1980-04-01 00:00:00,6502.7998046875,1
1980-04-02 00:00:00,6562.990234375,2
1980-04-03 00:00:00,6614.2001953125,3
1980-04-04 00:00:00,6688.64013671875,4
1980-04-07 00:00:00,6737.06005859375,0
1980-04-08 00:00:00,6682.5400390625,1
1980-04-09 00:00:00,6708.240234375,2
1980-04-10 00:00:00,6730.509765625,3
1980-04-11 00:00:00,6751.9599609375,4
1980-04-14 00:00:00,6808.169921875,0
1980-04-15 00:00:00,6805.77978515625,1
1980-04-16 00:00:00,6770.3701171875,2
1980-04-17 00:00:00,6798.77978515625,3
1980-04-18 00:00:00,6811.39013671875,4
1980-04-21 00:00:00,6810.669921875,0
1980-04-22 00:00:00,6799.009765625,1
1980-04-23 00:00:00,6843.85009765625,2
1980-04-24 00:00:00,6830.31005859375,3
1980-04-25 00:00:00,6904.81005859375,4
1980-04-28 00:00:00,6875.66015625,0
1980-04-30 00:00:00,6865.56005859375,2
1980-05-01 00:00:00,6865.080078125,3
1980-05-02 00:00:00,6882.64990234375,4
1980-05-06 00:00:00,6856.080078125,1
1980-05-07 00:00:00,6834.83984375,2
1980-05-08 00:00:00,6757.7001953125,3
1980-05-09 00:00:00,6808.3798828125,4
1980-05-12 00:00:00,6754.93994140625,0
1980-05-13 00:00:00,6766.93994140625,1
1980-05-14 00:00:00,6747.740234375,2
1980-05-15 00:00:00,6746.509765625,3
1980-05-16 00:00:00,6733.0,4
1980-05-19 00:00:00,6634.330078125,0
1980-05-20 00:00:00,6707.2998046875,1
1980-05-21 00:00:00,6822.18017578125,2
1980-05-22 00:00:00,6836.89013671875,3
1980-05-23 00:00:00,6839.89013671875,4
1980-05-26 00:00:00,6831.919921875,0
1980-05-27 00:00:00,6826.5,1
1980-05-28 00:00:00,6849.0498046875,2
1980-05-29 00:00:00,6841.39990234375,3
1980-05-30 00:00:00,6855.7001953125,4
1980-06-02 00:00:00,6862.7001953125,0
1980-06-03 00:00:00,6826.18017578125,1
1980-06-04 00:00:00,6795.6298828125,2
1980-06-05 00:00:00,6821.240234375,3
1980-06-06 00:00:00,6814.5,4
1980-06-09 00:00:00,6823.0400390625,0
1980-06-10 00:00:00,6783.240234375,1
1980-06-11 00:00:00,6826.009765625,2
1980-06-12 00:00:00,6814.72021484375,3
1980-06-13 00:00:00,6821.81005859375,4
1980-06-16 00:00:00,6852.60986328125,0
1980-06-17 00:00:00,6798.5,1
1980-06-18 00:00:00,6824.9501953125,2
1980-06-19 00:00:00,6791.8798828125,3
1980-06-20 00:00:00,6813.85009765625,4
1980-06-23 00:00:00,6860.89013671875,0
1980-06-24 00:00:00,6806.3701171875,1
1980-06-25 00:00:00,6761.25,2
1980-06-26 00:00:00,6800.52978515625,3
1980-06-27 00:00:00,6825.02978515625,4
1980-06-30 00:00:00,6870.7001953125,0
1980-07-01 00:00:00,6824.35009765625,1
1980-07-02 00:00:00,6819.4501953125,2
1980-07-03 00:00:00,6863.83984375,3
1980-07-04 00:00:00,6846.08984375,4
1980-07-07 00:00:00,6708.490234375,0
1980-07-08 00:00:00,6755.5400390625,1
1980-07-09 00:00:00,6789.7099609375,2
1980-07-10 00:00:00,6794.240234375,3
1980-07-11 00:00:00,6787.9599609375,4
1980-07-14 00:00:00,6779.35986328125,0
1980-07-15 00:00:00,6793.3701171875,1
1980-07-16 00:00:00,6816.14990234375,2
1980-07-17 00:00:00,6810.41015625,3
1980-07-18 00:00:00,6819.77978515625,4
1980-07-21 00:00:00,6842.490234375,0
1980-07-22 00:00:00,6836.10009765625,1
1980-07-23 00:00:00,6837.47021484375,2
1980-07-24 00:00:00,6795.97998046875,3
1980-07-25 00:00:00,6810.490234375,4
1980-07-28 00:00:00,6816.7099609375,0
1980-07-29 00:00:00,6811.3798828125,1
1980-07-30 00:00:00,6821.10009765625,2
1980-07-31 00:00:00,6819.6298828125,3
1980-08-01 00:00:00,6788.2998046875,4
1980-08-04 00:00:00,6753.39990234375,0
1980-08-05 00:00:00,6760.85009765625,1
1980-08-06 00:00:00,6739.97021484375,2
1980-08-07 00:00:00,6739.89013671875,3
1980-08-08 00:00:00,6771.52001953125,4
1980-08-11 00:00:00,6778.5400390625,0
1980-08-12 00:00:00,6801.68017578125,1
1980-08-13 00:00:00,6834.31982421875,2
1980-08-14 00:00:00,6824.0,3
1980-08-15 00:00:00,6836.81982421875,4
1980-08-18 00:00:00,6835.77978515625,0
1980-08-19 00:00:00,6864.5498046875,1
1980-08-20 00:00:00,6878.759765625,2
1980-08-21 00:00:00,6853.68994140625,3
1980-08-22 00:00:00,6886.16015625,4
1980-08-25 00:00:00,6922.990234375,0
1980-08-26 00:00:00,6906.0498046875,1
1980-08-27 00:00:00,6930.66015625,2
1980-08-28 00:00:00,6879.830078125,3
1980-08-29 00:00:00,6914.080078125,4
1980-09-01 00:00:00,6889.5400390625,0
1980-09-02 00:00:00,6915.39990234375,1
1980-09-03 00:00:00,6927.27001953125,2
1980-09-04 00:00:00,6917.56005859375,3
1980-09-05 00:00:00,6943.68994140625,4
1980-09-08 00:00:00,6938.419921875,0
1980-09-09 00:00:00,6937.97998046875,1
1980-09-10 00:00:00,6956.2099609375,2
1980-09-11 00:00:00,6978.89013671875,3
1980-09-12 00:00:00,7000.0400390625,4
1980-09-16 00:00:00,7020.16015625,1
1980-09-17 00:00:00,7031.509765625,2
1980-09-18 00:00:00,7035.83984375,3
1980-09-19 00:00:00,7041.66015625,4
1980-09-22 00:00:00,7046.509765625,0
1980-09-24 00:00:00,6972.6201171875,2
1980-09-25 00:00:00,6989.83984375,3
1980-09-26 00:00:00,6998.52001953125,4
1980-09-29 00:00:00,7060.75,0
1980-09-30 00:00:00,7076.4599609375,1
1980-10-01 00:00:00,7123.080078125,2
1980-10-02 00:00:00,7119.39990234375,3
1980-10-03 00:00:00,7142.240234375,4
1980-10-06 00:00:00,7155.97998046875,0
1980-10-07 00:00:00,7149.91015625,1
1980-10-08 00:00:00,7115.330078125,2
1980-10-09 00:00:00,7130.2998046875,3
1980-10-13 00:00:00,7160.259765625,0
1980-10-14 00:00:00,7157.7998046875,1
1980-10-15 00:00:00,7174.27001953125,2
1980-10-16 00:00:00,7151.77978515625,3
1980-10-17 00:00:00,7169.259765625,4
1980-10-20 00:00:00,7175.330078125,0
1980-10-21 00:00:00,7165.35986328125,1
1980-10-22 00:00:00,7143.85986328125,2
1980-10-23 00:00:00,7130.89013671875,3
1980-10-24 00:00:00,7117.06982421875,4
1980-10-27 00:00:00,7089.18994140625,0
1980-10-28 00:00:00,7088.43994140625,1
1980-10-29 00:00:00,7113.52978515625,2
1980-10-30 00:00:00,7124.77978515625,3
1980-10-31 00:00:00,7150.75,4
1980-11-04 00:00:00,7149.3701171875,1
1980-11-05 00:00:00,7176.39013671875,2
1980-11-06 00:00:00,7188.27978515625,3
1980-11-07 00:00:00,7150.330078125,4
1980-11-10 00:00:00,7166.77001953125,0
1980-11-11 00:00:00,7134.5,1
1980-11-12 00:00:00,7149.85009765625,2
1980-11-13 00:00:00,7154.41015625,3
1980-11-14 00:00:00,7159.56005859375,4
1980-11-17 00:00:00,7126.16015625,0
1980-11-18 00:00:00,7102.47998046875,1
1980-11-19 00:00:00,7135.93994140625,2
1980-11-20 00:00:00,7126.72998046875,3
1980-11-21 00:00:00,7117.89990234375,4
1980-11-25 00:00:00,7145.43017578125,1
1980-11-26 00:00:00,7186.2998046875,2
1980-11-27 00:00:00,7172.169921875,3
1980-11-28 00:00:00,7123.6201171875,4
1980-12-01 00:00:00,7160.2900390625,0
1980-12-02 00:00:00,7143.06005859375,1
1980-12-03 00:00:00,7141.2001953125,2
1980-12-04 00:00:00,7149.47021484375,3
1980-12-05 00:00:00,7136.60009765625,4
1980-12-08 00:00:00,7125.1298828125,0
1980-12-09 00:00:00,7115.10009765625,1
1980-12-10 00:00:00,7098.85009765625,2
1980-12-11 00:00:00,7042.41015625,3
1980-12-12 00:00:00,7033.7001953125,4
1980-12-15 00:00:00,7042.669921875,0
1980-12-16 00:00:00,7036.759765625,1
1980-12-17 00:00:00,7038.10009765625,2
1980-12-18 00:00:00,7063.5400390625,3
1980-12-19 00:00:00,7060.52001953125,4
1980-12-22 00:00:00,7050.7900390625,0
1980-12-23 00:00:00,7023.56982421875,1
1980-12-24 00:00:00,7042.0,2
1980-12-25 00:00:00,7031.8701171875,3
1980-12-26 00:00:00,7063.1298828125,4
1980-12-29 00:00:00,7063.1298828125,0
1980-12-30 00:00:00,7063.1298828125,1
1981-01-05 00:00:00,7150.9501953125,0
1981-01-06 00:00:00,7137.58984375,1
1981-01-07 00:00:00,7200.77001953125,2
1981-01-08 00:00:00,7222.14013671875,3
1981-01-09 00:00:00,7248.1298828125,4
1981-01-12 00:00:00,7251.8798828125,0
1981-01-13 00:00:00,7246.7998046875,1
1981-01-14 00:00:00,7244.77978515625,2
1981-01-16 00:00:00,7255.85009765625,4
1981-01-19 00:00:00,7296.080078125,0
1981-01-20 00:00:00,7289.97998046875,1
1981-01-21 00:00:00,7315.330078125,2
1981-01-22 00:00:00,7293.27978515625,3
1981-01-23 00:00:00,7267.52001953125,4
1981-01-26 00:00:00,7249.419921875,0
1981-01-27 00:00:00,7285.02978515625,1
1981-01-28 00:00:00,7279.41015625,2
1981-01-29 00:00:00,7215.1201171875,3
1981-01-30 00:00:00,7254.009765625,4
1981-02-02 00:00:00,7322.06005859375,0
1981-02-03 00:00:00,7291.31005859375,1
1981-02-04 00:00:00,7288.41015625,2
1981-02-05 00:00:00,7278.43994140625,3
1981-02-06 00:00:00,7264.10986328125,4
1981-02-09 00:00:00,7239.89990234375,0
1981-02-10 00:00:00,7261.52978515625,1
1981-02-12 00:00:00,7261.490234375,3
1981-02-13 00:00:00,7207.22021484375,4
1981-02-16 00:00:00,7165.52001953125,0
1981-02-17 00:00:00,7135.91015625,1
1981-02-18 00:00:00,7157.0,2
1981-02-19 00:00:00,7121.64990234375,3
1981-02-20 00:00:00,7100.81005859375,4
1981-02-23 00:00:00,7095.259765625,0
1981-02-24 00:00:00,7111.22998046875,1
1981-02-25 00:00:00,7121.66015625,2
1981-02-26 00:00:00,7120.240234375,3
1981-02-27 00:00:00,7146.52978515625,4
1981-03-02 00:00:00,7155.580078125,0
1981-03-03 00:00:00,7137.1201171875,1
1981-03-04 00:00:00,7134.39013671875,2
1981-03-05 00:00:00,7094.02978515625,3
1981-03-06 00:00:00,7081.18994140625,4
1981-03-09 00:00:00,7068.72998046875,0
1981-03-10 00:00:00,7059.41015625,1
1981-03-11 00:00:00,7044.8701171875,2
1981-03-12 00:00:00,6986.39013671875,3
1981-03-13 00:00:00,6956.52001953125,4
1981-03-16 00:00:00,7124.330078125,0
1981-03-17 00:00:00,7120.39013671875,1
1981-03-18 00:00:00,7176.669921875,2
1981-03-19 00:00:00,7196.7998046875,3
1981-03-20 00:00:00,7220.93994140625,4
1981-03-23 00:00:00,7293.56982421875,0
1981-03-24 00:00:00,7318.18994140625,1
1981-03-25 00:00:00,7325.9599609375,2
1981-03-26 00:00:00,7307.27001953125,3
1981-03-27 00:00:00,7303.0400390625,4
1981-03-30 00:00:00,7304.68994140625,0
1981-03-31 00:00:00,7334.31005859375,1
1981-04-01 00:00:00,7389.990234375,2
1981-04-02 00:00:00,7416.97021484375,3
1981-04-03 00:00:00,7421.18994140625,4
1981-04-06 00:00:00,7447.740234375,0
1981-04-07 00:00:00,7458.35986328125,1
1981-04-08 00:00:00,7508.52001953125,2
1981-04-09 00:00:00,7491.81982421875,3
1981-04-10 00:00:00,7517.31005859375,4
1981-04-13 00:00:00,7536.9599609375,0
1981-04-14 00:00:00,7514.8798828125,1
1981-04-15 00:00:00,7461.2001953125,2
1981-04-16 00:00:00,7418.740234375,3
1981-04-17 00:00:00,7438.7998046875,4
1981-04-20 00:00:00,7484.7099609375,0
1981-04-21 00:00:00,7497.35986328125,1
1981-04-22 00:00:00,7533.22021484375,2
1981-04-23 00:00:00,7523.72021484375,3
1981-04-24 00:00:00,7534.41015625,4
1981-04-27 00:00:00,7588.02978515625,0
1981-04-28 00:00:00,7623.81005859375,1
1981-04-30 00:00:00,7674.18994140625,3
1981-05-01 00:00:00,7575.60986328125,4
1981-05-06 00:00:00,7465.2998046875,2
1981-05-07 00:00:00,7440.52001953125,3
1981-05-08 00:00:00,7495.25,4
1981-05-11 00:00:00,7551.18994140625,0
1981-05-12 00:00:00,7480.240234375,1
1981-05-13 00:00:00,7390.64013671875,2
1981-05-14 00:00:00,7467.4501953125,3
1981-05-15 00:00:00,7486.83984375,4
1981-05-18 00:00:00,7451.89013671875,0
1981-05-19 00:00:00,7264.009765625,1
1981-05-20 00:00:00,7371.27001953125,2
1981-05-21 00:00:00,7487.4599609375,3
1981-05-22 00:00:00,7541.02001953125,4
1981-05-25 00:00:00,7560.77001953125,0
1981-05-26 00:00:00,7576.18017578125,1
1981-05-27 00:00:00,7529.2001953125,2
1981-05-28 00:00:00,7502.02978515625,3
1981-05-29 00:00:00,7539.68994140625,4
1981-06-01 00:00:00,7589.9501953125,0
1981-06-02 00:00:00,7504.490234375,1
1981-06-03 00:00:00,7480.580078125,2
1981-06-04 00:00:00,7413.240234375,3
1981-06-05 00:00:00,7430.3701171875,4
1981-06-08 00:00:00,7334.97021484375,0
1981-06-09 00:00:00,7375.27001953125,1
1981-06-10 00:00:00,7484.52001953125,2
1981-06-11 00:00:00,7569.2998046875,3
1981-06-12 00:00:00,7634.85986328125,4
1981-06-15 00:00:00,7711.72998046875,0
1981-06-16 00:00:00,7696.52001953125,1
1981-06-17 00:00:00,7705.2998046875,2
1981-06-18 00:00:00,7712.009765625,3
1981-06-19 00:00:00,7714.56982421875,4
1981-06-22 00:00:00,7668.85986328125,0
1981-06-23 00:00:00,7705.41015625,1
1981-06-24 00:00:00,7706.60986328125,2
1981-06-25 00:00:00,7692.83984375,3
1981-06-26 00:00:00,7726.0,4
1981-06-29 00:00:00,7851.72998046875,0
1981-06-30 00:00:00,7867.419921875,1
1981-07-01 00:00:00,7894.93017578125,2
1981-07-02 00:00:00,7904.56005859375,3
1981-07-03 00:00:00,7925.33984375,4
1981-07-06 00:00:00,7927.35986328125,0
1981-07-07 00:00:00,7826.47021484375,1
1981-07-08 00:00:00,7916.3798828125,2
1981-07-09 00:00:00,7895.16015625,3
1981-07-10 00:00:00,7912.97998046875,4
1981-07-13 00:00:00,7923.85986328125,0
1981-07-14 00:00:00,7878.9599609375,1
1981-07-15 00:00:00,7853.9501953125,2
1981-07-16 00:00:00,7887.3798828125,3
1981-07-17 00:00:00,7876.89013671875,4
1981-07-20 00:00:00,7840.16015625,0
1981-07-21 00:00:00,7756.759765625,1
1981-07-22 00:00:00,7760.83984375,2
1981-07-23 00:00:00,7717.06982421875,3
1981-07-24 00:00:00,7743.080078125,4
1981-07-27 00:00:00,7816.759765625,0
1981-07-28 00:00:00,7784.83984375,1
1981-07-29 00:00:00,7823.56005859375,2
1981-07-30 00:00:00,7831.35009765625,3
1981-07-31 00:00:00,7828.259765625,4
1981-08-03 00:00:00,7815.97021484375,0
1981-08-04 00:00:00,7820.06005859375,1
1981-08-05 00:00:00,7888.52978515625,2
1981-08-06 00:00:00,7906.10009765625,3
1981-08-07 00:00:00,7968.93017578125,4
1981-08-10 00:00:00,7978.47021484375,0
1981-08-11 00:00:00,7985.64013671875,1
1981-08-12 00:00:00,7938.89013671875,2
1981-08-13 00:00:00,7953.56982421875,3
1981-08-14 00:00:00,7976.39990234375,4
1981-08-17 00:00:00,8019.14013671875,0
1981-08-18 00:00:00,7949.3798828125,1
1981-08-19 00:00:00,7961.52001953125,2
1981-08-20 00:00:00,7972.9599609375,3
1981-08-21 00:00:00,7995.22998046875,4
1981-08-24 00:00:00,7917.52978515625,0
1981-08-25 00:00:00,7817.22021484375,1
1981-08-26 00:00:00,7852.2900390625,2
1981-08-27 00:00:00,7796.39013671875,3
1981-08-28 00:00:00,7726.58984375,4
1981-08-31 00:00:00,7815.77978515625,0
1981-09-01 00:00:00,7735.7099609375,1
1981-09-02 00:00:00,7678.169921875,2
1981-09-03 00:00:00,7678.4599609375,3
1981-09-04 00:00:00,7662.58984375,4
1981-09-07 00:00:00,7604.169921875,0
1981-09-08 00:00:00,7594.7099609375,1
1981-09-09 00:00:00,7629.169921875,2
1981-09-10 00:00:00,7583.27001953125,3
1981-09-11 00:00:00,7543.4501953125,4
1981-09-14 00:00:00,7542.81982421875,0
1981-09-16 00:00:00,7506.330078125,2
1981-09-17 00:00:00,7539.27001953125,3
1981-09-18 00:00:00,7548.56982421875,4
1981-09-21 00:00:00,7522.60009765625,0
1981-09-22 00:00:00,7492.9599609375,1
1981-09-24 00:00:00,7364.02978515625,3
1981-09-25 00:00:00,7363.06005859375,4
1981-09-28 00:00:00,7037.1201171875,0
1981-09-29 00:00:00,7357.68017578125,1
1981-09-30 00:00:00,7455.5,2
1981-10-01 00:00:00,7365.91015625,3
1981-10-02 00:00:00,7377.1298828125,4
1981-10-05 00:00:00,7499.75,0
1981-10-06 00:00:00,7506.009765625,1
1981-10-07 00:00:00,7545.8798828125,2
1981-10-08 00:00:00,7522.509765625,3
1981-10-09 00:00:00,7516.22021484375,4
1981-10-12 00:00:00,7587.7998046875,0
1981-10-13 00:00:00,7583.169921875,1
1981-10-14 00:00:00,7494.1298828125,2
1981-10-15 00:00:00,7352.490234375,3
1981-10-16 00:00:00,7231.419921875,4
1981-10-19 00:00:00,7076.64990234375,0
1981-10-20 00:00:00,7109.919921875,1
1981-10-21 00:00:00,7253.990234375,2
1981-10-22 00:00:00,7216.2900390625,3
1981-10-23 00:00:00,7262.18994140625,4
1981-10-26 00:00:00,7261.7998046875,0
1981-10-27 00:00:00,7280.580078125,1
1981-10-28 00:00:00,7321.97998046875,2
1981-10-29 00:00:00,7428.25,3
1981-10-30 00:00:00,7449.4599609375,4
1981-11-02 00:00:00,7539.6298828125,0
1981-11-04 00:00:00,7572.14990234375,2
1981-11-05 00:00:00,7546.5,3
1981-11-06 00:00:00,7536.52978515625,4
1981-11-09 00:00:00,7516.35009765625,0
1981-11-10 00:00:00,7528.2099609375,1
1981-11-11 00:00:00,7502.580078125,2
1981-11-12 00:00:00,7505.02001953125,3
1981-11-13 00:00:00,7569.509765625,4
1981-11-16 00:00:00,7674.919921875,0
1981-11-17 00:00:00,7648.60009765625,1
1981-11-18 00:00:00,7667.31005859375,2
1981-11-19 00:00:00,7655.259765625,3
1981-11-20 00:00:00,7647.43017578125,4
1981-11-24 00:00:00,7602.68994140625,1
1981-11-25 00:00:00,7650.7900390625,2
1981-11-26 00:00:00,7664.68994140625,3
1981-11-27 00:00:00,7555.22998046875,4
1981-11-30 00:00:00,7549.330078125,0
1981-12-01 00:00:00,7521.72998046875,1
1981-12-02 00:00:00,7566.169921875,2
1981-12-03 00:00:00,7624.97998046875,3
1981-12-04 00:00:00,7716.1298828125,4
1981-12-07 00:00:00,7789.16015625,0
1981-12-08 00:00:00,7752.43017578125,1
1981-12-09 00:00:00,7743.1201171875,2
1981-12-10 00:00:00,7746.91015625,3
1981-12-11 00:00:00,7730.8798828125,4
1981-12-14 00:00:00,7654.169921875,0
1981-12-15 00:00:00,7680.89013671875,1
1981-12-16 00:00:00,7674.64990234375,2
1981-12-17 00:00:00,7682.52978515625,3
1981-12-18 00:00:00,7669.93017578125,4
1981-12-21 00:00:00,7668.89990234375,0
1981-12-22 00:00:00,7644.56982421875,1
1981-12-23 00:00:00,7681.990234375,2
1981-12-24 00:00:00,7662.47998046875,3
1981-12-25 00:00:00,7665.02001953125,4
1981-12-28 00:00:00,7681.83984375,0
1981-12-29 00:00:00,7681.83984375,1
1981-12-30 00:00:00,7681.83984375,2
1982-01-04 00:00:00,7718.83984375,0
1982-01-05 00:00:00,7719.33984375,1
1982-01-06 00:00:00,7697.60009765625,2
1982-01-07 00:00:00,7691.22021484375,3
1982-01-08 00:00:00,7662.22021484375,4
1982-01-11 00:00:00,7675.259765625,0
1982-01-12 00:00:00,7631.77001953125,1
1982-01-13 00:00:00,7635.66015625,2
1982-01-14 00:00:00,7667.02001953125,3
1982-01-18 00:00:00,7659.33984375,0
1982-01-19 00:00:00,7677.06982421875,1
1982-01-20 00:00:00,7717.22998046875,2
1982-01-21 00:00:00,7737.509765625,3
1982-01-22 00:00:00,7823.35986328125,4
1982-01-25 00:00:00,7906.259765625,0
1982-01-26 00:00:00,7863.39990234375,1
1982-01-27 00:00:00,7926.5498046875,2
1982-01-28 00:00:00,7903.85009765625,3
1982-01-29 00:00:00,7918.81982421875,4
1982-02-01 00:00:00,7909.7900390625,0
1982-02-02 00:00:00,7828.0,1
1982-02-03 00:00:00,7860.93994140625,2
1982-02-04 00:00:00,7834.7001953125,3
1982-02-05 00:00:00,7801.8798828125,4
1982-02-08 00:00:00,7784.89013671875,0
1982-02-09 00:00:00,7794.18994140625,1
1982-02-10 00:00:00,7761.10986328125,2
1982-02-12 00:00:00,7690.2900390625,4
1982-02-15 00:00:00,7694.18017578125,0
1982-02-16 00:00:00,7693.919921875,1
1982-02-17 00:00:00,7644.39013671875,2
1982-02-18 00:00:00,7683.759765625,3
1982-02-19 00:00:00,7713.31005859375,4
1982-02-22 00:00:00,7758.35986328125,0
1982-02-23 00:00:00,7714.56005859375,1
1982-02-24 00:00:00,7664.02001953125,2
1982-02-25 00:00:00,7580.4501953125,3
1982-02-26 00:00:00,7548.509765625,4
1982-03-01 00:00:00,7327.43994140625,0
1982-03-02 00:00:00,7309.41015625,1
1982-03-03 00:00:00,7474.419921875,2
1982-03-04 00:00:00,7354.81982421875,3
1982-03-05 00:00:00,7285.5400390625,4
1982-03-08 00:00:00,7248.47021484375,0
1982-03-09 00:00:00,7195.7998046875,1
1982-03-10 00:00:00,7292.91015625,2
1982-03-11 00:00:00,7257.33984375,3
1982-03-12 00:00:00,7102.60986328125,4
1982-03-15 00:00:00,7078.68017578125,0
1982-03-16 00:00:00,6916.990234375,1
1982-03-17 00:00:00,6889.52978515625,2
1982-03-18 00:00:00,7052.7998046875,3
1982-03-19 00:00:00,7065.3798828125,4
1982-03-23 00:00:00,7097.7998046875,1
1982-03-24 00:00:00,7194.31005859375,2
1982-03-25 00:00:00,7175.16015625,3
1982-03-26 00:00:00,7203.81982421875,4
1982-03-29 00:00:00,7199.16015625,0
1982-03-30 00:00:00,7193.830078125,1
1982-03-31 00:00:00,7260.47998046875,2
1982-04-01 00:00:00,7293.669921875,3
1982-04-02 00:00:00,7332.9599609375,4
1982-04-05 00:00:00,7344.35009765625,0
1982-04-06 00:00:00,7293.58984375,1
1982-04-07 00:00:00,7230.52978515625,2
1982-04-08 00:00:00,7204.64990234375,3
1982-04-09 00:00:00,7209.2099609375,4
1982-04-12 00:00:00,7280.81982421875,0
1982-04-13 00:00:00,7252.93017578125,1
1982-04-14 00:00:00,7181.52978515625,2
1982-04-15 00:00:00,7120.85986328125,3
1982-04-16 00:00:00,7129.68994140625,4
1982-04-19 00:00:00,7135.2099609375,0
1982-04-20 00:00:00,7258.14990234375,1
1982-04-21 00:00:00,7260.580078125,2
1982-04-22 00:00:00,7295.8701171875,3
1982-04-23 00:00:00,7333.93994140625,4
1982-04-26 00:00:00,7404.2099609375,0
1982-04-27 00:00:00,7417.16015625,1
1982-04-28 00:00:00,7405.27978515625,2
1982-04-30 00:00:00,7390.7099609375,4
1982-05-04 00:00:00,7457.10986328125,1
1982-05-06 00:00:00,7517.77978515625,3
1982-05-07 00:00:00,7518.77978515625,4
1982-05-10 00:00:00,7564.58984375,0
1982-05-11 00:00:00,7538.1201171875,1
1982-05-12 00:00:00,7539.77978515625,2
1982-05-13 00:00:00,7603.2099609375,3
1982-05-14 00:00:00,7575.81005859375,4
1982-05-17 00:00:00,7619.39013671875,0
1982-05-18 00:00:00,7567.06005859375,1
1982-05-19 00:00:00,7572.14990234375,2
1982-05-20 00:00:00,7531.5400390625,3
1982-05-21 00:00:00,7497.0498046875,4
1982-05-24 00:00:00,7468.27978515625,0
1982-05-25 00:00:00,7428.39990234375,1
1982-05-26 00:00:00,7449.919921875,2
1982-05-27 00:00:00,7404.35986328125,3
1982-05-28 00:00:00,7325.08984375,4
1982-05-31 00:00:00,7325.64990234375,0
1982-06-01 00:00:00,7368.66015625,1
1982-06-02 00:00:00,7344.89990234375,2
1982-06-03 00:00:00,7301.93994140625,3
1982-06-04 00:00:00,7300.5400390625,4
1982-06-07 00:00:00,7242.39013671875,0
1982-06-08 00:00:00,7240.02978515625,1
1982-06-09 00:00:00,7233.02978515625,2
1982-06-10 00:00:00,7152.27978515625,3
1982-06-11 00:00:00,7195.4599609375,4
1982-06-14 00:00:00,7242.580078125,0
1982-06-15 00:00:00,7191.02001953125,1
1982-06-16 00:00:00,7142.39013671875,2
1982-06-17 00:00:00,7130.25,3
1982-06-18 00:00:00,7127.7001953125,4
1982-06-21 00:00:00,7091.10986328125,0
1982-06-22 00:00:00,7127.9599609375,1
1982-06-23 00:00:00,7154.6298828125,2
1982-06-24 00:00:00,7152.580078125,3
1982-06-25 00:00:00,7202.4501953125,4
1982-06-28 00:00:00,7204.18994140625,0
1982-06-29 00:00:00,7180.7001953125,1
1982-06-30 00:00:00,7213.8701171875,2
1982-07-01 00:00:00,7179.3798828125,3
1982-07-02 00:00:00,7084.8701171875,4
1982-07-05 00:00:00,7081.10009765625,0
1982-07-06 00:00:00,7019.56005859375,1
1982-07-07 00:00:00,7035.10986328125,2
1982-07-08 00:00:00,6961.91015625,3
1982-07-09 00:00:00,6991.56005859375,4
1982-07-12 00:00:00,7146.68994140625,0
1982-07-13 00:00:00,7189.009765625,1
1982-07-14 00:00:00,7155.0,2
1982-07-15 00:00:00,7197.77001953125,3
1982-07-16 00:00:00,7175.89013671875,4
1982-07-19 00:00:00,7237.7998046875,0
1982-07-20 00:00:00,7212.5,1
1982-07-21 00:00:00,7210.56005859375,2
1982-07-22 00:00:00,7227.3701171875,3
1982-07-23 00:00:00,7220.509765625,4
1982-07-26 00:00:00,7203.93994140625,0
1982-07-27 00:00:00,7198.0400390625,1
1982-07-28 00:00:00,7192.58984375,2
1982-07-29 00:00:00,7145.8701171875,3
1982-07-30 00:00:00,7122.080078125,4
1982-08-02 00:00:00,7208.2900390625,0
1982-08-03 00:00:00,7213.41015625,1
1982-08-04 00:00:00,7166.27978515625,2
1982-08-05 00:00:00,7092.669921875,3
1982-08-06 00:00:00,7068.27978515625,4
1982-08-09 00:00:00,6976.169921875,0
1982-08-10 00:00:00,6928.2998046875,1
1982-08-11 00:00:00,6885.2099609375,2
1982-08-12 00:00:00,6880.22998046875,3
1982-08-13 00:00:00,6927.68994140625,4
1982-08-16 00:00:00,6939.43017578125,0
1982-08-17 00:00:00,6864.56005859375,1
1982-08-18 00:00:00,6990.81005859375,2
1982-08-19 00:00:00,6967.77978515625,3
1982-08-20 00:00:00,6968.4599609375,4
1982-08-23 00:00:00,7053.490234375,0
1982-08-24 00:00:00,7088.990234375,1
1982-08-25 00:00:00,7126.60009765625,2
1982-08-26 00:00:00,7153.3798828125,3
1982-08-27 00:00:00,7185.10009765625,4
1982-08-30 00:00:00,7118.85009765625,0
1982-08-31 00:00:00,7123.3798828125,1
1982-09-01 00:00:00,7152.5498046875,2
1982-09-02 00:00:00,7125.91015625,3
1982-09-03 00:00:00,7175.58984375,4
1982-09-06 00:00:00,7219.330078125,0
1982-09-07 00:00:00,7209.4501953125,1
1982-09-08 00:00:00,7189.490234375,2
1982-09-09 00:00:00,7124.009765625,3
1982-09-10 00:00:00,7105.02978515625,4
1982-09-13 00:00:00,7073.93017578125,0
1982-09-14 00:00:00,7096.2998046875,1
1982-09-16 00:00:00,7087.89990234375,3
1982-09-17 00:00:00,7062.509765625,4
1982-09-20 00:00:00,7042.6298828125,0
1982-09-21 00:00:00,7040.27978515625,1
1982-09-22 00:00:00,7071.10009765625,2
1982-09-24 00:00:00,7066.0400390625,4
1982-09-27 00:00:00,6975.5,0
1982-09-28 00:00:00,6940.509765625,1
1982-09-29 00:00:00,6979.08984375,2
1982-09-30 00:00:00,6910.72998046875,3
1982-10-01 00:00:00,6849.77978515625,4
1982-10-04 00:00:00,6942.22021484375,0
1982-10-05 00:00:00,6932.1201171875,1
1982-10-06 00:00:00,6974.35009765625,2
1982-10-07 00:00:00,7114.64013671875,3
1982-10-08 00:00:00,7361.56982421875,4
1982-10-12 00:00:00,7413.25,1
1982-10-13 00:00:00,7411.580078125,2
1982-10-14 00:00:00,7414.7998046875,3
1982-10-15 00:00:00,7373.509765625,4
1982-10-18 00:00:00,7370.2001953125,0
1982-10-19 00:00:00,7371.64990234375,1
1982-10-20 00:00:00,7378.0400390625,2
1982-10-21 00:00:00,7319.9599609375,3
1982-10-22 00:00:00,7324.0400390625,4
1982-10-25 00:00:00,7304.919921875,0
1982-10-26 00:00:00,7199.60986328125,1
1982-10-27 00:00:00,7269.9599609375,2
1982-10-28 00:00:00,7291.47021484375,3
1982-10-29 00:00:00,7259.14990234375,4
1982-11-01 00:00:00,7334.64013671875,0
1982-11-02 00:00:00,7395.6201171875,1
1982-11-04 00:00:00,7515.89990234375,3
1982-11-05 00:00:00,7528.9599609375,4
1982-11-08 00:00:00,7551.66015625,0
1982-11-09 00:00:00,7576.39990234375,1
1982-11-10 00:00:00,7688.18017578125,2
1982-11-11 00:00:00,7708.31982421875,3
1982-11-12 00:00:00,7689.41015625,4
1982-11-15 00:00:00,7762.22998046875,0
1982-11-16 00:00:00,7698.2998046875,1
1982-11-17 00:00:00,7740.10009765625,2
1982-11-18 00:00:00,7785.43017578125,3
1982-11-19 00:00:00,7854.919921875,4
1982-11-22 00:00:00,7901.56005859375,0
1982-11-24 00:00:00,7846.77001953125,2
1982-11-25 00:00:00,7837.259765625,3
1982-11-26 00:00:00,7890.3798828125,4
1982-11-29 00:00:00,7936.18994140625,0
1982-11-30 00:00:00,7895.6201171875,1
1982-12-01 00:00:00,7966.77001953125,2
1982-12-02 00:00:00,8001.06982421875,3
1982-12-03 00:00:00,7991.64990234375,4
1982-12-06 00:00:00,8020.52978515625,0
1982-12-07 00:00:00,8026.990234375,1
1982-12-08 00:00:00,8004.10986328125,2
1982-12-09 00:00:00,7945.25,3
1982-12-10 00:00:00,7870.85009765625,4
1982-12-13 00:00:00,7885.56982421875,0
1982-12-14 00:00:00,7913.6201171875,1
1982-12-15 00:00:00,7882.9501953125,2
1982-12-16 00:00:00,7828.919921875,3
1982-12-17 00:00:00,7865.8798828125,4
1982-12-20 00:00:00,7858.0400390625,0
1982-12-21 00:00:00,7810.14990234375,1
1982-12-22 00:00:00,7772.31982421875,2
1982-12-23 00:00:00,7830.8798828125,3
1982-12-24 00:00:00,7904.97998046875,4
1982-12-27 00:00:00,8015.06982421875,0
1982-12-28 00:00:00,8016.669921875,1
1983-01-04 00:00:00,8021.39990234375,1
1983-01-05 00:00:00,8066.14990234375,2
1983-01-06 00:00:00,8120.509765625,3
1983-01-07 00:00:00,8169.2900390625,4
1983-01-10 00:00:00,8172.66015625,0
1983-01-11 00:00:00,8079.6298828125,1
1983-01-12 00:00:00,8039.85009765625,2
1983-01-13 00:00:00,8099.06005859375,3
1983-01-14 00:00:00,8088.52978515625,4
1983-01-17 00:00:00,8082.72998046875,0
1983-01-18 00:00:00,8028.27978515625,1
1983-01-19 00:00:00,7968.68017578125,2
1983-01-20 00:00:00,7923.31005859375,3
1983-01-21 00:00:00,7989.41015625,4
1983-01-24 00:00:00,7833.990234375,0
1983-01-25 00:00:00,7803.18017578125,1
1983-01-26 00:00:00,7962.509765625,2
1983-01-27 00:00:00,7942.31982421875,3
1983-01-28 00:00:00,8014.60986328125,4
1983-01-31 00:00:00,8103.47021484375,0
1983-02-01 00:00:00,8105.52001953125,1
1983-02-02 00:00:00,8108.0498046875,2
1983-02-03 00:00:00,7991.2900390625,3
1983-02-04 00:00:00,8012.64013671875,4
1983-02-07 00:00:00,8010.91015625,0
1983-02-08 00:00:00,8027.2001953125,1
1983-02-09 00:00:00,7995.93017578125,2
1983-02-10 00:00:00,8017.56005859375,3
1983-02-14 00:00:00,8132.02001953125,0
1983-02-15 00:00:00,8135.419921875,1
1983-02-16 00:00:00,8145.41015625,2
1983-02-17 00:00:00,8106.27001953125,3
1983-02-18 00:00:00,8048.31005859375,4
1983-02-21 00:00:00,7987.27001953125,0
1983-02-22 00:00:00,7918.16015625,1
1983-02-23 00:00:00,7931.64990234375,2
1983-02-24 00:00:00,7984.25,3
1983-02-25 00:00:00,8056.0400390625,4
1983-02-28 00:00:00,8085.56982421875,0
1983-03-01 00:00:00,7988.85009765625,1
1983-03-02 00:00:00,8013.2998046875,2
1983-03-03 00:00:00,8005.02001953125,3
1983-03-04 00:00:00,8014.7001953125,4
1983-03-07 00:00:00,8041.16015625,0
1983-03-08 00:00:00,8026.990234375,1
1983-03-09 00:00:00,8008.25,2
1983-03-10 00:00:00,8027.64013671875,3
1983-03-11 00:00:00,8081.43994140625,4
1983-03-14 00:00:00,8089.02978515625,0
1983-03-15 00:00:00,8111.830078125,1
1983-03-16 00:00:00,8170.1298828125,2
1983-03-17 00:00:00,8195.1396484375,3
1983-03-18 00:00:00,8234.900390625,4
1983-03-22 00:00:00,8281.58984375,1
1983-03-23 00:00:00,8311.1201171875,2
1983-03-24 00:00:00,8340.080078125,3
1983-03-25 00:00:00,8302.76953125,4
1983-03-28 00:00:00,8387.91015625,0
1983-03-29 00:00:00,8424.1298828125,1
1983-03-30 00:00:00,8446.6103515625,2
1983-03-31 00:00:00,8478.7001953125,3
1983-04-01 00:00:00,8469.0,4
1983-04-04 00:00:00,8485.8203125,0
1983-04-05 00:00:00,8420.33984375,1
1983-04-06 00:00:00,8479.400390625,2
1983-04-07 00:00:00,8442.4501953125,3
1983-04-08 00:00:00,8435.3701171875,4
1983-04-11 00:00:00,8475.1904296875,0
1983-04-12 00:00:00,8468.6298828125,1
1983-04-13 00:00:00,8480.4404296875,2
1983-04-14 00:00:00,8554.2099609375,3
1983-04-15 00:00:00,8552.16015625,4
1983-04-18 00:00:00,8582.5302734375,0
1983-04-19 00:00:00,8541.8603515625,1
1983-04-20 00:00:00,8564.48046875,2
1983-04-21 00:00:00,8543.0595703125,3
1983-04-22 00:00:00,8563.1201171875,4
1983-04-25 00:00:00,8596.08984375,0
1983-04-26 00:00:00,8607.4697265625,1
1983-04-27 00:00:00,8634.7900390625,2
1983-04-28 00:00:00,8636.5595703125,3
1983-05-02 00:00:00,8704.3896484375,0
1983-05-04 00:00:00,8663.0400390625,2
1983-05-06 00:00:00,8670.6396484375,4
1983-05-09 00:00:00,8719.8798828125,0
1983-05-10 00:00:00,8667.990234375,1
1983-05-11 00:00:00,8691.580078125,2
1983-05-12 00:00:00,8653.900390625,3
1983-05-13 00:00:00,8629.509765625,4
1983-05-16 00:00:00,8591.7900390625,0
1983-05-17 00:00:00,8572.23046875,1
1983-05-18 00:00:00,8598.83984375,2
1983-05-19 00:00:00,8584.419921875,3
1983-05-20 00:00:00,8561.4501953125,4
1983-05-23 00:00:00,8528.6396484375,0
1983-05-24 00:00:00,8563.509765625,1
1983-05-25 00:00:00,8582.33984375,2
1983-05-26 00:00:00,8626.0,3
1983-05-27 00:00:00,8617.919921875,4
1983-05-30 00:00:00,8622.349609375,0
1983-05-31 00:00:00,8617.5703125,1
1983-06-01 00:00:00,8549.7001953125,2
1983-06-02 00:00:00,8517.8798828125,3
1983-06-03 00:00:00,8510.98046875,4
1983-06-06 00:00:00,8505.919921875,0
1983-06-07 00:00:00,8475.2998046875,1
1983-06-08 00:00:00,8445.4501953125,2
1983-06-09 00:00:00,8468.1201171875,3
1983-06-10 00:00:00,8500.48046875,4
1983-06-13 00:00:00,8598.650390625,0
1983-06-14 00:00:00,8618.3798828125,1
1983-06-15 00:00:00,8608.330078125,2
1983-06-16 00:00:00,8645.330078125,3
1983-06-17 00:00:00,8702.6796875,4
1983-06-20 00:00:00,8711.73046875,0
1983-06-21 00:00:00,8798.6201171875,1
1983-06-22 00:00:00,8826.8798828125,2
1983-06-23 00:00:00,8813.48046875,3
1983-06-24 00:00:00,8845.3798828125,4
1983-06-27 00:00:00,8900.0400390625,0
1983-06-28 00:00:00,8838.240234375,1
1983-06-29 00:00:00,8844.1904296875,2
1983-06-30 00:00:00,8870.9501953125,3
1983-07-01 00:00:00,8935.66015625,4
1983-07-04 00:00:00,8971.580078125,0
1983-07-05 00:00:00,8928.1298828125,1
1983-07-06 00:00:00,8984.8798828125,2
1983-07-07 00:00:00,9015.759765625,3
1983-07-08 00:00:00,9012.41015625,4
1983-07-11 00:00:00,8968.76953125,0
1983-07-12 00:00:00,8937.2099609375,1
1983-07-13 00:00:00,8883.599609375,2
1983-07-14 00:00:00,8884.98046875,3
1983-07-15 00:00:00,8900.01953125,4
1983-07-18 00:00:00,8885.0703125,0
1983-07-19 00:00:00,8866.66015625,1
1983-07-20 00:00:00,8927.3203125,2
1983-07-21 00:00:00,9019.6904296875,3
1983-07-22 00:00:00,8993.400390625,4
1983-07-25 00:00:00,8991.9296875,0
1983-07-26 00:00:00,9005.48046875,1
1983-07-27 00:00:00,9062.3701171875,2
1983-07-28 00:00:00,9112.0703125,3
1983-07-29 00:00:00,9078.75,4
1983-08-01 00:00:00,9015.580078125,0
1983-08-02 00:00:00,9040.4296875,1
1983-08-03 00:00:00,9016.2001953125,2
1983-08-04 00:00:00,9038.6103515625,3
1983-08-05 00:00:00,8946.66015625,4
1983-08-08 00:00:00,8960.0,0
1983-08-09 00:00:00,8874.2197265625,1
1983-08-10 00:00:00,8878.48046875,2
1983-08-11 00:00:00,8908.6103515625,3
1983-08-12 00:00:00,8920.8203125,4
1983-08-15 00:00:00,9020.2998046875,0
1983-08-16 00:00:00,9019.0703125,1
1983-08-17 00:00:00,9010.080078125,2
1983-08-18 00:00:00,9089.580078125,3
1983-08-19 00:00:00,9139.73046875,4
1983-08-22 00:00:00,9203.75,0
1983-08-23 00:00:00,9169.1796875,1
1983-08-24 00:00:00,9147.33984375,2
1983-08-25 00:00:00,9143.0703125,3
1983-08-26 00:00:00,9145.5400390625,4
1983-08-29 00:00:00,9172.5400390625,0
1983-08-30 00:00:00,9195.919921875,1
1983-08-31 00:00:00,9189.4296875,2
1983-09-01 00:00:00,9228.349609375,3
1983-09-02 00:00:00,9183.1103515625,4
1983-09-05 00:00:00,9252.2099609375,0
1983-09-06 00:00:00,9255.1103515625,1
1983-09-07 00:00:00,9355.66015625,2
1983-09-08 00:00:00,9332.4697265625,3
1983-09-09 00:00:00,9304.009765625,4
1983-09-12 00:00:00,9355.1298828125,0
1983-09-13 00:00:00,9299.330078125,1
1983-09-14 00:00:00,9274.1103515625,2
1983-09-16 00:00:00,9195.66015625,4
1983-09-19 00:00:00,9141.25,0
1983-09-20 00:00:00,9254.150390625,1
1983-09-21 00:00:00,9272.5595703125,2
1983-09-22 00:00:00,9280.2998046875,3
1983-09-26 00:00:00,9345.7802734375,0
1983-09-27 00:00:00,9414.150390625,1
1983-09-28 00:00:00,9445.3203125,2
1983-09-29 00:00:00,9432.6103515625,3
1983-09-30 00:00:00,9402.58984375,4
1983-10-03 00:00:00,9450.099609375,0
1983-10-04 00:00:00,9424.33984375,1
1983-10-05 00:00:00,9491.9296875,2
1983-10-06 00:00:00,9529.9697265625,3
1983-10-07 00:00:00,9562.48046875,4
1983-10-11 00:00:00,9493.08984375,1
1983-10-12 00:00:00,9563.25,2
1983-10-13 00:00:00,9472.349609375,3
1983-10-14 00:00:00,9323.6298828125,4
1983-10-17 00:00:00,9420.900390625,0
1983-10-18 00:00:00,9349.0595703125,1
1983-10-19 00:00:00,9280.7998046875,2
1983-10-20 00:00:00,9319.5498046875,3
1983-10-21 00:00:00,9370.2099609375,4
1983-10-24 00:00:00,9260.16015625,0
1983-10-25 00:00:00,9232.76953125,1
1983-10-26 00:00:00,9246.5498046875,2
1983-10-27 00:00:00,9323.08984375,3
1983-10-28 00:00:00,9321.3701171875,4
1983-10-31 00:00:00,9356.7900390625,0
1983-11-01 00:00:00,9350.91015625,1
1983-11-02 00:00:00,9344.1201171875,2
1983-11-04 00:00:00,9341.6796875,4
1983-11-07 00:00:00,9316.2099609375,0
1983-11-08 00:00:00,9319.259765625,1
1983-11-09 00:00:00,9297.099609375,2
1983-11-10 00:00:00,9244.240234375,3
1983-11-11 00:00:00,9305.6298828125,4
1983-11-14 00:00:00,9348.51953125,0
1983-11-15 00:00:00,9379.2900390625,1
1983-11-16 00:00:00,9430.8095703125,2
1983-11-17 00:00:00,9416.9501953125,3
1983-11-18 00:00:00,9386.6796875,4
1983-11-21 00:00:00,9409.7802734375,0
1983-11-22 00:00:00,9416.5595703125,1
1983-11-24 00:00:00,9373.5400390625,3
1983-11-25 00:00:00,9340.849609375,4
1983-11-28 00:00:00,9294.7099609375,0
1983-11-29 00:00:00,9256.349609375,1
1983-11-30 00:00:00,9320.240234375,2
1983-12-01 00:00:00,9336.599609375,3
1983-12-02 00:00:00,9379.849609375,4
1983-12-05 00:00:00,9445.1298828125,0
1983-12-06 00:00:00,9438.7900390625,1
1983-12-07 00:00:00,9404.990234375,2
1983-12-08 00:00:00,9461.0302734375,3
1983-12-09 00:00:00,9448.900390625,4
1983-12-12 00:00:00,9442.0,0
1983-12-13 00:00:00,9385.5595703125,1
1983-12-14 00:00:00,9401.169921875,2
1983-12-15 00:00:00,9462.4296875,3
1983-12-16 00:00:00,9530.6103515625,4
1983-12-19 00:00:00,9484.169921875,0
1983-12-20 00:00:00,9627.9296875,1
1983-12-21 00:00:00,9717.650390625,2
1983-12-22 00:00:00,9709.419921875,3
1983-12-23 00:00:00,9684.169921875,4
1983-12-26 00:00:00,9846.5703125,0
1983-12-27 00:00:00,9883.9404296875,1
1983-12-28 00:00:00,9893.8203125,2
1984-01-04 00:00:00,9927.1103515625,2
1984-01-05 00:00:00,9946.8603515625,3
1984-01-06 00:00:00,9961.25,4
1984-01-09 00:00:00,10053.8095703125,0
1984-01-10 00:00:00,10016.2099609375,1
1984-01-11 00:00:00,10072.509765625,2
1984-01-12 00:00:00,10104.16015625,3
1984-01-13 00:00:00,10150.9697265625,4
1984-01-17 00:00:00,10155.5703125,1
1984-01-18 00:00:00,10100.23046875,2
1984-01-19 00:00:00,10098.41015625,3
1984-01-20 00:00:00,10104.0703125,4
1984-01-23 00:00:00,10070.98046875,0
1984-01-24 00:00:00,10022.919921875,1
1984-01-25 00:00:00,10115.099609375,2
1984-01-26 00:00:00,10179.650390625,3
1984-01-27 00:00:00,10180.9501953125,4
1984-01-30 00:00:00,10235.73046875,0
1984-01-31 00:00:00,10196.099609375,1
1984-02-01 00:00:00,10200.8095703125,2
1984-02-02 00:00:00,10156.2900390625,3
1984-02-03 00:00:00,10134.1298828125,4
1984-02-06 00:00:00,10121.080078125,0
1984-02-07 00:00:00,10060.919921875,1
1984-02-08 00:00:00,10099.58984375,2
1984-02-09 00:00:00,10001.5400390625,3
1984-02-10 00:00:00,9959.900390625,4
1984-02-13 00:00:00,9963.16015625,0
1984-02-14 00:00:00,9830.4697265625,1
1984-02-15 00:00:00,9892.16015625,2
1984-02-16 00:00:00,9897.150390625,3
1984-02-17 00:00:00,9925.0703125,4
1984-02-20 00:00:00,9937.830078125,0
1984-02-21 00:00:00,9970.6396484375,1
1984-02-22 00:00:00,9947.7099609375,2
1984-02-23 00:00:00,9939.5595703125,3
1984-02-24 00:00:00,9962.8701171875,4
1984-02-27 00:00:00,10071.48046875,0
1984-02-28 00:00:00,10073.7802734375,1
1984-02-29 00:00:00,10030.7001953125,2
1984-03-01 00:00:00,9920.26953125,3
1984-03-02 00:00:00,9948.48046875,4
1984-03-05 00:00:00,10088.9404296875,0
1984-03-06 00:00:00,10058.7197265625,1
1984-03-07 00:00:00,10021.2001953125,2
1984-03-08 00:00:00,9959.3203125,3
1984-03-09 00:00:00,9997.2197265625,4
1984-03-12 00:00:00,10086.5400390625,0
1984-03-13 00:00:00,10194.759765625,1
1984-03-14 00:00:00,10324.0,2
1984-03-15 00:00:00,10346.990234375,3
1984-03-16 00:00:00,10458.3095703125,4
1984-03-19 00:00:00,10479.7998046875,0
1984-03-21 00:00:00,10413.8798828125,2
1984-03-22 00:00:00,10455.8095703125,3
1984-03-23 00:00:00,10506.2900390625,4
1984-03-26 00:00:00,10483.73046875,0
1984-03-27 00:00:00,10528.3603515625,1
1984-03-28 00:00:00,10700.8701171875,2
1984-03-29 00:00:00,10801.5498046875,3
1984-03-30 00:00:00,10929.169921875,4
1984-04-02 00:00:00,11050.1904296875,0
1984-04-03 00:00:00,10933.8203125,1
1984-04-04 00:00:00,11002.0302734375,2
1984-04-05 00:00:00,10992.9296875,3
1984-04-06 00:00:00,10914.73046875,4
1984-04-09 00:00:00,10890.7001953125,0
1984-04-10 00:00:00,10915.1201171875,1
1984-04-11 00:00:00,10939.4404296875,2
1984-04-12 00:00:00,10967.150390625,3
1984-04-13 00:00:00,11015.2099609375,4
1984-04-16 00:00:00,11019.669921875,0
1984-04-17 00:00:00,10906.400390625,1
1984-04-18 00:00:00,10932.849609375,2
1984-04-19 00:00:00,10783.0400390625,3
1984-04-20 00:00:00,10803.8798828125,4
1984-04-23 00:00:00,10800.7802734375,0
1984-04-24 00:00:00,10761.8203125,1
1984-04-25 00:00:00,10866.33984375,2
1984-04-26 00:00:00,10901.51953125,3
1984-04-27 00:00:00,10981.6796875,4
1984-05-01 00:00:00,11019.08984375,1
1984-05-02 00:00:00,11105.4599609375,2
1984-05-04 00:00:00,11190.169921875,4
1984-05-07 00:00:00,11158.9599609375,0
1984-05-08 00:00:00,11052.4404296875,1
1984-05-09 00:00:00,11060.2900390625,2
1984-05-10 00:00:00,10879.7099609375,3
1984-05-11 00:00:00,10833.8701171875,4
1984-05-14 00:00:00,10563.33984375,0
1984-05-15 00:00:00,10604.5400390625,1
1984-05-16 00:00:00,10619.849609375,2
1984-05-17 00:00:00,10340.509765625,3
1984-05-18 00:00:00,10126.8798828125,4
1984-05-21 00:00:00,10164.9697265625,0
1984-05-22 00:00:00,10061.9404296875,1
1984-05-23 00:00:00,10023.4599609375,2
1984-05-24 00:00:00,10251.7197265625,3
1984-05-25 00:00:00,10142.099609375,4
1984-05-28 00:00:00,10116.0400390625,0
1984-05-29 00:00:00,10163.9697265625,1
1984-05-30 00:00:00,10140.9697265625,2
1984-05-31 00:00:00,9940.1396484375,3
1984-06-01 00:00:00,9913.169921875,4
1984-06-04 00:00:00,10131.66015625,0
1984-06-05 00:00:00,10258.759765625,1
1984-06-06 00:00:00,10254.2001953125,2
1984-06-07 00:00:00,10316.0,3
1984-06-08 00:00:00,10350.9296875,4
1984-06-11 00:00:00,10376.830078125,0
1984-06-12 00:00:00,10324.830078125,1
1984-06-13 00:00:00,10275.9296875,2
1984-06-14 00:00:00,10148.73046875,3
1984-06-15 00:00:00,10057.0498046875,4
1984-06-18 00:00:00,10082.4697265625,0
1984-06-19 00:00:00,10197.33984375,1
1984-06-20 00:00:00,10237.2197265625,2
1984-06-21 00:00:00,10170.759765625,3
1984-06-22 00:00:00,10152.6103515625,4
1984-06-25 00:00:00,10172.5,0
1984-06-26 00:00:00,10245.080078125,1
1984-06-27 00:00:00,10311.009765625,2
1984-06-28 00:00:00,10372.0498046875,3
1984-06-29 00:00:00,10377.9697265625,4
1984-07-02 00:00:00,10410.8701171875,0
1984-07-03 00:00:00,10349.25,1
1984-07-04 00:00:00,10375.83984375,2
1984-07-05 00:00:00,10420.5703125,3
1984-07-06 00:00:00,10461.91015625,4
1984-07-09 00:00:00,10373.2197265625,0
1984-07-10 00:00:00,10386.6103515625,1
1984-07-11 00:00:00,10354.8798828125,2
1984-07-12 00:00:00,10270.16015625,3
1984-07-13 00:00:00,10154.099609375,4
1984-07-16 00:00:00,10177.580078125,0
1984-07-17 00:00:00,10242.01953125,1
1984-07-18 00:00:00,10208.25,2
1984-07-19 00:00:00,10088.7900390625,3
1984-07-20 00:00:00,9945.26953125,4
1984-07-23 00:00:00,9703.349609375,0
1984-07-24 00:00:00,9738.9599609375,1
1984-07-25 00:00:00,9800.1103515625,2
1984-07-26 00:00:00,9932.1796875,3
1984-07-27 00:00:00,10036.2099609375,4
1984-07-30 00:00:00,10013.599609375,0
1984-07-31 00:00:00,9998.5,1
1984-08-01 00:00:00,9948.400390625,2
1984-08-02 00:00:00,10086.8701171875,3
1984-08-03 00:00:00,10233.6103515625,4
1984-08-06 00:00:00,10431.08984375,0
1984-08-07 00:00:00,10313.6298828125,1
1984-08-08 00:00:00,10247.1201171875,2
1984-08-09 00:00:00,10290.3603515625,3
1984-08-10 00:00:00,10375.9296875,4
1984-08-13 00:00:00,10389.6201171875,0
1984-08-14 00:00:00,10360.919921875,1
1984-08-15 00:00:00,10441.5,2
1984-08-16 00:00:00,10418.240234375,3
1984-08-17 00:00:00,10449.48046875,4
1984-08-20 00:00:00,10533.349609375,0
1984-08-21 00:00:00,10485.9697265625,1
1984-08-22 00:00:00,10538.3203125,2
1984-08-23 00:00:00,10545.5498046875,3
1984-08-24 00:00:00,10554.08984375,4
1984-08-27 00:00:00,10568.7197265625,0
1984-08-28 00:00:00,10575.1904296875,1
1984-08-29 00:00:00,10579.8896484375,2
1984-08-30 00:00:00,10586.26953125,3
1984-08-31 00:00:00,10584.2001953125,4
1984-09-03 00:00:00,10630.080078125,0
1984-09-04 00:00:00,10609.5302734375,1
1984-09-05 00:00:00,10545.5498046875,2
1984-09-06 00:00:00,10458.490234375,3
1984-09-07 00:00:00,10500.7001953125,4
1984-09-10 00:00:00,10471.5302734375,0
1984-09-11 00:00:00,10493.099609375,1
1984-09-12 00:00:00,10533.5400390625,2
1984-09-13 00:00:00,10578.759765625,3
1984-09-14 00:00:00,10621.5400390625,4
1984-09-17 00:00:00,10636.3603515625,0
1984-09-18 00:00:00,10559.150390625,1
1984-09-19 00:00:00,10552.2998046875,2
1984-09-20 00:00:00,10521.33984375,3
1984-09-21 00:00:00,10505.1103515625,4
1984-09-25 00:00:00,10604.83984375,1
1984-09-26 00:00:00,10620.0595703125,2
1984-09-27 00:00:00,10643.8701171875,3
1984-09-28 00:00:00,10649.25,4
1984-10-01 00:00:00,10653.7900390625,0
1984-10-02 00:00:00,10540.0498046875,1
1984-10-03 00:00:00,10587.3798828125,2
1984-10-04 00:00:00,10642.0703125,3
1984-10-05 00:00:00,10737.580078125,4
1984-10-08 00:00:00,10676.9296875,0
1984-10-09 00:00:00,10668.7099609375,1
1984-10-11 00:00:00,10696.8603515625,3
1984-10-12 00:00:00,10684.580078125,4
1984-10-15 00:00:00,10780.1796875,0
1984-10-16 00:00:00,10757.8896484375,1
1984-10-17 00:00:00,10742.8701171875,2
1984-10-18 00:00:00,10759.8701171875,3
1984-10-19 00:00:00,10845.169921875,4
1984-10-22 00:00:00,11077.83984375,0
1984-10-23 00:00:00,11029.9501953125,1
1984-10-24 00:00:00,11178.6298828125,2
1984-10-25 00:00:00,11151.51953125,3
1984-10-26 00:00:00,11155.01953125,4
1984-10-29 00:00:00,11176.9296875,0
1984-10-30 00:00:00,11171.5498046875,1
1984-10-31 00:00:00,11252.98046875,2
1984-11-01 00:00:00,11169.5595703125,3
1984-11-02 00:00:00,11249.9501953125,4
1984-11-05 00:00:00,11374.080078125,0
1984-11-06 00:00:00,11297.66015625,1
1984-11-07 00:00:00,11178.5400390625,2
1984-11-08 00:00:00,11166.919921875,3
1984-11-09 00:00:00,11239.2802734375,4
1984-11-12 00:00:00,11235.1201171875,0
1984-11-13 00:00:00,11265.16015625,1
1984-11-14 00:00:00,11320.900390625,2
1984-11-15 00:00:00,11301.6201171875,3
1984-11-16 00:00:00,11271.4501953125,4
1984-11-19 00:00:00,11284.2099609375,0
1984-11-20 00:00:00,11256.98046875,1
1984-11-21 00:00:00,11249.6904296875,2
1984-11-22 00:00:00,11207.7001953125,3
1984-11-26 00:00:00,11162.9599609375,0
1984-11-27 00:00:00,11184.1201171875,1
1984-11-28 00:00:00,11248.080078125,2
1984-11-29 00:00:00,11366.6396484375,3
1984-11-30 00:00:00,11428.900390625,4
1984-12-03 00:00:00,11513.580078125,0
1984-12-04 00:00:00,11577.4404296875,1
1984-12-05 00:00:00,11543.1904296875,2
1984-12-06 00:00:00,11559.83984375,3
1984-12-07 00:00:00,11466.9296875,4
1984-12-10 00:00:00,11316.8701171875,0
1984-12-11 00:00:00,11250.830078125,1
1984-12-12 00:00:00,11382.33984375,2
1984-12-13 00:00:00,11340.0498046875,3
1984-12-14 00:00:00,11419.150390625,4
1984-12-17 00:00:00,11455.669921875,0
1984-12-18 00:00:00,11460.2099609375,1
1984-12-19 00:00:00,11558.4296875,2
1984-12-20 00:00:00,11514.150390625,3
1984-12-21 00:00:00,11474.3095703125,4
1984-12-24 00:00:00,11439.8701171875,0
1984-12-25 00:00:00,11492.2900390625,1
1984-12-26 00:00:00,11494.58984375,2
1984-12-27 00:00:00,11513.5703125,3
1984-12-28 00:00:00,11542.599609375,4
1985-01-02 00:00:00,11543.0,2
1985-01-04 00:00:00,11558.0595703125,4
1985-01-07 00:00:00,11575.51953125,0
1985-01-08 00:00:00,11679.7900390625,1
1985-01-09 00:00:00,11763.5703125,2
1985-01-10 00:00:00,11824.3798828125,3
1985-01-11 00:00:00,11812.240234375,4
1985-01-14 00:00:00,11823.91015625,0
1985-01-16 00:00:00,11933.01953125,2
1985-01-17 00:00:00,11887.1904296875,3
1985-01-18 00:00:00,11910.0595703125,4
1985-01-21 00:00:00,11964.51953125,0
1985-01-22 00:00:00,11868.1201171875,1
1985-01-23 00:00:00,11859.009765625,2
1985-01-24 00:00:00,11856.3603515625,3
1985-01-25 00:00:00,11785.099609375,4
1985-01-28 00:00:00,11798.8603515625,0
1985-01-29 00:00:00,11843.0703125,1
1985-01-30 00:00:00,11960.6298828125,2
1985-01-31 00:00:00,11992.3095703125,3
1985-02-01 00:00:00,11946.9599609375,4
1985-02-04 00:00:00,11891.080078125,0
1985-02-05 00:00:00,11823.4296875,1
1985-02-06 00:00:00,11867.169921875,2
1985-02-07 00:00:00,11940.7998046875,3
1985-02-08 00:00:00,12009.009765625,4
1985-02-12 00:00:00,12027.8896484375,1
1985-02-13 00:00:00,12025.7099609375,2
1985-02-14 00:00:00,12081.6904296875,3
1985-02-15 00:00:00,12148.2900390625,4
1985-02-18 00:00:00,12149.150390625,0
1985-02-19 00:00:00,12156.6396484375,1
1985-02-20 00:00:00,12152.3701171875,2
1985-02-21 00:00:00,12128.4599609375,3
1985-02-22 00:00:00,12147.0595703125,4
1985-02-25 00:00:00,12201.0400390625,0
1985-02-26 00:00:00,12194.9697265625,1
1985-02-27 00:00:00,12287.3798828125,2
1985-02-28 00:00:00,12321.919921875,3
1985-03-01 00:00:00,12412.1396484375,4
1985-03-04 00:00:00,12509.009765625,0
1985-03-05 00:00:00,12476.3798828125,1
1985-03-06 00:00:00,12498.669921875,2
1985-03-07 00:00:00,12414.7998046875,3
1985-03-08 00:00:00,12347.5302734375,4
1985-03-11 00:00:00,12263.849609375,0
1985-03-12 00:00:00,12296.8701171875,1
1985-03-13 00:00:00,12419.259765625,2
1985-03-14 00:00:00,12405.0302734375,3
1985-03-15 00:00:00,12468.0302734375,4
1985-03-18 00:00:00,12506.6396484375,0
1985-03-19 00:00:00,12477.990234375,1
1985-03-20 00:00:00,12541.3701171875,2
1985-03-22 00:00:00,12542.599609375,4
1985-03-25 00:00:00,12493.259765625,0
1985-03-26 00:00:00,12486.150390625,1
1985-03-27 00:00:00,12550.8203125,2
1985-03-28 00:00:00,12604.01953125,3
1985-03-29 00:00:00,12580.759765625,4
1985-04-01 00:00:00,12677.150390625,0
1985-04-02 00:00:00,12629.8603515625,1
1985-04-03 00:00:00,12683.259765625,2
1985-04-04 00:00:00,12627.099609375,3
1985-04-05 00:00:00,12544.240234375,4
1985-04-08 00:00:00,12635.9599609375,0
1985-04-09 00:00:00,12630.4296875,1
1985-04-10 00:00:00,12601.9296875,2
1985-04-11 00:00:00,12573.7998046875,3
1985-04-12 00:00:00,12588.009765625,4
1985-04-15 00:00:00,12552.73046875,0
1985-04-16 00:00:00,12207.2802734375,1
1985-04-17 00:00:00,12302.0595703125,2
1985-04-18 00:00:00,12052.8203125,3
1985-04-19 00:00:00,12114.7998046875,4
1985-04-22 00:00:00,12179.919921875,0
1985-04-23 00:00:00,12124.1396484375,1
1985-04-24 00:00:00,12217.76953125,2
1985-04-25 00:00:00,12333.8701171875,3
1985-04-26 00:00:00,12405.099609375,4
1985-04-30 00:00:00,12426.2900390625,1
1985-05-01 00:00:00,12456.650390625,2
1985-05-02 00:00:00,12451.7900390625,3
1985-05-07 00:00:00,12506.2998046875,1
1985-05-08 00:00:00,12521.2001953125,2
1985-05-09 00:00:00,12474.509765625,3
1985-05-10 00:00:00,12527.3095703125,4
1985-05-13 00:00:00,12541.5302734375,0
1985-05-14 00:00:00,12504.2001953125,1
1985-05-15 00:00:00,12358.0302734375,2
1985-05-16 00:00:00,12369.2998046875,3
1985-05-17 00:00:00,12419.990234375,4
1985-05-20 00:00:00,12559.099609375,0
1985-05-21 00:00:00,12650.3701171875,1
1985-05-22 00:00:00,12673.5703125,2
1985-05-23 00:00:00,12649.1298828125,3
1985-05-24 00:00:00,12593.849609375,4
1985-05-27 00:00:00,12642.73046875,0
1985-05-28 00:00:00,12694.9296875,1
1985-05-29 00:00:00,12767.169921875,2
1985-05-30 00:00:00,12790.26953125,3
1985-05-31 00:00:00,12758.4599609375,4
1985-06-03 00:00:00,12473.41015625,0
1985-06-04 00:00:00,12583.3095703125,1
1985-06-05 00:00:00,12693.2099609375,2
1985-06-06 00:00:00,12716.1103515625,3
1985-06-07 00:00:00,12716.58984375,4
1985-06-10 00:00:00,12683.33984375,0
1985-06-11 00:00:00,12758.9296875,1
1985-06-12 00:00:00,12748.009765625,2
1985-06-13 00:00:00,12717.16015625,3
1985-06-14 00:00:00,12685.25,4
1985-06-17 00:00:00,12769.2802734375,0
1985-06-18 00:00:00,12741.1103515625,1
1985-06-19 00:00:00,12773.58984375,2
1985-06-20 00:00:00,12677.9697265625,3
1985-06-21 00:00:00,12634.759765625,4
1985-06-24 00:00:00,12765.9296875,0
1985-06-25 00:00:00,12837.01953125,1
1985-06-26 00:00:00,12910.2900390625,2
1985-06-27 00:00:00,12841.599609375,3
1985-06-28 00:00:00,12882.08984375,4
1985-07-01 00:00:00,12919.0302734375,0
1985-07-02 00:00:00,12913.75,1
1985-07-03 00:00:00,12924.2998046875,2
1985-07-04 00:00:00,12969.58984375,3
1985-07-05 00:00:00,12963.349609375,4
1985-07-08 00:00:00,13029.650390625,0
1985-07-09 00:00:00,13021.009765625,1
1985-07-10 00:00:00,13012.08984375,2
1985-07-11 00:00:00,12858.099609375,3
1985-07-12 00:00:00,12839.490234375,4
1985-07-15 00:00:00,12598.76953125,0
1985-07-16 00:00:00,12698.259765625,1
1985-07-17 00:00:00,12846.490234375,2
1985-07-18 00:00:00,12852.5400390625,3
1985-07-19 00:00:00,12788.5400390625,4
1985-07-22 00:00:00,12771.66015625,0
1985-07-23 00:00:00,12762.830078125,1
1985-07-24 00:00:00,12777.0302734375,2
1985-07-25 00:00:00,12647.0302734375,3
1985-07-26 00:00:00,12648.08984375,4
1985-07-29 00:00:00,12591.419921875,0
1985-07-30 00:00:00,12269.8896484375,1
1985-07-31 00:00:00,12232.26953125,2
1985-08-01 00:00:00,12538.33984375,3
1985-08-02 00:00:00,12525.9599609375,4
1985-08-05 00:00:00,12450.6201171875,0
1985-08-06 00:00:00,12437.2802734375,1
1985-08-07 00:00:00,12421.150390625,2
1985-08-08 00:00:00,12386.0302734375,3
1985-08-09 00:00:00,12401.1904296875,4
1985-08-12 00:00:00,12372.8798828125,0
1985-08-13 00:00:00,12326.7099609375,1
1985-08-14 00:00:00,12419.6396484375,2
1985-08-15 00:00:00,12484.01953125,3
1985-08-16 00:00:00,12583.080078125,4
1985-08-19 00:00:00,12640.0498046875,0
1985-08-20 00:00:00,12634.0498046875,1
1985-08-21 00:00:00,12704.8095703125,2
1985-08-22 00:00:00,12734.0498046875,3
1985-08-23 00:00:00,12691.41015625,4
1985-08-26 00:00:00,12651.76953125,0
1985-08-27 00:00:00,12691.41015625,1
1985-08-28 00:00:00,12685.5,2
1985-08-29 00:00:00,12728.7998046875,3
1985-08-30 00:00:00,12713.150390625,4
1985-09-02 00:00:00,12726.6396484375,0
1985-09-03 00:00:00,12630.9599609375,1
1985-09-04 00:00:00,12529.4697265625,2
1985-09-05 00:00:00,12491.7998046875,3
1985-09-06 00:00:00,12453.849609375,4
1985-09-09 00:00:00,12455.7197265625,0
1985-09-10 00:00:00,12519.5400390625,1
1985-09-11 00:00:00,12625.25,2
1985-09-12 00:00:00,12603.0400390625,3
1985-09-13 00:00:00,12585.7001953125,4
1985-09-17 00:00:00,12591.509765625,1
1985-09-18 00:00:00,12529.66015625,2
1985-09-19 00:00:00,12564.990234375,3
1985-09-20 00:00:00,12666.9501953125,4
1985-09-24 00:00:00,12755.599609375,1
1985-09-25 00:00:00,12704.8095703125,2
1985-09-26 00:00:00,12689.5,3
1985-09-27 00:00:00,12639.0,4
1985-09-30 00:00:00,12700.1103515625,0
1985-10-01 00:00:00,12685.3603515625,1
1985-10-02 00:00:00,12720.5,2
1985-10-03 00:00:00,12700.8603515625,3
1985-10-04 00:00:00,12713.830078125,4
1985-10-07 00:00:00,12792.0,0
1985-10-08 00:00:00,12835.2099609375,1
1985-10-09 00:00:00,12857.2001953125,2
1985-10-11 00:00:00,12949.919921875,4
1985-10-14 00:00:00,13017.2900390625,0
1985-10-15 00:00:00,13055.51953125,1
1985-10-16 00:00:00,13036.5595703125,2
1985-10-17 00:00:00,13021.1396484375,3
1985-10-18 00:00:00,12973.2197265625,4
1985-10-21 00:00:00,13023.2099609375,0
1985-10-22 00:00:00,13001.6904296875,1
1985-10-23 00:00:00,12946.5302734375,2
1985-10-24 00:00:00,12969.080078125,3
1985-10-25 00:00:00,12854.990234375,4
1985-10-28 00:00:00,12937.0400390625,0
1985-10-29 00:00:00,12913.919921875,1
1985-10-30 00:00:00,12908.66015625,2
1985-10-31 00:00:00,12936.4697265625,3
1985-11-01 00:00:00,12808.099609375,4
1985-11-05 00:00:00,12820.6904296875,1
1985-11-06 00:00:00,12892.400390625,2
1985-11-07 00:00:00,12851.240234375,3
1985-11-08 00:00:00,12851.0498046875,4
1985-11-11 00:00:00,12821.259765625,0
1985-11-12 00:00:00,12735.080078125,1
1985-11-13 00:00:00,12716.2900390625,2
1985-11-14 00:00:00,12589.509765625,3
1985-11-15 00:00:00,12637.4404296875,4
1985-11-18 00:00:00,12700.3095703125,0
1985-11-19 00:00:00,12607.26953125,1
1985-11-20 00:00:00,12642.8896484375,2
1985-11-21 00:00:00,12697.01953125,3
1985-11-22 00:00:00,12759.330078125,4
1985-11-25 00:00:00,12783.3896484375,0
1985-11-26 00:00:00,12783.099609375,1
1985-11-27 00:00:00,12777.83984375,2
1985-11-28 00:00:00,12741.1904296875,3
1985-11-29 00:00:00,12763.26953125,4
1985-12-02 00:00:00,12796.919921875,0
1985-12-03 00:00:00,12774.5498046875,1
1985-12-04 00:00:00,12811.2001953125,2
1985-12-05 00:00:00,12864.1103515625,3
1985-12-06 00:00:00,12793.5302734375,4
1985-12-09 00:00:00,12798.23046875,0
1985-12-10 00:00:00,12850.9501953125,1
1985-12-11 00:00:00,12972.0,2
1985-12-12 00:00:00,13050.2802734375,3
1985-12-13 00:00:00,13107.98046875,4
1985-12-16 00:00:00,13117.849609375,0
1985-12-17 00:00:00,13128.9404296875,1
1985-12-18 00:00:00,13102.33984375,2
1985-12-19 00:00:00,13115.0302734375,3
1985-12-20 00:00:00,13011.08984375,4
1985-12-23 00:00:00,13043.0400390625,0
1985-12-24 00:00:00,13010.7099609375,1
1985-12-25 00:00:00,13097.830078125,2
1985-12-26 00:00:00,13084.58984375,3
1985-12-27 00:00:00,13083.1796875,4
1986-01-06 00:00:00,13053.7900390625,0
1986-01-07 00:00:00,12991.240234375,1
1986-01-08 00:00:00,13056.419921875,2
1986-01-09 00:00:00,13034.1904296875,3
1986-01-10 00:00:00,12998.2099609375,4
1986-01-13 00:00:00,12977.01953125,0
1986-01-14 00:00:00,12928.599609375,1
1986-01-16 00:00:00,13027.1298828125,3
1986-01-17 00:00:00,13009.7001953125,4
1986-01-20 00:00:00,12952.0498046875,0
1986-01-21 00:00:00,12881.5,1
1986-01-22 00:00:00,12923.3203125,2
1986-01-23 00:00:00,12888.9404296875,3
1986-01-24 00:00:00,12904.2001953125,4
1986-01-27 00:00:00,12983.1396484375,0
1986-01-28 00:00:00,12993.6904296875,1
1986-01-29 00:00:00,12957.1396484375,2
1986-01-30 00:00:00,12949.0400390625,3
1986-01-31 00:00:00,13024.2998046875,4
1986-02-03 00:00:00,13086.4697265625,0
1986-02-04 00:00:00,13138.08984375,1
1986-02-05 00:00:00,13185.66015625,2
1986-02-06 00:00:00,13186.6103515625,3
1986-02-07 00:00:00,13212.1298828125,4
1986-02-10 00:00:00,13226.0703125,0
1986-02-12 00:00:00,13300.580078125,2
1986-02-13 00:00:00,13293.7998046875,3
1986-02-14 00:00:00,13342.7802734375,4
1986-02-17 00:00:00,13447.91015625,0
1986-02-18 00:00:00,13436.23046875,1
1986-02-19 00:00:00,13466.650390625,2
1986-02-20 00:00:00,13355.41015625,3
1986-02-21 00:00:00,13394.3095703125,4
1986-02-24 00:00:00,13503.490234375,0
1986-02-25 00:00:00,13576.2998046875,1
1986-02-26 00:00:00,13621.7001953125,2
1986-02-27 00:00:00,13642.1396484375,3
1986-02-28 00:00:00,13640.830078125,4
1986-03-03 00:00:00,13757.6298828125,0
1986-03-04 00:00:00,13784.2900390625,1
1986-03-05 00:00:00,13807.4599609375,2
1986-03-06 00:00:00,13901.5595703125,3
1986-03-07 00:00:00,13994.6298828125,4
1986-03-10 00:00:00,14056.51953125,0
1986-03-11 00:00:00,14066.2197265625,1
1986-03-12 00:00:00,14238.1298828125,2
1986-03-13 00:00:00,14414.66015625,3
1986-03-14 00:00:00,14516.76953125,4
1986-03-17 00:00:00,14655.51953125,0
1986-03-18 00:00:00,14639.3203125,1
1986-03-19 00:00:00,14476.5400390625,2
1986-03-20 00:00:00,14753.2998046875,3
1986-03-21 00:00:00,15014.0,4
1986-03-24 00:00:00,14975.23046875,0
1986-03-25 00:00:00,14826.8701171875,1
1986-03-26 00:00:00,15059.7197265625,2
1986-03-27 00:00:00,15337.1796875,3
1986-03-28 00:00:00,15364.33984375,4
1986-03-31 00:00:00,15859.75,0
1986-04-01 00:00:00,15745.8701171875,1
1986-04-02 00:00:00,15555.509765625,2
1986-04-03 00:00:00,15272.240234375,3
1986-04-04 00:00:00,15019.8095703125,4
1986-04-07 00:00:00,15061.98046875,0
1986-04-08 00:00:00,15014.0595703125,1
1986-04-09 00:00:00,15110.1796875,2
1986-04-10 00:00:00,15203.5703125,3
1986-04-11 00:00:00,15326.3798828125,4
1986-04-14 00:00:00,15396.759765625,0
1986-04-15 00:00:00,15352.330078125,1
1986-04-16 00:00:00,15358.3603515625,2
1986-04-17 00:00:00,15486.83984375,3
1986-04-18 00:00:00,15758.6103515625,4
1986-04-21 00:00:00,15827.2802734375,0
1986-04-22 00:00:00,15712.91015625,1
1986-04-23 00:00:00,15748.01953125,2
1986-04-24 00:00:00,15682.0498046875,3
1986-04-25 00:00:00,15689.8798828125,4
1986-04-28 00:00:00,15757.9296875,0
1986-04-30 00:00:00,15825.5,2
1986-05-01 00:00:00,15782.650390625,3
1986-05-02 00:00:00,15868.4404296875,4
1986-05-06 00:00:00,15900.150390625,1
1986-05-07 00:00:00,15953.849609375,2
1986-05-08 00:00:00,16078.240234375,3
1986-05-09 00:00:00,16194.98046875,4
1986-05-12 00:00:00,16105.23046875,0
1986-05-13 00:00:00,15982.259765625,1
1986-05-14 00:00:00,15943.75,2
1986-05-15 00:00:00,15924.6904296875,3
1986-05-16 00:00:00,15739.0498046875,4
1986-05-19 00:00:00,15697.5302734375,0
1986-05-20 00:00:00,15689.98046875,1
1986-05-21 00:00:00,15808.1396484375,2
1986-05-22 00:00:00,15917.330078125,3
1986-05-23 00:00:00,16204.98046875,4
1986-05-26 00:00:00,16409.490234375,0
1986-05-27 00:00:00,16467.349609375,1
1986-05-28 00:00:00,16553.390625,2
1986-05-29 00:00:00,16610.609375,3
1986-05-30 00:00:00,16670.76953125,4
1986-06-02 00:00:00,16739.26953125,0
1986-06-03 00:00:00,16669.5390625,1
1986-06-04 00:00:00,16802.75,2
1986-06-05 00:00:00,16810.990234375,3
1986-06-06 00:00:00,16817.91015625,4
1986-06-09 00:00:00,17008.33984375,0
1986-06-10 00:00:00,16967.689453125,1
1986-06-11 00:00:00,17096.44921875,2
1986-06-12 00:00:00,17131.220703125,3
1986-06-13 00:00:00,17205.970703125,4
1986-06-16 00:00:00,17185.599609375,0
1986-06-17 00:00:00,17075.890625,1
1986-06-18 00:00:00,17177.0703125,2
1986-06-19 00:00:00,17277.58984375,3
1986-06-20 00:00:00,17403.130859375,4
1986-06-23 00:00:00,17457.890625,0
1986-06-24 00:00:00,17342.400390625,1
1986-06-25 00:00:00,17516.630859375,2
1986-06-26 00:00:00,17600.94921875,3
1986-06-27 00:00:00,17500.4296875,4
1986-06-30 00:00:00,17654.189453125,0
1986-07-01 00:00:00,17622.740234375,1
1986-07-02 00:00:00,17669.919921875,2
1986-07-03 00:00:00,17691.80078125,3
1986-07-04 00:00:00,17597.73046875,4
1986-07-07 00:00:00,17714.0703125,0
1986-07-08 00:00:00,17734.150390625,1
1986-07-09 00:00:00,17506.109375,2
1986-07-10 00:00:00,17469.8203125,3
1986-07-11 00:00:00,17670.76953125,4
1986-07-14 00:00:00,17820.560546875,0
1986-07-15 00:00:00,17882.80078125,1
1986-07-16 00:00:00,17700.900390625,2
1986-07-17 00:00:00,17725.630859375,3
1986-07-18 00:00:00,17838.83984375,4
1986-07-21 00:00:00,17522.220703125,0
1986-07-22 00:00:00,17639.3203125,1
1986-07-23 00:00:00,17860.0703125,2
1986-07-24 00:00:00,18026.240234375,3
1986-07-25 00:00:00,18050.58984375,4
1986-07-28 00:00:00,18038.939453125,0
1986-07-29 00:00:00,17728.939453125,1
1986-07-30 00:00:00,17799.05078125,2
1986-07-31 00:00:00,17509.7109375,3
1986-08-01 00:00:00,17321.9296875,4
1986-08-04 00:00:00,17263.099609375,0
1986-08-05 00:00:00,17414.779296875,1
1986-08-06 00:00:00,17353.48046875,2
1986-08-07 00:00:00,17422.359375,3
1986-08-08 00:00:00,17435.529296875,4
1986-08-11 00:00:00,17479.109375,0
1986-08-12 00:00:00,17794.689453125,1
1986-08-13 00:00:00,18000.759765625,2
1986-08-14 00:00:00,18264.7109375,3
1986-08-15 00:00:00,18376.41015625,4
1986-08-18 00:00:00,18597.439453125,0
1986-08-19 00:00:00,18792.609375,1
1986-08-20 00:00:00,18936.240234375,2
1986-08-21 00:00:00,18675.599609375,3
1986-08-22 00:00:00,18441.310546875,4
1986-08-25 00:00:00,18565.609375,0
1986-08-26 00:00:00,18640.830078125,1
1986-08-27 00:00:00,18503.26953125,2
1986-08-28 00:00:00,18367.98046875,3
1986-08-29 00:00:00,18533.6796875,4
1986-09-01 00:00:00,18820.75,0
1986-09-02 00:00:00,18694.9296875,1
1986-09-03 00:00:00,18505.44921875,2
1986-09-04 00:00:00,18559.640625,3
1986-09-05 00:00:00,18775.080078125,4
1986-09-08 00:00:00,18552.25,0
1986-09-09 00:00:00,18474.08984375,1
1986-09-10 00:00:00,18619.330078125,2
1986-09-11 00:00:00,18561.25,3
1986-09-12 00:00:00,18100.51953125,4
1986-09-15 00:00:00,18554.0,0
1986-09-16 00:00:00,17463.189453125,1
1986-09-17 00:00:00,17336.619140625,2
1986-09-18 00:00:00,17478.349609375,3
1986-09-19 00:00:00,17523.44921875,4
1986-09-22 00:00:00,17706.30078125,0
1986-09-23 00:00:00,17527.0,1
1986-09-24 00:00:00,17955.759765625,2
1986-09-25 00:00:00,17988.349609375,3
1986-09-26 00:00:00,17960.98046875,4
1986-09-29 00:00:00,18106.310546875,0
1986-09-30 00:00:00,17852.859375,1
1986-10-01 00:00:00,17564.390625,2
1986-10-02 00:00:00,17019.130859375,3
1986-10-03 00:00:00,17240.220703125,4
1986-10-06 00:00:00,17435.330078125,0
1986-10-07 00:00:00,17604.359375,1
1986-10-08 00:00:00,17514.80078125,2
1986-10-09 00:00:00,17650.23046875,3
1986-10-13 00:00:00,17338.73046875,0
1986-10-14 00:00:00,17318.0703125,1
1986-10-15 00:00:00,16970.119140625,2
1986-10-16 00:00:00,16871.890625,3
1986-10-17 00:00:00,16701.33984375,4
1986-10-20 00:00:00,16523.369140625,0
1986-10-21 00:00:00,16205.76953125,1
1986-10-22 00:00:00,15819.5498046875,2
1986-10-23 00:00:00,16308.26953125,3
1986-10-24 00:00:00,16284.0,4
1986-10-27 00:00:00,16157.7998046875,0
1986-10-28 00:00:00,16397.830078125,1
1986-10-29 00:00:00,16505.380859375,2
1986-10-30 00:00:00,17010.94921875,3
1986-10-31 00:00:00,16910.630859375,4
1986-11-04 00:00:00,16786.900390625,1
1986-11-05 00:00:00,16713.7109375,2
1986-11-06 00:00:00,16758.349609375,3
1986-11-07 00:00:00,16973.640625,4
1986-11-10 00:00:00,17053.19921875,0
1986-11-11 00:00:00,17300.560546875,1
1986-11-12 00:00:00,17447.890625,2
1986-11-13 00:00:00,17438.470703125,3
1986-11-14 00:00:00,17390.5,4
1986-11-17 00:00:00,17208.150390625,0
1986-11-18 00:00:00,17273.529296875,1
1986-11-19 00:00:00,17283.810546875,2
1986-11-20 00:00:00,17304.560546875,3
1986-11-21 00:00:00,17489.580078125,4
1986-11-25 00:00:00,17747.5,1
1986-11-26 00:00:00,17727.91015625,2
1986-11-27 00:00:00,17883.66015625,3
1986-11-28 00:00:00,18083.01953125,4
1986-12-01 00:00:00,18307.98046875,0
1986-12-02 00:00:00,18190.970703125,1
1986-12-03 00:00:00,18455.060546875,2
1986-12-04 00:00:00,18623.94921875,3
1986-12-05 00:00:00,18637.470703125,4
1986-12-08 00:00:00,18710.6796875,0
1986-12-09 00:00:00,18602.720703125,1
1986-12-10 00:00:00,18776.1796875,2
1986-12-11 00:00:00,18731.25,3
1986-12-12 00:00:00,18830.640625,4
1986-12-15 00:00:00,18788.939453125,0
1986-12-16 00:00:00,18933.0703125,1
1986-12-17 00:00:00,18847.76953125,2
1986-12-18 00:00:00,18723.720703125,3
1986-12-19 00:00:00,18930.029296875,4
1986-12-22 00:00:00,18825.400390625,0
1986-12-23 00:00:00,18808.55078125,1
1986-12-24 00:00:00,18902.849609375,2
1986-12-25 00:00:00,18774.259765625,3
1986-12-26 00:00:00,18820.650390625,4
1987-01-05 00:00:00,18820.55078125,0
1987-01-06 00:00:00,18936.759765625,1
1987-01-07 00:00:00,18842.369140625,2
1987-01-08 00:00:00,18778.740234375,3
1987-01-09 00:00:00,18810.359375,4
1987-01-12 00:00:00,18669.01953125,0
1987-01-13 00:00:00,18544.05078125,1
1987-01-14 00:00:00,18784.26953125,2
1987-01-16 00:00:00,19149.630859375,4
1987-01-19 00:00:00,19188.6796875,0
1987-01-20 00:00:00,19216.119140625,1
1987-01-21 00:00:00,19429.1796875,2
1987-01-22 00:00:00,19380.509765625,3
1987-01-23 00:00:00,19456.609375,4
1987-01-26 00:00:00,19554.720703125,0
1987-01-27 00:00:00,19686.830078125,1
1987-01-28 00:00:00,19789.9296875,2
1987-01-29 00:00:00,19921.05078125,3
1987-01-30 00:00:00,20048.349609375,4
1987-02-02 00:00:00,20072.08984375,0
1987-02-03 00:00:00,19956.330078125,1
1987-02-04 00:00:00,19973.869140625,2
1987-02-05 00:00:00,19795.080078125,3
1987-02-06 00:00:00,19668.830078125,4
1987-02-09 00:00:00,19679.3203125,0
1987-02-10 00:00:00,19813.9609375,1
1987-02-12 00:00:00,19874.890625,3
1987-02-13 00:00:00,19628.869140625,4
1987-02-16 00:00:00,19531.51953125,0
1987-02-17 00:00:00,19637.9296875,1
1987-02-18 00:00:00,19881.759765625,2
1987-02-19 00:00:00,20228.08984375,3
1987-02-20 00:00:00,20080.390625,4
1987-02-23 00:00:00,19940.5,0
1987-02-24 00:00:00,20076.48046875,1
1987-02-25 00:00:00,20186.330078125,2
1987-02-26 00:00:00,20453.900390625,3
1987-02-27 00:00:00,20421.66015625,4
1987-03-02 00:00:00,20933.8203125,0
1987-03-03 00:00:00,20971.390625,1
1987-03-04 00:00:00,21031.66015625,2
1987-03-05 00:00:00,21176.029296875,3
1987-03-06 00:00:00,21105.849609375,4
1987-03-09 00:00:00,21166.400390625,0
1987-03-10 00:00:00,21214.4609375,1
1987-03-11 00:00:00,21312.9609375,2
1987-03-12 00:00:00,21470.19921875,3
1987-03-13 00:00:00,21497.94921875,4
1987-03-16 00:00:00,21415.369140625,0
1987-03-17 00:00:00,21514.73046875,1
1987-03-18 00:00:00,21705.060546875,2
1987-03-19 00:00:00,21644.3203125,3
1987-03-20 00:00:00,21657.669921875,4
1987-03-23 00:00:00,21588.25,0
1987-03-24 00:00:00,21435.30078125,1
1987-03-25 00:00:00,21472.970703125,2
1987-03-26 00:00:00,21558.7890625,3
1987-03-27 00:00:00,22026.66015625,4
1987-03-30 00:00:00,21627.5703125,0
1987-03-31 00:00:00,21566.66015625,1
1987-04-01 00:00:00,22040.1796875,2
1987-04-02 00:00:00,22367.720703125,3
1987-04-03 00:00:00,22410.849609375,4
1987-04-06 00:00:00,22586.109375,0
1987-04-07 00:00:00,22784.650390625,1
1987-04-08 00:00:00,22912.990234375,2
1987-04-09 00:00:00,22922.19921875,3
1987-04-10 00:00:00,23216.58984375,4
1987-04-13 00:00:00,22919.5390625,0
1987-04-14 00:00:00,23524.080078125,1
1987-04-15 00:00:00,23510.689453125,2
1987-04-16 00:00:00,23868.4296875,3
1987-04-17 00:00:00,23938.349609375,4
1987-04-20 00:00:00,23895.220703125,0
1987-04-21 00:00:00,23886.099609375,1
1987-04-22 00:00:00,24097.7890625,2
1987-04-23 00:00:00,24024.609375,3
1987-04-24 00:00:00,24006.369140625,4
1987-04-27 00:00:00,23072.41015625,0
1987-04-28 00:00:00,22889.859375,1
1987-04-30 00:00:00,23274.830078125,3
1987-05-01 00:00:00,23680.890625,4
1987-05-06 00:00:00,23918.560546875,2
1987-05-07 00:00:00,24207.55078125,3
1987-05-08 00:00:00,24589.23046875,4
1987-05-11 00:00:00,24608.220703125,0
1987-05-12 00:00:00,24535.849609375,1
1987-05-13 00:00:00,24363.189453125,2
1987-05-14 00:00:00,24651.439453125,3
1987-05-15 00:00:00,24729.029296875,4
1987-05-18 00:00:00,24298.98046875,0
1987-05-19 00:00:00,24077.880859375,1
1987-05-20 00:00:00,23419.599609375,2
1987-05-21 00:00:00,23754.009765625,3
1987-05-22 00:00:00,24156.7109375,4
1987-05-25 00:00:00,24582.76953125,0
1987-05-26 00:00:00,24580.869140625,1
1987-05-27 00:00:00,24539.75,2
1987-05-28 00:00:00,24433.650390625,3
1987-05-29 00:00:00,24772.390625,4
1987-06-01 00:00:00,24992.779296875,0
1987-06-02 00:00:00,24902.630859375,1
1987-06-03 00:00:00,25049.400390625,2
1987-06-04 00:00:00,25366.109375,3
1987-06-05 00:00:00,25271.30078125,4
1987-06-08 00:00:00,25523.890625,0
1987-06-09 00:00:00,25379.880859375,1
1987-06-10 00:00:00,25738.9609375,2
1987-06-11 00:00:00,25890.94921875,3
1987-06-12 00:00:00,25894.26953125,4
1987-06-15 00:00:00,25756.439453125,0
1987-06-16 00:00:00,25738.859375,1
1987-06-17 00:00:00,25929.419921875,2
1987-06-18 00:00:00,25750.55078125,3
1987-06-19 00:00:00,25288.119140625,4
1987-06-22 00:00:00,24640.349609375,0
1987-06-23 00:00:00,24794.91015625,1
1987-06-24 00:00:00,24892.75,2
1987-06-25 00:00:00,25031.349609375,3
1987-06-26 00:00:00,25049.830078125,4
1987-06-29 00:00:00,24509.41015625,0
1987-06-30 00:00:00,24176.400390625,1
1987-07-01 00:00:00,24252.380859375,2
1987-07-02 00:00:00,24636.4609375,3
1987-07-03 00:00:00,24465.48046875,4
1987-07-06 00:00:00,23870.859375,0
1987-07-07 00:00:00,23816.08984375,1
1987-07-08 00:00:00,23472.419921875,2
1987-07-09 00:00:00,23755.900390625,3
1987-07-10 00:00:00,24102.990234375,4
1987-07-13 00:00:00,24118.009765625,0
1987-07-14 00:00:00,23931.529296875,1
1987-07-15 00:00:00,23969.759765625,2
1987-07-16 00:00:00,24003.609375,3
1987-07-17 00:00:00,23983.44921875,4
1987-07-20 00:00:00,23328.640625,0
1987-07-21 00:00:00,23078.359375,1
1987-07-22 00:00:00,22702.740234375,2
1987-07-23 00:00:00,23036.51953125,3
1987-07-24 00:00:00,23942.939453125,4
1987-07-27 00:00:00,24104.98046875,0
1987-07-28 00:00:00,24385.8203125,1
1987-07-29 00:00:00,24427.119140625,2
1987-07-30 00:00:00,24510.369140625,3
1987-07-31 00:00:00,24488.109375,4
1987-08-03 00:00:00,24483.8203125,0
1987-08-04 00:00:00,24172.599609375,1
1987-08-05 00:00:00,24297.150390625,2
1987-08-06 00:00:00,24658.23046875,3
1987-08-07 00:00:00,24800.94921875,4
1987-08-10 00:00:00,25119.69921875,0
1987-08-11 00:00:00,25282.970703125,1
1987-08-12 00:00:00,25560.23046875,2
1987-08-13 00:00:00,25575.740234375,3
1987-08-14 00:00:00,25494.009765625,4
1987-08-17 00:00:00,25378.880859375,0
1987-08-18 00:00:00,25344.33984375,1
1987-08-19 00:00:00,25231.58984375,2
1987-08-20 00:00:00,25396.5703125,3
1987-08-21 00:00:00,25559.1796875,4
1987-08-24 00:00:00,25754.330078125,0
1987-08-25 00:00:00,25643.390625,1
1987-08-26 00:00:00,25875.740234375,2
1987-08-27 00:00:00,25968.779296875,3
1987-08-28 00:00:00,25974.9609375,4
1987-08-31 00:00:00,26029.220703125,0
1987-09-01 00:00:00,26118.419921875,1
1987-09-02 00:00:00,25946.599609375,2
1987-09-03 00:00:00,25649.880859375,3
1987-09-04 00:00:00,25744.029296875,4
1987-09-07 00:00:00,25004.08984375,0
1987-09-08 00:00:00,25204.08984375,1
1987-09-09 00:00:00,24937.9296875,2
1987-09-10 00:00:00,24795.240234375,3
1987-09-11 00:00:00,24828.26953125,4
1987-09-14 00:00:00,24954.01953125,0
1987-09-16 00:00:00,24967.73046875,2
1987-09-17 00:00:00,24855.310546875,3
1987-09-18 00:00:00,24844.83984375,4
1987-09-21 00:00:00,24912.419921875,0
1987-09-22 00:00:00,24866.060546875,1
1987-09-24 00:00:00,24944.880859375,3
1987-09-25 00:00:00,25095.859375,4
1987-09-28 00:00:00,25837.33984375,0
1987-09-29 00:00:00,25998.0,1
1987-09-30 00:00:00,26010.880859375,2
1987-10-01 00:00:00,25721.740234375,3
1987-10-02 00:00:00,25862.44921875,4
1987-10-05 00:00:00,26018.330078125,0
1987-10-06 00:00:00,26088.970703125,1
1987-10-07 00:00:00,25952.26953125,2
1987-10-08 00:00:00,26286.75,3
1987-10-09 00:00:00,26338.76953125,4
1987-10-12 00:00:00,26284.650390625,0
1987-10-13 00:00:00,26400.630859375,1
1987-10-14 00:00:00,26646.4296875,2
1987-10-15 00:00:00,26428.220703125,3
1987-10-16 00:00:00,26366.740234375,4
1987-10-19 00:00:00,25746.560546875,0
1987-10-20 00:00:00,21910.080078125,1
1987-10-21 00:00:00,23947.400390625,2
1987-10-22 00:00:00,24404.44921875,3
1987-10-23 00:00:00,23201.220703125,4
1987-10-26 00:00:00,22202.560546875,0
1987-10-27 00:00:00,22834.9609375,1
1987-10-28 00:00:00,22577.529296875,2
1987-10-29 00:00:00,22033.890625,3
1987-10-30 00:00:00,22765.0390625,4
1987-11-02 00:00:00,23358.599609375,0
1987-11-04 00:00:00,23060.529296875,2
1987-11-05 00:00:00,22629.650390625,3
1987-11-06 00:00:00,22795.01953125,4
1987-11-09 00:00:00,22418.369140625,0
1987-11-10 00:00:00,21686.4609375,1
1987-11-11 00:00:00,21036.759765625,2
1987-11-12 00:00:00,21546.5,3
1987-11-13 00:00:00,22448.25,4
1987-11-16 00:00:00,22615.4296875,0
1987-11-17 00:00:00,22344.279296875,1
1987-11-18 00:00:00,22734.490234375,2
1987-11-19 00:00:00,22668.80078125,3
1987-11-20 00:00:00,22705.560546875,4
1987-11-24 00:00:00,22856.01953125,1
1987-11-25 00:00:00,23219.689453125,2
1987-11-26 00:00:00,23282.1796875,3
1987-11-27 00:00:00,23268.619140625,4
1987-11-30 00:00:00,22686.779296875,0
1987-12-01 00:00:00,22832.890625,1
1987-12-02 00:00:00,22915.490234375,2
1987-12-03 00:00:00,22808.16015625,3
1987-12-04 00:00:00,22602.75,4
1987-12-07 00:00:00,22586.51953125,0
1987-12-08 00:00:00,22948.33984375,1
1987-12-09 00:00:00,22885.69921875,2
1987-12-10 00:00:00,23280.83984375,3
1987-12-11 00:00:00,23035.810546875,4
1987-12-14 00:00:00,22926.279296875,0
1987-12-15 00:00:00,22846.73046875,1
1987-12-16 00:00:00,22819.419921875,2
1987-12-17 00:00:00,22899.830078125,3
1987-12-18 00:00:00,22826.970703125,4
1987-12-21 00:00:00,22956.83984375,0
1987-12-22 00:00:00,22741.01953125,1
1987-12-23 00:00:00,22693.849609375,2
1987-12-24 00:00:00,22543.369140625,3
1987-12-25 00:00:00,22120.939453125,4
1987-12-28 00:00:00,21564.0,0
1988-01-04 00:00:00,21217.0390625,0
1988-01-05 00:00:00,21575.279296875,1
1988-01-06 00:00:00,22790.5,2
1988-01-07 00:00:00,22792.130859375,3
1988-01-08 00:00:00,22872.560546875,4
1988-01-11 00:00:00,22578.4296875,0
1988-01-12 00:00:00,22625.05078125,1
1988-01-13 00:00:00,22324.990234375,2
1988-01-14 00:00:00,22603.650390625,3
1988-01-18 00:00:00,22910.19921875,0
1988-01-19 00:00:00,22898.169921875,1
1988-01-20 00:00:00,22843.140625,2
1988-01-21 00:00:00,22710.259765625,3
1988-01-22 00:00:00,22876.580078125,4
1988-01-25 00:00:00,23318.400390625,0
1988-01-26 00:00:00,23498.759765625,1
1988-01-27 00:00:00,23335.91015625,2
1988-01-28 00:00:00,23587.25,3
1988-01-29 00:00:00,23622.3203125,4
1988-02-01 00:00:00,23732.3203125,0
1988-02-02 00:00:00,23672.2109375,1
1988-02-03 00:00:00,23595.369140625,2
1988-02-04 00:00:00,23709.099609375,3
1988-02-05 00:00:00,23650.80078125,4
1988-02-08 00:00:00,23771.599609375,0
1988-02-09 00:00:00,23662.26953125,1
1988-02-10 00:00:00,23771.880859375,2
1988-02-12 00:00:00,23981.939453125,4
1988-02-15 00:00:00,24207.470703125,0
1988-02-16 00:00:00,24345.66015625,1
1988-02-17 00:00:00,24429.94921875,2
1988-02-18 00:00:00,24675.359375,3
1988-02-19 00:00:00,24773.41015625,4
1988-02-22 00:00:00,24846.7109375,0
1988-02-23 00:00:00,24949.44921875,1
1988-02-24 00:00:00,24968.650390625,2
1988-02-25 00:00:00,25100.66015625,3
1988-02-26 00:00:00,25165.1796875,4
1988-02-29 00:00:00,25242.810546875,0
1988-03-01 00:00:00,25435.900390625,1
1988-03-02 00:00:00,25682.8203125,2
1988-03-03 00:00:00,25596.310546875,3
1988-03-04 00:00:00,25615.619140625,4
1988-03-07 00:00:00,25616.580078125,0
1988-03-08 00:00:00,25465.73046875,1
1988-03-09 00:00:00,25605.390625,2
1988-03-10 00:00:00,25617.8203125,3
1988-03-11 00:00:00,25543.73046875,4
1988-03-14 00:00:00,25433.509765625,0
1988-03-15 00:00:00,25475.669921875,1
1988-03-16 00:00:00,25704.4296875,2
1988-03-17 00:00:00,25872.2890625,3
1988-03-18 00:00:00,25966.259765625,4
1988-03-22 00:00:00,25842.75,1
1988-03-23 00:00:00,25895.23046875,2
1988-03-24 00:00:00,25781.279296875,3
1988-03-25 00:00:00,25626.7109375,4
1988-03-28 00:00:00,25622.7109375,0
1988-03-29 00:00:00,25953.08984375,1
1988-03-30 00:00:00,26320.0703125,2
1988-03-31 00:00:00,26260.259765625,3
1988-04-01 00:00:00,26104.220703125,4
1988-04-04 00:00:00,26335.2890625,0
1988-04-05 00:00:00,26315.349609375,1
1988-04-06 00:00:00,26511.169921875,2
1988-04-07 00:00:00,26769.220703125,3
1988-04-08 00:00:00,26748.890625,4
1988-04-11 00:00:00,26924.869140625,0
1988-04-12 00:00:00,26930.83984375,1
1988-04-13 00:00:00,26985.55078125,2
1988-04-14 00:00:00,27111.349609375,3
1988-04-15 00:00:00,26893.5703125,4
1988-04-18 00:00:00,26671.44921875,0
1988-04-19 00:00:00,26657.0,1
1988-04-20 00:00:00,26864.08984375,2
1988-04-21 00:00:00,26828.16015625,3
1988-04-22 00:00:00,26837.119140625,4
1988-04-25 00:00:00,27213.44921875,0
1988-04-26 00:00:00,27246.76953125,1
1988-04-27 00:00:00,27191.970703125,2
1988-04-28 00:00:00,27434.119140625,3
1988-05-02 00:00:00,27669.720703125,0
1988-05-06 00:00:00,27534.390625,4
1988-05-09 00:00:00,27264.30078125,0
1988-05-10 00:00:00,27412.25,1
1988-05-11 00:00:00,27161.05078125,2
1988-05-12 00:00:00,27212.580078125,3
1988-05-13 00:00:00,27468.310546875,4
1988-05-16 00:00:00,27759.869140625,0
1988-05-17 00:00:00,27819.98046875,1
1988-05-18 00:00:00,27767.580078125,2
1988-05-19 00:00:00,27373.240234375,3
1988-05-20 00:00:00,27393.849609375,4
1988-05-23 00:00:00,27249.759765625,0
1988-05-24 00:00:00,27312.66015625,1
1988-05-25 00:00:00,27443.650390625,2
1988-05-26 00:00:00,27428.240234375,3
1988-05-27 00:00:00,27290.490234375,4
1988-05-30 00:00:00,27223.099609375,0
1988-05-31 00:00:00,27416.69921875,1
1988-06-01 00:00:00,27703.91015625,2
1988-06-02 00:00:00,27869.359375,3
1988-06-03 00:00:00,27821.5390625,4
1988-06-06 00:00:00,27996.240234375,0
1988-06-07 00:00:00,27967.3203125,1
1988-06-08 00:00:00,27912.650390625,2
1988-06-09 00:00:00,28072.01953125,3
1988-06-10 00:00:00,27920.359375,4
1988-06-13 00:00:00,28036.5390625,0
1988-06-14 00:00:00,28061.80078125,1
1988-06-15 00:00:00,28093.51953125,2
1988-06-16 00:00:00,28147.3203125,3
1988-06-17 00:00:00,28342.4609375,4
1988-06-20 00:00:00,28139.029296875,0
1988-06-21 00:00:00,27925.5703125,1
1988-06-22 00:00:00,27860.779296875,2
1988-06-23 00:00:00,27732.9296875,3
1988-06-24 00:00:00,27750.390625,4
1988-06-27 00:00:00,27435.009765625,0
1988-06-28 00:00:00,27398.08984375,1
1988-06-29 00:00:00,27607.330078125,2
1988-06-30 00:00:00,27769.400390625,3
1988-07-01 00:00:00,27503.529296875,4
1988-07-04 00:00:00,27360.390625,0
1988-07-05 00:00:00,27577.169921875,1
1988-07-06 00:00:00,27766.599609375,2
1988-07-07 00:00:00,27728.130859375,3
1988-07-08 00:00:00,27917.080078125,4
1988-07-11 00:00:00,27985.990234375,0
1988-07-12 00:00:00,28099.83984375,1
1988-07-13 00:00:00,28020.099609375,2
1988-07-14 00:00:00,28084.080078125,3
1988-07-15 00:00:00,27913.7890625,4
1988-07-18 00:00:00,27662.119140625,0
1988-07-19 00:00:00,27149.029296875,1
1988-07-20 00:00:00,27553.98046875,2
1988-07-21 00:00:00,27676.140625,3
1988-07-22 00:00:00,27285.009765625,4
1988-07-25 00:00:00,27183.529296875,0
1988-07-26 00:00:00,27303.759765625,1
1988-07-27 00:00:00,27738.5703125,2
1988-07-28 00:00:00,27796.08984375,3
1988-07-29 00:00:00,27911.630859375,4
1988-08-01 00:00:00,28326.310546875,0
1988-08-02 00:00:00,28366.330078125,1
1988-08-03 00:00:00,28348.44921875,2
1988-08-04 00:00:00,28292.66015625,3
1988-08-05 00:00:00,28423.380859375,4
1988-08-08 00:00:00,28253.119140625,0
1988-08-09 00:00:00,28170.359375,1
1988-08-10 00:00:00,27554.869140625,2
1988-08-11 00:00:00,27784.98046875,3
1988-08-12 00:00:00,27833.509765625,4
1988-08-15 00:00:00,27901.2890625,0
1988-08-16 00:00:00,27896.55078125,1
1988-08-17 00:00:00,28178.859375,2
1988-08-18 00:00:00,28129.359375,3
1988-08-19 00:00:00,28209.419921875,4
1988-08-22 00:00:00,28079.1796875,0
1988-08-23 00:00:00,27919.94921875,1
1988-08-24 00:00:00,27799.669921875,2
1988-08-25 00:00:00,27870.439453125,3
1988-08-26 00:00:00,27565.41015625,4
1988-08-29 00:00:00,27379.099609375,0
1988-08-30 00:00:00,27511.650390625,1
1988-08-31 00:00:00,27365.94921875,2
1988-09-01 00:00:00,26934.259765625,3
1988-09-02 00:00:00,27116.5,4
1988-09-05 00:00:00,27341.580078125,0
1988-09-06 00:00:00,27320.509765625,1
1988-09-07 00:00:00,27504.009765625,2
1988-09-08 00:00:00,27740.109375,3
1988-09-09 00:00:00,27647.099609375,4
1988-09-12 00:00:00,27756.740234375,0
1988-09-13 00:00:00,27794.16015625,1
1988-09-14 00:00:00,27805.669921875,2
1988-09-16 00:00:00,27866.380859375,4
1988-09-19 00:00:00,27901.0,0
1988-09-20 00:00:00,27548.580078125,1
1988-09-21 00:00:00,27712.66015625,2
1988-09-22 00:00:00,27428.310546875,3
1988-09-26 00:00:00,27333.75,0
1988-09-27 00:00:00,27499.560546875,1
1988-09-28 00:00:00,27752.009765625,2
1988-09-29 00:00:00,27700.130859375,3
1988-09-30 00:00:00,27923.669921875,4
1988-10-03 00:00:00,27545.529296875,0
1988-10-04 00:00:00,27501.01953125,1
1988-10-05 00:00:00,27405.490234375,2
1988-10-06 00:00:00,27172.33984375,3
1988-10-07 00:00:00,27258.26953125,4
1988-10-11 00:00:00,27469.599609375,1
1988-10-12 00:00:00,27409.369140625,2
1988-10-13 00:00:00,27273.30078125,3
1988-10-14 00:00:00,27306.5703125,4
1988-10-17 00:00:00,27268.740234375,0
1988-10-18 00:00:00,27141.98046875,1
1988-10-19 00:00:00,27293.669921875,2
1988-10-20 00:00:00,27390.55078125,3
1988-10-21 00:00:00,27401.419921875,4
1988-10-24 00:00:00,27281.5390625,0
1988-10-25 00:00:00,27421.490234375,1
1988-10-26 00:00:00,27620.599609375,2
1988-10-27 00:00:00,27722.919921875,3
1988-10-28 00:00:00,27741.33984375,4
1988-10-31 00:00:00,27982.5390625,0
1988-11-01 00:00:00,28013.669921875,1
1988-11-02 00:00:00,27985.259765625,2
1988-11-04 00:00:00,27953.25,4
1988-11-07 00:00:00,27866.359375,0
1988-11-08 00:00:00,28007.26953125,1
1988-11-09 00:00:00,28212.779296875,2
1988-11-10 00:00:00,28166.419921875,3
1988-11-11 00:00:00,28489.5703125,4
1988-11-14 00:00:00,28520.900390625,0
1988-11-15 00:00:00,28829.41015625,1
1988-11-16 00:00:00,28996.119140625,2
1988-11-17 00:00:00,29076.810546875,3
1988-11-18 00:00:00,29180.19921875,4
1988-11-21 00:00:00,29284.259765625,0
1988-11-22 00:00:00,29430.119140625,1
1988-11-24 00:00:00,29340.029296875,3
1988-11-25 00:00:00,29406.650390625,4
1988-11-28 00:00:00,28983.3203125,0
1988-11-29 00:00:00,29318.30078125,1
1988-11-30 00:00:00,29578.900390625,2
1988-12-01 00:00:00,29541.4609375,3
1988-12-02 00:00:00,29532.25,4
1988-12-05 00:00:00,29614.6796875,0
1988-12-06 00:00:00,29669.380859375,1
1988-12-07 00:00:00,30050.8203125,2
1988-12-08 00:00:00,29758.900390625,3
1988-12-09 00:00:00,29793.419921875,4
1988-12-12 00:00:00,29672.2890625,0
1988-12-13 00:00:00,29597.810546875,1
1988-12-14 00:00:00,29754.73046875,2
1988-12-15 00:00:00,29705.75,3
1988-12-16 00:00:00,29536.7109375,4
1988-12-19 00:00:00,29470.080078125,0
1988-12-20 00:00:00,29567.939453125,1
1988-12-21 00:00:00,29698.189453125,2
1988-12-22 00:00:00,29774.609375,3
1988-12-23 00:00:00,29686.259765625,4
1988-12-26 00:00:00,29868.009765625,0
1988-12-27 00:00:00,30050.9296875,1
1988-12-28 00:00:00,30159.0,2
1989-01-04 00:00:00,30243.66015625,2
1989-01-05 00:00:00,30183.7890625,3
1989-01-06 00:00:00,30209.5390625,4
1989-01-09 00:00:00,30678.390625,0
1989-01-10 00:00:00,31006.509765625,1
1989-01-11 00:00:00,31143.44921875,2
1989-01-12 00:00:00,31143.44921875,3
1989-01-13 00:00:00,31298.380859375,4
1989-01-17 00:00:00,31227.51953125,1
1989-01-18 00:00:00,31354.55078125,2
1989-01-19 00:00:00,31311.400390625,3
1989-01-20 00:00:00,31170.380859375,4
1989-01-23 00:00:00,31332.880859375,0
1989-01-24 00:00:00,31557.6796875,1
1989-01-25 00:00:00,31567.7890625,2
1989-01-26 00:00:00,31511.810546875,3
1989-01-27 00:00:00,31646.130859375,4
1989-01-30 00:00:00,31567.5,0
1989-01-31 00:00:00,31581.30078125,1
1989-02-01 00:00:00,31360.6796875,2
1989-02-02 00:00:00,31498.30078125,3
1989-02-03 00:00:00,31685.779296875,4
1989-02-06 00:00:00,31828.75,0
1989-02-07 00:00:00,31880.650390625,1
1989-02-08 00:00:00,32065.119140625,2
1989-02-09 00:00:00,32078.4296875,3
1989-02-10 00:00:00,32131.990234375,4
1989-02-13 00:00:00,31985.3203125,0
1989-02-14 00:00:00,31982.890625,1
1989-02-15 00:00:00,32149.48046875,2
1989-02-16 00:00:00,32083.580078125,3
1989-02-17 00:00:00,32173.390625,4
1989-02-20 00:00:00,32177.080078125,0
1989-02-21 00:00:00,31980.080078125,1
1989-02-22 00:00:00,32311.9296875,2
1989-02-23 00:00:00,32452.490234375,3
1989-02-27 00:00:00,32285.76953125,0
1989-02-28 00:00:00,31985.599609375,1
1989-03-01 00:00:00,31964.30078125,2
1989-03-02 00:00:00,32073.73046875,3
1989-03-03 00:00:00,32000.099609375,4
1989-03-06 00:00:00,31876.859375,0
1989-03-07 00:00:00,31937.939453125,1
1989-03-08 00:00:00,31837.66015625,2
1989-03-09 00:00:00,31656.44921875,3
1989-03-10 00:00:00,31701.779296875,4
1989-03-13 00:00:00,31552.9609375,0
1989-03-14 00:00:00,31724.349609375,1
1989-03-15 00:00:00,32100.48046875,2
1989-03-16 00:00:00,32098.240234375,3
1989-03-17 00:00:00,32021.009765625,4
1989-03-20 00:00:00,31654.80078125,0
1989-03-22 00:00:00,31443.240234375,2
1989-03-23 00:00:00,31588.66015625,3
1989-03-24 00:00:00,31568.51953125,4
1989-03-27 00:00:00,31512.400390625,0
1989-03-28 00:00:00,32306.359375,1
1989-03-29 00:00:00,32737.279296875,2
1989-03-30 00:00:00,32826.12890625,3
1989-03-31 00:00:00,32838.6796875,4
1989-04-03 00:00:00,33042.0703125,0
1989-04-04 00:00:00,33312.25,1
1989-04-05 00:00:00,33360.7890625,2
1989-04-06 00:00:00,32995.78125,3
1989-04-07 00:00:00,33185.05078125,4
1989-04-10 00:00:00,32999.01953125,0
1989-04-11 00:00:00,33249.578125,1
1989-04-12 00:00:00,33256.44921875,2
1989-04-13 00:00:00,33063.94140625,3
1989-04-14 00:00:00,33150.44140625,4
1989-04-17 00:00:00,33308.328125,0
1989-04-18 00:00:00,33321.66015625,1
1989-04-19 00:00:00,33363.828125,2
1989-04-20 00:00:00,33185.1484375,3
1989-04-21 00:00:00,33029.80859375,4
1989-04-24 00:00:00,32805.921875,0
1989-04-25 00:00:00,33244.78125,1
1989-04-26 00:00:00,33434.9296875,2
1989-04-27 00:00:00,33500.828125,3
1989-04-28 00:00:00,33713.3515625,4
1989-05-01 00:00:00,33793.171875,0
1989-05-02 00:00:00,33954.98828125,1
1989-05-08 00:00:00,34135.23828125,0
1989-05-09 00:00:00,34031.87109375,1
1989-05-10 00:00:00,33992.3515625,2
1989-05-11 00:00:00,34081.48828125,3
1989-05-12 00:00:00,33866.328125,4
1989-05-15 00:00:00,33716.2890625,0
1989-05-16 00:00:00,33926.44921875,1
1989-05-17 00:00:00,33992.44921875,2
1989-05-18 00:00:00,33856.328125,3
1989-05-19 00:00:00,34001.9609375,4
1989-05-22 00:00:00,34067.859375,0
1989-05-23 00:00:00,33816.609375,1
1989-05-24 00:00:00,33851.8203125,2
1989-05-25 00:00:00,34005.390625,3
1989-05-26 00:00:00,34191.62109375,4
1989-05-29 00:00:00,34160.828125,0
1989-05-30 00:00:00,34076.890625,1
1989-05-31 00:00:00,34266.75,2
1989-06-01 00:00:00,33981.3515625,3
1989-06-02 00:00:00,33667.421875,4
1989-06-05 00:00:00,33457.078125,0
1989-06-06 00:00:00,33452.01171875,1
1989-06-07 00:00:00,33626.890625,2
1989-06-08 00:00:00,33718.2890625,3
1989-06-09 00:00:00,33639.98046875,4
1989-06-12 00:00:00,33398.01171875,0
1989-06-13 00:00:00,33213.55078125,1
1989-06-14 00:00:00,33402.98828125,2
1989-06-15 00:00:00,32913.08984375,3
1989-06-16 00:00:00,33055.171875,4
1989-06-19 00:00:00,33013.1796875,0
1989-06-20 00:00:00,33233.46875,1
1989-06-21 00:00:00,33345.28125,2
1989-06-22 00:00:00,33324.96875,3
1989-06-23 00:00:00,33530.7109375,4
1989-06-26 00:00:00,33625.8203125,0
1989-06-27 00:00:00,33469.2109375,1
1989-06-28 00:00:00,33245.6015625,2
1989-06-29 00:00:00,32956.30859375,3
1989-06-30 00:00:00,32948.69140625,4
1989-07-03 00:00:00,33236.421875,0
1989-07-04 00:00:00,33190.37890625,1
1989-07-05 00:00:00,33309.7109375,2
1989-07-06 00:00:00,33423.48046875,3
1989-07-07 00:00:00,33703.96875,4
1989-07-10 00:00:00,33676.01953125,0
1989-07-11 00:00:00,33746.76953125,1
1989-07-12 00:00:00,33701.51953125,2
1989-07-13 00:00:00,33631.16015625,3
1989-07-14 00:00:00,33574.76953125,4
1989-07-17 00:00:00,33456.21875,0
1989-07-18 00:00:00,33343.73046875,1
1989-07-19 00:00:00,33557.171875,2
1989-07-20 00:00:00,33664.87109375,3
1989-07-21 00:00:00,33899.4296875,4
1989-07-24 00:00:00,34093.328125,0
1989-07-25 00:00:00,34538.8984375,1
1989-07-26 00:00:00,34515.828125,2
1989-07-27 00:00:00,34785.28125,3
1989-07-28 00:00:00,34705.62890625,4
1989-07-31 00:00:00,34953.87109375,0
1989-08-01 00:00:00,34898.4609375,1
1989-08-02 00:00:00,34899.33984375,2
1989-08-03 00:00:00,34779.80859375,3
1989-08-04 00:00:00,34741.98828125,4
1989-08-07 00:00:00,34630.37890625,0
1989-08-08 00:00:00,34759.48046875,1
1989-08-09 00:00:00,34859.26953125,2
1989-08-10 00:00:00,34719.80078125,3
1989-08-11 00:00:00,34712.9609375,4
1989-08-14 00:00:00,34671.62109375,0
1989-08-15 00:00:00,34810.69140625,1
1989-08-16 00:00:00,35084.1484375,2
1989-08-17 00:00:00,35090.109375,3
1989-08-18 00:00:00,35063.140625,4
1989-08-21 00:00:00,35140.828125,0
1989-08-22 00:00:00,35114.3515625,1
1989-08-23 00:00:00,34893.28125,2
1989-08-24 00:00:00,34786.55078125,3
1989-08-25 00:00:00,34739.9296875,4
1989-08-28 00:00:00,34607.41015625,0
1989-08-29 00:00:00,34687.6484375,1
1989-08-30 00:00:00,34471.66015625,2
1989-08-31 00:00:00,34431.19921875,3
1989-09-01 00:00:00,34348.21875,4
1989-09-04 00:00:00,34483.78125,0
1989-09-05 00:00:00,34441.94921875,1
1989-09-06 00:00:00,34271.30859375,2
1989-09-07 00:00:00,34152.55859375,3
1989-09-08 00:00:00,34115.80859375,4
1989-09-11 00:00:00,34113.66015625,0
1989-09-12 00:00:00,34332.87890625,1
1989-09-13 00:00:00,34286.94140625,2
1989-09-14 00:00:00,34401.87890625,3
1989-09-18 00:00:00,34472.5390625,0
1989-09-19 00:00:00,34471.0703125,1
1989-09-20 00:00:00,34470.578125,2
1989-09-21 00:00:00,34745.01953125,3
1989-09-22 00:00:00,34771.7890625,4
1989-09-25 00:00:00,34960.7109375,0
1989-09-26 00:00:00,35444.8203125,1
1989-09-27 00:00:00,35370.5703125,2
1989-09-28 00:00:00,35689.98046875,3
1989-09-29 00:00:00,35636.76171875,4
1989-10-02 00:00:00,35622.96875,0
1989-10-03 00:00:00,35366.37109375,1
1989-10-04 00:00:00,35382.80078125,2
1989-10-05 00:00:00,35522.98828125,3
1989-10-06 00:00:00,35209.3515625,4
1989-10-09 00:00:00,35376.3515625,0
1989-10-11 00:00:00,35240.0703125,2
1989-10-12 00:00:00,34795.05078125,3
1989-10-13 00:00:00,35116.01953125,4
1989-10-16 00:00:00,34468.69140625,0
1989-10-17 00:00:00,34996.078125,1
1989-10-18 00:00:00,35107.55859375,2
1989-10-19 00:00:00,35374.21875,3
1989-10-20 00:00:00,35486.37890625,4
1989-10-23 00:00:00,35585.51953125,0
1989-10-24 00:00:00,35526.55078125,1
1989-10-25 00:00:00,35442.3984375,2
1989-10-26 00:00:00,35678.48828125,3
1989-10-27 00:00:00,35527.2890625,4
1989-10-30 00:00:00,35417.44140625,0
1989-10-31 00:00:00,35549.44140625,1
1989-11-01 00:00:00,35564.4296875,2
1989-11-02 00:00:00,35494.859375,3
1989-11-06 00:00:00,35434.0,0
1989-11-07 00:00:00,35270.4609375,1
1989-11-08 00:00:00,35595.58984375,2
1989-11-09 00:00:00,35657.421875,3
1989-11-10 00:00:00,35663.19921875,4
1989-11-13 00:00:00,35750.12109375,0
1989-11-14 00:00:00,35768.640625,1
1989-11-15 00:00:00,35852.23046875,2
1989-11-16 00:00:00,35876.33984375,3
1989-11-17 00:00:00,35963.73828125,4
1989-11-20 00:00:00,35893.578125,0
1989-11-21 00:00:00,36059.87109375,1
1989-11-22 00:00:00,36286.921875,2
1989-11-24 00:00:00,36484.46875,4
1989-11-27 00:00:00,36881.53125,0
1989-11-28 00:00:00,36985.30078125,1
1989-11-29 00:00:00,37021.4609375,2
1989-11-30 00:00:00,37268.7890625,3
1989-12-01 00:00:00,37132.6796875,4
1989-12-04 00:00:00,37303.87109375,0
1989-12-05 00:00:00,37494.171875,1
1989-12-06 00:00:00,37654.2890625,2
1989-12-07 00:00:00,37858.109375,3
1989-12-08 00:00:00,37724.05859375,4
1989-12-11 00:00:00,37752.671875,0
1989-12-12 00:00:00,37803.53125,1
1989-12-13 00:00:00,38062.421875,2
1989-12-14 00:00:00,38180.69921875,3
1989-12-15 00:00:00,38271.0390625,4
1989-12-18 00:00:00,38586.1796875,0
1989-12-19 00:00:00,38439.1015625,1
1989-12-20 00:00:00,38512.0,2
1989-12-21 00:00:00,38215.48046875,3
1989-12-22 00:00:00,38040.37109375,4
1989-12-25 00:00:00,38423.62109375,0
1989-12-26 00:00:00,38681.30859375,1
1989-12-27 00:00:00,38801.62890625,2
1989-12-28 00:00:00,38876.94140625,3
1989-12-29 00:00:00,38915.87109375,4
1990-01-04 00:00:00,38712.87890625,3
1990-01-05 00:00:00,38274.76171875,4
1990-01-08 00:00:00,38294.9609375,0
1990-01-09 00:00:00,37951.4609375,1
1990-01-10 00:00:00,37696.51171875,2
1990-01-11 00:00:00,38170.12890625,3
1990-01-12 00:00:00,37516.76953125,4
1990-01-16 00:00:00,36850.359375,1
1990-01-17 00:00:00,36821.140625,2
1990-01-18 00:00:00,36729.4609375,3
1990-01-19 00:00:00,36836.5390625,4
1990-01-22 00:00:00,37257.01171875,0
1990-01-23 00:00:00,37378.01953125,1
1990-01-24 00:00:00,36778.98046875,2
1990-01-25 00:00:00,36969.109375,3
1990-01-26 00:00:00,36874.0703125,4
1990-01-29 00:00:00,37173.69921875,0
1990-01-30 00:00:00,37215.671875,1
1990-01-31 00:00:00,37188.94921875,2
1990-02-01 00:00:00,37206.421875,3
1990-02-02 00:00:00,37650.1484375,4
1990-02-05 00:00:00,37631.41015625,0
1990-02-06 00:00:00,37666.828125,1
1990-02-07 00:00:00,37301.87109375,2
1990-02-08 00:00:00,37516.23828125,3
1990-02-09 00:00:00,37288.140625,4
1990-02-13 00:00:00,37107.03125,1
1990-02-14 00:00:00,37155.890625,2
1990-02-15 00:00:00,37471.98828125,3
1990-02-16 00:00:00,37460.3203125,4
1990-02-19 00:00:00,37222.6015625,0
1990-02-20 00:00:00,36895.51953125,1
1990-02-21 00:00:00,35734.328125,2
1990-02-22 00:00:00,35826.83984375,3
1990-02-23 00:00:00,34890.96875,4
1990-02-26 00:00:00,33321.87109375,0
1990-02-27 00:00:00,33897.94921875,1
1990-02-28 00:00:00,34591.98828125,2
1990-03-01 00:00:00,33829.578125,3
1990-03-02 00:00:00,34057.55859375,4
1990-03-05 00:00:00,33845.19921875,0
1990-03-06 00:00:00,33791.078125,1
1990-03-07 00:00:00,33362.33984375,2
1990-03-08 00:00:00,33690.890625,3
1990-03-09 00:00:00,33993.12109375,4
1990-03-12 00:00:00,33368.23046875,0
1990-03-13 00:00:00,32620.5703125,1
1990-03-14 00:00:00,32352.130859375,2
1990-03-15 00:00:00,32671.640625,3
1990-03-16 00:00:00,32616.439453125,4
1990-03-19 00:00:00,31263.240234375,0
1990-03-20 00:00:00,30807.189453125,1
1990-03-22 00:00:00,29843.33984375,3
1990-03-23 00:00:00,30372.16015625,4
1990-03-26 00:00:00,31840.490234375,0
1990-03-27 00:00:00,31825.9609375,1
1990-03-28 00:00:00,31263.5703125,2
1990-03-29 00:00:00,31026.16015625,3
1990-03-30 00:00:00,29980.44921875,4
1990-04-02 00:00:00,28002.0703125,0
1990-04-03 00:00:00,28759.720703125,1
1990-04-04 00:00:00,28442.939453125,2
1990-04-05 00:00:00,28249.060546875,3
1990-04-06 00:00:00,29278.779296875,4
1990-04-09 00:00:00,30397.9296875,0
1990-04-10 00:00:00,29624.6796875,1
1990-04-11 00:00:00,29440.279296875,2
1990-04-12 00:00:00,29623.19921875,3
1990-04-13 00:00:00,29213.919921875,4
1990-04-16 00:00:00,28463.1796875,0
1990-04-17 00:00:00,28461.599609375,1
1990-04-18 00:00:00,29249.060546875,2
1990-04-19 00:00:00,29945.41015625,3
1990-04-20 00:00:00,29835.439453125,4
1990-04-23 00:00:00,29679.0703125,0
1990-04-24 00:00:00,29501.380859375,1
1990-04-25 00:00:00,29564.359375,2
1990-04-26 00:00:00,29424.580078125,3
1990-04-27 00:00:00,29584.80078125,4
1990-05-01 00:00:00,29689.830078125,1
1990-05-02 00:00:00,30173.640625,2
1990-05-07 00:00:00,30956.26953125,0
1990-05-08 00:00:00,30970.580078125,1
1990-05-09 00:00:00,30945.609375,2
1990-05-10 00:00:00,30980.259765625,3
1990-05-11 00:00:00,31512.140625,4
1990-05-14 00:00:00,32042.650390625,0
1990-05-15 00:00:00,31997.0390625,1
1990-05-16 00:00:00,31967.619140625,2
1990-05-17 00:00:00,32061.599609375,3
1990-05-18 00:00:00,32013.720703125,4
1990-05-21 00:00:00,31765.05078125,0
1990-05-22 00:00:00,31938.30078125,1
1990-05-23 00:00:00,32176.509765625,2
1990-05-24 00:00:00,32311.75,3
1990-05-25 00:00:00,32793.87890625,4
1990-05-28 00:00:00,33191.609375,0
1990-05-29 00:00:00,32817.671875,1
1990-05-30 00:00:00,32926.26171875,2
1990-05-31 00:00:00,33130.80078125,3
1990-06-01 00:00:00,32891.12109375,4
1990-06-04 00:00:00,32925.37109375,0
1990-06-05 00:00:00,32921.62109375,1
1990-06-06 00:00:00,32953.5,2
1990-06-07 00:00:00,33192.5,3
1990-06-08 00:00:00,32993.2890625,4
1990-06-11 00:00:00,32540.1796875,0
1990-06-12 00:00:00,32322.310546875,1
1990-06-13 00:00:00,32371.76953125,2
1990-06-14 00:00:00,32668.109375,3
1990-06-15 00:00:00,32538.400390625,4
1990-06-18 00:00:00,32376.80078125,0
1990-06-19 00:00:00,32040.380859375,1
1990-06-20 00:00:00,32087.759765625,2
1990-06-21 00:00:00,32087.26953125,3
1990-06-22 00:00:00,31694.5703125,4
1990-06-25 00:00:00,31124.189453125,0
1990-06-26 00:00:00,31571.76953125,1
1990-06-27 00:00:00,32312.75,2
1990-06-28 00:00:00,32106.189453125,3
1990-06-29 00:00:00,31940.240234375,4
1990-07-02 00:00:00,32160.23046875,0
1990-07-03 00:00:00,32414.599609375,1
1990-07-04 00:00:00,32445.919921875,2
1990-07-05 00:00:00,32351.669921875,3
1990-07-06 00:00:00,32445.119140625,4
1990-07-09 00:00:00,32538.279296875,0
1990-07-10 00:00:00,32152.4296875,1
1990-07-11 00:00:00,32294.1796875,2
1990-07-12 00:00:00,32575.3203125,3
1990-07-13 00:00:00,32644.369140625,4
1990-07-16 00:00:00,33021.73046875,0
1990-07-17 00:00:00,33172.28125,1
1990-07-18 00:00:00,33048.109375,2
1990-07-19 00:00:00,33055.62109375,3
1990-07-20 00:00:00,32421.51953125,4
1990-07-23 00:00:00,31894.7890625,0
1990-07-24 00:00:00,31702.4609375,1
1990-07-25 00:00:00,31701.26953125,2
1990-07-26 00:00:00,31369.75,3
1990-07-27 00:00:00,30863.48046875,4
1990-07-30 00:00:00,30442.94921875,0
1990-07-31 00:00:00,31035.66015625,1
1990-08-01 00:00:00,30837.990234375,2
1990-08-02 00:00:00,30245.1796875,3
1990-08-03 00:00:00,29515.759765625,4
1990-08-06 00:00:00,28599.529296875,0
1990-08-07 00:00:00,27653.0703125,1
1990-08-08 00:00:00,28509.140625,2
1990-08-09 00:00:00,27615.73046875,3
1990-08-10 00:00:00,27329.55078125,4
1990-08-13 00:00:00,26176.4296875,0
1990-08-14 00:00:00,26672.529296875,1
1990-08-15 00:00:00,28112.119140625,2
1990-08-16 00:00:00,27549.439453125,3
1990-08-17 00:00:00,26786.720703125,4
1990-08-20 00:00:00,26490.470703125,0
1990-08-21 00:00:00,26297.83984375,1
1990-08-22 00:00:00,25210.91015625,2
1990-08-23 00:00:00,23737.630859375,3
1990-08-24 00:00:00,24165.759765625,4
1990-08-27 00:00:00,25141.759765625,0
1990-08-28 00:00:00,25710.759765625,1
1990-08-29 00:00:00,24894.7890625,2
1990-08-30 00:00:00,25669.9609375,3
1990-08-31 00:00:00,25978.369140625,4
1990-09-03 00:00:00,25420.4296875,0
1990-09-04 00:00:00,24907.640625,1
1990-09-05 00:00:00,24078.33984375,2
1990-09-06 00:00:00,23811.91015625,3
1990-09-07 00:00:00,23962.0703125,4
1990-09-10 00:00:00,25080.900390625,0
1990-09-11 00:00:00,24604.66015625,1
1990-09-12 00:00:00,25216.140625,2
1990-09-13 00:00:00,25075.080078125,3
1990-09-14 00:00:00,24897.4609375,4
1990-09-17 00:00:00,24365.599609375,0
1990-09-18 00:00:00,23884.8203125,1
1990-09-19 00:00:00,23726.169921875,2
1990-09-20 00:00:00,23602.98046875,3
1990-09-21 00:00:00,23777.830078125,4
1990-09-25 00:00:00,23359.3203125,1
1990-09-26 00:00:00,22250.619140625,2
1990-09-27 00:00:00,21771.91015625,3
1990-09-28 00:00:00,20983.5,4
1990-10-01 00:00:00,20221.859375,0
1990-10-02 00:00:00,22898.41015625,1
1990-10-03 00:00:00,22849.390625,2
1990-10-04 00:00:00,22278.189453125,3
1990-10-05 00:00:00,22827.650390625,4
1990-10-08 00:00:00,23630.0,0
1990-10-09 00:00:00,23495.109375,1
1990-10-11 00:00:00,22585.630859375,3
1990-10-12 00:00:00,22390.16015625,4
1990-10-15 00:00:00,23109.19921875,0
1990-10-16 00:00:00,23606.099609375,1
1990-10-17 00:00:00,23859.359375,2
1990-10-18 00:00:00,24367.080078125,3
1990-10-19 00:00:00,24481.490234375,4
1990-10-22 00:00:00,25070.859375,0
1990-10-23 00:00:00,25298.30078125,1
1990-10-24 00:00:00,24876.880859375,2
1990-10-25 00:00:00,25352.630859375,3
1990-10-26 00:00:00,25005.640625,4
1990-10-29 00:00:00,25329.310546875,0
1990-10-30 00:00:00,25242.400390625,1
1990-10-31 00:00:00,25194.099609375,2
1990-11-01 00:00:00,24295.16015625,3
1990-11-02 00:00:00,24194.990234375,4
1990-11-05 00:00:00,24385.330078125,0
1990-11-06 00:00:00,23965.75,1
1990-11-07 00:00:00,23500.25,2
1990-11-08 00:00:00,22969.810546875,3
1990-11-09 00:00:00,22931.80078125,4
1990-11-13 00:00:00,23973.669921875,1
1990-11-14 00:00:00,23937.439453125,2
1990-11-15 00:00:00,23487.48046875,3
1990-11-16 00:00:00,23171.630859375,4
1990-11-19 00:00:00,23518.16015625,0
1990-11-20 00:00:00,23205.48046875,1
1990-11-21 00:00:00,22816.990234375,2
1990-11-22 00:00:00,23400.279296875,3
1990-11-26 00:00:00,23762.859375,0
1990-11-27 00:00:00,23623.509765625,1
1990-11-28 00:00:00,23053.880859375,2
1990-11-29 00:00:00,22712.599609375,3
1990-11-30 00:00:00,22454.630859375,4
1990-12-03 00:00:00,22725.990234375,0
1990-12-04 00:00:00,21862.609375,1
1990-12-05 00:00:00,22193.720703125,2
1990-12-06 00:00:00,22553.099609375,3
1990-12-07 00:00:00,23522.490234375,4
1990-12-10 00:00:00,23784.669921875,0
1990-12-11 00:00:00,23956.970703125,1
1990-12-12 00:00:00,23999.41015625,2
1990-12-13 00:00:00,24642.970703125,3
1990-12-14 00:00:00,24349.5,4
1990-12-17 00:00:00,24087.91015625,0
1990-12-18 00:00:00,24424.01953125,1
1990-12-19 00:00:00,24876.779296875,2
1990-12-20 00:00:00,24524.939453125,3
1990-12-21 00:00:00,24119.599609375,4
1990-12-25 00:00:00,23767.880859375,1
1990-12-26 00:00:00,23887.560546875,2
1990-12-27 00:00:00,23940.69921875,3
1990-12-28 00:00:00,23848.7109375,4
1991-01-04 00:00:00,24069.1796875,4
1991-01-07 00:00:00,23736.5703125,0
1991-01-08 00:00:00,22897.83984375,1
1991-01-09 00:00:00,22969.26953125,2
1991-01-10 00:00:00,23047.359375,3
1991-01-11 00:00:00,23241.01953125,4
1991-01-14 00:00:00,23213.23046875,0
1991-01-16 00:00:00,22442.69921875,2
1991-01-17 00:00:00,23446.810546875,3
1991-01-18 00:00:00,23808.30078125,4
1991-01-21 00:00:00,23352.189453125,0
1991-01-22 00:00:00,23253.650390625,1
1991-01-23 00:00:00,23050.099609375,2
1991-01-24 00:00:00,23269.009765625,3
1991-01-25 00:00:00,23573.25,4
1991-01-28 00:00:00,23569.439453125,0
1991-01-29 00:00:00,23460.119140625,1
1991-01-30 00:00:00,23409.609375,2
1991-01-31 00:00:00,23293.140625,3
1991-02-01 00:00:00,23156.69921875,4
1991-02-04 00:00:00,23287.359375,0
1991-02-05 00:00:00,23821.5703125,1
1991-02-06 00:00:00,23952.0390625,2
1991-02-07 00:00:00,24104.4296875,3
1991-02-08 00:00:00,24296.080078125,4
1991-02-12 00:00:00,24935.009765625,1
1991-02-13 00:00:00,25139.470703125,2
1991-02-14 00:00:00,25356.369140625,3
1991-02-15 00:00:00,25343.740234375,4
1991-02-18 00:00:00,26230.009765625,0
1991-02-19 00:00:00,26166.98046875,1
1991-02-20 00:00:00,26198.7890625,2
1991-02-21 00:00:00,26024.369140625,3
1991-02-22 00:00:00,25902.810546875,4
1991-02-25 00:00:00,26462.759765625,0
1991-02-26 00:00:00,26282.9609375,1
1991-02-27 00:00:00,26094.25,2
1991-02-28 00:00:00,26409.220703125,3
1991-03-01 00:00:00,25881.5703125,4
1991-03-04 00:00:00,25976.01953125,0
1991-03-05 00:00:00,25913.48046875,1
1991-03-06 00:00:00,26382.990234375,2
1991-03-07 00:00:00,26397.9609375,3
1991-03-08 00:00:00,26607.51953125,4
1991-03-11 00:00:00,26669.369140625,0
1991-03-12 00:00:00,26727.419921875,1
1991-03-13 00:00:00,26418.3203125,2
1991-03-14 00:00:00,26542.330078125,3
1991-03-15 00:00:00,26843.099609375,4
1991-03-18 00:00:00,27146.91015625,0
1991-03-19 00:00:00,27006.66015625,1
1991-03-20 00:00:00,26449.349609375,2
1991-03-22 00:00:00,26613.189453125,4
1991-03-25 00:00:00,26645.7890625,0
1991-03-26 00:00:00,26339.380859375,1
1991-03-27 00:00:00,26104.650390625,2
1991-03-28 00:00:00,26206.919921875,3
1991-03-29 00:00:00,26292.0390625,4
1991-04-01 00:00:00,26007.400390625,0
1991-04-02 00:00:00,26252.0,1
1991-04-03 00:00:00,26780.060546875,2
1991-04-04 00:00:00,26689.810546875,3
1991-04-05 00:00:00,26767.330078125,4
1991-04-08 00:00:00,26607.650390625,0
1991-04-09 00:00:00,26317.390625,1
1991-04-10 00:00:00,26268.859375,2
1991-04-11 00:00:00,26425.189453125,3
1991-04-12 00:00:00,26582.5,4
1991-04-15 00:00:00,26695.529296875,0
1991-04-16 00:00:00,26813.30078125,1
1991-04-17 00:00:00,26980.369140625,2
1991-04-18 00:00:00,26798.900390625,3
1991-04-19 00:00:00,26541.970703125,4
1991-04-22 00:00:00,26237.009765625,0
1991-04-23 00:00:00,26491.5703125,1
1991-04-24 00:00:00,26330.2109375,2
1991-04-25 00:00:00,26038.859375,3
1991-04-26 00:00:00,26123.6796875,4
1991-04-30 00:00:00,26111.25,1
1991-05-01 00:00:00,26489.0,2
1991-05-02 00:00:00,26477.859375,3
1991-05-07 00:00:00,26342.140625,1
1991-05-08 00:00:00,26309.7890625,2
1991-05-09 00:00:00,26438.5,3
1991-05-10 00:00:00,26274.2890625,4
1991-05-13 00:00:00,26093.19921875,0
1991-05-14 00:00:00,26030.080078125,1
1991-05-15 00:00:00,25822.470703125,2
1991-05-16 00:00:00,25520.26953125,3
1991-05-17 00:00:00,25701.939453125,4
1991-05-20 00:00:00,25523.029296875,0
1991-05-21 00:00:00,25481.2109375,1
1991-05-22 00:00:00,25398.66015625,2
1991-05-23 00:00:00,25643.650390625,3
1991-05-24 00:00:00,25529.140625,4
1991-05-27 00:00:00,25425.880859375,0
1991-05-28 00:00:00,25390.669921875,1
1991-05-29 00:00:00,25495.41015625,2
1991-05-30 00:00:00,25647.400390625,3
1991-05-31 00:00:00,25789.619140625,4
1991-06-03 00:00:00,25912.609375,0
1991-06-04 00:00:00,25556.859375,1
1991-06-05 00:00:00,25289.5703125,2
1991-06-06 00:00:00,24984.119140625,3
1991-06-07 00:00:00,25035.109375,4
1991-06-10 00:00:00,24598.380859375,0
1991-06-11 00:00:00,24662.58984375,1
1991-06-12 00:00:00,24482.689453125,2
1991-06-13 00:00:00,24808.169921875,3
1991-06-14 00:00:00,25093.890625,4
1991-06-17 00:00:00,24943.08984375,0
1991-06-18 00:00:00,24685.470703125,1
1991-06-19 00:00:00,23996.75,2
1991-06-20 00:00:00,24082.259765625,3
1991-06-21 00:00:00,24275.080078125,4
1991-06-24 00:00:00,23765.4609375,0
1991-06-25 00:00:00,23907.419921875,1
1991-06-26 00:00:00,23766.380859375,2
1991-06-27 00:00:00,23543.029296875,3
1991-06-28 00:00:00,23290.9609375,4
1991-07-01 00:00:00,24108.759765625,0
1991-07-02 00:00:00,23995.759765625,1
1991-07-03 00:00:00,23373.470703125,2
1991-07-04 00:00:00,23135.609375,3
1991-07-05 00:00:00,22898.33984375,4
1991-07-08 00:00:00,22176.169921875,0
1991-07-09 00:00:00,22608.9609375,1
1991-07-10 00:00:00,23121.30078125,2
1991-07-11 00:00:00,22937.919921875,3
1991-07-12 00:00:00,23137.779296875,4
1991-07-15 00:00:00,23459.0390625,0
1991-07-16 00:00:00,23375.150390625,1
1991-07-17 00:00:00,23060.69921875,2
1991-07-18 00:00:00,22908.7109375,3
1991-07-19 00:00:00,22866.359375,4
1991-07-22 00:00:00,22705.2890625,0
1991-07-23 00:00:00,22758.98046875,1
1991-07-24 00:00:00,23297.470703125,2
1991-07-25 00:00:00,23332.7109375,3
1991-07-26 00:00:00,23519.0703125,4
1991-07-29 00:00:00,23443.580078125,0
1991-07-30 00:00:00,23872.630859375,1
1991-07-31 00:00:00,24120.75,2
1991-08-01 00:00:00,24072.73046875,3
1991-08-02 00:00:00,24027.970703125,4
1991-08-05 00:00:00,23833.25,0
1991-08-06 00:00:00,23464.9609375,1
1991-08-07 00:00:00,23691.01953125,2
1991-08-08 00:00:00,23482.4609375,3
1991-08-09 00:00:00,23434.619140625,4
1991-08-12 00:00:00,22985.669921875,0
1991-08-13 00:00:00,22872.0,1
1991-08-14 00:00:00,23393.30078125,2
1991-08-15 00:00:00,23018.6796875,3
1991-08-16 00:00:00,22814.369140625,4
1991-08-19 00:00:00,21456.759765625,0
1991-08-20 00:00:00,21687.060546875,1
1991-08-21 00:00:00,22051.599609375,2
1991-08-22 00:00:00,22515.76953125,3
1991-08-23 00:00:00,22065.33984375,4
1991-08-26 00:00:00,21592.26953125,0
1991-08-27 00:00:00,21641.30078125,1
1991-08-28 00:00:00,21621.630859375,2
1991-08-29 00:00:00,22002.169921875,3
1991-08-30 00:00:00,22335.869140625,4
1991-09-02 00:00:00,22469.009765625,0
1991-09-03 00:00:00,22469.80078125,1
1991-09-04 00:00:00,22402.689453125,2
1991-09-05 00:00:00,22499.650390625,3
1991-09-06 00:00:00,22692.599609375,4
1991-09-09 00:00:00,22573.98046875,0
1991-09-10 00:00:00,22411.580078125,1
1991-09-11 00:00:00,22504.7890625,2
1991-09-12 00:00:00,22530.19921875,3
1991-09-13 00:00:00,23134.4296875,4
1991-09-17 00:00:00,23443.609375,1
1991-09-18 00:00:00,23317.779296875,2
1991-09-19 00:00:00,23332.310546875,3
1991-09-20 00:00:00,23192.740234375,4
1991-09-24 00:00:00,23333.69921875,1
1991-09-25 00:00:00,23577.419921875,2
1991-09-26 00:00:00,23968.080078125,3
1991-09-27 00:00:00,23969.470703125,4
1991-09-30 00:00:00,23916.439453125,0
1991-10-01 00:00:00,24377.009765625,1
1991-10-02 00:00:00,24375.109375,2
1991-10-03 00:00:00,24711.439453125,3
1991-10-04 00:00:00,24596.900390625,4
1991-10-07 00:00:00,24330.830078125,0
1991-10-08 00:00:00,24155.619140625,1
1991-10-09 00:00:00,24485.259765625,2
1991-10-11 00:00:00,24157.720703125,4
1991-10-14 00:00:00,23860.669921875,0
1991-10-15 00:00:00,24307.650390625,1
1991-10-16 00:00:00,24334.669921875,2
1991-10-17 00:00:00,24439.849609375,3
1991-10-18 00:00:00,24894.8203125,4
1991-10-21 00:00:00,25016.810546875,0
1991-10-22 00:00:00,24954.66015625,1
1991-10-23 00:00:00,24799.939453125,2
1991-10-24 00:00:00,24949.259765625,3
1991-10-25 00:00:00,24906.4296875,4
1991-10-28 00:00:00,24901.720703125,0
1991-10-29 00:00:00,25140.609375,1
1991-10-30 00:00:00,24981.1796875,2
1991-10-31 00:00:00,25222.279296875,3
1991-11-01 00:00:00,25044.240234375,4
1991-11-05 00:00:00,24950.859375,1
1991-11-06 00:00:00,24750.19921875,2
1991-11-07 00:00:00,24446.759765625,3
1991-11-08 00:00:00,24486.490234375,4
1991-11-11 00:00:00,24232.990234375,0
1991-11-12 00:00:00,24667.73046875,1
1991-11-13 00:00:00,24416.23046875,2
1991-11-14 00:00:00,24176.5390625,3
1991-11-15 00:00:00,24099.1796875,4
1991-11-18 00:00:00,23400.119140625,0
1991-11-19 00:00:00,23326.859375,1
1991-11-20 00:00:00,23199.859375,2
1991-11-21 00:00:00,23177.83984375,3
1991-11-22 00:00:00,23117.390625,4
1991-11-25 00:00:00,22868.689453125,0
1991-11-26 00:00:00,23112.08984375,1
1991-11-27 00:00:00,22973.279296875,2
1991-11-28 00:00:00,22780.419921875,3
1991-11-29 00:00:00,22687.349609375,4
1991-12-02 00:00:00,21992.2890625,0
1991-12-03 00:00:00,22166.830078125,1
1991-12-04 00:00:00,22669.439453125,2
1991-12-05 00:00:00,22459.169921875,3
1991-12-06 00:00:00,22445.060546875,4
1991-12-09 00:00:00,22352.880859375,0
1991-12-10 00:00:00,21953.060546875,1
1991-12-11 00:00:00,21502.900390625,2
1991-12-12 00:00:00,21712.5703125,3
1991-12-13 00:00:00,22754.900390625,4
1991-12-16 00:00:00,22836.669921875,0
1991-12-17 00:00:00,22736.2890625,1
1991-12-18 00:00:00,22629.900390625,2
1991-12-19 00:00:00,21991.189453125,3
1991-12-20 00:00:00,21777.119140625,4
1991-12-24 00:00:00,21664.529296875,1
1991-12-25 00:00:00,22461.169921875,2
1991-12-26 00:00:00,22555.0703125,3
1991-12-27 00:00:00,22437.3203125,4
1991-12-30 00:00:00,22983.76953125,0
1992-01-06 00:00:00,23801.1796875,0
1992-01-07 00:00:00,23566.390625,1
1992-01-08 00:00:00,22715.0,2
1992-01-09 00:00:00,23113.640625,3
1992-01-10 00:00:00,22381.900390625,4
1992-01-13 00:00:00,21696.859375,0
1992-01-14 00:00:00,21775.130859375,1
1992-01-16 00:00:00,21612.189453125,3
1992-01-17 00:00:00,21321.369140625,4
1992-01-20 00:00:00,20913.8203125,0
1992-01-21 00:00:00,20858.30078125,1
1992-01-22 00:00:00,21534.119140625,2
1992-01-23 00:00:00,21580.720703125,3
1992-01-24 00:00:00,21072.150390625,4
1992-01-27 00:00:00,21007.109375,0
1992-01-28 00:00:00,21390.51953125,1
1992-01-29 00:00:00,21362.259765625,2
1992-01-30 00:00:00,21557.669921875,3
1992-01-31 00:00:00,22023.05078125,4
1992-02-03 00:00:00,22139.58984375,0
1992-02-04 00:00:00,21999.599609375,1
1992-02-05 00:00:00,21936.369140625,2
1992-02-06 00:00:00,22104.919921875,3
1992-02-07 00:00:00,22107.119140625,4
1992-02-10 00:00:00,21819.51953125,0
1992-02-12 00:00:00,21541.640625,2
1992-02-13 00:00:00,21391.01953125,3
1992-02-14 00:00:00,20883.859375,4
1992-02-17 00:00:00,21324.98046875,0
1992-02-18 00:00:00,20872.029296875,1
1992-02-19 00:00:00,20618.30078125,2
1992-02-20 00:00:00,20771.919921875,3
1992-02-21 00:00:00,21291.810546875,4
1992-02-24 00:00:00,20973.240234375,0
1992-02-25 00:00:00,21025.55078125,1
1992-02-26 00:00:00,21364.76953125,2
1992-02-27 00:00:00,21333.69921875,3
1992-02-28 00:00:00,21338.810546875,4
1992-03-02 00:00:00,21487.8203125,0
1992-03-03 00:00:00,21051.7109375,1
1992-03-04 00:00:00,21105.419921875,2
1992-03-05 00:00:00,20864.419921875,3
1992-03-06 00:00:00,20992.990234375,4
1992-03-09 00:00:00,20797.6796875,0
1992-03-10 00:00:00,20854.58984375,1
1992-03-11 00:00:00,20592.140625,2
1992-03-12 00:00:00,20561.880859375,3
1992-03-13 00:00:00,20456.060546875,4
1992-03-16 00:00:00,19837.16015625,0
1992-03-17 00:00:00,19917.630859375,1
1992-03-18 00:00:00,19764.310546875,2
1992-03-19 00:00:00,20185.08984375,3
1992-03-23 00:00:00,20239.599609375,0
1992-03-24 00:00:00,19891.5703125,1
1992-03-25 00:00:00,20226.779296875,2
1992-03-26 00:00:00,19885.490234375,3
1992-03-27 00:00:00,19636.990234375,4
1992-03-30 00:00:00,19669.310546875,0
1992-03-31 00:00:00,19345.94921875,1
1992-04-01 00:00:00,18581.7890625,2
1992-04-02 00:00:00,18286.029296875,3
1992-04-03 00:00:00,18559.7109375,4
1992-04-06 00:00:00,18436.369140625,0
1992-04-07 00:00:00,17791.55078125,1
1992-04-08 00:00:00,17175.529296875,2
1992-04-09 00:00:00,16598.150390625,3
1992-04-10 00:00:00,17850.66015625,4
1992-04-13 00:00:00,17236.650390625,0
1992-04-14 00:00:00,17439.580078125,1
1992-04-15 00:00:00,17948.009765625,2
1992-04-16 00:00:00,17959.759765625,3
1992-04-17 00:00:00,17580.689453125,4
1992-04-20 00:00:00,17071.359375,0
1992-04-21 00:00:00,16787.330078125,1
1992-04-22 00:00:00,16839.119140625,2
1992-04-23 00:00:00,17402.05078125,3
1992-04-24 00:00:00,17542.44921875,4
1992-04-27 00:00:00,17450.51953125,0
1992-04-28 00:00:00,17527.400390625,1
1992-04-30 00:00:00,17390.7109375,3
1992-05-01 00:00:00,17303.390625,4
1992-05-06 00:00:00,17878.66015625,2
1992-05-07 00:00:00,18410.880859375,3
1992-05-08 00:00:00,18375.94921875,4
1992-05-11 00:00:00,18608.08984375,0
1992-05-12 00:00:00,18508.529296875,1
1992-05-13 00:00:00,18768.5703125,2
1992-05-14 00:00:00,18804.599609375,3
1992-05-15 00:00:00,18074.26953125,4
1992-05-18 00:00:00,18443.099609375,0
1992-05-19 00:00:00,18754.109375,1
1992-05-20 00:00:00,18674.9296875,2
1992-05-21 00:00:00,18691.2890625,3
1992-05-22 00:00:00,18221.0,4
1992-05-25 00:00:00,18555.0,0
1992-05-26 00:00:00,18204.640625,1
1992-05-27 00:00:00,17822.560546875,2
1992-05-28 00:00:00,17931.25,3
1992-05-29 00:00:00,18347.75,4
1992-06-01 00:00:00,18004.109375,0
1992-06-02 00:00:00,18125.55078125,1
1992-06-03 00:00:00,18188.6796875,2
1992-06-04 00:00:00,17964.0703125,3
1992-06-05 00:00:00,17790.0390625,4
1992-06-08 00:00:00,17655.060546875,0
1992-06-09 00:00:00,17845.0390625,1
1992-06-10 00:00:00,17742.869140625,2
1992-06-11 00:00:00,17709.05078125,3
1992-06-12 00:00:00,17383.6796875,4
1992-06-15 00:00:00,16953.23046875,0
1992-06-16 00:00:00,16953.529296875,1
1992-06-17 00:00:00,16445.80078125,2
1992-06-18 00:00:00,16045.5595703125,3
1992-06-19 00:00:00,16519.869140625,4
1992-06-22 00:00:00,15921.2197265625,0
1992-06-23 00:00:00,16106.990234375,1
1992-06-24 00:00:00,15853.669921875,2
1992-06-25 00:00:00,16143.7197265625,3
1992-06-26 00:00:00,15812.73046875,4
1992-06-29 00:00:00,15741.26953125,0
1992-06-30 00:00:00,15951.73046875,1
1992-07-01 00:00:00,16325.0703125,2
1992-07-02 00:00:00,16757.630859375,3
1992-07-03 00:00:00,16717.779296875,4
1992-07-06 00:00:00,16657.0703125,0
1992-07-07 00:00:00,16459.55078125,1
1992-07-08 00:00:00,16600.259765625,2
1992-07-09 00:00:00,16848.66015625,3
1992-07-10 00:00:00,16783.720703125,4
1992-07-13 00:00:00,17201.73046875,0
1992-07-14 00:00:00,17064.630859375,1
1992-07-15 00:00:00,17116.919921875,2
1992-07-16 00:00:00,16987.66015625,3
1992-07-17 00:00:00,16548.0703125,4
1992-07-20 00:00:00,15884.48046875,0
1992-07-21 00:00:00,16002.41015625,1
1992-07-22 00:00:00,15541.9501953125,2
1992-07-23 00:00:00,16039.9404296875,3
1992-07-24 00:00:00,15497.7900390625,4
1992-07-27 00:00:00,15373.33984375,0
1992-07-28 00:00:00,15426.6396484375,1
1992-07-29 00:00:00,15095.9501953125,2
1992-07-30 00:00:00,15555.599609375,3
1992-07-31 00:00:00,15910.2802734375,4
1992-08-03 00:00:00,15709.4501953125,0
1992-08-04 00:00:00,15692.58984375,1
1992-08-05 00:00:00,15983.6396484375,2
1992-08-06 00:00:00,15926.4404296875,3
1992-08-07 00:00:00,15518.26953125,4
1992-08-10 00:00:00,15066.33984375,0
1992-08-11 00:00:00,14822.5595703125,1
1992-08-12 00:00:00,14773.7900390625,2
1992-08-13 00:00:00,14768.169921875,3
1992-08-14 00:00:00,14820.25,4
1992-08-17 00:00:00,14929.5498046875,0
1992-08-18 00:00:00,14309.41015625,1
1992-08-19 00:00:00,14650.740234375,2
1992-08-20 00:00:00,15267.759765625,3
1992-08-21 00:00:00,16216.8798828125,4
1992-08-24 00:00:00,16627.9609375,0
1992-08-25 00:00:00,16380.76953125,1
1992-08-26 00:00:00,16541.650390625,2
1992-08-27 00:00:00,17555.0,3
1992-08-28 00:00:00,17970.7890625,4
1992-08-31 00:00:00,18061.119140625,0
1992-09-01 00:00:00,17740.060546875,1
1992-09-02 00:00:00,17587.720703125,2
1992-09-03 00:00:00,18386.490234375,3
1992-09-04 00:00:00,18555.30078125,4
1992-09-07 00:00:00,18440.1796875,0
1992-09-08 00:00:00,18282.419921875,1
1992-09-09 00:00:00,18875.55078125,2
1992-09-10 00:00:00,18908.470703125,3
1992-09-11 00:00:00,18107.689453125,4
1992-09-14 00:00:00,18471.400390625,0
1992-09-16 00:00:00,17944.69921875,2
1992-09-17 00:00:00,18116.51953125,3
1992-09-18 00:00:00,18166.80078125,4
1992-09-21 00:00:00,18066.240234375,0
1992-09-22 00:00:00,18282.720703125,1
1992-09-24 00:00:00,18609.94921875,3
1992-09-25 00:00:00,18394.759765625,4
1992-09-28 00:00:00,17972.609375,0
1992-09-29 00:00:00,17748.08984375,1
1992-09-30 00:00:00,17399.080078125,2
1992-10-01 00:00:00,17369.91015625,3
1992-10-02 00:00:00,17324.0703125,4
1992-10-05 00:00:00,17101.5,0
1992-10-06 00:00:00,17268.099609375,1
1992-10-07 00:00:00,17111.740234375,2
1992-10-08 00:00:00,17335.509765625,3
1992-10-09 00:00:00,17059.779296875,4
1992-10-12 00:00:00,17302.009765625,0
1992-10-13 00:00:00,17490.669921875,1
1992-10-14 00:00:00,17344.029296875,2
1992-10-15 00:00:00,17628.490234375,3
1992-10-16 00:00:00,17369.810546875,4
1992-10-19 00:00:00,16903.810546875,0
1992-10-20 00:00:00,16987.66015625,1
1992-10-21 00:00:00,17141.51953125,2
1992-10-22 00:00:00,17013.0390625,3
1992-10-23 00:00:00,17117.650390625,4
1992-10-26 00:00:00,17011.330078125,0
1992-10-27 00:00:00,17185.259765625,1
1992-10-28 00:00:00,17068.41015625,2
1992-10-29 00:00:00,16937.7109375,3
1992-10-30 00:00:00,16767.400390625,4
1992-11-02 00:00:00,16853.359375,0
1992-11-04 00:00:00,17065.19921875,2
1992-11-05 00:00:00,17031.58984375,3
1992-11-06 00:00:00,16869.810546875,4
1992-11-09 00:00:00,16417.05078125,0
1992-11-10 00:00:00,16437.109375,1
1992-11-11 00:00:00,16318.150390625,2
1992-11-12 00:00:00,16376.9296875,3
1992-11-13 00:00:00,16330.7900390625,4
1992-11-16 00:00:00,16162.990234375,0
1992-11-17 00:00:00,15993.48046875,1
1992-11-18 00:00:00,16778.83984375,2
1992-11-19 00:00:00,16871.310546875,3
1992-11-20 00:00:00,17033.599609375,4
1992-11-24 00:00:00,17096.08984375,1
1992-11-25 00:00:00,17302.009765625,2
1992-11-26 00:00:00,17479.0390625,3
1992-11-27 00:00:00,17470.609375,4
1992-11-30 00:00:00,17683.650390625,0
1992-12-01 00:00:00,17313.0390625,1
1992-12-02 00:00:00,17393.6796875,2
1992-12-03 00:00:00,17260.080078125,3
1992-12-04 00:00:00,17295.689453125,4
1992-12-07 00:00:00,17207.119140625,0
1992-12-08 00:00:00,17281.849609375,1
1992-12-09 00:00:00,17406.220703125,2
1992-12-10 00:00:00,17501.30078125,3
1992-12-11 00:00:00,17441.01953125,4
1992-12-14 00:00:00,17289.970703125,0
1992-12-15 00:00:00,17480.740234375,1
1992-12-16 00:00:00,17268.7109375,2
1992-12-17 00:00:00,17437.91015625,3
1992-12-18 00:00:00,17680.740234375,4
1992-12-21 00:00:00,17645.439453125,0
1992-12-22 00:00:00,17690.669921875,1
1992-12-24 00:00:00,17648.849609375,3
1992-12-25 00:00:00,17557.0390625,4
1992-12-28 00:00:00,17188.619140625,0
1992-12-29 00:00:00,17285.640625,1
1992-12-30 00:00:00,16924.94921875,2
1993-01-04 00:00:00,16994.080078125,0
1993-01-05 00:00:00,16842.580078125,1
1993-01-06 00:00:00,16782.880859375,2
1993-01-07 00:00:00,16780.98046875,3
1993-01-08 00:00:00,16634.689453125,4
1993-01-11 00:00:00,16589.55078125,0
1993-01-12 00:00:00,16681.05078125,1
1993-01-13 00:00:00,16517.91015625,2
1993-01-14 00:00:00,16515.599609375,3
1993-01-18 00:00:00,16617.240234375,0
1993-01-19 00:00:00,16798.640625,1
1993-01-20 00:00:00,16510.1796875,2
1993-01-21 00:00:00,16538.6796875,3
1993-01-22 00:00:00,16336.8095703125,4
1993-01-25 00:00:00,16287.4501953125,0
1993-01-26 00:00:00,16492.630859375,1
1993-01-27 00:00:00,16509.6796875,2
1993-01-28 00:00:00,17063.41015625,3
1993-01-29 00:00:00,17023.779296875,4
1993-02-01 00:00:00,17133.640625,0
1993-02-02 00:00:00,17186.310546875,1
1993-02-03 00:00:00,17222.029296875,2
1993-02-04 00:00:00,17190.630859375,3
1993-02-05 00:00:00,17332.900390625,4
1993-02-08 00:00:00,17281.73046875,0
1993-02-09 00:00:00,17022.26953125,1
1993-02-10 00:00:00,17089.900390625,2
1993-02-12 00:00:00,16851.509765625,4
1993-02-15 00:00:00,17117.990234375,0
1993-02-16 00:00:00,16916.3203125,1
1993-02-17 00:00:00,17009.630859375,2
1993-02-18 00:00:00,16982.140625,3
1993-02-19 00:00:00,17010.029296875,4
1993-02-22 00:00:00,16820.609375,0
1993-02-23 00:00:00,16863.150390625,1
1993-02-24 00:00:00,16798.939453125,2
1993-02-25 00:00:00,16907.390625,3
1993-02-26 00:00:00,16953.349609375,4
1993-03-01 00:00:00,16879.599609375,0
1993-03-02 00:00:00,16864.25,1
1993-03-03 00:00:00,16853.919921875,2
1993-03-04 00:00:00,16759.609375,3
1993-03-05 00:00:00,16817.69921875,4
1993-03-08 00:00:00,17686.470703125,0
1993-03-09 00:00:00,17848.30078125,1
1993-03-10 00:00:00,17858.630859375,2
1993-03-11 00:00:00,17904.7890625,3
1993-03-12 00:00:00,18037.51953125,4
1993-03-15 00:00:00,18086.1796875,0
1993-03-16 00:00:00,17968.30078125,1
1993-03-17 00:00:00,18173.369140625,2
1993-03-18 00:00:00,18727.900390625,3
1993-03-19 00:00:00,18537.169921875,4
1993-03-22 00:00:00,18784.390625,0
1993-03-23 00:00:00,18491.619140625,1
1993-03-24 00:00:00,18450.689453125,2
1993-03-25 00:00:00,18764.919921875,3
1993-03-26 00:00:00,18788.69921875,4
1993-03-29 00:00:00,19048.380859375,0
1993-03-30 00:00:00,18963.16015625,1
1993-03-31 00:00:00,18591.44921875,2
1993-04-01 00:00:00,19099.08984375,3
1993-04-02 00:00:00,19446.939453125,4
1993-04-05 00:00:00,19759.4609375,0
1993-04-06 00:00:00,19486.80078125,1
1993-04-07 00:00:00,19829.23046875,2
1993-04-08 00:00:00,19967.26953125,3
1993-04-09 00:00:00,19892.1796875,4
1993-04-12 00:00:00,19882.140625,0
1993-04-13 00:00:00,20740.2890625,1
1993-04-14 00:00:00,20533.380859375,2
1993-04-15 00:00:00,20675.83984375,3
1993-04-16 00:00:00,20297.859375,4
1993-04-19 00:00:00,20112.33984375,0
1993-04-20 00:00:00,19828.4296875,1
1993-04-21 00:00:00,19773.009765625,2
1993-04-22 00:00:00,19591.310546875,3
1993-04-23 00:00:00,19704.150390625,4
1993-04-26 00:00:00,19623.630859375,0
1993-04-27 00:00:00,20206.7109375,1
1993-04-28 00:00:00,20454.5703125,2
1993-04-30 00:00:00,20919.1796875,4
1993-05-06 00:00:00,20622.029296875,3
1993-05-07 00:00:00,20811.359375,4
1993-05-10 00:00:00,21054.7109375,0
1993-05-11 00:00:00,20940.369140625,1
1993-05-12 00:00:00,20615.19921875,2
1993-05-13 00:00:00,20532.779296875,3
1993-05-14 00:00:00,20474.150390625,4
1993-05-17 00:00:00,20565.509765625,0
1993-05-18 00:00:00,20229.390625,1
1993-05-19 00:00:00,20380.7890625,2
1993-05-20 00:00:00,20330.390625,3
1993-05-21 00:00:00,20557.470703125,4
1993-05-24 00:00:00,20476.16015625,0
1993-05-25 00:00:00,20631.759765625,1
1993-05-26 00:00:00,20895.990234375,2
1993-05-27 00:00:00,20852.630859375,3
1993-05-28 00:00:00,20843.689453125,4
1993-05-31 00:00:00,20552.349609375,0
1993-06-01 00:00:00,20591.41015625,1
1993-06-02 00:00:00,20691.69921875,2
1993-06-03 00:00:00,21076.0,3
1993-06-04 00:00:00,20882.240234375,4
1993-06-07 00:00:00,20844.189453125,0
1993-06-08 00:00:00,20575.240234375,1
1993-06-10 00:00:00,20493.3203125,3
1993-06-11 00:00:00,20500.94921875,4
1993-06-14 00:00:00,20397.349609375,0
1993-06-15 00:00:00,20045.880859375,1
1993-06-16 00:00:00,19902.419921875,2
1993-06-17 00:00:00,19925.509765625,3
1993-06-18 00:00:00,19804.5390625,4
1993-06-21 00:00:00,19212.4296875,0
1993-06-22 00:00:00,19538.30078125,1
1993-06-23 00:00:00,19492.51953125,2
1993-06-24 00:00:00,19685.0703125,3
1993-06-25 00:00:00,19659.5703125,4
1993-06-28 00:00:00,19886.759765625,0
1993-06-29 00:00:00,19543.419921875,1
1993-06-30 00:00:00,19590.0,2
1993-07-01 00:00:00,19924.609375,3
1993-07-02 00:00:00,19621.4609375,4
1993-07-05 00:00:00,19623.060546875,0
1993-07-06 00:00:00,19829.779296875,1
1993-07-07 00:00:00,19720.669921875,2
1993-07-08 00:00:00,19688.669921875,3
1993-07-09 00:00:00,19877.390625,4
1993-07-12 00:00:00,19980.0,0
1993-07-13 00:00:00,20180.419921875,1
1993-07-14 00:00:00,20139.109375,2
1993-07-15 00:00:00,20158.01953125,3
1993-07-16 00:00:00,20331.529296875,4
1993-07-19 00:00:00,20150.919921875,0
1993-07-20 00:00:00,20038.0,1
1993-07-21 00:00:00,20080.91015625,2
1993-07-22 00:00:00,20115.810546875,3
1993-07-23 00:00:00,19734.5703125,4
1993-07-26 00:00:00,19822.080078125,0
1993-07-27 00:00:00,19891.390625,1
1993-07-28 00:00:00,19829.580078125,2
1993-07-29 00:00:00,20456.849609375,3
1993-07-30 00:00:00,20380.140625,4
1993-08-02 00:00:00,20343.529296875,0
1993-08-03 00:00:00,20357.640625,1
1993-08-04 00:00:00,20497.55078125,2
1993-08-05 00:00:00,20425.640625,3
1993-08-06 00:00:00,20357.939453125,4
1993-08-09 00:00:00,20493.05078125,0
1993-08-10 00:00:00,20493.75,1
1993-08-11 00:00:00,20732.5703125,2
1993-08-12 00:00:00,20765.279296875,3
1993-08-13 00:00:00,20745.169921875,4
1993-08-16 00:00:00,20901.490234375,0
1993-08-17 00:00:00,20841.98046875,1
1993-08-18 00:00:00,20773.1796875,2
1993-08-19 00:00:00,20687.470703125,3
1993-08-20 00:00:00,20607.259765625,4
1993-08-23 00:00:00,20414.140625,0
1993-08-24 00:00:00,20431.83984375,1
1993-08-25 00:00:00,20521.44921875,2
1993-08-26 00:00:00,20591.759765625,3
1993-08-27 00:00:00,20791.6796875,4
1993-08-30 00:00:00,20912.689453125,0
1993-08-31 00:00:00,21026.599609375,1
1993-09-01 00:00:00,20953.30078125,2
1993-09-02 00:00:00,20983.19921875,3
1993-09-03 00:00:00,21116.2109375,4
1993-09-06 00:00:00,21060.810546875,0
1993-09-07 00:00:00,20962.099609375,1
1993-09-08 00:00:00,20918.189453125,2
1993-09-09 00:00:00,20825.580078125,3
1993-09-10 00:00:00,20817.98046875,4
1993-09-13 00:00:00,21148.109375,0
1993-09-14 00:00:00,20947.7890625,1
1993-09-16 00:00:00,20502.150390625,3
1993-09-17 00:00:00,20391.0390625,4
1993-09-20 00:00:00,20266.029296875,0
1993-09-21 00:00:00,20466.650390625,1
1993-09-22 00:00:00,20174.619140625,2
1993-09-24 00:00:00,20307.529296875,4
1993-09-27 00:00:00,20094.109375,0
1993-09-28 00:00:00,20172.720703125,1
1993-09-29 00:00:00,20077.41015625,2
1993-09-30 00:00:00,20105.7109375,3
1993-10-01 00:00:00,20283.130859375,4
1993-10-04 00:00:00,20264.4296875,0
1993-10-05 00:00:00,20321.9296875,1
1993-10-06 00:00:00,20500.25,2
1993-10-07 00:00:00,20265.630859375,3
1993-10-08 00:00:00,20378.640625,4
1993-10-12 00:00:00,20137.310546875,1
1993-10-13 00:00:00,20038.400390625,2
1993-10-14 00:00:00,20082.810546875,3
1993-10-15 00:00:00,20174.419921875,4
1993-10-18 00:00:00,20072.2109375,0
1993-10-19 00:00:00,20069.91015625,1
1993-10-20 00:00:00,20173.419921875,2
1993-10-21 00:00:00,20179.419921875,3
1993-10-22 00:00:00,20264.830078125,4
1993-10-25 00:00:00,20309.330078125,0
1993-10-26 00:00:00,20023.599609375,1
1993-10-27 00:00:00,19838.779296875,2
1993-10-28 00:00:00,19479.44921875,3
1993-10-29 00:00:00,19702.970703125,4
1993-11-01 00:00:00,19438.240234375,0
1993-11-02 00:00:00,19381.240234375,1
1993-11-04 00:00:00,18949.7890625,3
1993-11-05 00:00:00,18590.4609375,4
1993-11-08 00:00:00,18625.16015625,0
1993-11-09 00:00:00,18125.7109375,1
1993-11-10 00:00:00,18121.7109375,2
1993-11-11 00:00:00,18158.51953125,3
1993-11-12 00:00:00,18493.55078125,4
1993-11-15 00:00:00,18074.609375,0
1993-11-16 00:00:00,18246.119140625,1
1993-11-17 00:00:00,18108.7109375,2
1993-11-18 00:00:00,18166.3203125,3
1993-11-19 00:00:00,17941.189453125,4
1993-11-22 00:00:00,17384.83984375,0
1993-11-24 00:00:00,17067.109375,2
1993-11-25 00:00:00,17222.919921875,3
1993-11-26 00:00:00,16726.369140625,4
1993-11-29 00:00:00,16078.7099609375,0
1993-11-30 00:00:00,16406.5390625,1
1993-12-01 00:00:00,17125.310546875,2
1993-12-02 00:00:00,17458.75,3
1993-12-03 00:00:00,17459.349609375,4
1993-12-06 00:00:00,16840.380859375,0
1993-12-07 00:00:00,16903.490234375,1
1993-12-08 00:00:00,16507.94921875,2
1993-12-09 00:00:00,17061.91015625,3
1993-12-10 00:00:00,17257.4296875,4
1993-12-13 00:00:00,17327.330078125,0
1993-12-14 00:00:00,17308.73046875,1
1993-12-15 00:00:00,17489.150390625,2
1993-12-16 00:00:00,17789.279296875,3
1993-12-17 00:00:00,18051.91015625,4
1993-12-20 00:00:00,17404.240234375,0
1993-12-21 00:00:00,17315.4296875,1
1993-12-22 00:00:00,17445.740234375,2
1993-12-24 00:00:00,17141.109375,4
1993-12-27 00:00:00,16819.880859375,0
1993-12-28 00:00:00,17131.2109375,1
1993-12-29 00:00:00,17272.029296875,2
1993-12-30 00:00:00,17417.240234375,3
1994-01-04 00:00:00,17369.740234375,1
1994-01-05 00:00:00,17783.48046875,2
1994-01-06 00:00:00,17881.990234375,3
1994-01-07 00:00:00,18124.009765625,4
1994-01-10 00:00:00,18443.439453125,0
1994-01-11 00:00:00,18485.25,1
1994-01-12 00:00:00,18793.880859375,2
1994-01-13 00:00:00,18577.259765625,3
1994-01-14 00:00:00,18973.69921875,4
1994-01-17 00:00:00,18725.369140625,0
1994-01-18 00:00:00,18514.55078125,1
1994-01-19 00:00:00,19039.400390625,2
1994-01-20 00:00:00,19183.919921875,3
1994-01-21 00:00:00,19307.4296875,4
1994-01-24 00:00:00,18353.240234375,0
1994-01-25 00:00:00,18648.359375,1
1994-01-26 00:00:00,19138.2109375,2
1994-01-27 00:00:00,18891.7890625,3
1994-01-28 00:00:00,18757.880859375,4
1994-01-31 00:00:00,20229.119140625,0
1994-02-01 00:00:00,20416.33984375,1
1994-02-02 00:00:00,20250.029296875,2
1994-02-03 00:00:00,20174.8203125,3
1994-02-04 00:00:00,20301.4296875,4
1994-02-07 00:00:00,20014.400390625,0
1994-02-08 00:00:00,20251.23046875,1
1994-02-09 00:00:00,19841.380859375,2
1994-02-10 00:00:00,19990.69921875,3
1994-02-14 00:00:00,19459.25,0
1994-02-15 00:00:00,18974.599609375,1
1994-02-16 00:00:00,19052.109375,2
1994-02-17 00:00:00,18931.390625,3
1994-02-18 00:00:00,18959.599609375,4
1994-02-21 00:00:00,19393.939453125,0
1994-02-22 00:00:00,19342.630859375,1
1994-02-23 00:00:00,19341.830078125,2
1994-02-24 00:00:00,19765.48046875,3
1994-02-25 00:00:00,19803.380859375,4
1994-02-28 00:00:00,19997.19921875,0
1994-03-01 00:00:00,20216.619140625,1
1994-03-02 00:00:00,19744.76953125,2
1994-03-03 00:00:00,19605.859375,3
1994-03-04 00:00:00,19966.0,4
1994-03-07 00:00:00,19811.880859375,0
1994-03-08 00:00:00,19898.390625,1
1994-03-09 00:00:00,19839.1796875,2
1994-03-10 00:00:00,20090.7109375,3
1994-03-11 00:00:00,20115.310546875,4
1994-03-14 00:00:00,20526.150390625,0
1994-03-15 00:00:00,20508.849609375,1
1994-03-16 00:00:00,20677.76953125,2
1994-03-17 00:00:00,20592.16015625,3
1994-03-18 00:00:00,20469.44921875,4
1994-03-22 00:00:00,20253.529296875,1
1994-03-23 00:00:00,19962.099609375,2
1994-03-24 00:00:00,20037.900390625,3
1994-03-25 00:00:00,19836.48046875,4
1994-03-28 00:00:00,19941.7890625,0
1994-03-29 00:00:00,19709.740234375,1
1994-03-30 00:00:00,19559.91015625,2
1994-03-31 00:00:00,19111.919921875,3
1994-04-01 00:00:00,19277.16015625,4
1994-04-04 00:00:00,19122.220703125,0
1994-04-05 00:00:00,19563.2109375,1
1994-04-06 00:00:00,19696.740234375,2
1994-04-07 00:00:00,19890.98046875,3
1994-04-08 00:00:00,19934.990234375,4
1994-04-11 00:00:00,19898.080078125,0
1994-04-12 00:00:00,19648.330078125,1
1994-04-13 00:00:00,20060.41015625,2
1994-04-14 00:00:00,19987.19921875,3
1994-04-15 00:00:00,20164.630859375,4
1994-04-18 00:00:00,20277.359375,0
1994-04-19 00:00:00,20192.33984375,1
1994-04-20 00:00:00,19882.1796875,2
1994-04-21 00:00:00,19799.359375,3
1994-04-22 00:00:00,19964.390625,4
1994-04-25 00:00:00,19709.140625,0
1994-04-26 00:00:00,19628.9296875,1
1994-04-27 00:00:00,19729.150390625,2
1994-04-28 00:00:00,19725.25,3
1994-05-02 00:00:00,19570.2109375,0
1994-05-06 00:00:00,19862.470703125,4
1994-05-09 00:00:00,19786.9609375,0
1994-05-10 00:00:00,19917.779296875,1
1994-05-11 00:00:00,20150.130859375,2
1994-05-12 00:00:00,20224.240234375,3
1994-05-13 00:00:00,20270.75,4
1994-05-16 00:00:00,20188.439453125,0
1994-05-17 00:00:00,20133.529296875,1
1994-05-18 00:00:00,20152.73046875,2
1994-05-19 00:00:00,20221.33984375,3
1994-05-20 00:00:00,20342.169921875,4
1994-05-23 00:00:00,20568.7109375,0
1994-05-24 00:00:00,20622.119140625,1
1994-05-25 00:00:00,20663.630859375,2
1994-05-26 00:00:00,20495.80078125,3
1994-05-27 00:00:00,20777.16015625,4
1994-05-30 00:00:00,20838.970703125,0
1994-05-31 00:00:00,20973.58984375,1
1994-06-01 00:00:00,21053.109375,2
1994-06-02 00:00:00,21009.0,3
1994-06-03 00:00:00,20954.189453125,4
1994-06-06 00:00:00,20726.650390625,0
1994-06-07 00:00:00,21042.7109375,1
1994-06-08 00:00:00,21261.94921875,2
1994-06-09 00:00:00,21402.779296875,3
1994-06-10 00:00:00,21395.1796875,4
1994-06-13 00:00:00,21552.810546875,0
1994-06-14 00:00:00,21353.970703125,1
1994-06-15 00:00:00,21282.9609375,2
1994-06-16 00:00:00,21367.470703125,3
1994-06-17 00:00:00,21503.30078125,4
1994-06-20 00:00:00,21152.029296875,0
1994-06-21 00:00:00,20813.16015625,1
1994-06-22 00:00:00,20581.3203125,2
1994-06-23 00:00:00,21040.2109375,3
1994-06-24 00:00:00,20766.75,4
1994-06-27 00:00:00,20300.9609375,0
1994-06-28 00:00:00,20639.23046875,1
1994-06-29 00:00:00,20481.0,2
1994-06-30 00:00:00,20643.9296875,3
1994-07-01 00:00:00,20543.41015625,4
1994-07-04 00:00:00,20631.9296875,0
1994-07-05 00:00:00,20834.369140625,1
1994-07-06 00:00:00,20629.029296875,2
1994-07-07 00:00:00,20620.01953125,3
1994-07-08 00:00:00,20526.509765625,4
1994-07-11 00:00:00,20473.08984375,0
1994-07-12 00:00:00,20400.48046875,1
1994-07-13 00:00:00,20540.41015625,2
1994-07-14 00:00:00,20718.0390625,3
1994-07-15 00:00:00,20770.150390625,4
1994-07-18 00:00:00,20717.640625,0
1994-07-19 00:00:00,20775.16015625,1
1994-07-20 00:00:00,20780.759765625,2
1994-07-21 00:00:00,20622.919921875,3
1994-07-22 00:00:00,20462.890625,4
1994-07-25 00:00:00,20297.66015625,0
1994-07-26 00:00:00,20345.369140625,1
1994-07-27 00:00:00,20137.23046875,2
1994-07-28 00:00:00,20247.849609375,3
1994-07-29 00:00:00,20449.390625,4
1994-08-01 00:00:00,20271.349609375,0
1994-08-02 00:00:00,20660.130859375,1
1994-08-03 00:00:00,20632.73046875,2
1994-08-04 00:00:00,20676.83984375,3
1994-08-05 00:00:00,20521.69921875,4
1994-08-08 00:00:00,20635.830078125,0
1994-08-09 00:00:00,20590.220703125,1
1994-08-10 00:00:00,20770.25,2
1994-08-11 00:00:00,20821.359375,3
1994-08-12 00:00:00,20663.830078125,4
1994-08-15 00:00:00,20626.330078125,0
1994-08-16 00:00:00,20786.359375,1
1994-08-17 00:00:00,20824.560546875,2
1994-08-18 00:00:00,20862.76953125,3
1994-08-19 00:00:00,20512.69921875,4
1994-08-22 00:00:00,20394.580078125,0
1994-08-23 00:00:00,20380.779296875,1
1994-08-24 00:00:00,20511.599609375,2
1994-08-25 00:00:00,20443.2890625,3
1994-08-26 00:00:00,20471.490234375,4
1994-08-29 00:00:00,20600.419921875,0
1994-08-30 00:00:00,20592.119140625,1
1994-08-31 00:00:00,20628.529296875,2
1994-09-01 00:00:00,20642.9296875,3
1994-09-02 00:00:00,20653.830078125,4
1994-09-05 00:00:00,20409.1796875,0
1994-09-06 00:00:00,20393.98046875,1
1994-09-07 00:00:00,20023.80078125,2
1994-09-08 00:00:00,19917.779296875,3
1994-09-09 00:00:00,19897.880859375,4
1994-09-12 00:00:00,19917.279296875,0
1994-09-13 00:00:00,20046.109375,1
1994-09-14 00:00:00,19919.380859375,2
1994-09-16 00:00:00,19796.259765625,4
1994-09-19 00:00:00,19554.109375,0
1994-09-20 00:00:00,19837.26953125,1
1994-09-21 00:00:00,19885.380859375,2
1994-09-22 00:00:00,19833.669921875,3
1994-09-26 00:00:00,19814.359375,0
1994-09-27 00:00:00,19468.890625,1
1994-09-28 00:00:00,19507.599609375,2
1994-09-29 00:00:00,19615.119140625,3
1994-09-30 00:00:00,19563.810546875,4
1994-10-03 00:00:00,19650.029296875,0
1994-10-04 00:00:00,19568.609375,1
1994-10-05 00:00:00,19751.55078125,2
1994-10-06 00:00:00,19655.23046875,3
1994-10-07 00:00:00,19744.75,4
1994-10-11 00:00:00,19821.4609375,1
1994-10-12 00:00:00,20089.720703125,2
1994-10-13 00:00:00,20148.830078125,3
1994-10-14 00:00:00,19969.2890625,4
1994-10-17 00:00:00,19958.2890625,0
1994-10-18 00:00:00,19992.400390625,1
1994-10-19 00:00:00,19868.869140625,2
1994-10-20 00:00:00,19991.900390625,3
1994-10-21 00:00:00,19899.080078125,4
1994-10-24 00:00:00,19852.369140625,0
1994-10-25 00:00:00,19732.150390625,1
1994-10-26 00:00:00,19746.349609375,2
1994-10-27 00:00:00,19796.359375,3
1994-10-28 00:00:00,19805.16015625,4
1994-10-31 00:00:00,19989.599609375,0
1994-11-01 00:00:00,19916.48046875,1
1994-11-02 00:00:00,19750.650390625,2
1994-11-04 00:00:00,19811.560546875,4
1994-11-07 00:00:00,19619.220703125,0
1994-11-08 00:00:00,19609.01953125,1
1994-11-09 00:00:00,19423.880859375,2
1994-11-10 00:00:00,19264.849609375,3
1994-11-11 00:00:00,19284.359375,4
1994-11-14 00:00:00,19261.44921875,0
1994-11-15 00:00:00,19391.6796875,1
1994-11-16 00:00:00,19306.66015625,2
1994-11-17 00:00:00,19336.5703125,3
1994-11-18 00:00:00,19302.560546875,4
1994-11-21 00:00:00,19121.720703125,0
1994-11-22 00:00:00,18962.990234375,1
1994-11-24 00:00:00,18701.240234375,3
1994-11-25 00:00:00,18666.9296875,4
1994-11-28 00:00:00,18811.359375,0
1994-11-29 00:00:00,18926.490234375,1
1994-11-30 00:00:00,19075.619140625,2
1994-12-01 00:00:00,19013.599609375,3
1994-12-02 00:00:00,18998.30078125,4
1994-12-05 00:00:00,19305.66015625,0
1994-12-06 00:00:00,19340.470703125,1
1994-12-07 00:00:00,19174.23046875,2
1994-12-08 00:00:00,19180.0390625,3
1994-12-09 00:00:00,18978.30078125,4
1994-12-12 00:00:00,18975.099609375,0
1994-12-13 00:00:00,18875.48046875,1
1994-12-14 00:00:00,18931.490234375,2
1994-12-15 00:00:00,19121.119140625,3
1994-12-16 00:00:00,19163.4296875,4
1994-12-19 00:00:00,19270.849609375,0
1994-12-20 00:00:00,19406.98046875,1
1994-12-21 00:00:00,19340.669921875,2
1994-12-22 00:00:00,19633.529296875,3
1994-12-26 00:00:00,19726.75,0
1994-12-27 00:00:00,19711.359375,1
1994-12-28 00:00:00,19665.529296875,2
1994-12-29 00:00:00,19752.98046875,3
1994-12-30 00:00:00,19723.060546875,4
1995-01-04 00:00:00,19684.0390625,2
1995-01-05 00:00:00,19616.109375,3
1995-01-06 00:00:00,19519.4609375,4
1995-01-09 00:00:00,19444.919921875,0
1995-01-10 00:00:00,19501.44921875,1
1995-01-11 00:00:00,19548.470703125,2
1995-01-12 00:00:00,19410.009765625,3
1995-01-13 00:00:00,19331.169921875,4
1995-01-17 00:00:00,19241.3203125,1
1995-01-18 00:00:00,19223.310546875,2
1995-01-19 00:00:00,19075.740234375,3
1995-01-20 00:00:00,18840.220703125,4
1995-01-23 00:00:00,17785.490234375,0
1995-01-24 00:00:00,18060.73046875,1
1995-01-25 00:00:00,18159.48046875,2
1995-01-26 00:00:00,18070.83984375,3
1995-01-27 00:00:00,18104.349609375,4
1995-01-30 00:00:00,18752.880859375,0
1995-01-31 00:00:00,18649.8203125,1
1995-02-01 00:00:00,18739.470703125,2
1995-02-02 00:00:00,18604.30078125,3
1995-02-03 00:00:00,18538.970703125,4
1995-02-06 00:00:00,18667.23046875,0
1995-02-07 00:00:00,18500.55078125,1
1995-02-08 00:00:00,18290.25,2
1995-02-09 00:00:00,18099.55078125,3
1995-02-10 00:00:00,18291.349609375,4
1995-02-13 00:00:00,18313.859375,0
1995-02-14 00:00:00,18138.470703125,1
1995-02-15 00:00:00,17991.0,2
1995-02-16 00:00:00,17780.58984375,3
1995-02-17 00:00:00,18020.509765625,4
1995-02-20 00:00:00,17956.48046875,0
1995-02-21 00:00:00,18096.25,1
1995-02-22 00:00:00,18106.650390625,2
1995-02-23 00:00:00,17830.01953125,3
1995-02-24 00:00:00,17472.939453125,4
1995-02-27 00:00:00,16808.69921875,0
1995-02-28 00:00:00,17053.4296875,1
1995-03-01 00:00:00,16618.7109375,2
1995-03-02 00:00:00,16963.1796875,3
1995-03-03 00:00:00,17039.619140625,4
1995-03-06 00:00:00,17040.720703125,0
1995-03-07 00:00:00,16955.279296875,1
1995-03-08 00:00:00,16621.310546875,2
1995-03-09 00:00:00,16763.080078125,3
1995-03-10 00:00:00,16358.3798828125,4
1995-03-13 00:00:00,16477.640625,0
1995-03-14 00:00:00,16245.8203125,1
1995-03-15 00:00:00,16666.830078125,2
1995-03-16 00:00:00,16355.6796875,3
1995-03-17 00:00:00,16251.23046875,4
1995-03-20 00:00:00,16129.9599609375,0
1995-03-22 00:00:00,15904.849609375,2
1995-03-23 00:00:00,15813.41015625,3
1995-03-24 00:00:00,15749.76953125,4
1995-03-27 00:00:00,16096.25,0
1995-03-28 00:00:00,16681.73046875,1
1995-03-29 00:00:00,16460.73046875,2
1995-03-30 00:00:00,16512.220703125,3
1995-03-31 00:00:00,16139.9501953125,4
1995-04-03 00:00:00,15381.2900390625,0
1995-04-04 00:00:00,15630.5302734375,1
1995-04-05 00:00:00,15882.490234375,2
1995-04-06 00:00:00,15815.8701171875,3
1995-04-07 00:00:00,15719.5,4
1995-04-10 00:00:00,16163.08984375,0
1995-04-11 00:00:00,16268.8798828125,1
1995-04-12 00:00:00,16344.919921875,2
1995-04-13 00:00:00,16438.7890625,3
1995-04-14 00:00:00,16047.8896484375,4
1995-04-17 00:00:00,16304.150390625,0
1995-04-18 00:00:00,16225.1103515625,1
1995-04-19 00:00:00,16376.080078125,2
1995-04-20 00:00:00,16643.060546875,3
1995-04-21 00:00:00,16968.240234375,4
1995-04-24 00:00:00,16804.05078125,0
1995-04-25 00:00:00,16910.5390625,1
1995-04-26 00:00:00,16826.490234375,2
1995-04-27 00:00:00,16883.990234375,3
1995-04-28 00:00:00,16806.75,4
1995-05-01 00:00:00,16811.4609375,0
1995-05-02 00:00:00,17088.66015625,1
1995-05-08 00:00:00,17103.689453125,0
1995-05-09 00:00:00,16958.220703125,1
1995-05-10 00:00:00,16826.490234375,2
1995-05-11 00:00:00,16461.73046875,3
1995-05-12 00:00:00,16420.759765625,4
1995-05-15 00:00:00,16609.69921875,0
1995-05-16 00:00:00,16388.900390625,1
1995-05-17 00:00:00,16471.349609375,2
1995-05-18 00:00:00,16312.5595703125,3
1995-05-19 00:00:00,16140.849609375,4
1995-05-22 00:00:00,15789.1201171875,0
1995-05-23 00:00:00,15916.150390625,1
1995-05-24 00:00:00,15970.75,2
1995-05-25 00:00:00,15579.4404296875,3
1995-05-26 00:00:00,15694.25,4
1995-05-29 00:00:00,15574.0302734375,0
1995-05-30 00:00:00,15762.9697265625,1
1995-05-31 00:00:00,15436.7900390625,2
1995-06-01 00:00:00,15594.5703125,3
1995-06-02 00:00:00,15849.1298828125,4
1995-06-05 00:00:00,15897.3203125,0
1995-06-06 00:00:00,15660.990234375,1
1995-06-07 00:00:00,15679.6201171875,2
1995-06-08 00:00:00,15442.2998046875,3
1995-06-09 00:00:00,15044.1796875,4
1995-06-12 00:00:00,14813.4599609375,0
1995-06-13 00:00:00,14599.6796875,1
1995-06-14 00:00:00,14660.490234375,2
1995-06-15 00:00:00,14867.259765625,3
1995-06-16 00:00:00,14703.169921875,4
1995-06-19 00:00:00,14700.0595703125,0
1995-06-20 00:00:00,14665.7001953125,1
1995-06-21 00:00:00,14951.2099609375,2
1995-06-22 00:00:00,14926.3701171875,3
1995-06-23 00:00:00,15265.1796875,4
1995-06-26 00:00:00,15145.3603515625,0
1995-06-27 00:00:00,14759.0498046875,1
1995-06-28 00:00:00,14618.0703125,2
1995-06-29 00:00:00,14507.169921875,3
1995-06-30 00:00:00,14517.400390625,4
1995-07-03 00:00:00,14485.41015625,0
1995-07-04 00:00:00,14755.740234375,1
1995-07-05 00:00:00,14830.4404296875,2
1995-07-06 00:00:00,15256.8896484375,3
1995-07-07 00:00:00,16213.080078125,4
1995-07-10 00:00:00,16242.66015625,0
1995-07-11 00:00:00,16588.189453125,1
1995-07-12 00:00:00,16605.740234375,2
1995-07-13 00:00:00,16505.669921875,3
1995-07-14 00:00:00,16517.69921875,4
1995-07-17 00:00:00,16842.470703125,0
1995-07-18 00:00:00,16574.349609375,1
1995-07-19 00:00:00,16422.439453125,2
1995-07-20 00:00:00,16453.419921875,3
1995-07-21 00:00:00,16589.08984375,4
1995-07-24 00:00:00,16591.5,0
1995-07-25 00:00:00,16148.400390625,1
1995-07-26 00:00:00,16387.25,2
1995-07-27 00:00:00,16625.189453125,3
1995-07-28 00:00:00,16649.44921875,4
1995-07-31 00:00:00,16677.529296875,0
1995-08-01 00:00:00,16358.5703125,1
1995-08-02 00:00:00,16720.75,2
1995-08-03 00:00:00,16893.7109375,3
1995-08-04 00:00:00,16741.19921875,4
1995-08-07 00:00:00,16615.4609375,0
1995-08-08 00:00:00,16838.970703125,1
1995-08-09 00:00:00,16789.330078125,2
1995-08-10 00:00:00,16728.970703125,3
1995-08-11 00:00:00,16792.33984375,4
1995-08-14 00:00:00,16916.5703125,0
1995-08-15 00:00:00,17452.720703125,1
1995-08-16 00:00:00,18158.73046875,2
1995-08-17 00:00:00,18149.69921875,3
1995-08-18 00:00:00,18032.490234375,4
1995-08-21 00:00:00,17871.05078125,0
1995-08-22 00:00:00,17877.76953125,1
1995-08-23 00:00:00,17731.98046875,2
1995-08-24 00:00:00,17921.990234375,3
1995-08-25 00:00:00,17770.6796875,4
1995-08-28 00:00:00,17847.2890625,0
1995-08-29 00:00:00,18135.16015625,1
1995-08-30 00:00:00,17983.859375,2
1995-08-31 00:00:00,18117.220703125,3
1995-09-01 00:00:00,18120.73046875,4
1995-09-04 00:00:00,17748.51953125,0
1995-09-05 00:00:00,17794.0390625,1
1995-09-06 00:00:00,17620.380859375,2
1995-09-07 00:00:00,17621.1796875,3
1995-09-08 00:00:00,18279.55078125,4
1995-09-11 00:00:00,18486.109375,0
1995-09-12 00:00:00,18472.169921875,1
1995-09-13 00:00:00,18614.259765625,2
1995-09-14 00:00:00,18758.55078125,3
1995-09-18 00:00:00,18319.16015625,0
1995-09-19 00:00:00,18474.380859375,1
1995-09-20 00:00:00,18198.640625,2
1995-09-21 00:00:00,18034.7890625,3
1995-09-22 00:00:00,17713.9296875,4
1995-09-25 00:00:00,17566.4296875,0
1995-09-26 00:00:00,17921.98046875,1
1995-09-27 00:00:00,18262.4296875,2
1995-09-28 00:00:00,18022.859375,3
1995-09-29 00:00:00,17913.060546875,4
1995-10-02 00:00:00,17739.83984375,0
1995-10-03 00:00:00,18142.990234375,1
1995-10-04 00:00:00,18145.080078125,2
1995-10-05 00:00:00,18220.41015625,3
1995-10-06 00:00:00,18506.279296875,4
1995-10-09 00:00:00,18176.26953125,0
1995-10-11 00:00:00,17891.189453125,2
1995-10-12 00:00:00,17971.400390625,3
1995-10-13 00:00:00,17880.830078125,4
1995-10-16 00:00:00,18016.439453125,0
1995-10-17 00:00:00,17916.599609375,1
1995-10-18 00:00:00,17895.970703125,2
1995-10-19 00:00:00,17955.359375,3
1995-10-20 00:00:00,18157.330078125,4
1995-10-23 00:00:00,18156.240234375,0
1995-10-24 00:00:00,18014.25,1
1995-10-25 00:00:00,17970.810546875,2
1995-10-26 00:00:00,17726.6796875,3
1995-10-27 00:00:00,17337.189453125,4
1995-10-30 00:00:00,17509.169921875,0
1995-10-31 00:00:00,17654.640625,1
1995-11-01 00:00:00,17474.490234375,2
1995-11-02 00:00:00,18028.80078125,3
1995-11-06 00:00:00,18036.970703125,0
1995-11-07 00:00:00,18021.220703125,1
1995-11-08 00:00:00,17863.2890625,2
1995-11-09 00:00:00,17821.0390625,3
1995-11-10 00:00:00,17843.560546875,4
1995-11-13 00:00:00,17789.4609375,0
1995-11-14 00:00:00,17802.509765625,1
1995-11-15 00:00:00,17682.740234375,2
1995-11-16 00:00:00,17939.51953125,3
1995-11-17 00:00:00,18151.16015625,4
1995-11-20 00:00:00,18383.8203125,0
1995-11-21 00:00:00,18384.3203125,1
1995-11-22 00:00:00,18239.83984375,2
1995-11-24 00:00:00,18215.23046875,4
1995-11-27 00:00:00,18543.140625,0
1995-11-28 00:00:00,18688.419921875,1
1995-11-29 00:00:00,18533.98046875,2
1995-11-30 00:00:00,18744.419921875,3
1995-12-01 00:00:00,18833.099609375,4
1995-12-04 00:00:00,18897.369140625,0
1995-12-05 00:00:00,18879.529296875,1
1995-12-06 00:00:00,19067.859375,2
1995-12-07 00:00:00,19412.3203125,3
1995-12-08 00:00:00,19286.970703125,4
1995-12-11 00:00:00,19226.779296875,0
1995-12-12 00:00:00,19312.76953125,1
1995-12-13 00:00:00,19283.48046875,2
1995-12-14 00:00:00,19499.30078125,3
1995-12-15 00:00:00,19346.55078125,4
1995-12-18 00:00:00,19311.080078125,0
1995-12-19 00:00:00,19140.490234375,1
1995-12-20 00:00:00,19448.58984375,2
1995-12-21 00:00:00,19653.25,3
1995-12-22 00:00:00,19744.419921875,4
1995-12-25 00:00:00,19775.41015625,0
1995-12-26 00:00:00,19904.720703125,1
1995-12-27 00:00:00,20011.759765625,2
1995-12-28 00:00:00,19873.130859375,3
1995-12-29 00:00:00,19868.150390625,4
1996-01-04 00:00:00,20618.0,3
1996-01-05 00:00:00,20669.029296875,4
1996-01-08 00:00:00,20563.580078125,0
1996-01-09 00:00:00,20652.080078125,1
1996-01-10 00:00:00,20612.3203125,2
1996-01-11 00:00:00,20377.919921875,3
1996-01-12 00:00:00,20287.419921875,4
1996-01-16 00:00:00,20567.0703125,1
1996-01-17 00:00:00,20570.259765625,2
1996-01-18 00:00:00,20370.0390625,3
1996-01-19 00:00:00,20365.759765625,4
1996-01-22 00:00:00,20196.529296875,0
1996-01-23 00:00:00,20080.919921875,1
1996-01-24 00:00:00,20312.740234375,2
1996-01-25 00:00:00,20414.689453125,3
1996-01-26 00:00:00,20663.83984375,4
1996-01-29 00:00:00,20589.19921875,0
1996-01-30 00:00:00,20722.439453125,1
1996-01-31 00:00:00,20812.740234375,2
1996-02-01 00:00:00,20935.119140625,3
1996-02-02 00:00:00,20904.029296875,4
1996-02-05 00:00:00,20653.380859375,0
1996-02-06 00:00:00,20751.150390625,1
1996-02-07 00:00:00,20943.490234375,2
1996-02-08 00:00:00,21118.30078125,3
1996-02-09 00:00:00,20934.8203125,4
1996-02-13 00:00:00,20784.23046875,1
1996-02-14 00:00:00,20943.58984375,2
1996-02-15 00:00:00,20886.189453125,3
1996-02-16 00:00:00,20802.76953125,4
1996-02-19 00:00:00,20721.25,0
1996-02-20 00:00:00,20655.669921875,1
1996-02-21 00:00:00,20372.23046875,2
1996-02-22 00:00:00,20340.939453125,3
1996-02-23 00:00:00,20300.380859375,4
1996-02-26 00:00:00,20480.26953125,0
1996-02-27 00:00:00,20000.400390625,1
1996-02-28 00:00:00,19919.970703125,2
1996-02-29 00:00:00,20125.369140625,3
1996-03-01 00:00:00,20168.630859375,4
1996-03-04 00:00:00,20063.880859375,0
1996-03-05 00:00:00,20183.869140625,1
1996-03-06 00:00:00,20241.1796875,2
1996-03-07 00:00:00,19957.150390625,3
1996-03-08 00:00:00,20155.869140625,4
1996-03-11 00:00:00,19796.2890625,0
1996-03-12 00:00:00,19950.26953125,1
1996-03-13 00:00:00,19734.69921875,2
1996-03-14 00:00:00,19923.66015625,3
1996-03-15 00:00:00,20190.849609375,4
1996-03-18 00:00:00,20285.130859375,0
1996-03-19 00:00:00,20442.599609375,1
1996-03-21 00:00:00,20727.529296875,3
1996-03-22 00:00:00,20700.919921875,4
1996-03-25 00:00:00,20915.439453125,0
1996-03-26 00:00:00,21014.76953125,1
1996-03-27 00:00:00,21329.98046875,2
1996-03-28 00:00:00,21295.8203125,3
1996-03-29 00:00:00,21406.849609375,4
1996-04-01 00:00:00,21560.390625,0
1996-04-02 00:00:00,21600.080078125,1
1996-04-03 00:00:00,21464.73046875,2
1996-04-04 00:00:00,21471.16015625,3
1996-04-05 00:00:00,21695.83984375,4
1996-04-08 00:00:00,21424.240234375,0
1996-04-09 00:00:00,21744.169921875,1
1996-04-10 00:00:00,21791.69921875,2
1996-04-11 00:00:00,21694.4296875,3
1996-04-12 00:00:00,21660.470703125,4
1996-04-15 00:00:00,21883.0390625,0
1996-04-16 00:00:00,21868.169921875,1
1996-04-17 00:00:00,21816.220703125,2
1996-04-18 00:00:00,21812.5,3
1996-04-19 00:00:00,21883.83984375,4
1996-04-22 00:00:00,22123.890625,0
1996-04-23 00:00:00,22119.880859375,1
1996-04-24 00:00:00,22282.05078125,2
1996-04-25 00:00:00,22230.099609375,3
1996-04-26 00:00:00,22235.029296875,4
1996-04-30 00:00:00,22041.30078125,1
1996-05-01 00:00:00,21815.009765625,2
1996-05-02 00:00:00,21662.380859375,3
1996-05-07 00:00:00,21495.279296875,1
1996-05-08 00:00:00,21728.599609375,2
1996-05-09 00:00:00,21411.880859375,3
1996-05-10 00:00:00,21420.119140625,4
1996-05-13 00:00:00,21171.8203125,0
1996-05-14 00:00:00,21301.05078125,1
1996-05-15 00:00:00,22055.970703125,2
1996-05-16 00:00:00,22147.2109375,3
1996-05-17 00:00:00,21916.599609375,4
1996-05-20 00:00:00,21979.0,0
1996-05-21 00:00:00,22091.740234375,1
1996-05-22 00:00:00,21958.0,2
1996-05-23 00:00:00,21724.080078125,3
1996-05-24 00:00:00,21798.4296875,4
1996-05-27 00:00:00,21699.759765625,0
1996-05-28 00:00:00,21944.529296875,1
1996-05-29 00:00:00,22021.5,2
1996-05-30 00:00:00,21886.349609375,3
1996-05-31 00:00:00,21956.189453125,4
1996-06-03 00:00:00,21588.51953125,0
1996-06-04 00:00:00,21858.119140625,1
1996-06-05 00:00:00,21881.4296875,2
1996-06-06 00:00:00,21804.4609375,3
1996-06-07 00:00:00,21751.810546875,4
1996-06-10 00:00:00,21719.150390625,0
1996-06-11 00:00:00,21817.619140625,1
1996-06-12 00:00:00,22104.80078125,2
1996-06-13 00:00:00,22082.400390625,3
1996-06-14 00:00:00,22289.390625,4
1996-06-17 00:00:00,22245.380859375,0
1996-06-18 00:00:00,22332.400390625,1
1996-06-19 00:00:00,22367.359375,2
1996-06-20 00:00:00,22437.30078125,3
1996-06-21 00:00:00,22530.650390625,4
1996-06-24 00:00:00,22603.19921875,0
1996-06-25 00:00:00,22597.169921875,1
1996-06-26 00:00:00,22666.80078125,2
1996-06-27 00:00:00,22501.609375,3
1996-06-28 00:00:00,22530.75,4
1996-07-01 00:00:00,22455.490234375,0
1996-07-02 00:00:00,22347.970703125,1
1996-07-03 00:00:00,22379.01953125,2
1996-07-04 00:00:00,22292.91015625,3
1996-07-05 00:00:00,22232.419921875,4
1996-07-08 00:00:00,21924.939453125,0
1996-07-09 00:00:00,21919.8203125,1
1996-07-10 00:00:00,21778.939453125,2
1996-07-11 00:00:00,21892.580078125,3
1996-07-12 00:00:00,21656.44921875,4
1996-07-15 00:00:00,21753.419921875,0
1996-07-16 00:00:00,21406.349609375,1
1996-07-17 00:00:00,21412.880859375,2
1996-07-18 00:00:00,21566.419921875,3
1996-07-19 00:00:00,21476.2890625,4
1996-07-22 00:00:00,21005.630859375,0
1996-07-23 00:00:00,21163.689453125,1
1996-07-24 00:00:00,20631.029296875,2
1996-07-25 00:00:00,20883.83984375,3
1996-07-26 00:00:00,21124.900390625,4
1996-07-29 00:00:00,20967.5390625,0
1996-07-30 00:00:00,20880.330078125,1
1996-07-31 00:00:00,20692.830078125,2
1996-08-01 00:00:00,20984.830078125,3
1996-08-02 00:00:00,20940.41015625,4
1996-08-05 00:00:00,21077.470703125,0
1996-08-06 00:00:00,20744.880859375,1
1996-08-07 00:00:00,20477.58984375,2
1996-08-08 00:00:00,20731.310546875,3
1996-08-09 00:00:00,20551.05078125,4
1996-08-12 00:00:00,20666.599609375,0
1996-08-13 00:00:00,20864.94921875,1
1996-08-14 00:00:00,20981.109375,2
1996-08-15 00:00:00,20968.25,3
1996-08-16 00:00:00,20834.0,4
1996-08-19 00:00:00,21106.41015625,0
1996-08-20 00:00:00,21127.009765625,1
1996-08-21 00:00:00,21275.01953125,2
1996-08-22 00:00:00,21363.240234375,3
1996-08-23 00:00:00,21228.80078125,4
1996-08-26 00:00:00,20883.740234375,0
1996-08-27 00:00:00,20910.26953125,1
1996-08-28 00:00:00,20709.810546875,2
1996-08-29 00:00:00,20553.16015625,3
1996-08-30 00:00:00,20166.900390625,4
1996-09-02 00:00:00,20107.109375,0
1996-09-03 00:00:00,20198.150390625,1
1996-09-04 00:00:00,20201.869140625,2
1996-09-05 00:00:00,20379.8203125,3
1996-09-06 00:00:00,20152.529296875,4
1996-09-09 00:00:00,20202.26953125,0
1996-09-10 00:00:00,20559.58984375,1
1996-09-11 00:00:00,20571.0390625,2
1996-09-12 00:00:00,20443.9296875,3
1996-09-13 00:00:00,20842.640625,4
1996-09-17 00:00:00,21310.58984375,1
1996-09-18 00:00:00,21156.75,2
1996-09-19 00:00:00,21322.849609375,3
1996-09-20 00:00:00,21112.240234375,4
1996-09-24 00:00:00,21171.990234375,1
1996-09-25 00:00:00,21350.669921875,2
1996-09-26 00:00:00,21461.369140625,3
1996-09-27 00:00:00,21547.01953125,4
1996-09-30 00:00:00,21556.400390625,0
1996-10-01 00:00:00,21462.970703125,1
1996-10-02 00:00:00,21498.599609375,2
1996-10-03 00:00:00,21331.5,3
1996-10-04 00:00:00,21148.029296875,4
1996-10-07 00:00:00,21161.009765625,0
1996-10-08 00:00:00,21038.529296875,1
1996-10-09 00:00:00,20870.830078125,2
1996-10-11 00:00:00,20968.16015625,4
1996-10-14 00:00:00,21029.25,0
1996-10-15 00:00:00,21429.9296875,1
1996-10-16 00:00:00,21397.189453125,2
1996-10-17 00:00:00,21423.740234375,3
1996-10-18 00:00:00,21612.30078125,4
1996-10-21 00:00:00,21302.94921875,0
1996-10-22 00:00:00,21123.6796875,1
1996-10-23 00:00:00,21082.150390625,2
1996-10-24 00:00:00,21003.490234375,3
1996-10-25 00:00:00,20739.970703125,4
1996-10-28 00:00:00,20885.41015625,0
1996-10-29 00:00:00,20958.080078125,1
1996-10-30 00:00:00,20681.669921875,2
1996-10-31 00:00:00,20466.859375,3
1996-11-01 00:00:00,20633.060546875,4
1996-11-05 00:00:00,20592.330078125,1
1996-11-06 00:00:00,20991.51953125,2
1996-11-07 00:00:00,20771.109375,3
1996-11-08 00:00:00,21201.0390625,4
1996-11-11 00:00:00,21065.080078125,0
1996-11-12 00:00:00,21206.4296875,1
1996-11-13 00:00:00,20979.439453125,2
1996-11-14 00:00:00,21031.0390625,3
1996-11-15 00:00:00,20929.73046875,4
1996-11-18 00:00:00,20796.369140625,0
1996-11-19 00:00:00,20956.1796875,1
1996-11-20 00:00:00,21189.9609375,2
1996-11-21 00:00:00,21143.33984375,3
1996-11-22 00:00:00,21216.109375,4
1996-11-25 00:00:00,21293.5703125,0
1996-11-26 00:00:00,21418.25,1
1996-11-27 00:00:00,21345.279296875,2
1996-11-28 00:00:00,21035.5390625,3
1996-11-29 00:00:00,21020.359375,4
1996-12-02 00:00:00,20674.689453125,0
1996-12-03 00:00:00,20630.560546875,1
1996-12-04 00:00:00,20659.91015625,2
1996-12-05 00:00:00,20943.900390625,3
1996-12-06 00:00:00,20276.69921875,4
1996-12-09 00:00:00,20603.7109375,0
1996-12-10 00:00:00,20822.119140625,1
1996-12-11 00:00:00,20568.380859375,2
1996-12-12 00:00:00,20501.19921875,3
1996-12-13 00:00:00,20341.390625,4
1996-12-16 00:00:00,20422.0390625,0
1996-12-17 00:00:00,20413.4609375,1
1996-12-18 00:00:00,20093.029296875,2
1996-12-19 00:00:00,19570.669921875,3
1996-12-20 00:00:00,19690.4609375,4
1996-12-24 00:00:00,19161.7109375,1
1996-12-25 00:00:00,19549.41015625,2
1996-12-26 00:00:00,19291.580078125,3
1996-12-27 00:00:00,19369.0390625,4
1996-12-30 00:00:00,19361.349609375,0
1997-01-06 00:00:00,19446.0,0
1997-01-07 00:00:00,18896.189453125,1
1997-01-08 00:00:00,18680.380859375,2
1997-01-09 00:00:00,18073.869140625,3
1997-01-10 00:00:00,17303.650390625,4
1997-01-13 00:00:00,18118.7890625,0
1997-01-14 00:00:00,18093.130859375,1
1997-01-16 00:00:00,18144.33984375,3
1997-01-17 00:00:00,18090.0390625,4
1997-01-20 00:00:00,17480.33984375,0
1997-01-21 00:00:00,17358.16015625,1
1997-01-22 00:00:00,18013.880859375,2
1997-01-23 00:00:00,17909.4609375,3
1997-01-24 00:00:00,17689.359375,4
1997-01-27 00:00:00,17334.900390625,0
1997-01-28 00:00:00,17796.5703125,1
1997-01-29 00:00:00,18335.30078125,2
1997-01-30 00:00:00,17864.0390625,3
1997-01-31 00:00:00,18330.009765625,4
1997-02-03 00:00:00,18085.94921875,0
1997-02-04 00:00:00,18314.330078125,1
1997-02-05 00:00:00,18185.970703125,2
1997-02-06 00:00:00,18038.4296875,3
1997-02-07 00:00:00,17867.0390625,4
1997-02-10 00:00:00,18181.169921875,0
1997-02-11 00:00:00,18314.0,1
1997-02-12 00:00:00,18409.9609375,2
1997-02-13 00:00:00,18688.060546875,3
1997-02-14 00:00:00,18722.0,4
1997-02-17 00:00:00,18750.650390625,0
1997-02-18 00:00:00,18470.75,1
1997-02-19 00:00:00,18599.119140625,2
1997-02-20 00:00:00,19051.7109375,3
1997-02-21 00:00:00,19034.5390625,4
1997-02-24 00:00:00,18896.990234375,0
1997-02-25 00:00:00,19070.0703125,1
1997-02-26 00:00:00,18990.919921875,2
1997-02-27 00:00:00,19021.560546875,3
1997-02-28 00:00:00,18557.0,4
1997-03-03 00:00:00,18429.130859375,0
1997-03-04 00:00:00,18564.779296875,1
1997-03-05 00:00:00,18273.509765625,2
1997-03-06 00:00:00,18041.330078125,3
1997-03-07 00:00:00,18198.740234375,4
1997-03-10 00:00:00,18113.890625,0
1997-03-11 00:00:00,18267.720703125,1
1997-03-12 00:00:00,18183.26953125,2
1997-03-13 00:00:00,17900.48046875,3
1997-03-14 00:00:00,17923.640625,4
1997-03-17 00:00:00,18053.5,0
1997-03-18 00:00:00,18445.19921875,1
1997-03-19 00:00:00,18493.7109375,2
1997-03-21 00:00:00,18633.16015625,4
1997-03-24 00:00:00,18043.8203125,0
1997-03-25 00:00:00,18439.609375,1
1997-03-26 00:00:00,18472.44921875,2
1997-03-27 00:00:00,18210.419921875,3
1997-03-28 00:00:00,18189.720703125,4
1997-03-31 00:00:00,18003.400390625,0
1997-04-01 00:00:00,17869.58984375,1
1997-04-02 00:00:00,18037.30078125,2
1997-04-03 00:00:00,18129.310546875,3
1997-04-04 00:00:00,17860.58984375,4
1997-04-07 00:00:00,17715.669921875,0
1997-04-08 00:00:00,18021.69921875,1
1997-04-09 00:00:00,17703.369140625,2
1997-04-10 00:00:00,17485.75,3
1997-04-11 00:00:00,17846.98046875,4
1997-04-14 00:00:00,17692.470703125,0
1997-04-15 00:00:00,17933.58984375,1
1997-04-16 00:00:00,18031.19921875,2
1997-04-17 00:00:00,18093.41015625,3
1997-04-18 00:00:00,18352.140625,4
1997-04-21 00:00:00,18551.66015625,0
1997-04-22 00:00:00,18544.44921875,1
1997-04-23 00:00:00,18735.470703125,2
1997-04-24 00:00:00,18698.0703125,3
1997-04-25 00:00:00,18612.859375,4
1997-04-28 00:00:00,18670.369140625,0
1997-04-30 00:00:00,19151.119140625,2
1997-05-01 00:00:00,19275.330078125,3
1997-05-02 00:00:00,19514.75,4
1997-05-06 00:00:00,20180.919921875,1
1997-05-07 00:00:00,20048.900390625,2
1997-05-08 00:00:00,20061.810546875,3
1997-05-09 00:00:00,19802.779296875,4
1997-05-12 00:00:00,20143.509765625,0
1997-05-13 00:00:00,20129.109375,1
1997-05-14 00:00:00,20209.720703125,2
1997-05-15 00:00:00,20056.310546875,3
1997-05-16 00:00:00,20324.73046875,4
1997-05-19 00:00:00,20489.75,0
1997-05-20 00:00:00,20332.830078125,1
1997-05-21 00:00:00,19841.98046875,2
1997-05-22 00:00:00,19877.390625,3
1997-05-23 00:00:00,20009.0,4
1997-05-26 00:00:00,20043.5,0
1997-05-27 00:00:00,19889.890625,1
1997-05-28 00:00:00,20351.33984375,2
1997-05-29 00:00:00,20312.23046875,3
1997-05-30 00:00:00,20068.810546875,4
1997-06-02 00:00:00,20451.849609375,0
1997-06-03 00:00:00,20563.16015625,1
1997-06-04 00:00:00,20611.560546875,2
1997-06-05 00:00:00,20488.150390625,3
1997-06-06 00:00:00,20485.75,4
1997-06-09 00:00:00,20223.8203125,0
1997-06-10 00:00:00,20532.55078125,1
1997-06-11 00:00:00,20289.9296875,2
1997-06-12 00:00:00,20564.4609375,3
1997-06-13 00:00:00,20528.349609375,4
1997-06-16 00:00:00,20681.0703125,0
1997-06-17 00:00:00,20593.66015625,1
1997-06-18 00:00:00,20497.849609375,2
1997-06-19 00:00:00,20507.849609375,3
1997-06-20 00:00:00,20385.5390625,4
1997-06-23 00:00:00,20436.140625,0
1997-06-24 00:00:00,20341.9296875,1
1997-06-25 00:00:00,20679.26953125,2
1997-06-26 00:00:00,20624.759765625,3
1997-06-27 00:00:00,20523.75,4
1997-06-30 00:00:00,20604.9609375,0
1997-07-01 00:00:00,20175.51953125,1
1997-07-02 00:00:00,20196.419921875,2
1997-07-03 00:00:00,20121.41015625,3
1997-07-04 00:00:00,19968.0,4
1997-07-07 00:00:00,19705.169921875,0
1997-07-08 00:00:00,19853.890625,1
1997-07-09 00:00:00,19697.169921875,2
1997-07-10 00:00:00,19754.779296875,3
1997-07-11 00:00:00,19875.490234375,4
1997-07-14 00:00:00,20228.720703125,0
1997-07-15 00:00:00,20069.41015625,1
1997-07-16 00:00:00,20358.740234375,2
1997-07-17 00:00:00,20519.25,3
1997-07-18 00:00:00,20249.3203125,4
1997-07-22 00:00:00,20157.01953125,1
1997-07-23 00:00:00,20130.509765625,2
1997-07-24 00:00:00,20286.23046875,3
1997-07-25 00:00:00,20389.5390625,4
1997-07-28 00:00:00,20575.259765625,0
1997-07-29 00:00:00,20402.740234375,1
1997-07-30 00:00:00,20212.8203125,2
1997-07-31 00:00:00,20331.4296875,3
1997-08-01 00:00:00,19804.380859375,4
1997-08-04 00:00:00,19668.0703125,0
1997-08-05 00:00:00,19514.44921875,1
1997-08-06 00:00:00,19702.0703125,2
1997-08-07 00:00:00,19475.849609375,3
1997-08-08 00:00:00,19604.4609375,4
1997-08-11 00:00:00,18824.1796875,0
1997-08-12 00:00:00,19099.109375,1
1997-08-13 00:00:00,19008.599609375,2
1997-08-14 00:00:00,19222.619140625,3
1997-08-15 00:00:00,19326.029296875,4
1997-08-18 00:00:00,19041.099609375,0
1997-08-19 00:00:00,18961.0,1
1997-08-20 00:00:00,19252.23046875,2
1997-08-21 00:00:00,19157.119140625,3
1997-08-22 00:00:00,18650.169921875,4
1997-08-25 00:00:00,18656.169921875,0
1997-08-26 00:00:00,18814.98046875,1
1997-08-27 00:00:00,18441.939453125,2
1997-08-28 00:00:00,18451.44921875,3
1997-08-29 00:00:00,18229.419921875,4
1997-09-01 00:00:00,17974.30078125,0
1997-09-02 00:00:00,18232.51953125,1
1997-09-03 00:00:00,18735.169921875,2
1997-09-04 00:00:00,18615.060546875,3
1997-09-05 00:00:00,18650.169921875,4
1997-09-08 00:00:00,18633.859375,0
1997-09-09 00:00:00,18695.970703125,1
1997-09-10 00:00:00,18704.76953125,2
1997-09-11 00:00:00,18282.23046875,3
1997-09-12 00:00:00,17965.80078125,4
1997-09-16 00:00:00,17974.5,1
1997-09-17 00:00:00,17683.26953125,2
1997-09-18 00:00:00,17930.08984375,3
1997-09-19 00:00:00,18058.2109375,4
1997-09-22 00:00:00,18201.3203125,0
1997-09-24 00:00:00,18420.080078125,2
1997-09-25 00:00:00,18341.9609375,3
1997-09-26 00:00:00,17994.7109375,4
1997-09-29 00:00:00,17987.2109375,0
1997-09-30 00:00:00,17887.7109375,1
1997-10-01 00:00:00,17842.16015625,2
1997-10-02 00:00:00,17455.0390625,3
1997-10-03 00:00:00,17647.44921875,4
1997-10-06 00:00:00,17824.779296875,0
1997-10-07 00:00:00,17511.189453125,1
1997-10-08 00:00:00,17619.1796875,2
1997-10-09 00:00:00,17376.919921875,3
1997-10-13 00:00:00,17204.69921875,0
1997-10-14 00:00:00,17306.390625,1
1997-10-15 00:00:00,17331.369140625,2
1997-10-16 00:00:00,17707.490234375,3
1997-10-17 00:00:00,17478.419921875,4
1997-10-20 00:00:00,17294.509765625,0
1997-10-21 00:00:00,17210.08984375,1
1997-10-22 00:00:00,17687.609375,2
1997-10-23 00:00:00,17151.55078125,3
1997-10-24 00:00:00,17363.740234375,4
1997-10-27 00:00:00,17038.359375,0
1997-10-28 00:00:00,16312.6904296875,1
1997-10-29 00:00:00,16857.0390625,2
1997-10-30 00:00:00,16364.9404296875,3
1997-10-31 00:00:00,16458.939453125,4
1997-11-04 00:00:00,16500.099609375,1
1997-11-05 00:00:00,16448.05078125,2
1997-11-06 00:00:00,16533.869140625,3
1997-11-07 00:00:00,15836.3603515625,4
1997-11-10 00:00:00,15697.2001953125,0
1997-11-11 00:00:00,15867.23046875,1
1997-11-12 00:00:00,15434.169921875,2
1997-11-13 00:00:00,15427.26953125,3
1997-11-14 00:00:00,15082.51953125,4
1997-11-17 00:00:00,16283.3203125,0
1997-11-18 00:00:00,16726.5703125,1
1997-11-19 00:00:00,15842.4599609375,2
1997-11-20 00:00:00,16308.490234375,3
1997-11-21 00:00:00,16721.580078125,4
1997-11-25 00:00:00,15867.5302734375,1
1997-11-26 00:00:00,16045.5498046875,2
1997-11-27 00:00:00,16603.19921875,3
1997-11-28 00:00:00,16636.259765625,4
1997-12-01 00:00:00,17007.58984375,0
1997-12-02 00:00:00,16910.2890625,1
1997-12-03 00:00:00,16585.509765625,2
1997-12-04 00:00:00,16306.7900390625,3
1997-12-05 00:00:00,16424.48046875,4
1997-12-08 00:00:00,16131.5703125,0
1997-12-09 00:00:00,16686.509765625,1
1997-12-10 00:00:00,16478.119140625,2
1997-12-11 00:00:00,16050.150390625,3
1997-12-12 00:00:00,15904.2998046875,4
1997-12-15 00:00:00,15909.3896484375,0
1997-12-16 00:00:00,15985.2099609375,1
1997-12-17 00:00:00,16541.060546875,2
1997-12-18 00:00:00,16161.6396484375,3
1997-12-19 00:00:00,15314.8896484375,4
1997-12-22 00:00:00,14799.400390625,0
1997-12-24 00:00:00,14924.98046875,2
1997-12-25 00:00:00,15300.099609375,3
1997-12-26 00:00:00,14802.599609375,4
1997-12-29 00:00:00,14775.2197265625,0
1997-12-30 00:00:00,15258.740234375,1
1998-01-05 00:00:00,14956.83984375,0
1998-01-06 00:00:00,14896.400390625,1
1998-01-07 00:00:00,15028.169921875,2
1998-01-08 00:00:00,15019.1796875,3
1998-01-09 00:00:00,14995.099609375,4
1998-01-12 00:00:00,14664.4404296875,0
1998-01-13 00:00:00,14755.9404296875,1
1998-01-14 00:00:00,15121.98046875,2
1998-01-16 00:00:00,16046.4501953125,4
1998-01-19 00:00:00,16262.0400390625,0
1998-01-20 00:00:00,16366.5302734375,1
1998-01-21 00:00:00,16684.419921875,2
1998-01-22 00:00:00,16405.689453125,3
1998-01-23 00:00:00,16789.109375,4
1998-01-26 00:00:00,17073.330078125,0
1998-01-27 00:00:00,16981.619140625,1
1998-01-28 00:00:00,16973.830078125,2
1998-01-29 00:00:00,17014.58984375,3
1998-01-30 00:00:00,16628.470703125,4
1998-02-02 00:00:00,16776.8203125,0
1998-02-03 00:00:00,17022.98046875,1
1998-02-04 00:00:00,16882.619140625,2
1998-02-05 00:00:00,17003.30078125,3
1998-02-06 00:00:00,17040.060546875,4
1998-02-09 00:00:00,17205.0,0
1998-02-10 00:00:00,17205.08984375,1
1998-02-12 00:00:00,17174.9296875,3
1998-02-13 00:00:00,16791.009765625,4
1998-02-16 00:00:00,16775.51953125,0
1998-02-17 00:00:00,16790.7109375,1
1998-02-18 00:00:00,16613.890625,2
1998-02-19 00:00:00,16616.48046875,3
1998-02-20 00:00:00,16756.240234375,4
1998-02-23 00:00:00,16609.490234375,0
1998-02-24 00:00:00,16198.0,1
1998-02-25 00:00:00,16360.6396484375,2
1998-02-26 00:00:00,16501.69921875,3
1998-02-27 00:00:00,16831.669921875,4
1998-03-02 00:00:00,17264.33984375,0
1998-03-03 00:00:00,17168.330078125,1
1998-03-04 00:00:00,17095.599609375,2
1998-03-05 00:00:00,16848.55078125,3
1998-03-06 00:00:00,17131.970703125,4
1998-03-09 00:00:00,16972.529296875,0
1998-03-10 00:00:00,16982.8203125,1
1998-03-11 00:00:00,16756.140625,2
1998-03-12 00:00:00,16575.220703125,3
1998-03-13 00:00:00,17060.140625,4
1998-03-16 00:00:00,16861.140625,0
1998-03-17 00:00:00,16997.19921875,1
1998-03-18 00:00:00,16619.6796875,2
1998-03-19 00:00:00,16679.01953125,3
1998-03-20 00:00:00,16830.470703125,4
1998-03-23 00:00:00,16868.830078125,0
1998-03-24 00:00:00,16606.390625,1
1998-03-25 00:00:00,16658.33984375,2
1998-03-26 00:00:00,16980.619140625,3
1998-03-27 00:00:00,16739.259765625,4
1998-03-30 00:00:00,16263.0400390625,0
1998-03-31 00:00:00,16527.169921875,1
1998-04-01 00:00:00,16241.66015625,2
1998-04-02 00:00:00,15702.900390625,3
1998-04-03 00:00:00,15517.7802734375,4
1998-04-06 00:00:00,15705.990234375,0
1998-04-07 00:00:00,15978.7197265625,1
1998-04-08 00:00:00,16376.6201171875,2
1998-04-09 00:00:00,16536.66015625,3
1998-04-10 00:00:00,16481.119140625,4
1998-04-13 00:00:00,16317.580078125,0
1998-04-14 00:00:00,16277.3203125,1
1998-04-15 00:00:00,16299.2998046875,2
1998-04-16 00:00:00,15883.76953125,3
1998-04-17 00:00:00,15703.7998046875,4
1998-04-20 00:00:00,15697.099609375,0
1998-04-21 00:00:00,15825.669921875,1
1998-04-22 00:00:00,15761.5400390625,2
1998-04-23 00:00:00,15761.6904296875,3
1998-04-24 00:00:00,16011.240234375,4
1998-04-27 00:00:00,15649.9501953125,0
1998-04-28 00:00:00,15395.4296875,1
1998-04-30 00:00:00,15641.259765625,3
1998-05-01 00:00:00,15601.099609375,4
1998-05-06 00:00:00,15243.83984375,2
1998-05-07 00:00:00,15143.0302734375,3
1998-05-08 00:00:00,15149.0,4
1998-05-11 00:00:00,15381.900390625,0
1998-05-12 00:00:00,15322.48046875,1
1998-05-13 00:00:00,15343.8095703125,2
1998-05-14 00:00:00,15307.6904296875,3
1998-05-15 00:00:00,15242.8603515625,4
1998-05-18 00:00:00,15384.4697265625,0
1998-05-19 00:00:00,15551.650390625,1
1998-05-20 00:00:00,15652.9501953125,2
1998-05-21 00:00:00,15845.25,3
1998-05-22 00:00:00,15801.650390625,4
1998-05-25 00:00:00,15783.1201171875,0
1998-05-26 00:00:00,15884.8203125,1
1998-05-27 00:00:00,15664.2900390625,2
1998-05-28 00:00:00,15796.5498046875,3
1998-05-29 00:00:00,15670.7802734375,4
1998-06-01 00:00:00,15321.0302734375,0
1998-06-02 00:00:00,15554.4501953125,1
1998-06-03 00:00:00,15347.0,2
1998-06-04 00:00:00,15426.4697265625,3
1998-06-05 00:00:00,15323.4296875,4
1998-06-08 00:00:00,15294.7099609375,0
1998-06-09 00:00:00,15530.169921875,1
1998-06-10 00:00:00,15339.259765625,2
1998-06-11 00:00:00,15014.0400390625,3
1998-06-12 00:00:00,15022.330078125,4
1998-06-15 00:00:00,14825.169921875,0
1998-06-16 00:00:00,14720.3798828125,1
1998-06-17 00:00:00,14715.3798828125,2
1998-06-18 00:00:00,15361.5400390625,3
1998-06-19 00:00:00,15267.98046875,4
1998-06-22 00:00:00,15309.08984375,0
1998-06-23 00:00:00,15054.599609375,1
1998-06-24 00:00:00,15123.1796875,2
1998-06-25 00:00:00,15132.2197265625,3
1998-06-26 00:00:00,15210.0400390625,4
1998-06-29 00:00:00,15365.73046875,0
1998-06-30 00:00:00,15830.26953125,1
1998-07-01 00:00:00,16362.8896484375,2
1998-07-02 00:00:00,16471.580078125,3
1998-07-03 00:00:00,16511.240234375,4
1998-07-06 00:00:00,16350.4501953125,0
1998-07-07 00:00:00,16416.279296875,1
1998-07-08 00:00:00,16530.970703125,2
1998-07-09 00:00:00,16446.94921875,3
1998-07-10 00:00:00,16090.0595703125,4
1998-07-13 00:00:00,16360.3896484375,0
1998-07-14 00:00:00,16488.91015625,1
1998-07-15 00:00:00,16614.140625,2
1998-07-16 00:00:00,16731.919921875,3
1998-07-17 00:00:00,16570.779296875,4
1998-07-21 00:00:00,16556.689453125,1
1998-07-22 00:00:00,16293.0595703125,2
1998-07-23 00:00:00,16188.009765625,3
1998-07-24 00:00:00,16361.8896484375,4
1998-07-27 00:00:00,15944.3603515625,0
1998-07-28 00:00:00,16114.5400390625,1
1998-07-29 00:00:00,16158.08984375,2
1998-07-30 00:00:00,16201.599609375,3
1998-07-31 00:00:00,16378.9697265625,4
1998-08-03 00:00:00,16165.080078125,0
1998-08-04 00:00:00,16023.580078125,1
1998-08-05 00:00:00,15992.16015625,2
1998-08-06 00:00:00,15876.2197265625,3
1998-08-07 00:00:00,15829.169921875,4
1998-08-10 00:00:00,15626.419921875,0
1998-08-11 00:00:00,15406.990234375,1
1998-08-12 00:00:00,15378.9697265625,2
1998-08-13 00:00:00,15382.01953125,3
1998-08-14 00:00:00,15123.9296875,4
1998-08-17 00:00:00,14794.66015625,0
1998-08-18 00:00:00,15063.7900390625,1
1998-08-19 00:00:00,15406.33984375,2
1998-08-20 00:00:00,15391.41015625,3
1998-08-21 00:00:00,15298.2001953125,4
1998-08-24 00:00:00,14988.3603515625,0
1998-08-25 00:00:00,15072.9296875,1
1998-08-26 00:00:00,14866.0302734375,2
1998-08-27 00:00:00,14413.7900390625,3
1998-08-28 00:00:00,13915.6298828125,4
1998-08-31 00:00:00,14107.8896484375,0
1998-09-01 00:00:00,14369.6298828125,1
1998-09-02 00:00:00,14376.6201171875,2
1998-09-03 00:00:00,14261.240234375,3
1998-09-04 00:00:00,14042.91015625,4
1998-09-07 00:00:00,14790.0595703125,0
1998-09-08 00:00:00,14913.490234375,1
1998-09-09 00:00:00,14755.5400390625,2
1998-09-10 00:00:00,14666.0302734375,3
1998-09-11 00:00:00,13916.98046875,4
1998-09-14 00:00:00,14227.3701171875,0
1998-09-16 00:00:00,14197.7001953125,2
1998-09-17 00:00:00,13859.1396484375,3
1998-09-18 00:00:00,13983.1201171875,4
1998-09-21 00:00:00,13597.2998046875,0
1998-09-22 00:00:00,13789.8095703125,1
1998-09-24 00:00:00,14205.7802734375,3
1998-09-25 00:00:00,13723.83984375,4
1998-09-28 00:00:00,13909.3701171875,0
1998-09-29 00:00:00,13821.4296875,1
1998-09-30 00:00:00,13406.3896484375,2
1998-10-01 00:00:00,13197.1201171875,3
1998-10-02 00:00:00,13223.6904296875,4
1998-10-05 00:00:00,12948.1201171875,0
1998-10-06 00:00:00,13021.6396484375,1
1998-10-07 00:00:00,13825.6103515625,2
1998-10-08 00:00:00,13026.0595703125,3
1998-10-09 00:00:00,12879.9697265625,4
1998-10-12 00:00:00,13555.009765625,0
1998-10-13 00:00:00,13242.7900390625,1
1998-10-14 00:00:00,13070.73046875,2
1998-10-15 00:00:00,12995.3701171875,3
1998-10-16 00:00:00,13280.5400390625,4
1998-10-19 00:00:00,13567.2001953125,0
1998-10-20 00:00:00,13808.0498046875,1
1998-10-21 00:00:00,14216.330078125,2
1998-10-22 00:00:00,14295.5595703125,3
1998-10-23 00:00:00,14144.7001953125,4
1998-10-26 00:00:00,13843.4599609375,0
1998-10-27 00:00:00,13820.6796875,1
1998-10-28 00:00:00,13516.0703125,2
1998-10-29 00:00:00,13668.7197265625,3
1998-10-30 00:00:00,13564.509765625,4
1998-11-02 00:00:00,13952.75,0
1998-11-04 00:00:00,14527.8095703125,2
1998-11-05 00:00:00,14341.3701171875,3
1998-11-06 00:00:00,14121.9697265625,4
1998-11-09 00:00:00,14194.5400390625,0
1998-11-10 00:00:00,14108.08984375,1
1998-11-11 00:00:00,14428.01953125,2
1998-11-12 00:00:00,14075.0595703125,3
1998-11-13 00:00:00,14268.2099609375,4
1998-11-16 00:00:00,14428.26953125,0
1998-11-17 00:00:00,14413.0,1
1998-11-18 00:00:00,14599.23046875,2
1998-11-19 00:00:00,14354.4599609375,3
1998-11-20 00:00:00,14779.9404296875,4
1998-11-24 00:00:00,15164.6396484375,1
1998-11-25 00:00:00,15073.4697265625,2
1998-11-26 00:00:00,15207.76953125,3
1998-11-27 00:00:00,15069.3896484375,4
1998-11-30 00:00:00,14883.7001953125,0
1998-12-01 00:00:00,14835.41015625,1
1998-12-02 00:00:00,14986.6201171875,2
1998-12-03 00:00:00,14697.080078125,3
1998-12-04 00:00:00,14639.9697265625,4
1998-12-07 00:00:00,14723.490234375,0
1998-12-08 00:00:00,14808.2001953125,1
1998-12-09 00:00:00,14931.900390625,2
1998-12-10 00:00:00,14807.7998046875,3
1998-12-11 00:00:00,14405.6396484375,4
1998-12-14 00:00:00,14111.6201171875,0
1998-12-15 00:00:00,14011.1904296875,1
1998-12-16 00:00:00,14096.2998046875,2
1998-12-17 00:00:00,14126.990234375,3
1998-12-18 00:00:00,14194.2900390625,4
1998-12-21 00:00:00,14152.9501953125,0
1998-12-22 00:00:00,13779.4501953125,1
1998-12-24 00:00:00,13706.73046875,3
1998-12-25 00:00:00,13797.9501953125,4
1998-12-28 00:00:00,13709.0595703125,0
1998-12-29 00:00:00,13846.900390625,1
1998-12-30 00:00:00,13842.169921875,2
1999-01-04 00:00:00,13415.8896484375,0
1999-01-05 00:00:00,13232.740234375,1
1999-01-06 00:00:00,13468.4599609375,2
1999-01-07 00:00:00,13536.5595703125,3
1999-01-08 00:00:00,13391.8095703125,4
1999-01-11 00:00:00,13368.48046875,0
1999-01-12 00:00:00,13360.9697265625,1
1999-01-13 00:00:00,13403.599609375,2
1999-01-14 00:00:00,13738.8603515625,3
1999-01-18 00:00:00,13805.0595703125,0
1999-01-19 00:00:00,13770.4404296875,1
1999-01-20 00:00:00,14028.0498046875,2
1999-01-21 00:00:00,14245.419921875,3
1999-01-22 00:00:00,14154.400390625,4
1999-01-25 00:00:00,14208.8095703125,0
1999-01-26 00:00:00,14382.009765625,1
1999-01-27 00:00:00,14450.0595703125,2
1999-01-28 00:00:00,14342.3203125,3
1999-01-29 00:00:00,14499.25,4
1999-02-01 00:00:00,14465.1796875,0
1999-02-02 00:00:00,14349.830078125,1
1999-02-03 00:00:00,14161.3095703125,2
1999-02-04 00:00:00,14086.849609375,3
1999-02-05 00:00:00,13898.080078125,4
1999-02-08 00:00:00,13992.490234375,0
1999-02-09 00:00:00,13902.66015625,1
1999-02-10 00:00:00,13952.400390625,2
1999-02-12 00:00:00,13973.6904296875,4
1999-02-15 00:00:00,14054.7197265625,0
1999-02-16 00:00:00,14232.6396484375,1
1999-02-17 00:00:00,14158.669921875,2
1999-02-18 00:00:00,14146.7900390625,3
1999-02-19 00:00:00,14098.0400390625,4
1999-02-22 00:00:00,14256.669921875,0
1999-02-23 00:00:00,14500.650390625,1
1999-02-24 00:00:00,14355.4501953125,2
1999-02-25 00:00:00,14470.4501953125,3
1999-02-26 00:00:00,14367.5400390625,4
1999-03-01 00:00:00,14221.75,0
1999-03-02 00:00:00,13921.0595703125,1
1999-03-03 00:00:00,14170.3603515625,2
1999-03-04 00:00:00,14183.4501953125,3
1999-03-05 00:00:00,14894.0,4
1999-03-08 00:00:00,14779.0498046875,0
1999-03-09 00:00:00,15096.7001953125,1
1999-03-10 00:00:00,15480.0,2
1999-03-11 00:00:00,15502.1396484375,3
1999-03-12 00:00:00,15488.8603515625,4
1999-03-15 00:00:00,15779.599609375,0
1999-03-16 00:00:00,16072.8203125,1
1999-03-17 00:00:00,16268.1103515625,2
1999-03-18 00:00:00,15717.919921875,3
1999-03-19 00:00:00,16378.7802734375,4
1999-03-23 00:00:00,16019.099609375,1
1999-03-24 00:00:00,15515.4697265625,2
1999-03-25 00:00:00,15986.0400390625,3
1999-03-26 00:00:00,16016.990234375,4
1999-03-29 00:00:00,16008.83984375,0
1999-03-30 00:00:00,15859.1201171875,1
1999-03-31 00:00:00,15836.58984375,2
1999-04-01 00:00:00,16327.5595703125,3
1999-04-02 00:00:00,16290.1904296875,4
1999-04-05 00:00:00,16334.7802734375,0
1999-04-06 00:00:00,16479.7109375,1
1999-04-07 00:00:00,16554.5,2
1999-04-08 00:00:00,16846.689453125,3
1999-04-09 00:00:00,16855.630859375,4
1999-04-12 00:00:00,16507.400390625,0
1999-04-13 00:00:00,16715.16015625,1
1999-04-14 00:00:00,16764.6796875,2
1999-04-15 00:00:00,16727.080078125,3
1999-04-16 00:00:00,16851.580078125,4
1999-04-19 00:00:00,16674.2109375,0
1999-04-20 00:00:00,16697.109375,1
1999-04-21 00:00:00,16495.01953125,2
1999-04-22 00:00:00,16665.880859375,3
1999-04-23 00:00:00,16923.25,4
1999-04-26 00:00:00,16918.509765625,0
1999-04-27 00:00:00,16957.26953125,1
1999-04-28 00:00:00,16942.240234375,2
1999-04-30 00:00:00,16701.529296875,4
1999-05-06 00:00:00,17300.609375,3
1999-05-07 00:00:00,16946.51953125,4
1999-05-10 00:00:00,16977.009765625,0
1999-05-11 00:00:00,16743.1796875,1
1999-05-12 00:00:00,16947.359375,2
1999-05-13 00:00:00,16851.25,3
1999-05-14 00:00:00,16810.390625,4
1999-05-17 00:00:00,16421.01953125,0
1999-05-18 00:00:00,16378.6201171875,1
1999-05-19 00:00:00,16128.1796875,2
1999-05-20 00:00:00,16199.990234375,3
1999-05-21 00:00:00,16292.98046875,4
1999-05-24 00:00:00,16390.490234375,0
1999-05-25 00:00:00,16214.23046875,1
1999-05-26 00:00:00,16230.51953125,2
1999-05-27 00:00:00,16177.1904296875,3
1999-05-28 00:00:00,15972.6796875,4
1999-05-31 00:00:00,16111.650390625,0
1999-06-01 00:00:00,16408.5,1
1999-06-02 00:00:00,16417.990234375,2
1999-06-03 00:00:00,16227.5,3
1999-06-04 00:00:00,16300.75,4
1999-06-07 00:00:00,16475.890625,0
1999-06-08 00:00:00,16562.919921875,1
1999-06-09 00:00:00,16622.5,2
1999-06-10 00:00:00,17102.619140625,3
1999-06-11 00:00:00,17198.55078125,4
1999-06-14 00:00:00,17188.8203125,0
1999-06-15 00:00:00,17282.0,1
1999-06-16 00:00:00,17210.1796875,2
1999-06-17 00:00:00,17470.44921875,3
1999-06-18 00:00:00,17431.259765625,4
1999-06-21 00:00:00,17738.849609375,0
1999-06-22 00:00:00,17777.619140625,1
1999-06-23 00:00:00,17586.75,2
1999-06-24 00:00:00,17628.3203125,3
1999-06-25 00:00:00,17436.51953125,4
1999-06-28 00:00:00,17610.580078125,0
1999-06-29 00:00:00,17782.7890625,1
1999-06-30 00:00:00,17529.740234375,2
1999-07-01 00:00:00,17860.75,3
1999-07-02 00:00:00,17932.470703125,4
1999-07-05 00:00:00,18135.060546875,0
1999-07-06 00:00:00,18050.73046875,1
1999-07-07 00:00:00,17958.900390625,2
1999-07-08 00:00:00,17967.650390625,3
1999-07-09 00:00:00,17937.73046875,4
1999-07-12 00:00:00,18274.1796875,0
1999-07-13 00:00:00,18181.08984375,1
1999-07-14 00:00:00,18357.859375,2
1999-07-15 00:00:00,18431.859375,3
1999-07-16 00:00:00,18248.30078125,4
1999-07-19 00:00:00,18532.580078125,0
1999-07-21 00:00:00,18257.51953125,2
1999-07-22 00:00:00,17730.33984375,3
1999-07-23 00:00:00,17534.439453125,4
1999-07-26 00:00:00,17491.33984375,0
1999-07-27 00:00:00,17462.720703125,1
1999-07-28 00:00:00,17579.91015625,2
1999-07-29 00:00:00,17869.919921875,3
1999-07-30 00:00:00,17861.859375,4
1999-08-02 00:00:00,17825.69921875,0
1999-08-03 00:00:00,17969.9296875,1
1999-08-04 00:00:00,17685.380859375,2
1999-08-05 00:00:00,17358.189453125,3
1999-08-06 00:00:00,17084.240234375,4
1999-08-09 00:00:00,17190.44921875,0
1999-08-10 00:00:00,17202.08984375,1
1999-08-11 00:00:00,17211.16015625,2
1999-08-12 00:00:00,17422.970703125,3
1999-08-13 00:00:00,17435.169921875,4
1999-08-16 00:00:00,17826.029296875,0
1999-08-17 00:00:00,17860.08984375,1
1999-08-18 00:00:00,17892.259765625,2
1999-08-19 00:00:00,17879.740234375,3
1999-08-20 00:00:00,18098.109375,4
1999-08-23 00:00:00,18233.55078125,0
1999-08-24 00:00:00,18095.41015625,1
1999-08-25 00:00:00,17855.16015625,2
1999-08-26 00:00:00,17666.2890625,3
1999-08-27 00:00:00,17599.369140625,4
1999-08-30 00:00:00,17918.970703125,0
1999-08-31 00:00:00,17436.560546875,1
1999-09-01 00:00:00,17802.48046875,2
1999-09-02 00:00:00,17631.25,3
1999-09-03 00:00:00,17629.990234375,4
1999-09-06 00:00:00,17756.509765625,0
1999-09-07 00:00:00,17707.5,1
1999-09-08 00:00:00,17641.380859375,2
1999-09-09 00:00:00,17677.560546875,3
1999-09-10 00:00:00,17711.01953125,4
1999-09-13 00:00:00,17909.2890625,0
1999-09-14 00:00:00,17777.220703125,1
1999-09-16 00:00:00,17291.58984375,3
1999-09-17 00:00:00,17342.26953125,4
1999-09-20 00:00:00,17575.259765625,0
1999-09-21 00:00:00,17932.7890625,1
1999-09-22 00:00:00,17325.759765625,2
1999-09-24 00:00:00,16871.73046875,4
1999-09-27 00:00:00,16821.060546875,0
1999-09-28 00:00:00,17325.69921875,1
1999-09-29 00:00:00,17282.279296875,2
1999-09-30 00:00:00,17605.4609375,3
1999-10-01 00:00:00,17712.560546875,4
1999-10-04 00:00:00,17763.7109375,0
1999-10-05 00:00:00,17784.150390625,1
1999-10-06 00:00:00,17896.419921875,2
1999-10-07 00:00:00,18136.55078125,3
1999-10-08 00:00:00,18062.1796875,4
1999-10-12 00:00:00,18090.810546875,1
1999-10-13 00:00:00,17754.490234375,2
1999-10-14 00:00:00,17780.259765625,3
1999-10-15 00:00:00,17601.5703125,4
1999-10-18 00:00:00,17275.330078125,0
1999-10-19 00:00:00,17254.169921875,1
1999-10-20 00:00:00,17534.7109375,2
1999-10-21 00:00:00,17448.26953125,3
1999-10-22 00:00:00,17438.80078125,4
1999-10-25 00:00:00,17648.7890625,0
1999-10-26 00:00:00,17671.7890625,1
1999-10-27 00:00:00,17382.359375,2
1999-10-28 00:00:00,17413.7109375,3
1999-10-29 00:00:00,17942.080078125,4
1999-11-01 00:00:00,17996.919921875,0
1999-11-02 00:00:00,17991.9609375,1
1999-11-04 00:00:00,18348.130859375,3
1999-11-05 00:00:00,18354.900390625,4
1999-11-08 00:00:00,18240.98046875,0
1999-11-09 00:00:00,18292.16015625,1
1999-11-10 00:00:00,18567.869140625,2
1999-11-11 00:00:00,18327.279296875,3
1999-11-12 00:00:00,18258.55078125,4
1999-11-15 00:00:00,18198.08984375,0
1999-11-16 00:00:00,18155.140625,1
1999-11-17 00:00:00,18274.8203125,2
1999-11-18 00:00:00,18532.810546875,3
1999-11-19 00:00:00,18570.83984375,4
1999-11-22 00:00:00,18822.119140625,0
1999-11-24 00:00:00,18896.2109375,2
1999-11-25 00:00:00,18721.779296875,3
1999-11-26 00:00:00,18914.5,4
1999-11-29 00:00:00,18850.26953125,0
1999-11-30 00:00:00,18558.23046875,1
1999-12-01 00:00:00,18495.94921875,2
1999-12-02 00:00:00,18514.41015625,3
1999-12-03 00:00:00,18368.140625,4
1999-12-06 00:00:00,18507.19921875,0
1999-12-07 00:00:00,18593.9609375,1
1999-12-08 00:00:00,18401.19921875,2
1999-12-09 00:00:00,18260.720703125,3
1999-12-10 00:00:00,18271.849609375,4
1999-12-13 00:00:00,18205.080078125,0
1999-12-14 00:00:00,18165.55078125,1
1999-12-15 00:00:00,18138.359375,2
1999-12-16 00:00:00,18111.310546875,3
1999-12-17 00:00:00,18095.119140625,4
1999-12-20 00:00:00,18175.490234375,0
1999-12-21 00:00:00,18080.380859375,1
1999-12-22 00:00:00,18461.9296875,2
1999-12-24 00:00:00,18584.94921875,4
1999-12-27 00:00:00,18546.900390625,0
1999-12-28 00:00:00,18783.51953125,1
1999-12-29 00:00:00,18810.580078125,2
1999-12-30 00:00:00,18934.33984375,3
2000-01-04 00:00:00,19002.859375,1
2000-01-05 00:00:00,18542.55078125,2
2000-01-06 00:00:00,18168.26953125,3
2000-01-07 00:00:00,18193.41015625,4
2000-01-11 00:00:00,18850.919921875,1
2000-01-12 00:00:00,18677.419921875,2
2000-01-13 00:00:00,18833.2890625,3
2000-01-14 00:00:00,18956.55078125,4
2000-01-17 00:00:00,19437.23046875,0
2000-01-18 00:00:00,19196.5703125,1
2000-01-19 00:00:00,18897.75,2
2000-01-20 00:00:00,19008.009765625,3
2000-01-21 00:00:00,18878.08984375,4
2000-01-24 00:00:00,19056.7109375,0
2000-01-25 00:00:00,18895.529296875,1
2000-01-26 00:00:00,19111.189453125,2
2000-01-27 00:00:00,19209.720703125,3
2000-01-28 00:00:00,19434.779296875,4
2000-01-31 00:00:00,19539.69921875,0
2000-02-01 00:00:00,19423.380859375,1
2000-02-02 00:00:00,19578.91015625,2
2000-02-03 00:00:00,19786.419921875,3
2000-02-04 00:00:00,19763.130859375,4
2000-02-07 00:00:00,19945.4296875,0
2000-02-08 00:00:00,19868.880859375,1
2000-02-09 00:00:00,20007.76953125,2
2000-02-10 00:00:00,19710.01953125,3
2000-02-14 00:00:00,19556.4609375,0
2000-02-15 00:00:00,19367.830078125,1
2000-02-16 00:00:00,19599.1796875,2
2000-02-17 00:00:00,19791.400390625,3
2000-02-18 00:00:00,19789.029296875,4
2000-02-21 00:00:00,19543.75,0
2000-02-22 00:00:00,19390.580078125,1
2000-02-23 00:00:00,19519.55078125,2
2000-02-24 00:00:00,19571.439453125,3
2000-02-25 00:00:00,19817.880859375,4
2000-02-28 00:00:00,19720.099609375,0
2000-02-29 00:00:00,19959.51953125,1
2000-03-01 00:00:00,20081.669921875,2
2000-03-02 00:00:00,20065.109375,3
2000-03-03 00:00:00,19927.5390625,4
2000-03-06 00:00:00,19796.349609375,0
2000-03-07 00:00:00,19944.240234375,1
2000-03-08 00:00:00,19766.80078125,2
2000-03-09 00:00:00,19662.330078125,3
2000-03-10 00:00:00,19750.400390625,4
2000-03-13 00:00:00,19189.9296875,0
2000-03-14 00:00:00,19141.83984375,1
2000-03-15 00:00:00,19078.599609375,2
2000-03-16 00:00:00,19253.23046875,3
2000-03-17 00:00:00,19566.3203125,4
2000-03-21 00:00:00,19602.359375,1
2000-03-22 00:00:00,19733.58984375,2
2000-03-23 00:00:00,19704.599609375,3
2000-03-24 00:00:00,19958.080078125,4
2000-03-27 00:00:00,20281.029296875,0
2000-03-28 00:00:00,20374.33984375,1
2000-03-29 00:00:00,20706.650390625,2
2000-03-30 00:00:00,20441.5,3
2000-03-31 00:00:00,20337.3203125,4
2000-04-03 00:00:00,20726.990234375,0
2000-04-04 00:00:00,20594.9296875,1
2000-04-05 00:00:00,20462.76953125,2
2000-04-06 00:00:00,20223.609375,3
2000-04-07 00:00:00,20252.810546875,4
2000-04-10 00:00:00,20619.060546875,0
2000-04-11 00:00:00,20522.51953125,1
2000-04-12 00:00:00,20833.2109375,2
2000-04-13 00:00:00,20526.419921875,3
2000-04-14 00:00:00,20434.6796875,4
2000-04-17 00:00:00,19008.640625,0
2000-04-18 00:00:00,18969.51953125,1
2000-04-19 00:00:00,19086.619140625,2
2000-04-20 00:00:00,18959.3203125,3
2000-04-21 00:00:00,18252.6796875,4
2000-04-24 00:00:00,18480.150390625,0
2000-04-25 00:00:00,18272.330078125,1
2000-04-26 00:00:00,18134.310546875,2
2000-04-27 00:00:00,18019.169921875,3
2000-04-28 00:00:00,17973.69921875,4
2000-05-01 00:00:00,18403.080078125,0
2000-05-02 00:00:00,18439.359375,1
2000-05-08 00:00:00,18199.9609375,0
2000-05-09 00:00:00,17844.5390625,1
2000-05-10 00:00:00,17701.470703125,2
2000-05-11 00:00:00,16882.4609375,3
2000-05-12 00:00:00,17357.859375,4
2000-05-15 00:00:00,17313.689453125,0
2000-05-16 00:00:00,17551.25,1
2000-05-17 00:00:00,17404.029296875,2
2000-05-18 00:00:00,17031.630859375,3
2000-05-19 00:00:00,16858.169921875,4
2000-05-22 00:00:00,16386.009765625,0
2000-05-23 00:00:00,16318.73046875,1
2000-05-24 00:00:00,16044.4404296875,2
2000-05-25 00:00:00,16247.8203125,3
2000-05-26 00:00:00,16008.1396484375,4
2000-05-29 00:00:00,16245.4404296875,0
2000-05-30 00:00:00,16228.900390625,1
2000-05-31 00:00:00,16332.4501953125,2
2000-06-01 00:00:00,16694.30078125,3
2000-06-02 00:00:00,16800.060546875,4
2000-06-05 00:00:00,17201.7890625,0
2000-06-06 00:00:00,17170.080078125,1
2000-06-07 00:00:00,17144.9609375,2
2000-06-08 00:00:00,17004.33984375,3
2000-06-09 00:00:00,16861.91015625,4
2000-06-12 00:00:00,16980.609375,0
2000-06-13 00:00:00,16914.94921875,1
2000-06-14 00:00:00,16654.419921875,2
2000-06-15 00:00:00,16338.7001953125,3
2000-06-16 00:00:00,16318.3095703125,4
2000-06-19 00:00:00,16591.349609375,0
2000-06-20 00:00:00,16907.55078125,1
2000-06-21 00:00:00,17210.080078125,2
2000-06-22 00:00:00,17106.009765625,3
2000-06-23 00:00:00,16963.2109375,4
2000-06-26 00:00:00,16925.400390625,0
2000-06-27 00:00:00,17279.060546875,1
2000-06-28 00:00:00,17370.169921875,2
2000-06-29 00:00:00,17475.900390625,3
2000-06-30 00:00:00,17411.05078125,4
2000-07-03 00:00:00,17614.66015625,0
2000-07-04 00:00:00,17470.150390625,1
2000-07-05 00:00:00,17435.94921875,2
2000-07-06 00:00:00,17282.369140625,3
2000-07-07 00:00:00,17398.240234375,4
2000-07-10 00:00:00,17572.6796875,0
2000-07-11 00:00:00,17504.359375,1
2000-07-12 00:00:00,17342.130859375,2
2000-07-13 00:00:00,17036.900390625,3
2000-07-14 00:00:00,17142.900390625,4
2000-07-17 00:00:00,17286.830078125,0
2000-07-18 00:00:00,16945.0703125,1
2000-07-19 00:00:00,16983.5703125,2
2000-07-21 00:00:00,16811.490234375,4
2000-07-24 00:00:00,16547.119140625,0
2000-07-25 00:00:00,16573.58984375,1
2000-07-26 00:00:00,16502.609375,2
2000-07-27 00:00:00,16182.009765625,3
2000-07-28 00:00:00,15838.5703125,4
2000-07-31 00:00:00,15727.490234375,0
2000-08-01 00:00:00,16099.669921875,1
2000-08-02 00:00:00,16206.1904296875,2
2000-08-03 00:00:00,15814.4404296875,3
2000-08-04 00:00:00,15667.3603515625,4
2000-08-07 00:00:00,16002.7099609375,0
2000-08-08 00:00:00,15820.1103515625,1
2000-08-09 00:00:00,16034.599609375,2
2000-08-10 00:00:00,15975.650390625,3
2000-08-11 00:00:00,16117.5,4
2000-08-14 00:00:00,16153.91015625,0
2000-08-15 00:00:00,16298.2900390625,1
2000-08-16 00:00:00,16356.0302734375,2
2000-08-17 00:00:00,16161.0302734375,3
2000-08-18 00:00:00,16280.490234375,4
2000-08-21 00:00:00,16040.1796875,0
2000-08-22 00:00:00,16454.740234375,1
2000-08-23 00:00:00,16436.650390625,2
2000-08-24 00:00:00,16670.8203125,3
2000-08-25 00:00:00,16911.330078125,4
2000-08-28 00:00:00,17181.119140625,0
2000-08-29 00:00:00,17141.75,1
2000-08-30 00:00:00,16901.669921875,2
2000-08-31 00:00:00,16861.259765625,3
2000-09-01 00:00:00,16739.779296875,4
2000-09-04 00:00:00,16688.2109375,0
2000-09-05 00:00:00,16452.26953125,1
2000-09-06 00:00:00,16399.869140625,2
2000-09-07 00:00:00,16300.4599609375,3
2000-09-08 00:00:00,16501.55078125,4
2000-09-11 00:00:00,16130.900390625,0
2000-09-12 00:00:00,16040.23046875,1
2000-09-13 00:00:00,16190.51953125,2
2000-09-14 00:00:00,16213.2802734375,3
2000-09-18 00:00:00,16061.16015625,0
2000-09-19 00:00:00,16124.1904296875,1
2000-09-20 00:00:00,16458.310546875,2
2000-09-21 00:00:00,16311.0498046875,3
2000-09-22 00:00:00,15818.25,4
2000-09-25 00:00:00,15992.900390625,0
2000-09-26 00:00:00,15928.6201171875,1
2000-09-27 00:00:00,15639.9501953125,2
2000-09-28 00:00:00,15626.9599609375,3
2000-09-29 00:00:00,15747.259765625,4
2000-10-02 00:00:00,15902.509765625,0
2000-10-03 00:00:00,15912.08984375,1
2000-10-04 00:00:00,16149.080078125,2
2000-10-05 00:00:00,16099.259765625,3
2000-10-06 00:00:00,15994.240234375,4
2000-10-10 00:00:00,15827.7197265625,1
2000-10-11 00:00:00,15513.5703125,2
2000-10-12 00:00:00,15550.6396484375,3
2000-10-13 00:00:00,15330.3095703125,4
2000-10-16 00:00:00,15512.3203125,0
2000-10-17 00:00:00,15340.2197265625,1
2000-10-18 00:00:00,14872.48046875,2
2000-10-19 00:00:00,14811.080078125,3
2000-10-20 00:00:00,15198.73046875,4
2000-10-23 00:00:00,15097.9599609375,0
2000-10-24 00:00:00,15148.1904296875,1
2000-10-25 00:00:00,14840.4697265625,2
2000-10-26 00:00:00,14858.4296875,3
2000-10-27 00:00:00,14582.2001953125,4
2000-10-30 00:00:00,14464.5595703125,0
2000-10-31 00:00:00,14539.599609375,1
2000-11-01 00:00:00,14872.3896484375,2
2000-11-02 00:00:00,14837.7802734375,3
2000-11-06 00:00:00,15371.4404296875,0
2000-11-07 00:00:00,15340.330078125,1
2000-11-08 00:00:00,15399.6396484375,2
2000-11-09 00:00:00,15060.0498046875,3
2000-11-10 00:00:00,14988.5400390625,4
2000-11-13 00:00:00,14664.6396484375,0
2000-11-14 00:00:00,14660.0400390625,1
2000-11-15 00:00:00,14799.1396484375,2
2000-11-16 00:00:00,14587.0302734375,3
2000-11-17 00:00:00,14544.2998046875,4
2000-11-20 00:00:00,14531.650390625,0
2000-11-21 00:00:00,14408.4599609375,1
2000-11-22 00:00:00,14301.3095703125,2
2000-11-24 00:00:00,14315.349609375,4
2000-11-27 00:00:00,14720.3896484375,0
2000-11-28 00:00:00,14658.8701171875,1
2000-11-29 00:00:00,14507.6396484375,2
2000-11-30 00:00:00,14648.509765625,3
2000-12-01 00:00:00,14835.330078125,4
2000-12-04 00:00:00,14954.73046875,0
2000-12-05 00:00:00,14695.0498046875,1
2000-12-06 00:00:00,14889.3701171875,2
2000-12-07 00:00:00,14720.3603515625,3
2000-12-08 00:00:00,14696.509765625,4
2000-12-11 00:00:00,15015.7001953125,0
2000-12-12 00:00:00,15114.6396484375,1
2000-12-13 00:00:00,15168.6796875,2
2000-12-14 00:00:00,14927.1904296875,3
2000-12-15 00:00:00,14552.2900390625,4
2000-12-18 00:00:00,14483.900390625,0
2000-12-19 00:00:00,14132.3701171875,1
2000-12-20 00:00:00,13914.4296875,2
2000-12-21 00:00:00,13423.2099609375,3
2000-12-22 00:00:00,13427.080078125,4
2000-12-25 00:00:00,13931.6103515625,0
2000-12-26 00:00:00,14007.849609375,1
2000-12-27 00:00:00,13981.490234375,2
2000-12-28 00:00:00,13946.9599609375,3
2000-12-29 00:00:00,13785.6904296875,4
2001-01-04 00:00:00,13691.490234375,3
2001-01-05 00:00:00,13867.6103515625,4
2001-01-09 00:00:00,13610.509765625,1
2001-01-10 00:00:00,13432.650390625,2
2001-01-11 00:00:00,13201.0703125,3
2001-01-12 00:00:00,13347.740234375,4
2001-01-15 00:00:00,13506.23046875,0
2001-01-16 00:00:00,13584.4501953125,1
2001-01-17 00:00:00,13667.6298828125,2
2001-01-18 00:00:00,13873.919921875,3
2001-01-19 00:00:00,13989.1201171875,4
2001-01-22 00:00:00,14032.419921875,0
2001-01-23 00:00:00,13984.66015625,1
2001-01-24 00:00:00,13893.580078125,2
2001-01-25 00:00:00,13803.3798828125,3
2001-01-26 00:00:00,13696.0595703125,4
2001-01-29 00:00:00,13845.2802734375,0
2001-01-30 00:00:00,13826.650390625,1
2001-01-31 00:00:00,13843.5498046875,2
2001-02-01 00:00:00,13779.5498046875,3
2001-02-02 00:00:00,13703.6298828125,4
2001-02-05 00:00:00,13385.51953125,0
2001-02-06 00:00:00,13269.849609375,1
2001-02-07 00:00:00,13366.009765625,2
2001-02-08 00:00:00,13138.23046875,3
2001-02-09 00:00:00,13422.830078125,4
2001-02-13 00:00:00,13274.7001953125,1
2001-02-14 00:00:00,13284.0595703125,2
2001-02-15 00:00:00,13327.3896484375,3
2001-02-16 00:00:00,13175.490234375,4
2001-02-19 00:00:00,13119.58984375,0
2001-02-20 00:00:00,13248.3603515625,1
2001-02-21 00:00:00,13100.080078125,2
2001-02-22 00:00:00,13073.3603515625,3
2001-02-23 00:00:00,13246.0,4
2001-02-26 00:00:00,13201.1396484375,0
2001-02-27 00:00:00,13059.8603515625,1
2001-02-28 00:00:00,12883.5400390625,2
2001-03-01 00:00:00,12681.66015625,3
2001-03-02 00:00:00,12261.7998046875,4
2001-03-05 00:00:00,12322.16015625,0
2001-03-06 00:00:00,12687.740234375,1
2001-03-07 00:00:00,12723.8896484375,2
2001-03-08 00:00:00,12650.5595703125,3
2001-03-09 00:00:00,12627.900390625,4
2001-03-12 00:00:00,12171.3701171875,0
2001-03-13 00:00:00,11819.7001953125,1
2001-03-14 00:00:00,11843.58984375,2
2001-03-15 00:00:00,12152.830078125,3
2001-03-16 00:00:00,12232.98046875,4
2001-03-19 00:00:00,12190.9697265625,0
2001-03-21 00:00:00,13103.9404296875,2
2001-03-22 00:00:00,12853.9697265625,3
2001-03-23 00:00:00,13214.5400390625,4
2001-03-26 00:00:00,13862.3095703125,0
2001-03-27 00:00:00,13638.330078125,1
2001-03-28 00:00:00,13765.509765625,2
2001-03-29 00:00:00,13072.3603515625,3
2001-03-30 00:00:00,12999.7001953125,4
2001-04-02 00:00:00,12937.8603515625,0
2001-04-03 00:00:00,13124.4697265625,1
2001-04-04 00:00:00,13242.7802734375,2
2001-04-05 00:00:00,13381.3798828125,3
2001-04-06 00:00:00,13383.759765625,4
2001-04-09 00:00:00,12841.759765625,0
2001-04-10 00:00:00,12620.26953125,1
2001-04-11 00:00:00,13174.9296875,2
2001-04-12 00:00:00,13352.4404296875,3
2001-04-13 00:00:00,13385.7197265625,4
2001-04-16 00:00:00,13254.8896484375,0
2001-04-17 00:00:00,13067.08984375,1
2001-04-18 00:00:00,13641.7900390625,2
2001-04-19 00:00:00,13868.2802734375,3
2001-04-20 00:00:00,13765.669921875,4
2001-04-23 00:00:00,13715.599609375,0
2001-04-24 00:00:00,13743.1796875,1
2001-04-25 00:00:00,13827.5,2
2001-04-26 00:00:00,13973.0302734375,3
2001-04-27 00:00:00,13934.3203125,4
2001-05-01 00:00:00,14425.4599609375,1
2001-05-02 00:00:00,14421.6396484375,2
2001-05-07 00:00:00,14529.41015625,0
2001-05-08 00:00:00,14289.0498046875,1
2001-05-09 00:00:00,14084.849609375,2
2001-05-10 00:00:00,14017.7900390625,3
2001-05-11 00:00:00,14043.919921875,4
2001-05-14 00:00:00,13873.01953125,0
2001-05-15 00:00:00,14054.0302734375,1
2001-05-16 00:00:00,13694.26953125,2
2001-05-17 00:00:00,13910.669921875,3
2001-05-18 00:00:00,13877.76953125,4
2001-05-21 00:00:00,14176.830078125,0
2001-05-22 00:00:00,14091.1904296875,1
2001-05-23 00:00:00,14067.7001953125,2
2001-05-24 00:00:00,13895.7900390625,3
2001-05-25 00:00:00,13765.919921875,4
2001-05-28 00:00:00,13737.76953125,0
2001-05-29 00:00:00,13773.8896484375,1
2001-05-30 00:00:00,13493.349609375,2
2001-05-31 00:00:00,13262.1396484375,3
2001-06-01 00:00:00,13261.83984375,4
2001-06-04 00:00:00,13312.349609375,0
2001-06-05 00:00:00,13182.0,1
2001-06-06 00:00:00,13174.83984375,2
2001-06-07 00:00:00,13277.509765625,3
2001-06-08 00:00:00,13430.2197265625,4
2001-06-11 00:00:00,13226.48046875,0
2001-06-12 00:00:00,12840.099609375,1
2001-06-13 00:00:00,12823.4501953125,2
2001-06-14 00:00:00,12846.66015625,3
2001-06-15 00:00:00,12790.3798828125,4
2001-06-18 00:00:00,12697.7900390625,0
2001-06-19 00:00:00,12574.259765625,1
2001-06-20 00:00:00,12674.6396484375,2
2001-06-21 00:00:00,12962.4296875,3
2001-06-22 00:00:00,13044.6103515625,4
2001-06-25 00:00:00,12896.4697265625,0
2001-06-26 00:00:00,12978.8203125,1
2001-06-27 00:00:00,12828.98046875,2
2001-06-28 00:00:00,12679.8798828125,3
2001-06-29 00:00:00,12969.0498046875,4
2001-07-02 00:00:00,12751.1796875,0
2001-07-03 00:00:00,12817.41015625,1
2001-07-04 00:00:00,12629.01953125,2
2001-07-05 00:00:00,12607.2998046875,3
2001-07-06 00:00:00,12306.080078125,4
2001-07-09 00:00:00,12239.6796875,0
2001-07-10 00:00:00,12300.41015625,1
2001-07-11 00:00:00,12005.1103515625,2
2001-07-12 00:00:00,12407.9501953125,3
2001-07-13 00:00:00,12355.150390625,4
2001-07-16 00:00:00,12343.3701171875,0
2001-07-17 00:00:00,12128.5703125,1
2001-07-18 00:00:00,11892.580078125,2
2001-07-19 00:00:00,11908.3896484375,3
2001-07-23 00:00:00,11609.6298828125,0
2001-07-24 00:00:00,11883.25,1
2001-07-25 00:00:00,11891.6103515625,2
2001-07-26 00:00:00,11858.5595703125,3
2001-07-27 00:00:00,11798.080078125,4
2001-07-30 00:00:00,11579.26953125,0
2001-07-31 00:00:00,11860.76953125,1
2001-08-01 00:00:00,11959.330078125,2
2001-08-02 00:00:00,12399.2001953125,3
2001-08-03 00:00:00,12241.9697265625,4
2001-08-06 00:00:00,12243.900390625,0
2001-08-07 00:00:00,12319.4599609375,1
2001-08-08 00:00:00,12163.669921875,2
2001-08-09 00:00:00,11754.5595703125,3
2001-08-10 00:00:00,11735.0595703125,4
2001-08-13 00:00:00,11477.5595703125,0
2001-08-14 00:00:00,11917.9501953125,1
2001-08-15 00:00:00,11755.400390625,2
2001-08-16 00:00:00,11515.01953125,3
2001-08-17 00:00:00,11445.5400390625,4
2001-08-20 00:00:00,11257.9404296875,0
2001-08-21 00:00:00,11280.3798828125,1
2001-08-22 00:00:00,11396.4296875,2
2001-08-23 00:00:00,11126.919921875,3
2001-08-24 00:00:00,11166.3095703125,4
2001-08-27 00:00:00,11275.009765625,0
2001-08-28 00:00:00,11189.400390625,1
2001-08-29 00:00:00,10979.759765625,2
2001-08-30 00:00:00,10938.4501953125,3
2001-08-31 00:00:00,10713.509765625,4
2001-09-03 00:00:00,10409.6796875,0
2001-09-04 00:00:00,10772.58984375,1
2001-09-05 00:00:00,10598.7900390625,2
2001-09-06 00:00:00,10650.330078125,3
2001-09-07 00:00:00,10516.7900390625,4
2001-09-10 00:00:00,10195.6904296875,0
2001-09-11 00:00:00,10292.9501953125,1
2001-09-12 00:00:00,9610.099609375,2
2001-09-13 00:00:00,9613.08984375,3
2001-09-14 00:00:00,10008.8896484375,4
2001-09-17 00:00:00,9504.41015625,0
2001-09-18 00:00:00,9679.8798828125,1
2001-09-19 00:00:00,9939.599609375,2
2001-09-20 00:00:00,9785.16015625,3
2001-09-21 00:00:00,9554.990234375,4
2001-09-25 00:00:00,9693.9697265625,1
2001-09-26 00:00:00,9641.7001953125,2
2001-09-27 00:00:00,9696.5302734375,3
2001-09-28 00:00:00,9774.6796875,4
2001-10-01 00:00:00,9972.2802734375,0
2001-10-02 00:00:00,10136.5595703125,1
2001-10-03 00:00:00,9924.23046875,2
2001-10-04 00:00:00,10205.48046875,3
2001-10-05 00:00:00,10205.8701171875,4
2001-10-09 00:00:00,10011.76953125,1
2001-10-10 00:00:00,9964.8798828125,2
2001-10-11 00:00:00,10347.009765625,3
2001-10-12 00:00:00,10632.349609375,4
2001-10-15 00:00:00,10452.5400390625,0
2001-10-16 00:00:00,10637.8203125,1
2001-10-17 00:00:00,10755.4501953125,2
2001-10-18 00:00:00,10474.849609375,3
2001-10-19 00:00:00,10538.7900390625,4
2001-10-22 00:00:00,10565.41015625,0
2001-10-23 00:00:00,10861.5595703125,1
2001-10-24 00:00:00,10802.150390625,2
2001-10-25 00:00:00,10880.099609375,3
2001-10-26 00:00:00,10795.16015625,4
2001-10-29 00:00:00,10612.3095703125,0
2001-10-30 00:00:00,10512.8203125,1
2001-10-31 00:00:00,10366.33984375,2
2001-11-01 00:00:00,10347.2802734375,3
2001-11-02 00:00:00,10383.7802734375,4
2001-11-05 00:00:00,10447.5400390625,0
2001-11-06 00:00:00,10633.7197265625,1
2001-11-07 00:00:00,10284.98046875,2
2001-11-08 00:00:00,10431.7900390625,3
2001-11-09 00:00:00,10215.7099609375,4
2001-11-12 00:00:00,10081.5595703125,0
2001-11-13 00:00:00,10030.5595703125,1
2001-11-14 00:00:00,10086.759765625,2
2001-11-15 00:00:00,10489.8896484375,3
2001-11-16 00:00:00,10649.08984375,4
2001-11-19 00:00:00,10727.9404296875,0
2001-11-20 00:00:00,10575.6201171875,1
2001-11-21 00:00:00,10661.080078125,2
2001-11-22 00:00:00,10696.8203125,3
2001-11-26 00:00:00,11064.2998046875,0
2001-11-27 00:00:00,10948.8896484375,1
2001-11-28 00:00:00,10624.8095703125,2
2001-11-29 00:00:00,10655.9599609375,3
2001-11-30 00:00:00,10697.4404296875,4
2001-12-03 00:00:00,10370.6201171875,0
2001-12-04 00:00:00,10452.650390625,1
2001-12-05 00:00:00,10713.8095703125,2
2001-12-06 00:00:00,10857.2802734375,3
2001-12-07 00:00:00,10796.8896484375,4
2001-12-10 00:00:00,10571.009765625,0
2001-12-11 00:00:00,10473.91015625,1
2001-12-12 00:00:00,10801.51953125,2
2001-12-13 00:00:00,10433.4501953125,3
2001-12-14 00:00:00,10511.650390625,4
2001-12-17 00:00:00,10323.349609375,0
2001-12-18 00:00:00,10432.169921875,1
2001-12-19 00:00:00,10471.9296875,2
2001-12-20 00:00:00,10434.51953125,3
2001-12-21 00:00:00,10335.4501953125,4
2001-12-25 00:00:00,10254.8095703125,1
2001-12-26 00:00:00,10192.5703125,2
2001-12-27 00:00:00,10457.6103515625,3
2001-12-28 00:00:00,10542.6201171875,4
2002-01-04 00:00:00,10871.490234375,4
2002-01-07 00:00:00,10942.3603515625,0
2002-01-08 00:00:00,10695.599609375,1
2002-01-09 00:00:00,10663.98046875,2
2002-01-10 00:00:00,10538.4296875,3
2002-01-11 00:00:00,10441.58984375,4
2002-01-15 00:00:00,10208.0498046875,1
2002-01-16 00:00:00,10177.580078125,2
2002-01-17 00:00:00,10128.1796875,3
2002-01-18 00:00:00,10293.3203125,4
2002-01-21 00:00:00,10280.25,0
2002-01-22 00:00:00,10050.98046875,1
2002-01-23 00:00:00,10040.91015625,2
2002-01-24 00:00:00,10074.0498046875,3
2002-01-25 00:00:00,10144.1396484375,4
2002-01-28 00:00:00,10220.849609375,0
2002-01-29 00:00:00,10026.0302734375,1
2002-01-30 00:00:00,9919.48046875,2
2002-01-31 00:00:00,9997.7998046875,3
2002-02-01 00:00:00,9791.4296875,4
2002-02-04 00:00:00,9631.9296875,0
2002-02-05 00:00:00,9475.599609375,1
2002-02-06 00:00:00,9420.849609375,2
2002-02-07 00:00:00,9583.26953125,3
2002-02-08 00:00:00,9686.0595703125,4
2002-02-12 00:00:00,9877.990234375,1
2002-02-13 00:00:00,9968.349609375,2
2002-02-14 00:00:00,10081.08984375,3
2002-02-15 00:00:00,10048.099609375,4
2002-02-18 00:00:00,10093.25,0
2002-02-19 00:00:00,9847.16015625,1
2002-02-20 00:00:00,9834.1298828125,2
2002-02-21 00:00:00,10295.419921875,3
2002-02-22 00:00:00,10356.7802734375,4
2002-02-25 00:00:00,10296.4697265625,0
2002-02-26 00:00:00,10202.6298828125,1
2002-02-27 00:00:00,10573.08984375,2
2002-02-28 00:00:00,10587.830078125,3
2002-03-01 00:00:00,10812.0,4
2002-03-04 00:00:00,11450.2197265625,0
2002-03-05 00:00:00,11348.4501953125,1
2002-03-06 00:00:00,11358.5302734375,2
2002-03-07 00:00:00,11648.33984375,3
2002-03-08 00:00:00,11885.7900390625,4
2002-03-11 00:00:00,11919.2998046875,0
2002-03-12 00:00:00,11607.330078125,1
2002-03-13 00:00:00,11415.3095703125,2
2002-03-14 00:00:00,11568.8203125,3
2002-03-15 00:00:00,11648.009765625,4
2002-03-18 00:00:00,11498.3798828125,0
2002-03-19 00:00:00,11792.8203125,1
2002-03-20 00:00:00,11526.7802734375,2
2002-03-22 00:00:00,11345.080078125,4
2002-03-25 00:00:00,11261.08984375,0
2002-03-26 00:00:00,11207.919921875,1
2002-03-27 00:00:00,11323.6796875,2
2002-03-28 00:00:00,11333.1103515625,3
2002-03-29 00:00:00,11024.9404296875,4
2002-04-01 00:00:00,11028.7001953125,0
2002-04-02 00:00:00,11204.490234375,1
2002-04-03 00:00:00,11400.7099609375,2
2002-04-04 00:00:00,11379.2001953125,3
2002-04-05 00:00:00,11335.490234375,4
2002-04-08 00:00:00,11352.8896484375,0
2002-04-09 00:00:00,11114.490234375,1
2002-04-10 00:00:00,11218.580078125,2
2002-04-11 00:00:00,11147.26953125,3
2002-04-12 00:00:00,10962.98046875,4
2002-04-15 00:00:00,11137.2998046875,0
2002-04-16 00:00:00,11346.66015625,1
2002-04-17 00:00:00,11543.7099609375,2
2002-04-18 00:00:00,11575.73046875,3
2002-04-19 00:00:00,11512.009765625,4
2002-04-22 00:00:00,11721.6396484375,0
2002-04-23 00:00:00,11736.830078125,1
2002-04-24 00:00:00,11672.8798828125,2
2002-04-25 00:00:00,11648.7197265625,3
2002-04-26 00:00:00,11541.3896484375,4
2002-04-30 00:00:00,11492.5400390625,1
2002-05-01 00:00:00,11552.7900390625,2
2002-05-02 00:00:00,11551.009765625,3
2002-05-07 00:00:00,11316.0400390625,1
2002-05-08 00:00:00,11520.75,2
2002-05-09 00:00:00,11633.2998046875,3
2002-05-10 00:00:00,11531.1103515625,4
2002-05-13 00:00:00,11336.9501953125,0
2002-05-14 00:00:00,11356.1904296875,1
2002-05-15 00:00:00,11642.9697265625,2
2002-05-16 00:00:00,11738.6904296875,3
2002-05-17 00:00:00,11847.3203125,4
2002-05-20 00:00:00,11856.5400390625,0
2002-05-21 00:00:00,11801.16015625,1
2002-05-22 00:00:00,11961.98046875,2
2002-05-23 00:00:00,11979.849609375,3
2002-05-24 00:00:00,11976.2802734375,4
2002-05-27 00:00:00,11976.349609375,0
2002-05-28 00:00:00,11936.080078125,1
2002-05-29 00:00:00,11853.0,2
2002-05-30 00:00:00,11770.0302734375,3
2002-05-31 00:00:00,11763.7001953125,4
2002-06-03 00:00:00,11901.3896484375,0
2002-06-04 00:00:00,11653.0703125,1
2002-06-05 00:00:00,11663.8701171875,2
2002-06-06 00:00:00,11574.9404296875,3
2002-06-07 00:00:00,11438.5302734375,4
2002-06-10 00:00:00,11370.2099609375,0
2002-06-11 00:00:00,11449.4404296875,1
2002-06-12 00:00:00,11327.0595703125,2
2002-06-13 00:00:00,11144.83984375,3
2002-06-14 00:00:00,10920.6298828125,4
2002-06-17 00:00:00,10664.1103515625,0
2002-06-18 00:00:00,10839.9296875,1
2002-06-19 00:00:00,10476.1796875,2
2002-06-20 00:00:00,10612.98046875,3
2002-06-21 00:00:00,10354.349609375,4
2002-06-24 00:00:00,10471.3203125,0
2002-06-25 00:00:00,10496.669921875,1
2002-06-26 00:00:00,10074.5595703125,2
2002-06-27 00:00:00,10261.599609375,3
2002-06-28 00:00:00,10621.83984375,4
2002-07-01 00:00:00,10595.4404296875,0
2002-07-02 00:00:00,10622.3203125,1
2002-07-03 00:00:00,10812.2998046875,2
2002-07-04 00:00:00,10632.8095703125,3
2002-07-05 00:00:00,10826.08984375,4
2002-07-08 00:00:00,10769.2001953125,0
2002-07-09 00:00:00,10960.25,1
2002-07-10 00:00:00,10752.66015625,2
2002-07-11 00:00:00,10485.740234375,3
2002-07-12 00:00:00,10601.4501953125,4
2002-07-15 00:00:00,10375.150390625,0
2002-07-16 00:00:00,10250.419921875,1
2002-07-17 00:00:00,10296.01953125,2
2002-07-18 00:00:00,10498.259765625,3
2002-07-19 00:00:00,10202.3603515625,4
2002-07-22 00:00:00,10189.009765625,0
2002-07-23 00:00:00,10215.6298828125,1
2002-07-24 00:00:00,9947.7197265625,2
2002-07-25 00:00:00,9929.91015625,3
2002-07-26 00:00:00,9591.0302734375,4
2002-07-29 00:00:00,9666.669921875,0
2002-07-30 00:00:00,10003.7197265625,1
2002-07-31 00:00:00,9877.9404296875,2
2002-08-01 00:00:00,9793.509765625,3
2002-08-02 00:00:00,9709.66015625,4
2002-08-05 00:00:00,9704.9296875,0
2002-08-06 00:00:00,9501.01953125,1
2002-08-07 00:00:00,9834.400390625,2
2002-08-08 00:00:00,9799.5703125,3
2002-08-09 00:00:00,9999.7900390625,4
2002-08-12 00:00:00,9747.8203125,0
2002-08-13 00:00:00,9688.6103515625,1
2002-08-14 00:00:00,9638.41015625,2
2002-08-15 00:00:00,9795.5703125,3
2002-08-16 00:00:00,9788.1298828125,4
2002-08-19 00:00:00,9599.099609375,0
2002-08-20 00:00:00,9620.6904296875,1
2002-08-21 00:00:00,9642.6103515625,2
2002-08-22 00:00:00,9814.01953125,3
2002-08-23 00:00:00,9867.4501953125,4
2002-08-26 00:00:00,10067.740234375,0
2002-08-27 00:00:00,9907.2998046875,1
2002-08-28 00:00:00,9766.73046875,2
2002-08-29 00:00:00,9620.1396484375,3
2002-08-30 00:00:00,9619.2998046875,4
2002-09-02 00:00:00,9521.6298828125,0
2002-09-03 00:00:00,9217.0400390625,1
2002-09-04 00:00:00,9075.08984375,2
2002-09-05 00:00:00,9222.1201171875,3
2002-09-06 00:00:00,9129.0703125,4
2002-09-09 00:00:00,9306.259765625,0
2002-09-10 00:00:00,9309.3095703125,1
2002-09-11 00:00:00,9400.080078125,2
2002-09-12 00:00:00,9415.23046875,3
2002-09-13 00:00:00,9241.9296875,4
2002-09-17 00:00:00,9543.9404296875,1
2002-09-18 00:00:00,9472.0595703125,2
2002-09-19 00:00:00,9669.6201171875,3
2002-09-20 00:00:00,9481.080078125,4
2002-09-24 00:00:00,9321.6396484375,1
2002-09-25 00:00:00,9165.41015625,2
2002-09-26 00:00:00,9320.919921875,3
2002-09-27 00:00:00,9530.4404296875,4
2002-09-30 00:00:00,9383.2900390625,0
2002-10-01 00:00:00,9162.259765625,1
2002-10-02 00:00:00,9049.330078125,2
2002-10-03 00:00:00,8936.4296875,3
2002-10-04 00:00:00,9027.5498046875,4
2002-10-07 00:00:00,8688.0,0
2002-10-08 00:00:00,8708.900390625,1
2002-10-09 00:00:00,8539.33984375,2
2002-10-10 00:00:00,8439.6201171875,3
2002-10-11 00:00:00,8529.6103515625,4
2002-10-15 00:00:00,8836.73046875,1
2002-10-16 00:00:00,8884.8701171875,2
2002-10-17 00:00:00,8959.8798828125,3
2002-10-18 00:00:00,9086.1298828125,4
2002-10-21 00:00:00,8978.41015625,0
2002-10-22 00:00:00,8689.3896484375,1
2002-10-23 00:00:00,8714.51953125,2
2002-10-24 00:00:00,8614.2998046875,3
2002-10-25 00:00:00,8726.2900390625,4
2002-10-28 00:00:00,8757.509765625,0
2002-10-29 00:00:00,8708.759765625,1
2002-10-30 00:00:00,8756.58984375,2
2002-10-31 00:00:00,8640.48046875,3
2002-11-01 00:00:00,8685.7197265625,4
2002-11-05 00:00:00,8937.5595703125,1
2002-11-06 00:00:00,8953.2900390625,2
2002-11-07 00:00:00,8920.4404296875,3
2002-11-08 00:00:00,8690.76953125,4
2002-11-11 00:00:00,8460.3701171875,0
2002-11-12 00:00:00,8464.76953125,1
2002-11-13 00:00:00,8438.51953125,2
2002-11-14 00:00:00,8303.3896484375,3
2002-11-15 00:00:00,8503.58984375,4
2002-11-18 00:00:00,8346.009765625,0
2002-11-19 00:00:00,8365.259765625,1
2002-11-20 00:00:00,8459.6201171875,2
2002-11-21 00:00:00,8668.0595703125,3
2002-11-22 00:00:00,8772.5595703125,4
2002-11-25 00:00:00,8944.4404296875,0
2002-11-26 00:00:00,8823.990234375,1
2002-11-27 00:00:00,8875.8798828125,2
2002-11-28 00:00:00,9176.7802734375,3
2002-11-29 00:00:00,9215.5595703125,4
2002-12-02 00:00:00,9174.4697265625,0
2002-12-03 00:00:00,9205.1103515625,1
2002-12-04 00:00:00,9006.73046875,2
2002-12-05 00:00:00,8917.5703125,3
2002-12-06 00:00:00,8863.259765625,4
2002-12-09 00:00:00,8828.0498046875,0
2002-12-10 00:00:00,8804.51953125,1
2002-12-11 00:00:00,8727.66015625,2
2002-12-12 00:00:00,8708.6904296875,3
2002-12-13 00:00:00,8516.0703125,4
2002-12-16 00:00:00,8450.9404296875,0
2002-12-17 00:00:00,8510.73046875,1
2002-12-18 00:00:00,8344.009765625,2
2002-12-19 00:00:00,8387.5703125,3
2002-12-20 00:00:00,8406.8798828125,4
2002-12-24 00:00:00,8512.3701171875,1
2002-12-25 00:00:00,8501.1396484375,2
2002-12-26 00:00:00,8700.099609375,3
2002-12-27 00:00:00,8714.0498046875,4
2002-12-30 00:00:00,8578.9501953125,0
2003-01-06 00:00:00,8713.330078125,0
2003-01-07 00:00:00,8656.5,1
2003-01-08 00:00:00,8517.7998046875,2
2003-01-09 00:00:00,8497.9296875,3
2003-01-10 00:00:00,8470.4501953125,4
2003-01-14 00:00:00,8553.0595703125,1
2003-01-15 00:00:00,8611.75,2
2003-01-16 00:00:00,8609.169921875,3
2003-01-17 00:00:00,8690.25,4
2003-01-20 00:00:00,8558.8203125,0
2003-01-21 00:00:00,8708.580078125,1
2003-01-22 00:00:00,8611.0400390625,2
2003-01-23 00:00:00,8790.919921875,3
2003-01-24 00:00:00,8731.650390625,4
2003-01-27 00:00:00,8609.4697265625,0
2003-01-28 00:00:00,8525.3896484375,1
2003-01-29 00:00:00,8331.080078125,2
2003-01-30 00:00:00,8316.8095703125,3
2003-01-31 00:00:00,8339.9404296875,4
2003-02-03 00:00:00,8500.7900390625,0
2003-02-04 00:00:00,8484.900390625,1
2003-02-05 00:00:00,8549.849609375,2
2003-02-06 00:00:00,8484.1904296875,3
2003-02-07 00:00:00,8448.16015625,4
2003-02-10 00:00:00,8484.9296875,0
2003-02-12 00:00:00,8664.169921875,2
2003-02-13 00:00:00,8599.66015625,3
2003-02-14 00:00:00,8701.919921875,4
2003-02-17 00:00:00,8771.8896484375,0
2003-02-18 00:00:00,8692.9697265625,1
2003-02-19 00:00:00,8678.4404296875,2
2003-02-20 00:00:00,8650.919921875,3
2003-02-21 00:00:00,8513.5400390625,4
2003-02-24 00:00:00,8564.9501953125,0
2003-02-25 00:00:00,8360.490234375,1
2003-02-26 00:00:00,8356.8095703125,2
2003-02-27 00:00:00,8359.3798828125,3
2003-02-28 00:00:00,8363.0400390625,4
2003-03-03 00:00:00,8490.400390625,0
2003-03-04 00:00:00,8480.2197265625,1
2003-03-05 00:00:00,8472.6201171875,2
2003-03-06 00:00:00,8369.150390625,3
2003-03-07 00:00:00,8144.1201171875,4
2003-03-10 00:00:00,8042.259765625,0
2003-03-11 00:00:00,7862.43017578125,1
2003-03-12 00:00:00,7943.0400390625,2
2003-03-13 00:00:00,7868.56005859375,3
2003-03-14 00:00:00,8002.68994140625,4
2003-03-17 00:00:00,7871.64013671875,0
2003-03-18 00:00:00,7954.4599609375,1
2003-03-19 00:00:00,8051.0400390625,2
2003-03-20 00:00:00,8195.0498046875,3
2003-03-24 00:00:00,8435.0703125,0
2003-03-25 00:00:00,8238.759765625,1
2003-03-26 00:00:00,8351.919921875,2
2003-03-27 00:00:00,8368.669921875,3
2003-03-28 00:00:00,8280.16015625,4
2003-03-31 00:00:00,7972.7099609375,0
2003-04-01 00:00:00,7986.72021484375,1
2003-04-02 00:00:00,8069.85009765625,2
2003-04-03 00:00:00,8017.75,3
2003-04-04 00:00:00,8074.1201171875,4
2003-04-07 00:00:00,8249.98046875,0
2003-04-08 00:00:00,8131.41015625,1
2003-04-09 00:00:00,8057.60986328125,2
2003-04-10 00:00:00,7980.1201171875,3
2003-04-11 00:00:00,7816.490234375,4
2003-04-14 00:00:00,7752.10009765625,0
2003-04-15 00:00:00,7838.830078125,1
2003-04-16 00:00:00,7879.490234375,2
2003-04-17 00:00:00,7821.89990234375,3
2003-04-18 00:00:00,7874.509765625,4
2003-04-21 00:00:00,7969.080078125,0
2003-04-22 00:00:00,7790.4599609375,1
2003-04-23 00:00:00,7793.3798828125,2
2003-04-24 00:00:00,7854.56982421875,3
2003-04-25 00:00:00,7699.5,4
2003-04-28 00:00:00,7607.8798828125,0
2003-04-30 00:00:00,7831.419921875,2
2003-05-01 00:00:00,7863.2900390625,3
2003-05-02 00:00:00,7907.18994140625,4
2003-05-06 00:00:00,8083.56005859375,1
2003-05-07 00:00:00,8109.77001953125,2
2003-05-08 00:00:00,8031.5498046875,3
2003-05-09 00:00:00,8152.16015625,4
2003-05-12 00:00:00,8221.1201171875,0
2003-05-13 00:00:00,8190.259765625,1
2003-05-14 00:00:00,8244.91015625,2
2003-05-15 00:00:00,8123.39990234375,3
2003-05-16 00:00:00,8117.2900390625,4
2003-05-19 00:00:00,8039.1298828125,0
2003-05-20 00:00:00,8059.47998046875,1
2003-05-21 00:00:00,8018.509765625,2
2003-05-22 00:00:00,8051.66015625,3
2003-05-23 00:00:00,8184.759765625,4
2003-05-26 00:00:00,8227.3203125,0
2003-05-27 00:00:00,8120.240234375,1
2003-05-28 00:00:00,8234.1796875,2
2003-05-29 00:00:00,8375.3603515625,3
2003-05-30 00:00:00,8424.509765625,4
2003-06-02 00:00:00,8547.169921875,0
2003-06-03 00:00:00,8564.490234375,1
2003-06-04 00:00:00,8557.8603515625,2
2003-06-05 00:00:00,8657.23046875,3
2003-06-06 00:00:00,8785.8701171875,4
2003-06-09 00:00:00,8822.73046875,0
2003-06-10 00:00:00,8789.08984375,1
2003-06-11 00:00:00,8890.2998046875,2
2003-06-12 00:00:00,8918.599609375,3
2003-06-13 00:00:00,8980.6396484375,4
2003-06-16 00:00:00,8839.830078125,0
2003-06-17 00:00:00,9033.0,1
2003-06-18 00:00:00,9092.9697265625,2
2003-06-19 00:00:00,9110.509765625,3
2003-06-20 00:00:00,9120.3896484375,4
2003-06-23 00:00:00,9137.1396484375,0
2003-06-24 00:00:00,8919.259765625,1
2003-06-25 00:00:00,8932.259765625,2
2003-06-26 00:00:00,8923.41015625,3
2003-06-27 00:00:00,9104.0595703125,4
2003-06-30 00:00:00,9083.1103515625,0
2003-07-01 00:00:00,9278.490234375,1
2003-07-02 00:00:00,9592.240234375,2
2003-07-03 00:00:00,9624.7998046875,3
2003-07-04 00:00:00,9547.73046875,4
2003-07-07 00:00:00,9795.16015625,0
2003-07-08 00:00:00,9898.7197265625,1
2003-07-09 00:00:00,9990.9501953125,2
2003-07-10 00:00:00,9955.6201171875,3
2003-07-11 00:00:00,9635.349609375,4
2003-07-14 00:00:00,9755.6298828125,0
2003-07-15 00:00:00,9751.0,1
2003-07-16 00:00:00,9735.9697265625,2
2003-07-17 00:00:00,9498.8603515625,3
2003-07-18 00:00:00,9527.73046875,4
2003-07-22 00:00:00,9485.9697265625,1
2003-07-23 00:00:00,9615.33984375,2
2003-07-24 00:00:00,9671.0,3
2003-07-25 00:00:00,9648.009765625,4
2003-07-28 00:00:00,9839.91015625,0
2003-07-29 00:00:00,9834.3095703125,1
2003-07-30 00:00:00,9632.66015625,2
2003-07-31 00:00:00,9563.2099609375,3
2003-08-01 00:00:00,9611.669921875,4
2003-08-04 00:00:00,9452.7900390625,0
2003-08-05 00:00:00,9382.580078125,1
2003-08-06 00:00:00,9323.91015625,2
2003-08-07 00:00:00,9265.5595703125,3
2003-08-08 00:00:00,9327.5302734375,4
2003-08-11 00:00:00,9487.7998046875,0
2003-08-12 00:00:00,9564.8095703125,1
2003-08-13 00:00:00,9752.75,2
2003-08-14 00:00:00,9913.4697265625,3
2003-08-15 00:00:00,9863.4697265625,4
2003-08-18 00:00:00,10032.9697265625,0
2003-08-19 00:00:00,10174.099609375,1
2003-08-20 00:00:00,10292.0595703125,2
2003-08-21 00:00:00,10362.6904296875,3
2003-08-22 00:00:00,10281.169921875,4
2003-08-25 00:00:00,10276.6396484375,0
2003-08-26 00:00:00,10332.5703125,1
2003-08-27 00:00:00,10308.990234375,2
2003-08-28 00:00:00,10225.2197265625,3
2003-08-29 00:00:00,10343.5498046875,4
2003-09-01 00:00:00,10670.1796875,0
2003-09-02 00:00:00,10690.080078125,1
2003-09-03 00:00:00,10715.6904296875,2
2003-09-04 00:00:00,10646.9501953125,3
2003-09-05 00:00:00,10650.76953125,4
2003-09-08 00:00:00,10683.759765625,0
2003-09-09 00:00:00,10922.0400390625,1
2003-09-10 00:00:00,10856.3203125,2
2003-09-11 00:00:00,10546.330078125,3
2003-09-12 00:00:00,10712.8095703125,4
2003-09-16 00:00:00,10887.0302734375,1
2003-09-17 00:00:00,10990.1103515625,2
2003-09-18 00:00:00,11033.3203125,3
2003-09-19 00:00:00,10938.419921875,4
2003-09-22 00:00:00,10475.099609375,0
2003-09-24 00:00:00,10502.2900390625,2
2003-09-25 00:00:00,10310.0400390625,3
2003-09-26 00:00:00,10318.4404296875,4
2003-09-29 00:00:00,10229.5703125,0
2003-09-30 00:00:00,10219.0498046875,1
2003-10-01 00:00:00,10361.240234375,2
2003-10-02 00:00:00,10593.5302734375,3
2003-10-03 00:00:00,10709.2900390625,4
2003-10-06 00:00:00,10740.1396484375,0
2003-10-07 00:00:00,10820.330078125,1
2003-10-08 00:00:00,10542.2001953125,2
2003-10-09 00:00:00,10531.4404296875,3
2003-10-10 00:00:00,10786.0400390625,4
2003-10-14 00:00:00,10966.4296875,1
2003-10-15 00:00:00,10899.9501953125,2
2003-10-16 00:00:00,11025.150390625,3
2003-10-17 00:00:00,11037.8896484375,4
2003-10-20 00:00:00,11161.7099609375,0
2003-10-21 00:00:00,11031.51953125,1
2003-10-22 00:00:00,10889.6201171875,2
2003-10-23 00:00:00,10335.16015625,3
2003-10-24 00:00:00,10335.7001953125,4
2003-10-27 00:00:00,10454.1201171875,0
2003-10-28 00:00:00,10561.009765625,1
2003-10-29 00:00:00,10739.2197265625,2
2003-10-30 00:00:00,10695.5595703125,3
2003-10-31 00:00:00,10559.58984375,4
2003-11-04 00:00:00,10847.9697265625,1
2003-11-05 00:00:00,10837.5400390625,2
2003-11-06 00:00:00,10552.2998046875,3
2003-11-07 00:00:00,10628.98046875,4
2003-11-10 00:00:00,10504.5400390625,0
2003-11-11 00:00:00,10207.0400390625,1
2003-11-12 00:00:00,10226.2197265625,2
2003-11-13 00:00:00,10337.669921875,3
2003-11-14 00:00:00,10167.0595703125,4
2003-11-17 00:00:00,9786.830078125,0
2003-11-18 00:00:00,9897.0498046875,1
2003-11-19 00:00:00,9614.599609375,2
2003-11-20 00:00:00,9865.7001953125,3
2003-11-21 00:00:00,9852.830078125,4
2003-11-25 00:00:00,9960.2001953125,1
2003-11-26 00:00:00,10144.830078125,2
2003-11-27 00:00:00,10163.3798828125,3
2003-11-28 00:00:00,10100.5703125,4
2003-12-01 00:00:00,10403.26953125,0
2003-12-02 00:00:00,10410.150390625,1
2003-12-03 00:00:00,10326.3896484375,2
2003-12-04 00:00:00,10429.990234375,3
2003-12-05 00:00:00,10373.4599609375,4
2003-12-08 00:00:00,10045.33984375,0
2003-12-09 00:00:00,10124.2802734375,1
2003-12-10 00:00:00,9910.5595703125,2
2003-12-11 00:00:00,10075.1396484375,3
2003-12-12 00:00:00,10169.66015625,4
2003-12-15 00:00:00,10490.76953125,0
2003-12-16 00:00:00,10271.599609375,1
2003-12-17 00:00:00,10092.6396484375,2
2003-12-18 00:00:00,10104.0,3
2003-12-19 00:00:00,10284.5400390625,4
2003-12-22 00:00:00,10372.509765625,0
2003-12-24 00:00:00,10371.26953125,2
2003-12-25 00:00:00,10365.349609375,3
2003-12-26 00:00:00,10417.41015625,4
2003-12-29 00:00:00,10500.6201171875,0
2003-12-30 00:00:00,10676.6396484375,1
2004-01-05 00:00:00,10825.169921875,0
2004-01-06 00:00:00,10813.990234375,1
2004-01-07 00:00:00,10757.8203125,2
2004-01-08 00:00:00,10837.650390625,3
2004-01-09 00:00:00,10965.0498046875,4
2004-01-13 00:00:00,10849.6796875,1
2004-01-14 00:00:00,10863.0,2
2004-01-15 00:00:00,10665.150390625,3
2004-01-16 00:00:00,10857.2001953125,4
2004-01-19 00:00:00,11036.330078125,0
2004-01-20 00:00:00,11103.099609375,1
2004-01-21 00:00:00,11002.3896484375,2
2004-01-22 00:00:00,11000.7001953125,3
2004-01-23 00:00:00,11069.009765625,4
2004-01-26 00:00:00,10972.599609375,0
2004-01-27 00:00:00,10928.0302734375,1
2004-01-28 00:00:00,10852.4697265625,2
2004-01-29 00:00:00,10779.4404296875,3
2004-01-30 00:00:00,10783.6103515625,4
2004-02-02 00:00:00,10776.73046875,0
2004-02-03 00:00:00,10641.919921875,1
2004-02-04 00:00:00,10447.25,2
2004-02-05 00:00:00,10464.599609375,3
2004-02-06 00:00:00,10460.919921875,4
2004-02-09 00:00:00,10402.6103515625,0
2004-02-10 00:00:00,10365.400390625,1
2004-02-12 00:00:00,10459.259765625,3
2004-02-13 00:00:00,10557.6904296875,4
2004-02-16 00:00:00,10548.7197265625,0
2004-02-17 00:00:00,10701.1298828125,1
2004-02-18 00:00:00,10676.8095703125,2
2004-02-19 00:00:00,10753.7998046875,3
2004-02-20 00:00:00,10720.6904296875,4
2004-02-23 00:00:00,10868.9599609375,0
2004-02-24 00:00:00,10644.1298828125,1
2004-02-25 00:00:00,10658.73046875,2
2004-02-26 00:00:00,10815.2900390625,3
2004-02-27 00:00:00,11041.919921875,4
2004-03-01 00:00:00,11271.1201171875,0
2004-03-02 00:00:00,11361.509765625,1
2004-03-03 00:00:00,11351.919921875,2
2004-03-04 00:00:00,11401.7900390625,3
2004-03-05 00:00:00,11537.2900390625,4
2004-03-08 00:00:00,11502.8603515625,0
2004-03-09 00:00:00,11532.0400390625,1
2004-03-10 00:00:00,11433.240234375,2
2004-03-11 00:00:00,11297.0400390625,3
2004-03-12 00:00:00,11162.75,4
2004-03-15 00:00:00,11317.900390625,0
2004-03-16 00:00:00,11242.2900390625,1
2004-03-17 00:00:00,11436.8603515625,2
2004-03-18 00:00:00,11484.2802734375,3
2004-03-19 00:00:00,11418.509765625,4
2004-03-22 00:00:00,11318.509765625,0
2004-03-23 00:00:00,11281.08984375,1
2004-03-24 00:00:00,11364.990234375,2
2004-03-25 00:00:00,11530.91015625,3
2004-03-26 00:00:00,11770.650390625,4
2004-03-29 00:00:00,11718.240234375,0
2004-03-30 00:00:00,11693.6796875,1
2004-03-31 00:00:00,11715.3896484375,2
2004-04-01 00:00:00,11683.419921875,3
2004-04-02 00:00:00,11815.9501953125,4
2004-04-05 00:00:00,11958.3203125,0
2004-04-06 00:00:00,12079.7001953125,1
2004-04-07 00:00:00,12019.6201171875,2
2004-04-08 00:00:00,12092.58984375,3
2004-04-09 00:00:00,11897.509765625,4
2004-04-12 00:00:00,12042.7001953125,0
2004-04-13 00:00:00,12127.8203125,1
2004-04-14 00:00:00,12098.1796875,2
2004-04-15 00:00:00,11800.400390625,3
2004-04-16 00:00:00,11824.5595703125,4
2004-04-19 00:00:00,11764.2099609375,0
2004-04-20 00:00:00,11952.259765625,1
2004-04-21 00:00:00,11944.2998046875,2
2004-04-22 00:00:00,11980.099609375,3
2004-04-23 00:00:00,12120.66015625,4
2004-04-26 00:00:00,12163.8896484375,0
2004-04-27 00:00:00,12044.8798828125,1
2004-04-28 00:00:00,12004.2900390625,2
2004-04-30 00:00:00,11761.7900390625,4
2004-05-06 00:00:00,11571.33984375,3
2004-05-07 00:00:00,11438.8203125,4
2004-05-10 00:00:00,10884.7001953125,0
2004-05-11 00:00:00,10907.1796875,1
2004-05-12 00:00:00,11153.580078125,2
2004-05-13 00:00:00,10825.099609375,3
2004-05-14 00:00:00,10849.6298828125,4
2004-05-17 00:00:00,10505.0498046875,0
2004-05-18 00:00:00,10711.08984375,1
2004-05-19 00:00:00,10967.740234375,2
2004-05-20 00:00:00,10862.0400390625,3
2004-05-21 00:00:00,11070.25,4
2004-05-24 00:00:00,11101.6396484375,0
2004-05-25 00:00:00,10962.9296875,1
2004-05-26 00:00:00,11152.08984375,2
2004-05-27 00:00:00,11166.0302734375,3
2004-05-28 00:00:00,11309.5703125,4
2004-05-31 00:00:00,11236.3701171875,0
2004-06-01 00:00:00,11296.759765625,1
2004-06-02 00:00:00,11242.33984375,2
2004-06-03 00:00:00,11027.0498046875,3
2004-06-04 00:00:00,11128.0498046875,4
2004-06-07 00:00:00,11439.919921875,0
2004-06-08 00:00:00,11521.9296875,1
2004-06-09 00:00:00,11449.740234375,2
2004-06-10 00:00:00,11575.9697265625,3
2004-06-11 00:00:00,11526.8203125,4
2004-06-14 00:00:00,11491.66015625,0
2004-06-15 00:00:00,11387.7001953125,1
2004-06-16 00:00:00,11641.7197265625,2
2004-06-17 00:00:00,11607.900390625,3
2004-06-18 00:00:00,11382.080078125,4
2004-06-21 00:00:00,11600.16015625,0
2004-06-22 00:00:00,11581.26953125,1
2004-06-23 00:00:00,11580.5595703125,2
2004-06-24 00:00:00,11744.150390625,3
2004-06-25 00:00:00,11780.400390625,4
2004-06-28 00:00:00,11884.0595703125,0
2004-06-29 00:00:00,11860.8095703125,1
2004-06-30 00:00:00,11858.8701171875,2
2004-07-01 00:00:00,11896.009765625,3
2004-07-02 00:00:00,11721.490234375,4
2004-07-05 00:00:00,11541.7099609375,0
2004-07-06 00:00:00,11475.26953125,1
2004-07-07 00:00:00,11384.8603515625,2
2004-07-08 00:00:00,11322.23046875,3
2004-07-09 00:00:00,11423.5302734375,4
2004-07-12 00:00:00,11582.2802734375,0
2004-07-13 00:00:00,11608.6201171875,1
2004-07-14 00:00:00,11356.650390625,2
2004-07-15 00:00:00,11409.1396484375,3
2004-07-16 00:00:00,11436.0,4
2004-07-20 00:00:00,11258.3701171875,1
2004-07-21 00:00:00,11433.8603515625,2
2004-07-22 00:00:00,11285.0400390625,3
2004-07-23 00:00:00,11187.330078125,4
2004-07-26 00:00:00,11159.5498046875,0
2004-07-27 00:00:00,11031.5400390625,1
2004-07-28 00:00:00,11204.3701171875,2
2004-07-29 00:00:00,11116.83984375,3
2004-07-30 00:00:00,11325.7802734375,4
2004-08-02 00:00:00,11222.240234375,0
2004-08-03 00:00:00,11140.5703125,1
2004-08-04 00:00:00,11010.01953125,2
2004-08-05 00:00:00,11060.8896484375,3
2004-08-06 00:00:00,10972.5703125,4
2004-08-09 00:00:00,10908.7001953125,0
2004-08-10 00:00:00,10953.5498046875,1
2004-08-11 00:00:00,11049.4599609375,2
2004-08-12 00:00:00,11028.0703125,3
2004-08-13 00:00:00,10757.2001953125,4
2004-08-16 00:00:00,10687.8095703125,0
2004-08-17 00:00:00,10725.9697265625,1
2004-08-18 00:00:00,10774.259765625,2
2004-08-19 00:00:00,10903.5302734375,3
2004-08-20 00:00:00,10889.1396484375,4
2004-08-23 00:00:00,10960.9697265625,0
2004-08-24 00:00:00,10985.330078125,1
2004-08-25 00:00:00,11130.01953125,2
2004-08-26 00:00:00,11129.330078125,3
2004-08-27 00:00:00,11209.58984375,4
2004-08-30 00:00:00,11184.5302734375,0
2004-08-31 00:00:00,11081.7900390625,1
2004-09-01 00:00:00,11127.349609375,2
2004-09-02 00:00:00,11152.75,3
2004-09-03 00:00:00,11022.490234375,4
2004-09-06 00:00:00,11244.3701171875,0
2004-09-07 00:00:00,11298.9404296875,1
2004-09-08 00:00:00,11279.1904296875,2
2004-09-09 00:00:00,11170.9599609375,3
2004-09-10 00:00:00,11083.23046875,4
2004-09-13 00:00:00,11253.1103515625,0
2004-09-14 00:00:00,11295.580078125,1
2004-09-15 00:00:00,11158.580078125,2
2004-09-16 00:00:00,11139.3603515625,3
2004-09-17 00:00:00,11082.490234375,4
2004-09-21 00:00:00,11080.8701171875,1
2004-09-22 00:00:00,11019.41015625,2
2004-09-24 00:00:00,10895.16015625,4
2004-09-27 00:00:00,10859.3203125,0
2004-09-28 00:00:00,10815.5703125,1
2004-09-29 00:00:00,10786.099609375,2
2004-09-30 00:00:00,10823.5703125,3
2004-10-01 00:00:00,10985.169921875,4
2004-10-04 00:00:00,11279.6298828125,0
2004-10-05 00:00:00,11281.830078125,1
2004-10-06 00:00:00,11385.3798828125,2
2004-10-07 00:00:00,11354.58984375,3
2004-10-08 00:00:00,11349.349609375,4
2004-10-12 00:00:00,11201.8095703125,1
2004-10-13 00:00:00,11195.990234375,2
2004-10-14 00:00:00,11034.2900390625,3
2004-10-15 00:00:00,10982.9501953125,4
2004-10-18 00:00:00,10965.6201171875,0
2004-10-19 00:00:00,11064.8603515625,1
2004-10-20 00:00:00,10882.1796875,2
2004-10-21 00:00:00,10789.23046875,3
2004-10-22 00:00:00,10857.1298828125,4
2004-10-25 00:00:00,10659.150390625,0
2004-10-26 00:00:00,10672.4599609375,1
2004-10-27 00:00:00,10691.9501953125,2
2004-10-28 00:00:00,10853.1201171875,3
2004-10-29 00:00:00,10771.419921875,4
2004-11-01 00:00:00,10734.7099609375,0
2004-11-02 00:00:00,10887.8095703125,1
2004-11-04 00:00:00,10946.26953125,3
2004-11-05 00:00:00,11061.76953125,4
2004-11-08 00:00:00,10983.830078125,0
2004-11-09 00:00:00,10964.8701171875,1
2004-11-10 00:00:00,10994.9599609375,2
2004-11-11 00:00:00,10846.919921875,3
2004-11-12 00:00:00,11019.98046875,4
2004-11-15 00:00:00,11227.5703125,0
2004-11-16 00:00:00,11161.75,1
2004-11-17 00:00:00,11131.2900390625,2
2004-11-18 00:00:00,11082.419921875,3
2004-11-19 00:00:00,11082.83984375,4
2004-11-22 00:00:00,10849.3896484375,0
2004-11-24 00:00:00,10872.330078125,2
2004-11-25 00:00:00,10900.33984375,3
2004-11-26 00:00:00,10833.75,4
2004-11-29 00:00:00,10977.8896484375,0
2004-11-30 00:00:00,10899.25,1
2004-12-01 00:00:00,10784.25,2
2004-12-02 00:00:00,10973.0703125,3
2004-12-03 00:00:00,11074.8896484375,4
2004-12-06 00:00:00,10981.9599609375,0
2004-12-07 00:00:00,10873.6298828125,1
2004-12-08 00:00:00,10941.3701171875,2
2004-12-09 00:00:00,10776.6298828125,3
2004-12-10 00:00:00,10756.7998046875,4
2004-12-13 00:00:00,10789.25,0
2004-12-14 00:00:00,10915.580078125,1
2004-12-15 00:00:00,10956.4599609375,2
2004-12-16 00:00:00,10924.3701171875,3
2004-12-17 00:00:00,11078.3203125,4
2004-12-20 00:00:00,11103.419921875,0
2004-12-21 00:00:00,11125.919921875,1
2004-12-22 00:00:00,11209.4404296875,2
2004-12-24 00:00:00,11365.48046875,4
2004-12-27 00:00:00,11362.349609375,0
2004-12-28 00:00:00,11424.1298828125,1
2004-12-29 00:00:00,11381.5595703125,2
2004-12-30 00:00:00,11488.759765625,3
2005-01-04 00:00:00,11517.75,1
2005-01-05 00:00:00,11437.51953125,2
2005-01-06 00:00:00,11492.259765625,3
2005-01-07 00:00:00,11433.240234375,4
2005-01-11 00:00:00,11539.990234375,1
2005-01-12 00:00:00,11453.3896484375,2
2005-01-13 00:00:00,11358.2197265625,3
2005-01-14 00:00:00,11438.3896484375,4
2005-01-17 00:00:00,11487.099609375,0
2005-01-18 00:00:00,11423.259765625,1
2005-01-19 00:00:00,11405.33984375,2
2005-01-20 00:00:00,11284.76953125,3
2005-01-21 00:00:00,11238.3701171875,4
2005-01-24 00:00:00,11289.490234375,0
2005-01-25 00:00:00,11276.91015625,1
2005-01-26 00:00:00,11376.5703125,2
2005-01-27 00:00:00,11341.3095703125,3
2005-01-28 00:00:00,11320.580078125,4
2005-01-31 00:00:00,11387.58984375,0
2005-02-01 00:00:00,11384.400390625,1
2005-02-02 00:00:00,11407.1396484375,2
2005-02-03 00:00:00,11389.349609375,3
2005-02-04 00:00:00,11360.400390625,4
2005-02-07 00:00:00,11499.8603515625,0
2005-02-08 00:00:00,11490.4296875,1
2005-02-09 00:00:00,11473.349609375,2
2005-02-10 00:00:00,11553.5595703125,3
2005-02-14 00:00:00,11632.2001953125,0
2005-02-15 00:00:00,11646.490234375,1
2005-02-16 00:00:00,11601.6796875,2
2005-02-17 00:00:00,11582.7197265625,3
2005-02-18 00:00:00,11660.1201171875,4
2005-02-21 00:00:00,11651.01953125,0
2005-02-22 00:00:00,11597.7099609375,1
2005-02-23 00:00:00,11500.1796875,2
2005-02-24 00:00:00,11531.150390625,3
2005-02-25 00:00:00,11658.25,4
2005-02-28 00:00:00,11740.599609375,0
2005-03-01 00:00:00,11780.5302734375,1
2005-03-02 00:00:00,11813.7099609375,2
2005-03-03 00:00:00,11856.4599609375,3
2005-03-04 00:00:00,11873.0498046875,4
2005-03-07 00:00:00,11925.3603515625,0
2005-03-08 00:00:00,11886.91015625,1
2005-03-09 00:00:00,11966.6904296875,2
2005-03-10 00:00:00,11864.91015625,3
2005-03-11 00:00:00,11923.8896484375,4
2005-03-14 00:00:00,11850.25,0
2005-03-15 00:00:00,11821.08984375,1
2005-03-16 00:00:00,11873.1796875,2
2005-03-17 00:00:00,11775.5,3
2005-03-18 00:00:00,11879.8095703125,4
2005-03-22 00:00:00,11841.9697265625,1
2005-03-23 00:00:00,11739.1201171875,2
2005-03-24 00:00:00,11745.9697265625,3
2005-03-25 00:00:00,11761.099609375,4
2005-03-28 00:00:00,11792.2998046875,0
2005-03-29 00:00:00,11599.8203125,1
2005-03-30 00:00:00,11565.8798828125,2
2005-03-31 00:00:00,11668.9501953125,3
2005-04-01 00:00:00,11723.6298828125,4
2005-04-04 00:00:00,11667.5400390625,0
2005-04-05 00:00:00,11774.3095703125,1
2005-04-06 00:00:00,11827.16015625,2
2005-04-07 00:00:00,11810.990234375,3
2005-04-08 00:00:00,11874.75,4
2005-04-11 00:00:00,11745.6396484375,0
2005-04-12 00:00:00,11670.2998046875,1
2005-04-13 00:00:00,11637.51953125,2
2005-04-14 00:00:00,11563.169921875,3
2005-04-15 00:00:00,11370.6904296875,4
2005-04-18 00:00:00,10938.4404296875,0
2005-04-19 00:00:00,11065.8603515625,1
2005-04-20 00:00:00,11088.580078125,2
2005-04-21 00:00:00,10984.3896484375,3
2005-04-22 00:00:00,11045.9501953125,4
2005-04-25 00:00:00,11073.76953125,0
2005-04-26 00:00:00,11035.830078125,1
2005-04-27 00:00:00,11005.419921875,2
2005-04-28 00:00:00,11008.900390625,3
2005-05-02 00:00:00,11002.1103515625,0
2005-05-06 00:00:00,11192.169921875,4
2005-05-09 00:00:00,11171.3203125,0
2005-05-10 00:00:00,11159.4599609375,1
2005-05-11 00:00:00,11120.7001953125,2
2005-05-12 00:00:00,11077.9404296875,3
2005-05-13 00:00:00,11049.1103515625,4
2005-05-16 00:00:00,10947.2197265625,0
2005-05-17 00:00:00,10825.3896484375,1
2005-05-18 00:00:00,10835.41015625,2
2005-05-19 00:00:00,11077.16015625,3
2005-05-20 00:00:00,11037.2900390625,4
2005-05-23 00:00:00,11158.650390625,0
2005-05-24 00:00:00,11133.650390625,1
2005-05-25 00:00:00,11014.4296875,2
2005-05-26 00:00:00,11027.9404296875,3
2005-05-27 00:00:00,11192.330078125,4
2005-05-30 00:00:00,11266.330078125,0
2005-05-31 00:00:00,11276.58984375,1
2005-06-01 00:00:00,11329.669921875,2
2005-06-02 00:00:00,11280.0498046875,3
2005-06-03 00:00:00,11300.0498046875,4
2005-06-06 00:00:00,11270.6201171875,0
2005-06-07 00:00:00,11217.4501953125,1
2005-06-08 00:00:00,11281.0302734375,2
2005-06-09 00:00:00,11160.8798828125,3
2005-06-10 00:00:00,11304.23046875,4
2005-06-13 00:00:00,11311.509765625,0
2005-06-14 00:00:00,11335.919921875,1
2005-06-15 00:00:00,11415.8798828125,2
2005-06-16 00:00:00,11416.3798828125,3
2005-06-17 00:00:00,11514.0302734375,4
2005-06-20 00:00:00,11483.349609375,0
2005-06-21 00:00:00,11488.740234375,1
2005-06-22 00:00:00,11547.2802734375,2
2005-06-23 00:00:00,11576.75,3
2005-06-24 00:00:00,11537.0302734375,4
2005-06-27 00:00:00,11414.2802734375,0
2005-06-28 00:00:00,11513.830078125,1
2005-06-29 00:00:00,11577.4404296875,2
2005-06-30 00:00:00,11584.009765625,3
2005-07-01 00:00:00,11630.1298828125,4
2005-07-04 00:00:00,11651.5498046875,0
2005-07-05 00:00:00,11616.7001953125,1
2005-07-06 00:00:00,11603.5302734375,2
2005-07-07 00:00:00,11590.1396484375,3
2005-07-08 00:00:00,11565.990234375,4
2005-07-11 00:00:00,11674.7900390625,0
2005-07-12 00:00:00,11692.1396484375,1
2005-07-13 00:00:00,11659.83984375,2
2005-07-14 00:00:00,11764.259765625,3
2005-07-15 00:00:00,11758.6796875,4
2005-07-19 00:00:00,11764.83984375,1
2005-07-20 00:00:00,11789.349609375,2
2005-07-21 00:00:00,11786.73046875,3
2005-07-22 00:00:00,11695.0498046875,4
2005-07-25 00:00:00,11762.650390625,0
2005-07-26 00:00:00,11737.9599609375,1
2005-07-27 00:00:00,11835.080078125,2
2005-07-28 00:00:00,11858.3095703125,3
2005-07-29 00:00:00,11899.599609375,4
2005-08-01 00:00:00,11946.919921875,0
2005-08-02 00:00:00,11940.2001953125,1
2005-08-03 00:00:00,11981.7998046875,2
2005-08-04 00:00:00,11883.3095703125,3
2005-08-05 00:00:00,11766.48046875,4
2005-08-08 00:00:00,11778.98046875,0
2005-08-09 00:00:00,11900.3203125,1
2005-08-10 00:00:00,12098.080078125,2
2005-08-11 00:00:00,12263.3203125,3
2005-08-12 00:00:00,12261.6796875,4
2005-08-15 00:00:00,12256.5498046875,0
2005-08-16 00:00:00,12315.669921875,1
2005-08-17 00:00:00,12273.1201171875,2
2005-08-18 00:00:00,12307.3701171875,3
2005-08-19 00:00:00,12291.73046875,4
2005-08-22 00:00:00,12452.509765625,0
2005-08-23 00:00:00,12472.9296875,1
2005-08-24 00:00:00,12502.259765625,2
2005-08-25 00:00:00,12405.16015625,3
2005-08-26 00:00:00,12439.48046875,4
2005-08-29 00:00:00,12309.830078125,0
2005-08-30 00:00:00,12453.1396484375,1
2005-08-31 00:00:00,12413.599609375,2
2005-09-01 00:00:00,12506.9697265625,3
2005-09-02 00:00:00,12600.0,4
2005-09-05 00:00:00,12634.8798828125,0
2005-09-06 00:00:00,12599.4296875,1
2005-09-07 00:00:00,12607.58984375,2
2005-09-08 00:00:00,12533.8896484375,3
2005-09-09 00:00:00,12692.0400390625,4
2005-09-12 00:00:00,12896.4296875,0
2005-09-13 00:00:00,12901.9501953125,1
2005-09-14 00:00:00,12834.25,2
2005-09-15 00:00:00,12986.7802734375,3
2005-09-16 00:00:00,12958.6796875,4
2005-09-20 00:00:00,13148.5703125,1
2005-09-21 00:00:00,13196.5703125,2
2005-09-22 00:00:00,13159.3603515625,3
2005-09-26 00:00:00,13392.6298828125,0
2005-09-27 00:00:00,13310.0400390625,1
2005-09-28 00:00:00,13435.91015625,2
2005-09-29 00:00:00,13617.240234375,3
2005-09-30 00:00:00,13574.2998046875,4
2005-10-03 00:00:00,13525.2802734375,0
2005-10-04 00:00:00,13738.83984375,1
2005-10-05 00:00:00,13689.8896484375,2
2005-10-06 00:00:00,13359.509765625,3
2005-10-07 00:00:00,13227.740234375,4
2005-10-11 00:00:00,13556.7099609375,1
2005-10-12 00:00:00,13463.740234375,2
2005-10-13 00:00:00,13449.240234375,3
2005-10-14 00:00:00,13420.5400390625,4
2005-10-17 00:00:00,13400.2900390625,0
2005-10-18 00:00:00,13352.240234375,1
2005-10-19 00:00:00,13129.490234375,2
2005-10-20 00:00:00,13190.4599609375,3
2005-10-21 00:00:00,13199.9501953125,4
2005-10-24 00:00:00,13106.1796875,0
2005-10-25 00:00:00,13280.6201171875,1
2005-10-26 00:00:00,13395.01953125,2
2005-10-27 00:00:00,13417.080078125,3
2005-10-28 00:00:00,13346.5400390625,4
2005-10-31 00:00:00,13606.5,0
2005-11-01 00:00:00,13867.8603515625,1
2005-11-02 00:00:00,13894.7802734375,2
2005-11-04 00:00:00,14075.9599609375,4
2005-11-07 00:00:00,14061.599609375,0
2005-11-08 00:00:00,14036.73046875,1
2005-11-09 00:00:00,14072.2001953125,2
2005-11-10 00:00:00,14080.8798828125,3
2005-11-11 00:00:00,14155.0595703125,4
2005-11-14 00:00:00,14116.0400390625,0
2005-11-15 00:00:00,14091.76953125,1
2005-11-16 00:00:00,14170.8701171875,2
2005-11-17 00:00:00,14411.7900390625,3
2005-11-18 00:00:00,14623.1201171875,4
2005-11-21 00:00:00,14680.4296875,0
2005-11-22 00:00:00,14708.3203125,1
2005-11-24 00:00:00,14742.580078125,3
2005-11-25 00:00:00,14784.2900390625,4
2005-11-28 00:00:00,14986.9404296875,0
2005-11-29 00:00:00,14927.7001953125,1
2005-11-30 00:00:00,14872.150390625,2
2005-12-01 00:00:00,15130.5,3
2005-12-02 00:00:00,15421.599609375,4
2005-12-05 00:00:00,15551.3095703125,0
2005-12-06 00:00:00,15423.3798828125,1
2005-12-07 00:00:00,15484.66015625,2
2005-12-08 00:00:00,15183.3603515625,3
2005-12-09 00:00:00,15404.0498046875,4
2005-12-12 00:00:00,15738.7001953125,0
2005-12-13 00:00:00,15778.8603515625,1
2005-12-14 00:00:00,15464.580078125,2
2005-12-15 00:00:00,15254.4404296875,3
2005-12-16 00:00:00,15173.0703125,4
2005-12-19 00:00:00,15391.48046875,0
2005-12-20 00:00:00,15641.259765625,1
2005-12-21 00:00:00,15957.5703125,2
2005-12-22 00:00:00,15941.3701171875,3
2005-12-26 00:00:00,16107.669921875,0
2005-12-27 00:00:00,15969.400390625,1
2005-12-28 00:00:00,16194.6103515625,2
2005-12-29 00:00:00,16344.2001953125,3
2005-12-30 00:00:00,16111.4296875,4
2006-01-04 00:00:00,16361.5400390625,2
2006-01-05 00:00:00,16425.369140625,3
2006-01-06 00:00:00,16428.2109375,4
2006-01-10 00:00:00,16124.349609375,1
2006-01-11 00:00:00,16363.58984375,2
2006-01-12 00:00:00,16445.189453125,3
2006-01-13 00:00:00,16454.94921875,4
2006-01-16 00:00:00,16268.0302734375,0
2006-01-17 00:00:00,15805.9501953125,1
2006-01-18 00:00:00,15341.1796875,2
2006-01-19 00:00:00,15696.2802734375,3
2006-01-20 00:00:00,15696.6904296875,4
2006-01-23 00:00:00,15360.650390625,0
2006-01-24 00:00:00,15648.8896484375,1
2006-01-25 00:00:00,15651.0,2
2006-01-26 00:00:00,15891.01953125,3
2006-01-27 00:00:00,16460.6796875,4
2006-01-30 00:00:00,16551.23046875,0
2006-01-31 00:00:00,16649.8203125,1
2006-02-01 00:00:00,16480.08984375,2
2006-02-02 00:00:00,16710.55078125,3
2006-02-03 00:00:00,16659.640625,4
2006-02-06 00:00:00,16747.759765625,0
2006-02-07 00:00:00,16720.990234375,1
2006-02-08 00:00:00,16272.6796875,2
2006-02-09 00:00:00,16439.669921875,3
2006-02-10 00:00:00,16257.830078125,4
2006-02-13 00:00:00,15877.66015625,0
2006-02-14 00:00:00,16184.8701171875,1
2006-02-15 00:00:00,15932.830078125,2
2006-02-16 00:00:00,16043.669921875,3
2006-02-17 00:00:00,15713.4501953125,4
2006-02-20 00:00:00,15437.9296875,0
2006-02-21 00:00:00,15894.9404296875,1
2006-02-22 00:00:00,15781.7802734375,2
2006-02-23 00:00:00,16096.099609375,3
2006-02-24 00:00:00,16101.91015625,4
2006-02-27 00:00:00,16192.9501953125,0
2006-02-28 00:00:00,16205.4296875,1
2006-03-01 00:00:00,15964.4599609375,2
2006-03-02 00:00:00,15909.759765625,3
2006-03-03 00:00:00,15663.33984375,4
2006-03-06 00:00:00,15901.16015625,0
2006-03-07 00:00:00,15726.01953125,1
2006-03-08 00:00:00,15627.490234375,2
2006-03-09 00:00:00,16036.91015625,3
2006-03-10 00:00:00,16115.6298828125,4
2006-03-13 00:00:00,16361.509765625,0
2006-03-14 00:00:00,16238.3603515625,1
2006-03-15 00:00:00,16319.0400390625,2
2006-03-16 00:00:00,16096.2099609375,3
2006-03-17 00:00:00,16339.73046875,4
2006-03-20 00:00:00,16624.80078125,0
2006-03-22 00:00:00,16495.48046875,2
2006-03-23 00:00:00,16489.369140625,3
2006-03-24 00:00:00,16560.869140625,4
2006-03-27 00:00:00,16650.099609375,0
2006-03-28 00:00:00,16690.240234375,1
2006-03-29 00:00:00,16938.41015625,2
2006-03-30 00:00:00,17045.33984375,3
2006-03-31 00:00:00,17059.66015625,4
2006-04-03 00:00:00,17333.310546875,0
2006-04-04 00:00:00,17292.91015625,1
2006-04-05 00:00:00,17243.98046875,2
2006-04-06 00:00:00,17489.330078125,3
2006-04-07 00:00:00,17563.369140625,4
2006-04-10 00:00:00,17456.580078125,0
2006-04-11 00:00:00,17418.130859375,1
2006-04-12 00:00:00,17162.55078125,2
2006-04-13 00:00:00,17199.150390625,3
2006-04-14 00:00:00,17233.8203125,4
2006-04-17 00:00:00,17000.359375,0
2006-04-18 00:00:00,17232.859375,1
2006-04-19 00:00:00,17350.119140625,2
2006-04-20 00:00:00,17317.529296875,3
2006-04-21 00:00:00,17403.9609375,4
2006-04-24 00:00:00,16914.400390625,0
2006-04-25 00:00:00,16970.2890625,1
2006-04-26 00:00:00,17055.9296875,2
2006-04-27 00:00:00,17114.5390625,3
2006-04-28 00:00:00,16906.23046875,4
2006-05-01 00:00:00,16925.7109375,0
2006-05-02 00:00:00,17153.76953125,1
2006-05-08 00:00:00,17291.669921875,0
2006-05-09 00:00:00,17190.91015625,1
2006-05-10 00:00:00,16951.9296875,2
2006-05-11 00:00:00,16862.140625,3
2006-05-12 00:00:00,16601.779296875,4
2006-05-15 00:00:00,16486.91015625,0
2006-05-16 00:00:00,16158.419921875,1
2006-05-17 00:00:00,16307.669921875,2
2006-05-18 00:00:00,16087.1796875,3
2006-05-19 00:00:00,16155.4501953125,4
2006-05-22 00:00:00,15857.8701171875,0
2006-05-23 00:00:00,15599.2001953125,1
2006-05-24 00:00:00,15907.2001953125,2
2006-05-25 00:00:00,15693.75,3
2006-05-26 00:00:00,15970.759765625,4
2006-05-29 00:00:00,15915.6796875,0
2006-05-30 00:00:00,15859.4501953125,1
2006-05-31 00:00:00,15467.330078125,2
2006-06-01 00:00:00,15503.740234375,3
2006-06-02 00:00:00,15789.3095703125,4
2006-06-05 00:00:00,15668.3095703125,0
2006-06-06 00:00:00,15384.8603515625,1
2006-06-07 00:00:00,15096.009765625,2
2006-06-08 00:00:00,14633.0302734375,3
2006-06-09 00:00:00,14750.83984375,4
2006-06-12 00:00:00,14833.009765625,0
2006-06-13 00:00:00,14218.599609375,1
2006-06-14 00:00:00,14309.5595703125,2
2006-06-15 00:00:00,14470.759765625,3
2006-06-16 00:00:00,14879.33984375,4
2006-06-19 00:00:00,14860.349609375,0
2006-06-20 00:00:00,14648.41015625,1
2006-06-21 00:00:00,14644.259765625,2
2006-06-22 00:00:00,15135.6904296875,3
2006-06-23 00:00:00,15124.0400390625,4
2006-06-26 00:00:00,15152.400390625,0
2006-06-27 00:00:00,15171.8095703125,1
2006-06-28 00:00:00,14886.1103515625,2
2006-06-29 00:00:00,15121.150390625,3
2006-06-30 00:00:00,15505.1796875,4
2006-07-03 00:00:00,15571.6201171875,0
2006-07-04 00:00:00,15638.5,1
2006-07-05 00:00:00,15523.9404296875,2
2006-07-06 00:00:00,15321.400390625,3
2006-07-07 00:00:00,15307.6103515625,4
2006-07-10 00:00:00,15552.8095703125,0
2006-07-11 00:00:00,15473.8203125,1
2006-07-12 00:00:00,15249.3203125,2
2006-07-13 00:00:00,15097.9501953125,3
2006-07-14 00:00:00,14845.240234375,4
2006-07-18 00:00:00,14437.240234375,1
2006-07-19 00:00:00,14500.259765625,2
2006-07-20 00:00:00,14946.83984375,3
2006-07-21 00:00:00,14821.259765625,4
2006-07-24 00:00:00,14794.5,0
2006-07-25 00:00:00,15005.240234375,1
2006-07-26 00:00:00,14884.0703125,2
2006-07-27 00:00:00,15179.7802734375,3
2006-07-28 00:00:00,15342.8701171875,4
2006-07-31 00:00:00,15456.8095703125,0
2006-08-01 00:00:00,15440.91015625,1
2006-08-02 00:00:00,15464.2900390625,2
2006-08-03 00:00:00,15470.3701171875,3
2006-08-04 00:00:00,15499.1796875,4
2006-08-07 00:00:00,15154.0595703125,0
2006-08-08 00:00:00,15464.66015625,1
2006-08-09 00:00:00,15656.58984375,2
2006-08-10 00:00:00,15630.91015625,3
2006-08-11 00:00:00,15565.01953125,4
2006-08-14 00:00:00,15857.1103515625,0
2006-08-15 00:00:00,15816.1904296875,1
2006-08-16 00:00:00,16071.3603515625,2
2006-08-17 00:00:00,16020.83984375,3
2006-08-18 00:00:00,16105.98046875,4
2006-08-21 00:00:00,15969.0400390625,0
2006-08-22 00:00:00,16181.169921875,1
2006-08-23 00:00:00,16163.0302734375,2
2006-08-24 00:00:00,15960.6201171875,3
2006-08-25 00:00:00,15938.66015625,4
2006-08-28 00:00:00,15762.58984375,0
2006-08-29 00:00:00,15890.5595703125,1
2006-08-30 00:00:00,15872.01953125,2
2006-08-31 00:00:00,16140.759765625,3
2006-09-01 00:00:00,16134.25,4
2006-09-04 00:00:00,16358.0703125,0
2006-09-05 00:00:00,16385.9609375,1
2006-09-06 00:00:00,16284.08984375,2
2006-09-07 00:00:00,16012.41015625,3
2006-09-08 00:00:00,16080.4599609375,4
2006-09-11 00:00:00,15794.3798828125,0
2006-09-12 00:00:00,15719.33984375,1
2006-09-13 00:00:00,15750.0498046875,2
2006-09-14 00:00:00,15942.3896484375,3
2006-09-15 00:00:00,15866.9296875,4
2006-09-19 00:00:00,15874.2802734375,1
2006-09-20 00:00:00,15718.669921875,2
2006-09-21 00:00:00,15834.23046875,3
2006-09-22 00:00:00,15634.669921875,4
2006-09-25 00:00:00,15633.8095703125,0
2006-09-26 00:00:00,15557.4501953125,1
2006-09-27 00:00:00,15947.8701171875,2
2006-09-28 00:00:00,16024.849609375,3
2006-09-29 00:00:00,16127.580078125,4
2006-10-02 00:00:00,16254.2900390625,0
2006-10-03 00:00:00,16242.08984375,1
2006-10-04 00:00:00,16082.5498046875,2
2006-10-05 00:00:00,16449.330078125,3
2006-10-06 00:00:00,16436.060546875,4
2006-10-10 00:00:00,16477.25,1
2006-10-11 00:00:00,16400.5703125,2
2006-10-12 00:00:00,16368.8095703125,3
2006-10-13 00:00:00,16536.5390625,4
2006-10-16 00:00:00,16692.759765625,0
2006-10-17 00:00:00,16611.58984375,1
2006-10-18 00:00:00,16653.0,2
2006-10-19 00:00:00,16551.359375,3
2006-10-20 00:00:00,16651.630859375,4
2006-10-23 00:00:00,16788.8203125,0
2006-10-24 00:00:00,16780.470703125,1
2006-10-25 00:00:00,16699.30078125,2
2006-10-26 00:00:00,16811.599609375,3
2006-10-27 00:00:00,16669.0703125,4
2006-10-30 00:00:00,16351.849609375,0
2006-10-31 00:00:00,16399.390625,1
2006-11-01 00:00:00,16375.259765625,2
2006-11-02 00:00:00,16350.01953125,3
2006-11-06 00:00:00,16364.759765625,0
2006-11-07 00:00:00,16393.41015625,1
2006-11-08 00:00:00,16215.740234375,2
2006-11-09 00:00:00,16198.5703125,3
2006-11-10 00:00:00,16112.4296875,4
2006-11-13 00:00:00,16022.490234375,0
2006-11-14 00:00:00,16289.5498046875,1
2006-11-15 00:00:00,16243.4697265625,2
2006-11-16 00:00:00,16163.8701171875,3
2006-11-17 00:00:00,16091.73046875,4
2006-11-20 00:00:00,15725.9404296875,0
2006-11-21 00:00:00,15734.1396484375,1
2006-11-22 00:00:00,15914.23046875,2
2006-11-24 00:00:00,15734.599609375,4
2006-11-27 00:00:00,15885.3798828125,0
2006-11-28 00:00:00,15855.259765625,1
2006-11-29 00:00:00,16076.2001953125,2
2006-11-30 00:00:00,16274.330078125,3
2006-12-01 00:00:00,16321.7802734375,4
2006-12-04 00:00:00,16303.58984375,0
2006-12-05 00:00:00,16265.759765625,1
2006-12-06 00:00:00,16371.2802734375,2
2006-12-07 00:00:00,16473.359375,3
2006-12-08 00:00:00,16417.8203125,4
2006-12-11 00:00:00,16527.990234375,0
2006-12-12 00:00:00,16637.779296875,1
2006-12-13 00:00:00,16692.9296875,2
2006-12-14 00:00:00,16829.19921875,3
2006-12-15 00:00:00,16914.310546875,4
2006-12-18 00:00:00,16962.109375,0
2006-12-19 00:00:00,16776.880859375,1
2006-12-20 00:00:00,17011.0390625,2
2006-12-21 00:00:00,17047.830078125,3
2006-12-22 00:00:00,17104.9609375,4
2006-12-25 00:00:00,17092.890625,0
2006-12-26 00:00:00,17169.189453125,1
2006-12-27 00:00:00,17223.150390625,2
2006-12-28 00:00:00,17224.810546875,3
2006-12-29 00:00:00,17225.830078125,4
2007-01-04 00:00:00,17353.669921875,3
2007-01-05 00:00:00,17091.58984375,4
2007-01-09 00:00:00,17237.76953125,1
2007-01-10 00:00:00,16942.400390625,2
2007-01-11 00:00:00,16838.169921875,3
2007-01-12 00:00:00,17057.009765625,4
2007-01-15 00:00:00,17209.919921875,0
2007-01-16 00:00:00,17202.4609375,1
2007-01-17 00:00:00,17261.349609375,2
2007-01-18 00:00:00,17370.9296875,3
2007-01-19 00:00:00,17310.439453125,4
2007-01-22 00:00:00,17424.1796875,0
2007-01-23 00:00:00,17408.5703125,1
2007-01-24 00:00:00,17507.400390625,2
2007-01-25 00:00:00,17458.30078125,3
2007-01-26 00:00:00,17421.9296875,4
2007-01-29 00:00:00,17470.4609375,0
2007-01-30 00:00:00,17490.189453125,1
2007-01-31 00:00:00,17383.419921875,2
2007-02-01 00:00:00,17519.5,3
2007-02-02 00:00:00,17547.109375,4
2007-02-05 00:00:00,17344.80078125,0
2007-02-06 00:00:00,17406.859375,1
2007-02-07 00:00:00,17292.3203125,2
2007-02-08 00:00:00,17292.48046875,3
2007-02-09 00:00:00,17504.330078125,4
2007-02-13 00:00:00,17621.44921875,1
2007-02-14 00:00:00,17752.640625,2
2007-02-15 00:00:00,17897.23046875,3
2007-02-16 00:00:00,17875.650390625,4
2007-02-19 00:00:00,17940.08984375,0
2007-02-20 00:00:00,17939.119140625,1
2007-02-21 00:00:00,17913.2109375,2
2007-02-22 00:00:00,18108.7890625,3
2007-02-23 00:00:00,18188.419921875,4
2007-02-26 00:00:00,18215.349609375,0
2007-02-27 00:00:00,18119.919921875,1
2007-02-28 00:00:00,17604.119140625,2
2007-03-01 00:00:00,17453.509765625,3
2007-03-02 00:00:00,17217.9296875,4
2007-03-05 00:00:00,16642.25,0
2007-03-06 00:00:00,16844.5,1
2007-03-07 00:00:00,16764.619140625,2
2007-03-08 00:00:00,17090.310546875,3
2007-03-09 00:00:00,17164.0390625,4
2007-03-12 00:00:00,17292.390625,0
2007-03-13 00:00:00,17178.83984375,1
2007-03-14 00:00:00,16676.890625,2
2007-03-15 00:00:00,16860.390625,3
2007-03-16 00:00:00,16744.150390625,4
2007-03-19 00:00:00,17009.55078125,0
2007-03-20 00:00:00,17163.19921875,1
2007-03-22 00:00:00,17419.19921875,3
2007-03-23 00:00:00,17480.609375,4
2007-03-26 00:00:00,17521.9609375,0
2007-03-27 00:00:00,17365.05078125,1
2007-03-28 00:00:00,17254.73046875,2
2007-03-29 00:00:00,17263.939453125,3
2007-03-30 00:00:00,17287.650390625,4
2007-04-02 00:00:00,17028.41015625,0
2007-04-03 00:00:00,17244.05078125,1
2007-04-04 00:00:00,17544.08984375,2
2007-04-05 00:00:00,17491.419921875,3
2007-04-06 00:00:00,17484.779296875,4
2007-04-09 00:00:00,17743.759765625,0
2007-04-10 00:00:00,17664.689453125,1
2007-04-11 00:00:00,17670.0703125,2
2007-04-12 00:00:00,17540.419921875,3
2007-04-13 00:00:00,17363.94921875,4
2007-04-16 00:00:00,17628.30078125,0
2007-04-17 00:00:00,17527.44921875,1
2007-04-18 00:00:00,17667.330078125,2
2007-04-19 00:00:00,17371.970703125,3
2007-04-20 00:00:00,17452.619140625,4
2007-04-23 00:00:00,17455.369140625,0
2007-04-24 00:00:00,17451.76953125,1
2007-04-25 00:00:00,17236.16015625,2
2007-04-26 00:00:00,17429.169921875,3
2007-04-27 00:00:00,17400.41015625,4
2007-05-01 00:00:00,17274.98046875,1
2007-05-02 00:00:00,17394.919921875,2
2007-05-07 00:00:00,17669.830078125,0
2007-05-08 00:00:00,17656.83984375,1
2007-05-09 00:00:00,17748.119140625,2
2007-05-10 00:00:00,17736.9609375,3
2007-05-11 00:00:00,17553.720703125,4
2007-05-14 00:00:00,17677.939453125,0
2007-05-15 00:00:00,17512.98046875,1
2007-05-16 00:00:00,17529.0,2
2007-05-17 00:00:00,17498.599609375,3
2007-05-18 00:00:00,17399.580078125,4
2007-05-21 00:00:00,17556.869140625,0
2007-05-22 00:00:00,17680.05078125,1
2007-05-23 00:00:00,17705.119140625,2
2007-05-24 00:00:00,17696.970703125,3
2007-05-25 00:00:00,17481.2109375,4
2007-05-28 00:00:00,17587.58984375,0
2007-05-29 00:00:00,17672.560546875,1
2007-05-30 00:00:00,17588.259765625,2
2007-05-31 00:00:00,17875.75,3
2007-06-01 00:00:00,17958.880859375,4
2007-06-04 00:00:00,17973.419921875,0
2007-06-05 00:00:00,18053.810546875,1
2007-06-06 00:00:00,18040.9296875,2
2007-06-07 00:00:00,18053.380859375,3
2007-06-08 00:00:00,17779.08984375,4
2007-06-11 00:00:00,17834.48046875,0
2007-06-12 00:00:00,17760.91015625,1
2007-06-13 00:00:00,17732.76953125,2
2007-06-14 00:00:00,17842.2890625,3
2007-06-15 00:00:00,17971.490234375,4
2007-06-18 00:00:00,18149.51953125,0
2007-06-19 00:00:00,18163.609375,1
2007-06-20 00:00:00,18211.6796875,2
2007-06-21 00:00:00,18240.30078125,3
2007-06-22 00:00:00,18188.630859375,4
2007-06-25 00:00:00,18087.48046875,0
2007-06-26 00:00:00,18066.109375,1
2007-06-27 00:00:00,17849.279296875,2
2007-06-28 00:00:00,17932.26953125,3
2007-06-29 00:00:00,18138.359375,4
2007-07-02 00:00:00,18146.30078125,0
2007-07-03 00:00:00,18149.900390625,1
2007-07-04 00:00:00,18168.720703125,2
2007-07-05 00:00:00,18221.48046875,3
2007-07-06 00:00:00,18140.939453125,4
2007-07-09 00:00:00,18261.98046875,0
2007-07-10 00:00:00,18252.669921875,1
2007-07-11 00:00:00,18049.509765625,2
2007-07-12 00:00:00,17984.140625,3
2007-07-13 00:00:00,18238.94921875,4
2007-07-17 00:00:00,18217.26953125,1
2007-07-18 00:00:00,18015.580078125,2
2007-07-19 00:00:00,18116.5703125,3
2007-07-20 00:00:00,18157.9296875,4
2007-07-23 00:00:00,17963.640625,0
2007-07-24 00:00:00,18002.029296875,1
2007-07-25 00:00:00,17858.419921875,2
2007-07-26 00:00:00,17702.08984375,3
2007-07-27 00:00:00,17283.810546875,4
2007-07-30 00:00:00,17289.30078125,0
2007-07-31 00:00:00,17248.890625,1
2007-08-01 00:00:00,16870.98046875,2
2007-08-02 00:00:00,16984.109375,3
2007-08-03 00:00:00,16979.859375,4
2007-08-06 00:00:00,16914.4609375,0
2007-08-07 00:00:00,16921.76953125,1
2007-08-08 00:00:00,17029.279296875,2
2007-08-09 00:00:00,17170.599609375,3
2007-08-10 00:00:00,16764.08984375,4
2007-08-13 00:00:00,16800.05078125,0
2007-08-14 00:00:00,16844.609375,1
2007-08-15 00:00:00,16475.609375,2
2007-08-16 00:00:00,16148.490234375,3
2007-08-17 00:00:00,15273.6796875,4
2007-08-20 00:00:00,15732.48046875,0
2007-08-21 00:00:00,15901.33984375,1
2007-08-22 00:00:00,15900.6396484375,2
2007-08-23 00:00:00,16316.3203125,3
2007-08-24 00:00:00,16248.9697265625,4
2007-08-27 00:00:00,16301.3896484375,0
2007-08-28 00:00:00,16287.490234375,1
2007-08-29 00:00:00,16012.830078125,2
2007-08-30 00:00:00,16153.8203125,3
2007-08-31 00:00:00,16569.08984375,4
2007-09-03 00:00:00,16524.9296875,0
2007-09-04 00:00:00,16420.470703125,1
2007-09-05 00:00:00,16158.4501953125,2
2007-09-06 00:00:00,16257.0,3
2007-09-07 00:00:00,16122.16015625,4
2007-09-10 00:00:00,15764.9697265625,0
2007-09-11 00:00:00,15877.669921875,1
2007-09-12 00:00:00,15797.599609375,2
2007-09-13 00:00:00,15821.1904296875,3
2007-09-14 00:00:00,16127.419921875,4
2007-09-18 00:00:00,15801.7998046875,1
2007-09-19 00:00:00,16381.5400390625,2
2007-09-20 00:00:00,16413.7890625,3
2007-09-21 00:00:00,16312.6103515625,4
2007-09-25 00:00:00,16401.73046875,1
2007-09-26 00:00:00,16435.740234375,2
2007-09-27 00:00:00,16832.220703125,3
2007-09-28 00:00:00,16785.689453125,4
2007-10-01 00:00:00,16845.9609375,0
2007-10-02 00:00:00,17046.779296875,1
2007-10-03 00:00:00,17199.890625,2
2007-10-04 00:00:00,17092.490234375,3
2007-10-05 00:00:00,17065.0390625,4
2007-10-09 00:00:00,17159.900390625,1
2007-10-10 00:00:00,17177.890625,2
2007-10-11 00:00:00,17458.98046875,3
2007-10-12 00:00:00,17331.169921875,4
2007-10-15 00:00:00,17358.150390625,0
2007-10-16 00:00:00,17137.919921875,1
2007-10-17 00:00:00,16955.310546875,2
2007-10-18 00:00:00,17106.08984375,3
2007-10-19 00:00:00,16814.369140625,4
2007-10-22 00:00:00,16438.470703125,0
2007-10-23 00:00:00,16450.580078125,1
2007-10-24 00:00:00,16358.3896484375,2
2007-10-25 00:00:00,16284.169921875,3
2007-10-26 00:00:00,16505.630859375,4
2007-10-29 00:00:00,16698.080078125,0
2007-10-30 00:00:00,16651.009765625,1
2007-10-31 00:00:00,16737.630859375,2
2007-11-01 00:00:00,16870.400390625,3
2007-11-02 00:00:00,16517.48046875,4
2007-11-05 00:00:00,16268.919921875,0
2007-11-06 00:00:00,16249.6298828125,1
2007-11-07 00:00:00,16096.6796875,2
2007-11-08 00:00:00,15771.5703125,3
2007-11-09 00:00:00,15583.419921875,4
2007-11-12 00:00:00,15197.08984375,0
2007-11-13 00:00:00,15126.6298828125,1
2007-11-14 00:00:00,15499.5595703125,2
2007-11-15 00:00:00,15396.2998046875,3
2007-11-16 00:00:00,15154.6103515625,4
2007-11-19 00:00:00,15042.5595703125,0
2007-11-20 00:00:00,15211.51953125,1
2007-11-21 00:00:00,14837.66015625,2
2007-11-22 00:00:00,14888.76953125,3
2007-11-26 00:00:00,15135.2099609375,0
2007-11-27 00:00:00,15222.849609375,1
2007-11-28 00:00:00,15153.7802734375,2
2007-11-29 00:00:00,15513.740234375,3
2007-11-30 00:00:00,15680.669921875,4
2007-12-03 00:00:00,15628.9697265625,0
2007-12-04 00:00:00,15480.1904296875,1
2007-12-05 00:00:00,15608.8798828125,2
2007-12-06 00:00:00,15874.080078125,3
2007-12-07 00:00:00,15956.3701171875,4
2007-12-10 00:00:00,15924.3896484375,0
2007-12-11 00:00:00,16044.7197265625,1
2007-12-12 00:00:00,15932.259765625,2
2007-12-13 00:00:00,15536.51953125,3
2007-12-14 00:00:00,15514.509765625,4
2007-12-17 00:00:00,15249.7900390625,0
2007-12-18 00:00:00,15207.8603515625,1
2007-12-19 00:00:00,15030.509765625,2
2007-12-20 00:00:00,15031.599609375,3
2007-12-21 00:00:00,15257.0,4
2007-12-25 00:00:00,15552.58984375,1
2007-12-26 00:00:00,15653.5400390625,2
2007-12-27 00:00:00,15564.6904296875,3
2007-12-28 00:00:00,15307.7802734375,4
2008-01-04 00:00:00,14691.41015625,4
2008-01-07 00:00:00,14500.5498046875,0
2008-01-08 00:00:00,14528.669921875,1
2008-01-09 00:00:00,14599.16015625,2
2008-01-10 00:00:00,14388.1103515625,3
2008-01-11 00:00:00,14110.7900390625,4
2008-01-15 00:00:00,13972.6298828125,1
2008-01-16 00:00:00,13504.509765625,2
2008-01-17 00:00:00,13783.4501953125,3
2008-01-18 00:00:00,13861.2900390625,4
2008-01-21 00:00:00,13325.9404296875,0
2008-01-22 00:00:00,12573.0498046875,1
2008-01-23 00:00:00,12829.0595703125,2
2008-01-24 00:00:00,13092.7802734375,3
2008-01-25 00:00:00,13629.16015625,4
2008-01-28 00:00:00,13087.91015625,0
2008-01-29 00:00:00,13478.8603515625,1
2008-01-30 00:00:00,13345.0302734375,2
2008-01-31 00:00:00,13592.4697265625,3
2008-02-01 00:00:00,13497.16015625,4
2008-02-04 00:00:00,13859.7001953125,0
2008-02-05 00:00:00,13745.5,1
2008-02-06 00:00:00,13099.240234375,2
2008-02-07 00:00:00,13207.150390625,3
2008-02-08 00:00:00,13017.240234375,4
2008-02-12 00:00:00,13021.9599609375,1
2008-02-13 00:00:00,13068.2998046875,2
2008-02-14 00:00:00,13626.4501953125,3
2008-02-15 00:00:00,13622.5595703125,4
2008-02-18 00:00:00,13635.400390625,0
2008-02-19 00:00:00,13757.91015625,1
2008-02-20 00:00:00,13310.3701171875,2
2008-02-21 00:00:00,13688.2802734375,3
2008-02-22 00:00:00,13500.4599609375,4
2008-02-25 00:00:00,13914.5703125,0
2008-02-26 00:00:00,13824.7197265625,1
2008-02-27 00:00:00,14031.2998046875,2
2008-02-28 00:00:00,13925.509765625,3
2008-02-29 00:00:00,13603.01953125,4
2008-03-03 00:00:00,12992.1796875,0
2008-03-04 00:00:00,12992.2802734375,1
2008-03-05 00:00:00,12972.0595703125,2
2008-03-06 00:00:00,13215.419921875,3
2008-03-07 00:00:00,12782.7998046875,4
2008-03-10 00:00:00,12532.1298828125,0
2008-03-11 00:00:00,12658.2802734375,1
2008-03-12 00:00:00,12861.1298828125,2
2008-03-13 00:00:00,12433.4404296875,3
2008-03-14 00:00:00,12241.599609375,4
2008-03-17 00:00:00,11787.509765625,0
2008-03-18 00:00:00,11964.16015625,1
2008-03-19 00:00:00,12260.4404296875,2
2008-03-21 00:00:00,12482.5703125,4
2008-03-24 00:00:00,12480.08984375,0
2008-03-25 00:00:00,12745.2197265625,1
2008-03-26 00:00:00,12706.6298828125,2
2008-03-27 00:00:00,12604.580078125,3
2008-03-28 00:00:00,12820.4697265625,4
2008-03-31 00:00:00,12525.5400390625,0
2008-04-01 00:00:00,12656.419921875,1
2008-04-02 00:00:00,13189.3603515625,2
2008-04-03 00:00:00,13389.900390625,3
2008-04-04 00:00:00,13293.2197265625,4
2008-04-07 00:00:00,13450.23046875,0
2008-04-08 00:00:00,13250.4296875,1
2008-04-09 00:00:00,13111.8896484375,2
2008-04-10 00:00:00,12945.2998046875,3
2008-04-11 00:00:00,13323.73046875,4
2008-04-14 00:00:00,12917.509765625,0
2008-04-15 00:00:00,12990.580078125,1
2008-04-16 00:00:00,13146.1298828125,2
2008-04-17 00:00:00,13398.2998046875,3
2008-04-18 00:00:00,13476.4501953125,4
2008-04-21 00:00:00,13696.5498046875,0
2008-04-22 00:00:00,13547.8203125,1
2008-04-23 00:00:00,13579.16015625,2
2008-04-24 00:00:00,13540.8701171875,3
2008-04-25 00:00:00,13863.4697265625,4
2008-04-28 00:00:00,13894.3701171875,0
2008-04-30 00:00:00,13849.990234375,2
2008-05-01 00:00:00,13766.8603515625,3
2008-05-02 00:00:00,14049.259765625,4
2008-05-07 00:00:00,14102.48046875,2
2008-05-08 00:00:00,13943.259765625,3
2008-05-09 00:00:00,13655.33984375,4
2008-05-12 00:00:00,13743.3603515625,0
2008-05-13 00:00:00,13953.73046875,1
2008-05-14 00:00:00,14118.5498046875,2
2008-05-15 00:00:00,14251.740234375,3
2008-05-16 00:00:00,14219.48046875,4
2008-05-19 00:00:00,14269.6103515625,0
2008-05-20 00:00:00,14160.08984375,1
2008-05-21 00:00:00,13926.2998046875,2
2008-05-22 00:00:00,13978.4599609375,3
2008-05-23 00:00:00,14012.2001953125,4
2008-05-26 00:00:00,13690.1904296875,0
2008-05-27 00:00:00,13893.3095703125,1
2008-05-28 00:00:00,13709.4404296875,2
2008-05-29 00:00:00,14124.4697265625,3
2008-05-30 00:00:00,14338.5400390625,4
2008-06-02 00:00:00,14440.1396484375,0
2008-06-03 00:00:00,14209.169921875,1
2008-06-04 00:00:00,14435.5703125,2
2008-06-05 00:00:00,14341.1201171875,3
2008-06-06 00:00:00,14489.4404296875,4
2008-06-09 00:00:00,14181.3798828125,0
2008-06-10 00:00:00,14021.169921875,1
2008-06-11 00:00:00,14183.48046875,2
2008-06-12 00:00:00,13888.599609375,3
2008-06-13 00:00:00,13973.73046875,4
2008-06-16 00:00:00,14354.3701171875,0
2008-06-17 00:00:00,14348.3701171875,1
2008-06-18 00:00:00,14452.8203125,2
2008-06-19 00:00:00,14130.169921875,3
2008-06-20 00:00:00,13942.080078125,4
2008-06-23 00:00:00,13857.4697265625,0
2008-06-24 00:00:00,13849.5595703125,1
2008-06-25 00:00:00,13829.919921875,2
2008-06-26 00:00:00,13822.3203125,3
2008-06-27 00:00:00,13544.3603515625,4
2008-06-30 00:00:00,13481.3798828125,0
2008-07-01 00:00:00,13463.2001953125,1
2008-07-02 00:00:00,13286.3701171875,2
2008-07-03 00:00:00,13265.400390625,3
2008-07-04 00:00:00,13237.8896484375,4
2008-07-07 00:00:00,13360.0400390625,0
2008-07-08 00:00:00,13033.099609375,1
2008-07-09 00:00:00,13052.1298828125,2
2008-07-10 00:00:00,13067.2099609375,3
2008-07-11 00:00:00,13039.6904296875,4
2008-07-14 00:00:00,13010.16015625,0
2008-07-15 00:00:00,12754.5595703125,1
2008-07-16 00:00:00,12760.7998046875,2
2008-07-17 00:00:00,12887.9501953125,3
2008-07-18 00:00:00,12803.7001953125,4
2008-07-22 00:00:00,13184.9599609375,1
2008-07-23 00:00:00,13312.9296875,2
2008-07-24 00:00:00,13603.3095703125,3
2008-07-25 00:00:00,13334.759765625,4
2008-07-28 00:00:00,13353.7802734375,0
2008-07-29 00:00:00,13159.4501953125,1
2008-07-30 00:00:00,13367.7900390625,2
2008-07-31 00:00:00,13376.8095703125,3
2008-08-01 00:00:00,13094.58984375,4
2008-08-04 00:00:00,12933.1796875,0
2008-08-05 00:00:00,12914.66015625,1
2008-08-06 00:00:00,13254.8896484375,2
2008-08-07 00:00:00,13124.990234375,3
2008-08-08 00:00:00,13168.41015625,4
2008-08-11 00:00:00,13430.91015625,0
2008-08-12 00:00:00,13303.599609375,1
2008-08-13 00:00:00,13023.0498046875,2
2008-08-14 00:00:00,12956.7998046875,3
2008-08-15 00:00:00,13019.41015625,4
2008-08-18 00:00:00,13165.4501953125,0
2008-08-19 00:00:00,12865.0498046875,1
2008-08-20 00:00:00,12851.6904296875,2
2008-08-21 00:00:00,12752.2099609375,3
2008-08-22 00:00:00,12666.0400390625,4
2008-08-25 00:00:00,12878.66015625,0
2008-08-26 00:00:00,12778.7099609375,1
2008-08-27 00:00:00,12752.9599609375,2
2008-08-28 00:00:00,12768.25,3
2008-08-29 00:00:00,13072.8701171875,4
2008-09-01 00:00:00,12834.1796875,0
2008-09-02 00:00:00,12609.4697265625,1
2008-09-03 00:00:00,12689.58984375,2
2008-09-04 00:00:00,12557.66015625,3
2008-09-05 00:00:00,12212.23046875,4
2008-09-08 00:00:00,12624.4599609375,0
2008-09-09 00:00:00,12400.650390625,1
2008-09-10 00:00:00,12346.6298828125,2
2008-09-11 00:00:00,12102.5,3
2008-09-12 00:00:00,12214.759765625,4
2008-09-16 00:00:00,11609.7197265625,1
2008-09-17 00:00:00,11749.7900390625,2
2008-09-18 00:00:00,11489.2998046875,3
2008-09-19 00:00:00,11920.8603515625,4
2008-09-22 00:00:00,12090.58984375,0
2008-09-24 00:00:00,12115.0302734375,2
2008-09-25 00:00:00,12006.5302734375,3
2008-09-26 00:00:00,11893.16015625,4
2008-09-29 00:00:00,11743.6103515625,0
2008-09-30 00:00:00,11259.8603515625,1
2008-10-01 00:00:00,11368.259765625,2
2008-10-02 00:00:00,11154.759765625,3
2008-10-03 00:00:00,10938.1396484375,4
2008-10-06 00:00:00,10473.08984375,0
2008-10-07 00:00:00,10155.900390625,1
2008-10-08 00:00:00,9203.3203125,2
2008-10-09 00:00:00,9157.490234375,3
2008-10-10 00:00:00,8276.4296875,4
2008-10-14 00:00:00,9447.5703125,1
2008-10-15 00:00:00,9547.4697265625,2
2008-10-16 00:00:00,8458.4501953125,3
2008-10-17 00:00:00,8693.8203125,4
2008-10-20 00:00:00,9005.58984375,0
2008-10-21 00:00:00,9306.25,1
2008-10-22 00:00:00,8674.6904296875,2
2008-10-23 00:00:00,8460.98046875,3
2008-10-24 00:00:00,7649.080078125,4
2008-10-27 00:00:00,7162.89990234375,0
2008-10-28 00:00:00,7621.919921875,1
2008-10-29 00:00:00,8211.900390625,2
2008-10-30 00:00:00,9029.759765625,3
2008-10-31 00:00:00,8576.98046875,4
2008-11-04 00:00:00,9114.599609375,1
2008-11-05 00:00:00,9521.240234375,2
2008-11-06 00:00:00,8899.1396484375,3
2008-11-07 00:00:00,8583.0,4
2008-11-10 00:00:00,9081.4296875,0
2008-11-11 00:00:00,8809.2998046875,1
2008-11-12 00:00:00,8695.509765625,2
2008-11-13 00:00:00,8238.6396484375,3
2008-11-14 00:00:00,8462.3896484375,4
2008-11-17 00:00:00,8522.580078125,0
2008-11-18 00:00:00,8328.41015625,1
2008-11-19 00:00:00,8273.2197265625,2
2008-11-20 00:00:00,7703.0400390625,3
2008-11-21 00:00:00,7910.7900390625,4
2008-11-25 00:00:00,8323.9296875,1
2008-11-26 00:00:00,8213.2197265625,2
2008-11-27 00:00:00,8373.3896484375,3
2008-11-28 00:00:00,8512.26953125,4
2008-12-01 00:00:00,8397.2197265625,0
2008-12-02 00:00:00,7863.68994140625,1
2008-12-03 00:00:00,8004.10009765625,2
2008-12-04 00:00:00,7924.240234375,3
2008-12-05 00:00:00,7917.509765625,4
2008-12-08 00:00:00,8329.0498046875,0
2008-12-09 00:00:00,8395.8701171875,1
2008-12-10 00:00:00,8660.240234375,2
2008-12-11 00:00:00,8720.5498046875,3
2008-12-12 00:00:00,8235.8701171875,4
2008-12-15 00:00:00,8664.66015625,0
2008-12-16 00:00:00,8568.01953125,1
2008-12-17 00:00:00,8612.51953125,2
2008-12-18 00:00:00,8667.23046875,3
2008-12-19 00:00:00,8588.51953125,4
2008-12-22 00:00:00,8723.7802734375,0
2008-12-24 00:00:00,8517.099609375,2
2008-12-25 00:00:00,8599.5,3
2008-12-26 00:00:00,8739.51953125,4
2008-12-29 00:00:00,8747.169921875,0
2008-12-30 00:00:00,8859.5595703125,1
2009-01-05 00:00:00,9043.1201171875,0
2009-01-06 00:00:00,9080.83984375,1
2009-01-07 00:00:00,9239.240234375,2
2009-01-08 00:00:00,8876.419921875,3
2009-01-09 00:00:00,8836.7998046875,4
2009-01-13 00:00:00,8413.91015625,1
2009-01-14 00:00:00,8438.4501953125,2
2009-01-15 00:00:00,8023.31005859375,3
2009-01-16 00:00:00,8230.150390625,4
2009-01-19 00:00:00,8256.849609375,0
2009-01-20 00:00:00,8065.7900390625,1
2009-01-21 00:00:00,7901.64013671875,2
2009-01-22 00:00:00,8051.740234375,3
2009-01-23 00:00:00,7745.25,4
2009-01-26 00:00:00,7682.14013671875,0
2009-01-27 00:00:00,8061.06982421875,1
2009-01-28 00:00:00,8106.2900390625,2
2009-01-29 00:00:00,8251.240234375,3
2009-01-30 00:00:00,7994.0498046875,4
2009-02-02 00:00:00,7873.97998046875,0
2009-02-03 00:00:00,7825.509765625,1
2009-02-04 00:00:00,8038.93994140625,2
2009-02-05 00:00:00,7949.64990234375,3
2009-02-06 00:00:00,8076.6201171875,4
2009-02-09 00:00:00,7969.02978515625,0
2009-02-10 00:00:00,7945.93994140625,1
2009-02-12 00:00:00,7705.35986328125,3
2009-02-13 00:00:00,7779.39990234375,4
2009-02-16 00:00:00,7750.169921875,0
2009-02-17 00:00:00,7645.509765625,1
2009-02-18 00:00:00,7534.43994140625,2
2009-02-19 00:00:00,7557.64990234375,3
2009-02-20 00:00:00,7416.3798828125,4
2009-02-23 00:00:00,7376.16015625,0
2009-02-24 00:00:00,7268.56005859375,1
2009-02-25 00:00:00,7461.22021484375,2
2009-02-26 00:00:00,7457.93017578125,3
2009-02-27 00:00:00,7568.419921875,4
2009-03-02 00:00:00,7280.14990234375,0
2009-03-03 00:00:00,7229.72021484375,1
2009-03-04 00:00:00,7290.9599609375,2
2009-03-05 00:00:00,7433.490234375,3
2009-03-06 00:00:00,7173.10009765625,4
2009-03-09 00:00:00,7086.02978515625,0
2009-03-10 00:00:00,7054.97998046875,1
2009-03-11 00:00:00,7376.1201171875,2
2009-03-12 00:00:00,7198.25,3
2009-03-13 00:00:00,7569.27978515625,4
2009-03-16 00:00:00,7704.14990234375,0
2009-03-17 00:00:00,7949.1298828125,1
2009-03-18 00:00:00,7972.169921875,2
2009-03-19 00:00:00,7945.9599609375,3
2009-03-23 00:00:00,8215.5302734375,0
2009-03-24 00:00:00,8488.2998046875,1
2009-03-25 00:00:00,8479.990234375,2
2009-03-26 00:00:00,8636.330078125,3
2009-03-27 00:00:00,8626.9697265625,4
2009-03-30 00:00:00,8236.080078125,0
2009-03-31 00:00:00,8109.52978515625,1
2009-04-01 00:00:00,8351.91015625,2
2009-04-02 00:00:00,8719.7802734375,3
2009-04-03 00:00:00,8749.83984375,4
2009-04-06 00:00:00,8857.9296875,0
2009-04-07 00:00:00,8832.849609375,1
2009-04-08 00:00:00,8595.009765625,2
2009-04-09 00:00:00,8916.0595703125,3
2009-04-10 00:00:00,8964.1103515625,4
2009-04-13 00:00:00,8924.4296875,0
2009-04-14 00:00:00,8842.6796875,1
2009-04-15 00:00:00,8742.9599609375,2
2009-04-16 00:00:00,8755.259765625,3
2009-04-17 00:00:00,8907.580078125,4
2009-04-20 00:00:00,8924.75,0
2009-04-21 00:00:00,8711.330078125,1
2009-04-22 00:00:00,8727.2998046875,2
2009-04-23 00:00:00,8847.009765625,3
2009-04-24 00:00:00,8707.990234375,4
2009-04-27 00:00:00,8726.33984375,0
2009-04-28 00:00:00,8493.76953125,1
2009-04-30 00:00:00,8828.259765625,3
2009-05-01 00:00:00,8977.3701171875,4
2009-05-07 00:00:00,9385.7001953125,3
2009-05-08 00:00:00,9432.830078125,4
2009-05-11 00:00:00,9451.98046875,0
2009-05-12 00:00:00,9298.6103515625,1
2009-05-13 00:00:00,9340.490234375,2
2009-05-14 00:00:00,9093.73046875,3
2009-05-15 00:00:00,9265.01953125,4
2009-05-18 00:00:00,9038.6904296875,0
2009-05-19 00:00:00,9290.2900390625,1
2009-05-20 00:00:00,9344.6396484375,2
2009-05-21 00:00:00,9264.150390625,3
2009-05-22 00:00:00,9225.8095703125,4
2009-05-25 00:00:00,9347.0,0
2009-05-26 00:00:00,9310.8095703125,1
2009-05-27 00:00:00,9438.76953125,2
2009-05-28 00:00:00,9451.3896484375,3
2009-05-29 00:00:00,9522.5,4
2009-06-01 00:00:00,9677.75,0
2009-06-02 00:00:00,9704.3095703125,1
2009-06-03 00:00:00,9741.669921875,2
2009-06-04 00:00:00,9668.9599609375,3
2009-06-05 00:00:00,9768.009765625,4
2009-06-08 00:00:00,9865.6298828125,0
2009-06-09 00:00:00,9786.8203125,1
2009-06-10 00:00:00,9991.490234375,2
2009-06-11 00:00:00,9981.330078125,3
2009-06-12 00:00:00,10135.8203125,4
2009-06-15 00:00:00,10039.669921875,0
2009-06-16 00:00:00,9752.8798828125,1
2009-06-17 00:00:00,9840.849609375,2
2009-06-18 00:00:00,9703.7197265625,3
2009-06-19 00:00:00,9786.259765625,4
2009-06-22 00:00:00,9826.26953125,0
2009-06-23 00:00:00,9549.6103515625,1
2009-06-24 00:00:00,9590.3203125,2
2009-06-25 00:00:00,9796.080078125,3
2009-06-26 00:00:00,9877.3896484375,4
2009-06-29 00:00:00,9783.4697265625,0
2009-06-30 00:00:00,9958.4404296875,1
2009-07-01 00:00:00,9939.9296875,2
2009-07-02 00:00:00,9876.150390625,3
2009-07-03 00:00:00,9816.0703125,4
2009-07-06 00:00:00,9680.8701171875,0
2009-07-07 00:00:00,9647.7900390625,1
2009-07-08 00:00:00,9420.75,2
2009-07-09 00:00:00,9291.0595703125,3
2009-07-10 00:00:00,9287.2802734375,4
2009-07-13 00:00:00,9050.330078125,0
2009-07-14 00:00:00,9261.8095703125,1
2009-07-15 00:00:00,9269.25,2
2009-07-16 00:00:00,9344.16015625,3
2009-07-17 00:00:00,9395.3203125,4
2009-07-21 00:00:00,9652.01953125,1
2009-07-22 00:00:00,9723.16015625,2
2009-07-23 00:00:00,9792.9404296875,3
2009-07-24 00:00:00,9944.5498046875,4
2009-07-27 00:00:00,10088.66015625,0
2009-07-28 00:00:00,10087.259765625,1
2009-07-29 00:00:00,10113.240234375,2
2009-07-30 00:00:00,10165.2099609375,3
2009-07-31 00:00:00,10356.830078125,4
2009-08-03 00:00:00,10352.4697265625,0
2009-08-04 00:00:00,10375.009765625,1
2009-08-05 00:00:00,10252.5302734375,2
2009-08-06 00:00:00,10388.08984375,3
2009-08-07 00:00:00,10412.08984375,4
2009-08-10 00:00:00,10524.259765625,0
2009-08-11 00:00:00,10585.4599609375,1
2009-08-12 00:00:00,10435.0,2
2009-08-13 00:00:00,10517.1904296875,3
2009-08-14 00:00:00,10597.330078125,4
2009-08-17 00:00:00,10268.6103515625,0
2009-08-18 00:00:00,10284.9599609375,1
2009-08-19 00:00:00,10204.0,2
2009-08-20 00:00:00,10383.41015625,3
2009-08-21 00:00:00,10238.2001953125,4
2009-08-24 00:00:00,10581.0498046875,0
2009-08-25 00:00:00,10497.3603515625,1
2009-08-26 00:00:00,10639.7099609375,2
2009-08-27 00:00:00,10473.9697265625,3
2009-08-28 00:00:00,10534.1396484375,4
2009-08-31 00:00:00,10492.5302734375,0
2009-09-02 00:00:00,10280.4599609375,2
2009-09-03 00:00:00,10214.6396484375,3
2009-09-04 00:00:00,10187.1103515625,4
2009-09-07 00:00:00,10320.9404296875,0
2009-09-08 00:00:00,10393.23046875,1
2009-09-09 00:00:00,10312.1396484375,2
2009-09-10 00:00:00,10513.669921875,3
2009-09-11 00:00:00,10444.330078125,4
2009-09-14 00:00:00,10202.0595703125,0
2009-09-15 00:00:00,10217.6201171875,1
2009-09-16 00:00:00,10270.76953125,2
2009-09-17 00:00:00,10443.7998046875,3
2009-09-18 00:00:00,10370.5400390625,4
2009-09-24 00:00:00,10544.2197265625,3
2009-09-25 00:00:00,10265.98046875,4
2009-09-28 00:00:00,10009.51953125,0
2009-09-29 00:00:00,10100.2001953125,1
2009-09-30 00:00:00,10133.23046875,2
2009-10-01 00:00:00,9978.6396484375,3
2009-10-02 00:00:00,9731.8701171875,4
2009-10-05 00:00:00,9674.490234375,0
2009-10-06 00:00:00,9691.7998046875,1
2009-10-07 00:00:00,9799.599609375,2
2009-10-08 00:00:00,9832.4697265625,3
2009-10-09 00:00:00,10016.3896484375,4
2009-10-13 00:00:00,10076.5595703125,1
2009-10-14 00:00:00,10060.2099609375,2
2009-10-15 00:00:00,10238.650390625,3
2009-10-16 00:00:00,10257.5595703125,4
2009-10-19 00:00:00,10236.509765625,0
2009-10-20 00:00:00,10336.83984375,1
2009-10-21 00:00:00,10333.3896484375,2
2009-10-22 00:00:00,10267.169921875,3
2009-10-23 00:00:00,10282.990234375,4
2009-10-26 00:00:00,10362.6201171875,0
2009-10-27 00:00:00,10212.4599609375,1
2009-10-28 00:00:00,10075.0498046875,2
2009-10-29 00:00:00,9891.099609375,3
2009-10-30 00:00:00,10034.740234375,4
2009-11-02 00:00:00,9802.9501953125,0
2009-11-04 00:00:00,9844.3095703125,2
2009-11-05 00:00:00,9717.4404296875,3
2009-11-06 00:00:00,9789.349609375,4
2009-11-09 00:00:00,9808.990234375,0
2009-11-10 00:00:00,9870.73046875,1
2009-11-11 00:00:00,9871.6796875,2
2009-11-12 00:00:00,9804.490234375,3
2009-11-13 00:00:00,9770.3095703125,4
2009-11-16 00:00:00,9791.1796875,0
2009-11-17 00:00:00,9729.9296875,1
2009-11-18 00:00:00,9676.7998046875,2
2009-11-19 00:00:00,9549.4697265625,3
2009-11-20 00:00:00,9497.6796875,4
2009-11-24 00:00:00,9401.580078125,1
2009-11-25 00:00:00,9441.6396484375,2
2009-11-26 00:00:00,9383.240234375,3
2009-11-27 00:00:00,9081.51953125,4
2009-11-30 00:00:00,9345.5498046875,0
2009-12-01 00:00:00,9572.2001953125,1
2009-12-02 00:00:00,9608.9404296875,2
2009-12-03 00:00:00,9977.669921875,3
2009-12-04 00:00:00,10022.58984375,4
2009-12-07 00:00:00,10167.599609375,0
2009-12-08 00:00:00,10140.4697265625,1
2009-12-09 00:00:00,10004.7197265625,2
2009-12-10 00:00:00,9862.8203125,3
2009-12-11 00:00:00,10107.8701171875,4
2009-12-14 00:00:00,10105.6796875,0
2009-12-15 00:00:00,10083.48046875,1
2009-12-16 00:00:00,10177.41015625,2
2009-12-17 00:00:00,10163.7998046875,3
2009-12-18 00:00:00,10142.0498046875,4
2009-12-21 00:00:00,10183.4697265625,0
2009-12-22 00:00:00,10378.0302734375,1
2009-12-24 00:00:00,10536.919921875,3
2009-12-25 00:00:00,10494.7099609375,4
2009-12-28 00:00:00,10634.23046875,0
2009-12-29 00:00:00,10638.0595703125,1
2009-12-30 00:00:00,10546.4404296875,2
2010-01-04 00:00:00,10654.7900390625,0
2010-01-05 00:00:00,10681.830078125,1
2010-01-06 00:00:00,10731.4501953125,2
2010-01-07 00:00:00,10681.66015625,3
2010-01-08 00:00:00,10798.3203125,4
2010-01-12 00:00:00,10879.1396484375,1
2010-01-13 00:00:00,10735.0302734375,2
2010-01-14 00:00:00,10907.6796875,3
2010-01-15 00:00:00,10982.099609375,4
2010-01-18 00:00:00,10855.080078125,0
2010-01-19 00:00:00,10764.900390625,1
2010-01-20 00:00:00,10737.51953125,2
2010-01-21 00:00:00,10868.41015625,3
2010-01-22 00:00:00,10590.5498046875,4
2010-01-25 00:00:00,10512.6904296875,0
2010-01-26 00:00:00,10325.2802734375,1
2010-01-27 00:00:00,10252.080078125,2
2010-01-28 00:00:00,10414.2900390625,3
2010-01-29 00:00:00,10198.0400390625,4
2010-02-01 00:00:00,10205.01953125,0
2010-02-02 00:00:00,10371.08984375,1
2010-02-03 00:00:00,10404.330078125,2
2010-02-04 00:00:00,10355.98046875,3
2010-02-05 00:00:00,10057.08984375,4
2010-02-08 00:00:00,9951.8203125,0
2010-02-09 00:00:00,9932.900390625,1
2010-02-10 00:00:00,9963.990234375,2
2010-02-12 00:00:00,10092.1904296875,4
2010-02-15 00:00:00,10013.2998046875,0
2010-02-16 00:00:00,10034.25,1
2010-02-17 00:00:00,10306.830078125,2
2010-02-18 00:00:00,10335.6904296875,3
2010-02-19 00:00:00,10123.580078125,4
2010-02-22 00:00:00,10400.4697265625,0
2010-02-23 00:00:00,10352.099609375,1
2010-02-24 00:00:00,10198.830078125,2
2010-02-25 00:00:00,10101.9599609375,3
2010-02-26 00:00:00,10126.0302734375,4
2010-03-01 00:00:00,10172.0595703125,0
2010-03-02 00:00:00,10221.83984375,1
2010-03-03 00:00:00,10253.1396484375,2
2010-03-04 00:00:00,10145.7197265625,3
2010-03-05 00:00:00,10368.9599609375,4
2010-03-08 00:00:00,10585.919921875,0
2010-03-09 00:00:00,10567.650390625,1
2010-03-10 00:00:00,10563.919921875,2
2010-03-11 00:00:00,10664.9501953125,3
2010-03-12 00:00:00,10751.259765625,4
2010-03-15 00:00:00,10751.98046875,0
2010-03-16 00:00:00,10721.7099609375,1
2010-03-17 00:00:00,10846.98046875,2
2010-03-18 00:00:00,10744.0302734375,3
2010-03-19 00:00:00,10824.7197265625,4
2010-03-23 00:00:00,10774.150390625,1
2010-03-24 00:00:00,10815.0302734375,2
2010-03-25 00:00:00,10828.849609375,3
2010-03-26 00:00:00,10996.3701171875,4
2010-03-29 00:00:00,10986.4697265625,0
2010-03-30 00:00:00,11097.1396484375,1
2010-03-31 00:00:00,11089.9404296875,2
2010-04-01 00:00:00,11244.400390625,3
2010-04-02 00:00:00,11286.08984375,4
2010-04-05 00:00:00,11339.2998046875,0
2010-04-06 00:00:00,11282.3203125,1
2010-04-07 00:00:00,11292.830078125,2
2010-04-08 00:00:00,11168.2001953125,3
2010-04-09 00:00:00,11204.33984375,4
2010-04-12 00:00:00,11251.900390625,0
2010-04-13 00:00:00,11161.23046875,1
2010-04-14 00:00:00,11204.900390625,2
2010-04-15 00:00:00,11273.7900390625,3
2010-04-16 00:00:00,11102.1796875,4
2010-04-19 00:00:00,10908.76953125,0
2010-04-20 00:00:00,10900.6796875,1
2010-04-21 00:00:00,11090.0498046875,2
2010-04-22 00:00:00,10949.08984375,3
2010-04-23 00:00:00,10914.4599609375,4
2010-04-26 00:00:00,11165.7900390625,0
2010-04-27 00:00:00,11212.66015625,1
2010-04-28 00:00:00,10924.7900390625,2
2010-04-30 00:00:00,11057.400390625,4
2010-05-06 00:00:00,10695.6904296875,3
2010-05-07 00:00:00,10364.58984375,4
2010-05-10 00:00:00,10530.7001953125,0
2010-05-11 00:00:00,10411.099609375,1
2010-05-12 00:00:00,10394.0302734375,2
2010-05-13 00:00:00,10620.5498046875,3
2010-05-14 00:00:00,10462.509765625,4
2010-05-17 00:00:00,10235.759765625,0
2010-05-18 00:00:00,10242.6396484375,1
2010-05-19 00:00:00,10186.83984375,2
2010-05-20 00:00:00,10030.3095703125,3
2010-05-21 00:00:00,9784.5400390625,4
2010-05-24 00:00:00,9758.400390625,0
2010-05-25 00:00:00,9459.8896484375,1
2010-05-26 00:00:00,9522.66015625,2
2010-05-27 00:00:00,9639.7197265625,3
2010-05-28 00:00:00,9762.98046875,4
2010-05-31 00:00:00,9768.7001953125,0
2010-06-01 00:00:00,9711.830078125,1
2010-06-02 00:00:00,9603.240234375,2
2010-06-03 00:00:00,9914.1904296875,3
2010-06-04 00:00:00,9901.1904296875,4
2010-06-07 00:00:00,9520.7998046875,0
2010-06-08 00:00:00,9537.9404296875,1
2010-06-09 00:00:00,9439.1298828125,2
2010-06-10 00:00:00,9542.650390625,3
2010-06-11 00:00:00,9705.25,4
2010-06-14 00:00:00,9879.849609375,0
2010-06-15 00:00:00,9887.8896484375,1
2010-06-16 00:00:00,10067.150390625,2
2010-06-17 00:00:00,9999.400390625,3
2010-06-18 00:00:00,9995.01953125,4
2010-06-21 00:00:00,10238.009765625,0
2010-06-22 00:00:00,10112.8896484375,1
2010-06-23 00:00:00,9923.7001953125,2
2010-06-24 00:00:00,9928.33984375,3
2010-06-25 00:00:00,9737.48046875,4
2010-06-28 00:00:00,9693.9404296875,0
2010-06-29 00:00:00,9570.669921875,1
2010-06-30 00:00:00,9382.6396484375,2
2010-07-01 00:00:00,9191.599609375,3
2010-07-02 00:00:00,9203.7099609375,4
2010-07-05 00:00:00,9266.7802734375,0
2010-07-06 00:00:00,9338.0400390625,1
2010-07-07 00:00:00,9279.650390625,2
2010-07-08 00:00:00,9535.740234375,3
2010-07-09 00:00:00,9585.3203125,4
2010-07-12 00:00:00,9548.1103515625,0
2010-07-13 00:00:00,9537.23046875,1
2010-07-14 00:00:00,9795.240234375,2
2010-07-15 00:00:00,9685.5302734375,3
2010-07-16 00:00:00,9408.3603515625,4
2010-07-21 00:00:00,9278.830078125,2
2010-07-22 00:00:00,9220.8798828125,3
2010-07-23 00:00:00,9430.9599609375,4
2010-07-26 00:00:00,9503.66015625,0
2010-07-27 00:00:00,9496.849609375,1
2010-07-28 00:00:00,9753.26953125,2
2010-07-29 00:00:00,9696.01953125,3
2010-07-30 00:00:00,9537.2998046875,4
2010-08-02 00:00:00,9570.3095703125,0
2010-08-03 00:00:00,9694.009765625,1
2010-08-04 00:00:00,9489.33984375,2
2010-08-05 00:00:00,9653.919921875,3
2010-08-06 00:00:00,9642.1201171875,4
2010-08-09 00:00:00,9572.490234375,0
2010-08-10 00:00:00,9551.0498046875,1
2010-08-11 00:00:00,9292.849609375,2
2010-08-12 00:00:00,9212.58984375,3
2010-08-13 00:00:00,9253.4599609375,4
2010-08-16 00:00:00,9196.669921875,0
2010-08-17 00:00:00,9161.6796875,1
2010-08-18 00:00:00,9240.5400390625,2
2010-08-19 00:00:00,9362.6796875,3
2010-08-20 00:00:00,9179.3798828125,4
2010-08-23 00:00:00,9116.6904296875,0
2010-08-24 00:00:00,8995.1396484375,1
2010-08-25 00:00:00,8845.3896484375,2
2010-08-26 00:00:00,8906.48046875,3
2010-08-27 00:00:00,8991.0595703125,4
2010-08-30 00:00:00,9149.259765625,0
2010-08-31 00:00:00,8824.0595703125,1
2010-09-01 00:00:00,8927.01953125,2
2010-09-02 00:00:00,9062.83984375,3
2010-09-03 00:00:00,9114.1298828125,4
2010-09-06 00:00:00,9301.3203125,0
2010-09-07 00:00:00,9226.0,1
2010-09-08 00:00:00,9024.599609375,2
2010-09-09 00:00:00,9098.3896484375,3
2010-09-10 00:00:00,9239.169921875,4
2010-09-13 00:00:00,9321.8203125,0
2010-09-14 00:00:00,9299.3095703125,1
2010-09-16 00:00:00,9509.5,3
2010-09-17 00:00:00,9626.08984375,4
2010-09-21 00:00:00,9602.1103515625,1
2010-09-22 00:00:00,9566.3203125,2
2010-09-24 00:00:00,9471.669921875,4
2010-09-27 00:00:00,9603.1396484375,0
2010-09-28 00:00:00,9495.759765625,1
2010-09-29 00:00:00,9559.3798828125,2
2010-09-30 00:00:00,9369.349609375,3
2010-10-01 00:00:00,9404.23046875,4
2010-10-04 00:00:00,9381.0595703125,0
2010-10-05 00:00:00,9518.759765625,1
2010-10-06 00:00:00,9691.4296875,2
2010-10-07 00:00:00,9684.8095703125,3
2010-10-08 00:00:00,9588.8798828125,4
2010-10-12 00:00:00,9388.6396484375,1
2010-10-13 00:00:00,9403.509765625,2
2010-10-14 00:00:00,9583.509765625,3
2010-10-15 00:00:00,9500.25,4
2010-10-18 00:00:00,9498.490234375,0
2010-10-19 00:00:00,9539.4501953125,1
2010-10-20 00:00:00,9381.599609375,2
2010-10-21 00:00:00,9376.48046875,3
2010-10-22 00:00:00,9426.7099609375,4
2010-10-25 00:00:00,9401.16015625,0
2010-10-26 00:00:00,9377.3798828125,1
2010-10-27 00:00:00,9387.0302734375,2
2010-10-28 00:00:00,9366.0302734375,3
2010-10-29 00:00:00,9202.4501953125,4
2010-11-01 00:00:00,9154.7197265625,0
2010-11-02 00:00:00,9159.98046875,1
2010-11-04 00:00:00,9358.7802734375,3
2010-11-05 00:00:00,9625.990234375,4
2010-11-08 00:00:00,9732.919921875,0
2010-11-09 00:00:00,9694.490234375,1
2010-11-10 00:00:00,9830.51953125,2
2010-11-11 00:00:00,9861.4599609375,3
2010-11-12 00:00:00,9724.8095703125,4
2010-11-15 00:00:00,9827.509765625,0
2010-11-16 00:00:00,9797.099609375,1
2010-11-17 00:00:00,9811.66015625,2
2010-11-18 00:00:00,10013.6298828125,3
2010-11-19 00:00:00,10022.3896484375,4
2010-11-22 00:00:00,10115.1904296875,0
2010-11-24 00:00:00,10030.1103515625,2
2010-11-25 00:00:00,10079.759765625,3
2010-11-26 00:00:00,10039.5595703125,4
2010-11-29 00:00:00,10125.990234375,0
2010-11-30 00:00:00,9937.0400390625,1
2010-12-01 00:00:00,9988.0498046875,2
2010-12-02 00:00:00,10168.51953125,3
2010-12-03 00:00:00,10178.3203125,4
2010-12-06 00:00:00,10167.23046875,0
2010-12-07 00:00:00,10141.099609375,1
2010-12-08 00:00:00,10232.330078125,2
2010-12-09 00:00:00,10285.8798828125,3
2010-12-10 00:00:00,10211.9501953125,4
2010-12-13 00:00:00,10293.8896484375,0
2010-12-14 00:00:00,10316.76953125,1
2010-12-15 00:00:00,10309.7802734375,2
2010-12-16 00:00:00,10311.2900390625,3
2010-12-17 00:00:00,10303.830078125,4
2010-12-20 00:00:00,10216.41015625,0
2010-12-21 00:00:00,10370.5302734375,1
2010-12-22 00:00:00,10346.48046875,2
2010-12-24 00:00:00,10279.1904296875,4
2010-12-27 00:00:00,10355.990234375,0
2010-12-28 00:00:00,10292.6298828125,1
2010-12-29 00:00:00,10344.5400390625,2
2010-12-30 00:00:00,10228.919921875,3
2011-01-04 00:00:00,10398.099609375,1
2011-01-05 00:00:00,10380.76953125,2
2011-01-06 00:00:00,10529.759765625,3
2011-01-07 00:00:00,10541.0400390625,4
2011-01-11 00:00:00,10510.6796875,1
2011-01-12 00:00:00,10512.7998046875,2
2011-01-13 00:00:00,10589.759765625,3
2011-01-14 00:00:00,10499.0400390625,4
2011-01-17 00:00:00,10502.8603515625,0
2011-01-18 00:00:00,10518.98046875,1
2011-01-19 00:00:00,10557.099609375,2
2011-01-20 00:00:00,10437.3095703125,3
2011-01-21 00:00:00,10274.51953125,4
2011-01-24 00:00:00,10345.1103515625,0
2011-01-25 00:00:00,10464.419921875,1
2011-01-26 00:00:00,10401.900390625,2
2011-01-27 00:00:00,10478.66015625,3
2011-01-28 00:00:00,10360.33984375,4
2011-01-31 00:00:00,10237.919921875,0
2011-02-01 00:00:00,10274.5,1
2011-02-02 00:00:00,10457.3603515625,2
2011-02-03 00:00:00,10431.3603515625,3
2011-02-04 00:00:00,10543.51953125,4
2011-02-07 00:00:00,10592.0400390625,0
2011-02-08 00:00:00,10635.98046875,1
2011-02-09 00:00:00,10617.830078125,2
2011-02-10 00:00:00,10605.650390625,3
2011-02-14 00:00:00,10725.5400390625,0
2011-02-15 00:00:00,10746.669921875,1
2011-02-16 00:00:00,10808.2900390625,2
2011-02-17 00:00:00,10836.6396484375,3
2011-02-18 00:00:00,10842.7998046875,4
2011-02-21 00:00:00,10857.5302734375,0
2011-02-22 00:00:00,10664.7001953125,1
2011-02-23 00:00:00,10579.099609375,2
2011-02-24 00:00:00,10452.7099609375,3
2011-02-25 00:00:00,10526.759765625,4
2011-02-28 00:00:00,10624.08984375,0
2011-03-01 00:00:00,10754.0302734375,1
2011-03-02 00:00:00,10492.3798828125,2
2011-03-03 00:00:00,10586.01953125,3
2011-03-04 00:00:00,10693.66015625,4
2011-03-07 00:00:00,10505.01953125,0
2011-03-08 00:00:00,10525.1904296875,1
2011-03-09 00:00:00,10589.5,2
2011-03-10 00:00:00,10434.3798828125,3
2011-03-11 00:00:00,10254.4296875,4
2011-03-14 00:00:00,9620.490234375,0
2011-03-15 00:00:00,8605.150390625,1
2011-03-16 00:00:00,9093.7197265625,2
2011-03-17 00:00:00,8962.669921875,3
2011-03-18 00:00:00,9206.75,4
2011-03-22 00:00:00,9608.3203125,1
2011-03-23 00:00:00,9449.4697265625,2
2011-03-24 00:00:00,9435.009765625,3
2011-03-25 00:00:00,9536.1298828125,4
2011-03-28 00:00:00,9478.5302734375,0
2011-03-29 00:00:00,9459.080078125,1
2011-03-30 00:00:00,9708.7900390625,2
2011-03-31 00:00:00,9755.099609375,3
2011-04-01 00:00:00,9708.3896484375,4
2011-04-04 00:00:00,9718.8896484375,0
2011-04-05 00:00:00,9615.5498046875,1
2011-04-06 00:00:00,9584.3701171875,2
2011-04-07 00:00:00,9590.9296875,3
2011-04-08 00:00:00,9768.080078125,4
2011-04-11 00:00:00,9719.7001953125,0
2011-04-12 00:00:00,9555.259765625,1
2011-04-13 00:00:00,9641.1796875,2
2011-04-14 00:00:00,9653.919921875,3
2011-04-15 00:00:00,9591.51953125,4
2011-04-18 00:00:00,9556.650390625,0
2011-04-19 00:00:00,9441.0302734375,1
2011-04-20 00:00:00,9606.8203125,2
2011-04-21 00:00:00,9685.76953125,3
2011-04-22 00:00:00,9682.2099609375,4
2011-04-25 00:00:00,9671.9599609375,0
2011-04-26 00:00:00,9558.6904296875,1
2011-04-27 00:00:00,9691.83984375,2
2011-04-28 00:00:00,9849.740234375,3
2011-05-02 00:00:00,10004.2001953125,0
2011-05-06 00:00:00,9859.2001953125,4
2011-05-09 00:00:00,9794.3798828125,0
2011-05-10 00:00:00,9818.759765625,1
2011-05-11 00:00:00,9864.259765625,2
2011-05-12 00:00:00,9716.650390625,3
2011-05-13 00:00:00,9648.76953125,4
2011-05-16 00:00:00,9558.2998046875,0
2011-05-17 00:00:00,9567.01953125,1
2011-05-18 00:00:00,9662.080078125,2
2011-05-19 00:00:00,9620.8203125,3
2011-05-20 00:00:00,9607.080078125,4
2011-05-23 00:00:00,9460.6298828125,0
2011-05-24 00:00:00,9477.169921875,1
2011-05-25 00:00:00,9422.8798828125,2
2011-05-26 00:00:00,9562.0498046875,3
2011-05-27 00:00:00,9521.9404296875,4
2011-05-30 00:00:00,9504.9697265625,0
2011-05-31 00:00:00,9693.73046875,1
2011-06-01 00:00:00,9719.6103515625,2
2011-06-02 00:00:00,9555.0400390625,3
2011-06-03 00:00:00,9492.2099609375,4
2011-06-06 00:00:00,9380.349609375,0
2011-06-07 00:00:00,9442.9501953125,1
2011-06-08 00:00:00,9449.4599609375,2
2011-06-09 00:00:00,9467.150390625,3
2011-06-10 00:00:00,9514.4404296875,4
2011-06-13 00:00:00,9448.2099609375,0
2011-06-14 00:00:00,9547.7900390625,1
2011-06-15 00:00:00,9574.3203125,2
2011-06-16 00:00:00,9411.2802734375,3
2011-06-17 00:00:00,9351.400390625,4
2011-06-20 00:00:00,9354.3203125,0
2011-06-21 00:00:00,9459.66015625,1
2011-06-22 00:00:00,9629.4296875,2
2011-06-23 00:00:00,9596.740234375,3
2011-06-24 00:00:00,9678.7099609375,4
2011-06-27 00:00:00,9578.3095703125,0
2011-06-28 00:00:00,9648.98046875,1
2011-06-29 00:00:00,9797.259765625,2
2011-06-30 00:00:00,9816.08984375,3
2011-07-01 00:00:00,9868.0703125,4
2011-07-04 00:00:00,9965.08984375,0
2011-07-05 00:00:00,9972.4599609375,1
2011-07-06 00:00:00,10082.48046875,2
2011-07-07 00:00:00,10071.1396484375,3
2011-07-08 00:00:00,10137.73046875,4
2011-07-11 00:00:00,10069.5302734375,0
2011-07-12 00:00:00,9925.919921875,1
2011-07-13 00:00:00,9963.1396484375,2
2011-07-14 00:00:00,9936.1201171875,3
2011-07-15 00:00:00,9974.4697265625,4
2011-07-19 00:00:00,9889.7197265625,1
2011-07-20 00:00:00,10005.900390625,2
2011-07-21 00:00:00,10010.3896484375,3
2011-07-22 00:00:00,10132.1103515625,4
2011-07-25 00:00:00,10050.009765625,0
2011-07-26 00:00:00,10097.7197265625,1
2011-07-27 00:00:00,10047.1904296875,2
2011-07-28 00:00:00,9901.349609375,3
2011-07-29 00:00:00,9833.0302734375,4
2011-08-01 00:00:00,9965.009765625,0
2011-08-02 00:00:00,9844.58984375,1
2011-08-03 00:00:00,9637.1396484375,2
2011-08-04 00:00:00,9659.1796875,3
2011-08-05 00:00:00,9299.8798828125,4
2011-08-08 00:00:00,9097.5595703125,0
2011-08-09 00:00:00,8944.48046875,1
2011-08-10 00:00:00,9038.740234375,2
2011-08-11 00:00:00,8981.9404296875,3
2011-08-12 00:00:00,8963.7197265625,4
2011-08-15 00:00:00,9086.41015625,0
2011-08-16 00:00:00,9107.4296875,1
2011-08-17 00:00:00,9057.259765625,2
2011-08-18 00:00:00,8943.759765625,3
2011-08-19 00:00:00,8719.240234375,4
2011-08-22 00:00:00,8628.1298828125,0
2011-08-23 00:00:00,8733.009765625,1
2011-08-24 00:00:00,8639.6103515625,2
2011-08-25 00:00:00,8772.3603515625,3
2011-08-26 00:00:00,8797.7802734375,4
2011-08-29 00:00:00,8851.349609375,0
2011-08-30 00:00:00,8953.900390625,1
2011-08-31 00:00:00,8955.2001953125,2
2011-09-01 00:00:00,9060.7998046875,3
2011-09-02 00:00:00,8950.740234375,4
2011-09-05 00:00:00,8784.4599609375,0
2011-09-06 00:00:00,8590.5703125,1
2011-09-07 00:00:00,8763.41015625,2
2011-09-08 00:00:00,8793.1201171875,3
2011-09-09 00:00:00,8737.66015625,4
2011-09-12 00:00:00,8535.669921875,0
2011-09-13 00:00:00,8616.5498046875,1
2011-09-14 00:00:00,8518.5703125,2
2011-09-15 00:00:00,8668.8603515625,3
2011-09-16 00:00:00,8864.16015625,4
2011-09-20 00:00:00,8721.240234375,1
2011-09-21 00:00:00,8741.16015625,2
2011-09-22 00:00:00,8560.259765625,3
2011-09-26 00:00:00,8374.1298828125,0
2011-09-27 00:00:00,8609.9501953125,1
2011-09-28 00:00:00,8615.650390625,2
2011-09-29 00:00:00,8701.23046875,3
2011-09-30 00:00:00,8700.2900390625,4
2011-10-03 00:00:00,8545.48046875,0
2011-10-04 00:00:00,8456.1201171875,1
2011-10-05 00:00:00,8382.98046875,2
2011-10-06 00:00:00,8522.01953125,3
2011-10-07 00:00:00,8605.6201171875,4
2011-10-11 00:00:00,8773.6796875,1
2011-10-12 00:00:00,8738.900390625,2
2011-10-13 00:00:00,8823.25,3
2011-10-14 00:00:00,8747.9599609375,4
2011-10-17 00:00:00,8879.599609375,0
2011-10-18 00:00:00,8741.91015625,1
2011-10-19 00:00:00,8772.5400390625,2
2011-10-20 00:00:00,8682.150390625,3
2011-10-21 00:00:00,8678.8896484375,4
2011-10-24 00:00:00,8843.98046875,0
2011-10-25 00:00:00,8762.3095703125,1
2011-10-26 00:00:00,8748.4697265625,2
2011-10-27 00:00:00,8926.5400390625,3
2011-10-28 00:00:00,9050.4697265625,4
2011-10-31 00:00:00,8988.3896484375,0
2011-11-01 00:00:00,8835.51953125,1
2011-11-02 00:00:00,8640.419921875,2
2011-11-04 00:00:00,8801.400390625,4
2011-11-07 00:00:00,8767.08984375,0
2011-11-08 00:00:00,8655.509765625,1
2011-11-09 00:00:00,8755.4404296875,2
2011-11-10 00:00:00,8500.7998046875,3
2011-11-11 00:00:00,8514.4697265625,4
2011-11-14 00:00:00,8603.7001953125,0
2011-11-15 00:00:00,8541.9296875,1
2011-11-16 00:00:00,8463.16015625,2
2011-11-17 00:00:00,8479.6298828125,3
2011-11-18 00:00:00,8374.91015625,4
2011-11-21 00:00:00,8348.26953125,0
2011-11-22 00:00:00,8314.740234375,1
2011-11-24 00:00:00,8165.18017578125,3
2011-11-25 00:00:00,8160.009765625,4
2011-11-28 00:00:00,8287.490234375,0
2011-11-29 00:00:00,8477.8203125,1
2011-11-30 00:00:00,8434.6103515625,2
2011-12-01 00:00:00,8597.3798828125,3
2011-12-02 00:00:00,8643.75,4
2011-12-05 00:00:00,8695.98046875,0
2011-12-06 00:00:00,8575.16015625,1
2011-12-07 00:00:00,8722.169921875,2
2011-12-08 00:00:00,8664.580078125,3
2011-12-09 00:00:00,8536.4599609375,4
2011-12-12 00:00:00,8653.8203125,0
2011-12-13 00:00:00,8552.8095703125,1
2011-12-14 00:00:00,8519.1298828125,2
2011-12-15 00:00:00,8377.3701171875,3
2011-12-16 00:00:00,8401.7197265625,4
2011-12-19 00:00:00,8296.1201171875,0
2011-12-20 00:00:00,8336.48046875,1
2011-12-21 00:00:00,8459.98046875,2
2011-12-22 00:00:00,8395.16015625,3
2011-12-26 00:00:00,8479.33984375,0
2011-12-27 00:00:00,8440.5595703125,1
2011-12-28 00:00:00,8423.6201171875,2
2011-12-29 00:00:00,8398.8896484375,3
2011-12-30 00:00:00,8455.349609375,4
2012-01-04 00:00:00,8560.1103515625,2
2012-01-05 00:00:00,8488.7099609375,3
2012-01-06 00:00:00,8390.349609375,4
2012-01-10 00:00:00,8422.259765625,1
2012-01-11 00:00:00,8447.8798828125,2
2012-01-12 00:00:00,8385.58984375,3
2012-01-13 00:00:00,8500.01953125,4
2012-01-16 00:00:00,8378.3603515625,0
2012-01-17 00:00:00,8466.400390625,1
2012-01-18 00:00:00,8550.580078125,2
2012-01-19 00:00:00,8639.6796875,3
2012-01-20 00:00:00,8766.3603515625,4
2012-01-23 00:00:00,8765.900390625,0
2012-01-24 00:00:00,8785.330078125,1
2012-01-25 00:00:00,8883.6904296875,2
2012-01-26 00:00:00,8849.4697265625,3
2012-01-27 00:00:00,8841.2197265625,4
2012-01-30 00:00:00,8793.0498046875,0
2012-01-31 00:00:00,8802.509765625,1
2012-02-01 00:00:00,8809.7900390625,2
2012-02-02 00:00:00,8876.8203125,3
2012-02-03 00:00:00,8831.9296875,4
2012-02-06 00:00:00,8929.2001953125,0
2012-02-07 00:00:00,8917.51953125,1
2012-02-08 00:00:00,9015.58984375,2
2012-02-09 00:00:00,9002.240234375,3
2012-02-10 00:00:00,8947.169921875,4
2012-02-13 00:00:00,8999.1796875,0
2012-02-14 00:00:00,9052.0703125,1
2012-02-15 00:00:00,9260.33984375,2
2012-02-16 00:00:00,9238.099609375,3
2012-02-17 00:00:00,9384.169921875,4
2012-02-20 00:00:00,9485.08984375,0
2012-02-21 00:00:00,9463.01953125,1
2012-02-22 00:00:00,9554.0,2
2012-02-23 00:00:00,9595.5703125,3
2012-02-24 00:00:00,9647.3798828125,4
2012-02-27 00:00:00,9633.9296875,0
2012-02-28 00:00:00,9722.51953125,1
2012-02-29 00:00:00,9723.240234375,2
2012-03-01 00:00:00,9707.3701171875,3
2012-03-02 00:00:00,9777.0302734375,4
2012-03-05 00:00:00,9698.58984375,0
2012-03-06 00:00:00,9637.6298828125,1
2012-03-07 00:00:00,9576.0595703125,2
2012-03-08 00:00:00,9768.9599609375,3
2012-03-09 00:00:00,9929.740234375,4
2012-03-12 00:00:00,9889.8603515625,0
2012-03-13 00:00:00,9899.080078125,1
2012-03-14 00:00:00,10050.51953125,2
2012-03-15 00:00:00,10123.2802734375,3
2012-03-16 00:00:00,10129.830078125,4
2012-03-19 00:00:00,10141.990234375,0
2012-03-21 00:00:00,10086.490234375,2
2012-03-22 00:00:00,10127.080078125,3
2012-03-23 00:00:00,10011.4697265625,4
2012-03-26 00:00:00,10018.240234375,0
2012-03-27 00:00:00,10255.150390625,1
2012-03-28 00:00:00,10182.5703125,2
2012-03-29 00:00:00,10114.7900390625,3
2012-03-30 00:00:00,10083.5595703125,4
2012-04-02 00:00:00,10109.8701171875,0
2012-04-03 00:00:00,10050.3896484375,1
2012-04-04 00:00:00,9819.990234375,2
2012-04-05 00:00:00,9767.6103515625,3
2012-04-06 00:00:00,9688.4501953125,4
2012-04-09 00:00:00,9546.259765625,0
2012-04-10 00:00:00,9538.01953125,1
2012-04-11 00:00:00,9458.740234375,2
2012-04-12 00:00:00,9524.7900390625,3
2012-04-13 00:00:00,9637.990234375,4
2012-04-16 00:00:00,9470.6396484375,0
2012-04-17 00:00:00,9464.7099609375,1
2012-04-18 00:00:00,9667.259765625,2
2012-04-19 00:00:00,9588.3798828125,3
2012-04-20 00:00:00,9561.3603515625,4
2012-04-23 00:00:00,9542.169921875,0
2012-04-24 00:00:00,9468.0400390625,1
2012-04-25 00:00:00,9561.009765625,2
2012-04-26 00:00:00,9561.830078125,3
2012-04-27 00:00:00,9520.8896484375,4
2012-05-01 00:00:00,9350.9501953125,1
2012-05-02 00:00:00,9380.25,2
2012-05-07 00:00:00,9119.1396484375,0
2012-05-08 00:00:00,9181.650390625,1
2012-05-09 00:00:00,9045.0595703125,2
2012-05-10 00:00:00,9009.650390625,3
2012-05-11 00:00:00,8953.3095703125,4
2012-05-14 00:00:00,8973.83984375,0
2012-05-15 00:00:00,8900.740234375,1
2012-05-16 00:00:00,8801.169921875,2
2012-05-17 00:00:00,8876.58984375,3
2012-05-18 00:00:00,8611.3095703125,4
2012-05-21 00:00:00,8633.8896484375,0
2012-05-22 00:00:00,8729.2900390625,1
2012-05-23 00:00:00,8556.599609375,2
2012-05-24 00:00:00,8563.3798828125,3
2012-05-25 00:00:00,8580.3896484375,4
2012-05-28 00:00:00,8593.150390625,0
2012-05-29 00:00:00,8657.080078125,1
2012-05-30 00:00:00,8633.1904296875,2
2012-05-31 00:00:00,8542.73046875,3
2012-06-01 00:00:00,8440.25,4
2012-06-04 00:00:00,8295.6298828125,0
2012-06-05 00:00:00,8382.0,1
2012-06-06 00:00:00,8533.5302734375,2
2012-06-07 00:00:00,8639.7197265625,3
2012-06-08 00:00:00,8459.259765625,4
2012-06-11 00:00:00,8624.900390625,0
2012-06-12 00:00:00,8536.7197265625,1
2012-06-13 00:00:00,8587.83984375,2
2012-06-14 00:00:00,8568.8896484375,3
2012-06-15 00:00:00,8569.3203125,4
2012-06-18 00:00:00,8721.01953125,0
2012-06-19 00:00:00,8655.8701171875,1
2012-06-20 00:00:00,8752.3095703125,2
2012-06-21 00:00:00,8824.0703125,3
2012-06-22 00:00:00,8798.349609375,4
2012-06-25 00:00:00,8734.6201171875,0
2012-06-26 00:00:00,8663.990234375,1
2012-06-27 00:00:00,8730.490234375,2
2012-06-28 00:00:00,8874.1103515625,3
2012-06-29 00:00:00,9006.7802734375,4
2012-07-02 00:00:00,9003.48046875,0
2012-07-03 00:00:00,9066.58984375,1
2012-07-04 00:00:00,9104.169921875,2
2012-07-05 00:00:00,9079.7998046875,3
2012-07-06 00:00:00,9020.75,4
2012-07-09 00:00:00,8896.8798828125,0
2012-07-10 00:00:00,8857.73046875,1
2012-07-11 00:00:00,8851.0,2
2012-07-12 00:00:00,8720.009765625,3
2012-07-13 00:00:00,8724.1201171875,4
2012-07-17 00:00:00,8755.0,1
2012-07-18 00:00:00,8726.740234375,2
2012-07-19 00:00:00,8795.5498046875,3
2012-07-20 00:00:00,8669.8701171875,4
2012-07-23 00:00:00,8508.3203125,0
2012-07-24 00:00:00,8488.08984375,1
2012-07-25 00:00:00,8365.900390625,2
2012-07-26 00:00:00,8443.099609375,3
2012-07-27 00:00:00,8566.6396484375,4
2012-07-30 00:00:00,8635.4404296875,0
2012-07-31 00:00:00,8695.0595703125,1
2012-08-01 00:00:00,8641.849609375,2
2012-08-02 00:00:00,8653.1796875,3
2012-08-03 00:00:00,8555.1103515625,4
2012-08-06 00:00:00,8726.2900390625,0
2012-08-07 00:00:00,8803.3095703125,1
2012-08-08 00:00:00,8881.16015625,2
2012-08-09 00:00:00,8978.599609375,3
2012-08-10 00:00:00,8891.4404296875,4
2012-08-13 00:00:00,8885.150390625,0
2012-08-14 00:00:00,8929.8798828125,1
2012-08-15 00:00:00,8925.0400390625,2
2012-08-16 00:00:00,9092.759765625,3
2012-08-17 00:00:00,9162.5,4
2012-08-20 00:00:00,9171.16015625,0
2012-08-21 00:00:00,9156.919921875,1
2012-08-22 00:00:00,9131.740234375,2
2012-08-23 00:00:00,9178.1201171875,3
2012-08-24 00:00:00,9070.759765625,4
2012-08-27 00:00:00,9085.3896484375,0
2012-08-28 00:00:00,9033.2900390625,1
2012-08-29 00:00:00,9069.8095703125,2
2012-08-30 00:00:00,8983.7802734375,3
2012-08-31 00:00:00,8839.91015625,4
2012-09-03 00:00:00,8783.8896484375,0
2012-09-04 00:00:00,8775.509765625,1
2012-09-05 00:00:00,8679.8203125,2
2012-09-06 00:00:00,8680.5703125,3
2012-09-07 00:00:00,8871.650390625,4
2012-09-10 00:00:00,8869.3701171875,0
2012-09-11 00:00:00,8807.3798828125,1
2012-09-12 00:00:00,8959.9599609375,2
2012-09-13 00:00:00,8995.150390625,3
2012-09-14 00:00:00,9159.3896484375,4
2012-09-18 00:00:00,9123.76953125,1
2012-09-19 00:00:00,9232.2099609375,2
2012-09-20 00:00:00,9086.98046875,3
2012-09-21 00:00:00,9110.0,4
2012-09-24 00:00:00,9069.2900390625,0
2012-09-25 00:00:00,9091.5400390625,1
2012-09-26 00:00:00,8906.7001953125,2
2012-09-27 00:00:00,8949.8701171875,3
2012-09-28 00:00:00,8870.16015625,4
2012-10-01 00:00:00,8796.509765625,0
2012-10-02 00:00:00,8786.0498046875,1
2012-10-03 00:00:00,8746.8701171875,2
2012-10-04 00:00:00,8824.58984375,3
2012-10-05 00:00:00,8863.2998046875,4
2012-10-09 00:00:00,8769.58984375,1
2012-10-10 00:00:00,8596.23046875,2
2012-10-11 00:00:00,8546.7802734375,3
2012-10-12 00:00:00,8534.1201171875,4
2012-10-15 00:00:00,8577.9296875,0
2012-10-16 00:00:00,8701.3095703125,1
2012-10-17 00:00:00,8806.5498046875,2
2012-10-18 00:00:00,8982.8603515625,3
2012-10-19 00:00:00,9002.6796875,4
2012-10-22 00:00:00,9010.7099609375,0
2012-10-23 00:00:00,9014.25,1
2012-10-24 00:00:00,8954.2998046875,2
2012-10-25 00:00:00,9055.2001953125,3
2012-10-26 00:00:00,8933.0595703125,4
2012-10-29 00:00:00,8929.33984375,0
2012-10-30 00:00:00,8841.98046875,1
2012-10-31 00:00:00,8928.2900390625,2
2012-11-01 00:00:00,8946.8701171875,3
2012-11-02 00:00:00,9051.2197265625,4
2012-11-05 00:00:00,9007.4404296875,0
2012-11-06 00:00:00,8975.150390625,1
2012-11-07 00:00:00,8972.8896484375,2
2012-11-08 00:00:00,8837.150390625,3
2012-11-09 00:00:00,8757.599609375,4
2012-11-12 00:00:00,8676.4404296875,0
2012-11-13 00:00:00,8661.0498046875,1
2012-11-14 00:00:00,8664.73046875,2
2012-11-15 00:00:00,8829.7197265625,3
2012-11-16 00:00:00,9024.16015625,4
2012-11-19 00:00:00,9153.2001953125,0
2012-11-20 00:00:00,9142.6396484375,1
2012-11-21 00:00:00,9222.51953125,2
2012-11-22 00:00:00,9366.7998046875,3
2012-11-26 00:00:00,9388.9404296875,0
2012-11-27 00:00:00,9423.2998046875,1
2012-11-28 00:00:00,9308.349609375,2
2012-11-29 00:00:00,9400.8798828125,3
2012-11-30 00:00:00,9446.009765625,4
2012-12-03 00:00:00,9458.1796875,0
2012-12-04 00:00:00,9432.4599609375,1
2012-12-05 00:00:00,9468.83984375,2
2012-12-06 00:00:00,9545.16015625,3
2012-12-07 00:00:00,9527.3896484375,4
2012-12-10 00:00:00,9533.75,0
2012-12-11 00:00:00,9525.3203125,1
2012-12-12 00:00:00,9581.4599609375,2
2012-12-13 00:00:00,9742.73046875,3
2012-12-14 00:00:00,9737.5595703125,4
2012-12-17 00:00:00,9828.8798828125,0
2012-12-18 00:00:00,9923.009765625,1
2012-12-19 00:00:00,10160.400390625,2
2012-12-20 00:00:00,10039.330078125,3
2012-12-21 00:00:00,9940.0595703125,4
2012-12-25 00:00:00,10080.1201171875,1
2012-12-26 00:00:00,10230.3603515625,2
2012-12-27 00:00:00,10322.98046875,3
2012-12-28 00:00:00,10395.1796875,4
2013-01-04 00:00:00,10688.1103515625,4
2013-01-07 00:00:00,10599.009765625,0
2013-01-08 00:00:00,10508.0595703125,1
2013-01-09 00:00:00,10578.5703125,2
2013-01-10 00:00:00,10652.6396484375,3
2013-01-11 00:00:00,10801.5703125,4
2013-01-15 00:00:00,10879.080078125,1
2013-01-16 00:00:00,10600.4404296875,2
2013-01-17 00:00:00,10609.6396484375,3
2013-01-18 00:00:00,10913.2998046875,4
2013-01-21 00:00:00,10747.740234375,0
2013-01-22 00:00:00,10709.9296875,1
2013-01-23 00:00:00,10486.990234375,2
2013-01-24 00:00:00,10620.8701171875,3
2013-01-25 00:00:00,10926.650390625,4
2013-01-28 00:00:00,10824.3095703125,0
2013-01-29 00:00:00,10866.7197265625,1
2013-01-30 00:00:00,11113.9501953125,2
2013-01-31 00:00:00,11138.66015625,3
2013-02-01 00:00:00,11191.33984375,4
2013-02-04 00:00:00,11260.349609375,0
2013-02-05 00:00:00,11046.919921875,1
2013-02-06 00:00:00,11463.75,2
2013-02-07 00:00:00,11357.0703125,3
2013-02-08 00:00:00,11153.16015625,4
2013-02-12 00:00:00,11369.1201171875,1
2013-02-13 00:00:00,11251.41015625,2
2013-02-14 00:00:00,11307.2802734375,3
2013-02-15 00:00:00,11173.830078125,4
2013-02-18 00:00:00,11407.8701171875,0
2013-02-19 00:00:00,11372.33984375,1
2013-02-20 00:00:00,11468.2802734375,2
2013-02-21 00:00:00,11309.1298828125,3
2013-02-22 00:00:00,11385.9404296875,4
2013-02-25 00:00:00,11662.51953125,0
2013-02-26 00:00:00,11398.8095703125,1
2013-02-27 00:00:00,11253.9697265625,2
2013-02-28 00:00:00,11559.3603515625,3
2013-03-01 00:00:00,11606.3798828125,4
2013-03-04 00:00:00,11652.2900390625,0
2013-03-05 00:00:00,11683.4501953125,1
2013-03-06 00:00:00,11932.26953125,2
2013-03-07 00:00:00,11968.080078125,3
2013-03-08 00:00:00,12283.6201171875,4
2013-03-11 00:00:00,12349.0498046875,0
2013-03-12 00:00:00,12314.8095703125,1
2013-03-13 00:00:00,12239.66015625,2
2013-03-14 00:00:00,12381.1904296875,3
2013-03-15 00:00:00,12560.9501953125,4
2013-03-18 00:00:00,12220.6298828125,0
2013-03-19 00:00:00,12468.23046875,1
2013-03-21 00:00:00,12635.6904296875,3
2013-03-22 00:00:00,12338.5302734375,4
2013-03-25 00:00:00,12546.4599609375,0
2013-03-26 00:00:00,12471.6201171875,1
2013-03-27 00:00:00,12493.7900390625,2
2013-03-28 00:00:00,12335.9599609375,3
2013-03-29 00:00:00,12397.91015625,4
2013-04-01 00:00:00,12135.01953125,0
2013-04-02 00:00:00,12003.4296875,1
2013-04-03 00:00:00,12362.2001953125,2
2013-04-04 00:00:00,12634.5400390625,3
2013-04-05 00:00:00,12833.6396484375,4
2013-04-08 00:00:00,13192.58984375,0
2013-04-09 00:00:00,13192.349609375,1
2013-04-10 00:00:00,13288.1298828125,2
2013-04-11 00:00:00,13549.16015625,3
2013-04-12 00:00:00,13485.1396484375,4
2013-04-15 00:00:00,13275.66015625,0
2013-04-16 00:00:00,13221.4404296875,1
2013-04-17 00:00:00,13382.8896484375,2
2013-04-18 00:00:00,13220.0703125,3
2013-04-19 00:00:00,13316.48046875,4
2013-04-22 00:00:00,13568.3701171875,0
2013-04-23 00:00:00,13529.650390625,1
2013-04-24 00:00:00,13843.4599609375,2
2013-04-25 00:00:00,13926.080078125,3
2013-04-26 00:00:00,13884.1298828125,4
2013-04-30 00:00:00,13860.8603515625,1
2013-05-01 00:00:00,13799.349609375,2
2013-05-02 00:00:00,13694.0400390625,3
2013-05-07 00:00:00,14180.240234375,1
2013-05-08 00:00:00,14285.6904296875,2
2013-05-09 00:00:00,14191.48046875,3
2013-05-10 00:00:00,14607.5400390625,4
2013-05-13 00:00:00,14782.2099609375,0
2013-05-14 00:00:00,14758.419921875,1
2013-05-15 00:00:00,15096.0302734375,2
2013-05-16 00:00:00,15037.240234375,3
2013-05-17 00:00:00,15138.1201171875,4
2013-05-20 00:00:00,15360.8095703125,0
2013-05-21 00:00:00,15381.01953125,1
2013-05-22 00:00:00,15627.259765625,2
2013-05-23 00:00:00,14483.98046875,3
2013-05-24 00:00:00,14612.4501953125,4
2013-05-27 00:00:00,14142.650390625,0
2013-05-28 00:00:00,14311.98046875,1
2013-05-29 00:00:00,14326.4599609375,2
2013-05-30 00:00:00,13589.0302734375,3
2013-05-31 00:00:00,13774.5400390625,4
2013-06-03 00:00:00,13261.8203125,0
2013-06-04 00:00:00,13533.759765625,1
2013-06-05 00:00:00,13014.8701171875,2
2013-06-06 00:00:00,12904.01953125,3
2013-06-07 00:00:00,12877.5302734375,4
2013-06-10 00:00:00,13514.2001953125,0
2013-06-11 00:00:00,13317.6201171875,1
2013-06-12 00:00:00,13289.3203125,2
2013-06-13 00:00:00,12445.3798828125,3
2013-06-14 00:00:00,12686.51953125,4
2013-06-17 00:00:00,13033.1201171875,0
2013-06-18 00:00:00,13007.2802734375,1
2013-06-19 00:00:00,13245.2197265625,2
2013-06-20 00:00:00,13014.580078125,3
2013-06-21 00:00:00,13230.1298828125,4
2013-06-24 00:00:00,13062.7802734375,0
2013-06-25 00:00:00,12969.33984375,1
2013-06-26 00:00:00,12834.009765625,2
2013-06-27 00:00:00,13213.5498046875,3
2013-06-28 00:00:00,13677.3203125,4
2013-07-01 00:00:00,13852.5,0
2013-07-02 00:00:00,14098.740234375,1
2013-07-03 00:00:00,14055.5595703125,2
2013-07-04 00:00:00,14018.9296875,3
2013-07-05 00:00:00,14309.9697265625,4
2013-07-08 00:00:00,14109.33984375,0
2013-07-09 00:00:00,14472.900390625,1
2013-07-10 00:00:00,14416.599609375,2
2013-07-11 00:00:00,14472.580078125,3
2013-07-12 00:00:00,14506.25,4
2013-07-16 00:00:00,14599.1201171875,1
2013-07-17 00:00:00,14615.0400390625,2
2013-07-18 00:00:00,14808.5,3
2013-07-19 00:00:00,14589.91015625,4
2013-07-22 00:00:00,14658.0400390625,0
2013-07-23 00:00:00,14778.509765625,1
2013-07-24 00:00:00,14731.2802734375,2
2013-07-25 00:00:00,14562.9296875,3
2013-07-26 00:00:00,14129.98046875,4
2013-07-29 00:00:00,13661.1298828125,0
2013-07-30 00:00:00,13869.8203125,1
2013-07-31 00:00:00,13668.3203125,2
2013-08-01 00:00:00,14005.76953125,3
2013-08-02 00:00:00,14466.16015625,4
2013-08-05 00:00:00,14258.0400390625,0
2013-08-06 00:00:00,14401.0595703125,1
2013-08-07 00:00:00,13824.9404296875,2
2013-08-08 00:00:00,13605.5595703125,3
2013-08-09 00:00:00,13615.1904296875,4
2013-08-12 00:00:00,13519.4296875,0
2013-08-13 00:00:00,13867.0,1
2013-08-14 00:00:00,14050.16015625,2
2013-08-15 00:00:00,13752.9404296875,3
2013-08-16 00:00:00,13650.1103515625,4
2013-08-19 00:00:00,13758.1298828125,0
2013-08-20 00:00:00,13396.3798828125,1
2013-08-21 00:00:00,13424.330078125,2
2013-08-22 00:00:00,13365.169921875,3
2013-08-23 00:00:00,13660.5498046875,4
2013-08-26 00:00:00,13636.2802734375,0
2013-08-27 00:00:00,13542.3701171875,1
2013-08-28 00:00:00,13338.4599609375,2
2013-08-29 00:00:00,13459.7099609375,3
2013-08-30 00:00:00,13388.8603515625,4
2013-09-02 00:00:00,13572.919921875,0
2013-09-03 00:00:00,13978.4404296875,1
2013-09-04 00:00:00,14053.8701171875,2
2013-09-05 00:00:00,14064.8203125,3
2013-09-06 00:00:00,13860.8095703125,4
2013-09-09 00:00:00,14205.23046875,0
2013-09-10 00:00:00,14423.3603515625,1
2013-09-11 00:00:00,14425.0703125,2
2013-09-12 00:00:00,14387.26953125,3
2013-09-13 00:00:00,14404.669921875,4
2013-09-17 00:00:00,14311.669921875,1
2013-09-18 00:00:00,14505.3603515625,2
2013-09-19 00:00:00,14766.1796875,3
2013-09-20 00:00:00,14742.419921875,4
2013-09-24 00:00:00,14732.6103515625,1
2013-09-25 00:00:00,14620.5302734375,2
2013-09-26 00:00:00,14799.1201171875,3
2013-09-27 00:00:00,14760.0703125,4
2013-09-30 00:00:00,14455.7998046875,0
2013-10-01 00:00:00,14484.7197265625,1
2013-10-02 00:00:00,14170.490234375,2
2013-10-03 00:00:00,14157.25,3
2013-10-04 00:00:00,14024.3095703125,4
2013-10-07 00:00:00,13853.3203125,0
2013-10-08 00:00:00,13894.6103515625,1
2013-10-09 00:00:00,14037.83984375,2
2013-10-10 00:00:00,14194.7099609375,3
2013-10-11 00:00:00,14404.740234375,4
2013-10-15 00:00:00,14441.5400390625,1
2013-10-16 00:00:00,14467.1396484375,2
2013-10-17 00:00:00,14586.509765625,3
2013-10-18 00:00:00,14561.5400390625,4
2013-10-21 00:00:00,14693.5703125,0
2013-10-22 00:00:00,14713.25,1
2013-10-23 00:00:00,14426.0498046875,2
2013-10-24 00:00:00,14486.41015625,3
2013-10-25 00:00:00,14088.1904296875,4
2013-10-28 00:00:00,14396.0400390625,0
2013-10-29 00:00:00,14325.98046875,1
2013-10-30 00:00:00,14502.349609375,2
2013-10-31 00:00:00,14327.9404296875,3
2013-11-01 00:00:00,14201.5703125,4
2013-11-05 00:00:00,14225.3701171875,1
2013-11-06 00:00:00,14337.3095703125,2
2013-11-07 00:00:00,14228.4404296875,3
2013-11-08 00:00:00,14086.7998046875,4
2013-11-11 00:00:00,14269.83984375,0
2013-11-12 00:00:00,14588.6796875,1
2013-11-13 00:00:00,14567.16015625,2
2013-11-14 00:00:00,14876.41015625,3
2013-11-15 00:00:00,15165.919921875,4
2013-11-18 00:00:00,15164.2998046875,0
2013-11-19 00:00:00,15126.5595703125,1
2013-11-20 00:00:00,15076.080078125,2
2013-11-21 00:00:00,15365.599609375,3
2013-11-22 00:00:00,15381.7197265625,4
2013-11-25 00:00:00,15619.1298828125,0
2013-11-26 00:00:00,15515.240234375,1
2013-11-27 00:00:00,15449.6298828125,2
2013-11-28 00:00:00,15727.1201171875,3
2013-11-29 00:00:00,15661.8701171875,4
2013-12-02 00:00:00,15655.0703125,0
2013-12-03 00:00:00,15749.66015625,1
2013-12-04 00:00:00,15407.9404296875,2
2013-12-05 00:00:00,15177.490234375,3
2013-12-06 00:00:00,15299.8603515625,4
2013-12-09 00:00:00,15650.2099609375,0
2013-12-10 00:00:00,15611.3095703125,1
2013-12-11 00:00:00,15515.0595703125,2
2013-12-12 00:00:00,15341.8203125,3
2013-12-13 00:00:00,15403.1103515625,4
2013-12-16 00:00:00,15152.91015625,0
2013-12-17 00:00:00,15278.6298828125,1
2013-12-18 00:00:00,15587.7998046875,2
2013-12-19 00:00:00,15859.2197265625,3
2013-12-20 00:00:00,15870.419921875,4
2013-12-24 00:00:00,15889.330078125,1
2013-12-25 00:00:00,16009.990234375,2
2013-12-26 00:00:00,16174.4404296875,3
2013-12-27 00:00:00,16178.9404296875,4
2013-12-30 00:00:00,16291.3095703125,0
2014-01-06 00:00:00,15908.8798828125,0
2014-01-07 00:00:00,15814.3701171875,1
2014-01-08 00:00:00,16121.4501953125,2
2014-01-09 00:00:00,15880.330078125,3
2014-01-10 00:00:00,15912.0595703125,4
2014-01-14 00:00:00,15422.400390625,1
2014-01-15 00:00:00,15808.73046875,2
2014-01-16 00:00:00,15747.2001953125,3
2014-01-17 00:00:00,15734.4599609375,4
2014-01-20 00:00:00,15641.6796875,0
2014-01-21 00:00:00,15795.9599609375,1
2014-01-22 00:00:00,15820.9599609375,2
2014-01-23 00:00:00,15695.8896484375,3
2014-01-24 00:00:00,15391.5595703125,4
2014-01-27 00:00:00,15005.73046875,0
2014-01-28 00:00:00,14980.16015625,1
2014-01-29 00:00:00,15383.91015625,2
2014-01-30 00:00:00,15007.0595703125,3
2014-01-31 00:00:00,14914.5302734375,4
2014-02-03 00:00:00,14619.1298828125,0
2014-02-04 00:00:00,14008.4697265625,1
2014-02-05 00:00:00,14180.3798828125,2
2014-02-06 00:00:00,14155.1201171875,3
2014-02-07 00:00:00,14462.41015625,4
2014-02-10 00:00:00,14718.33984375,0
2014-02-12 00:00:00,14800.0595703125,2
2014-02-13 00:00:00,14534.740234375,3
2014-02-14 00:00:00,14313.0302734375,4
2014-02-17 00:00:00,14393.1103515625,0
2014-02-18 00:00:00,14843.240234375,1
2014-02-19 00:00:00,14766.5302734375,2
2014-02-20 00:00:00,14449.1796875,3
2014-02-21 00:00:00,14865.669921875,4
2014-02-24 00:00:00,14837.6796875,0
2014-02-25 00:00:00,15051.599609375,1
2014-02-26 00:00:00,14970.9697265625,2
2014-02-27 00:00:00,14923.1103515625,3
2014-02-28 00:00:00,14841.0703125,4
2014-03-03 00:00:00,14652.23046875,0
2014-03-04 00:00:00,14721.48046875,1
2014-03-05 00:00:00,14897.6298828125,2
2014-03-06 00:00:00,15134.75,3
2014-03-07 00:00:00,15274.0703125,4
2014-03-10 00:00:00,15120.1396484375,0
2014-03-11 00:00:00,15224.1103515625,1
2014-03-12 00:00:00,14830.3896484375,2
2014-03-13 00:00:00,14815.98046875,3
2014-03-14 00:00:00,14327.66015625,4
2014-03-17 00:00:00,14277.669921875,0
2014-03-18 00:00:00,14411.26953125,1
2014-03-19 00:00:00,14462.51953125,2
2014-03-20 00:00:00,14224.23046875,3
2014-03-24 00:00:00,14475.2998046875,0
2014-03-25 00:00:00,14423.1904296875,1
2014-03-26 00:00:00,14477.16015625,2
2014-03-27 00:00:00,14622.8896484375,3
2014-03-28 00:00:00,14696.0302734375,4
2014-03-31 00:00:00,14827.830078125,0
2014-04-01 00:00:00,14791.990234375,1
2014-04-02 00:00:00,14946.3203125,2
2014-04-03 00:00:00,15071.8798828125,3
2014-04-04 00:00:00,15063.76953125,4
2014-04-07 00:00:00,14808.849609375,0
2014-04-08 00:00:00,14606.8798828125,1
2014-04-09 00:00:00,14299.6904296875,2
2014-04-10 00:00:00,14300.1201171875,3
2014-04-11 00:00:00,13960.0498046875,4
2014-04-14 00:00:00,13910.16015625,0
2014-04-15 00:00:00,13996.8095703125,1
2014-04-16 00:00:00,14417.6796875,2
2014-04-17 00:00:00,14417.5302734375,3
2014-04-18 00:00:00,14516.26953125,4
2014-04-21 00:00:00,14512.3798828125,0
2014-04-22 00:00:00,14388.76953125,1
2014-04-23 00:00:00,14546.26953125,2
2014-04-24 00:00:00,14404.990234375,3
2014-04-25 00:00:00,14429.259765625,4
2014-04-28 00:00:00,14288.23046875,0
2014-04-30 00:00:00,14304.1103515625,2
2014-05-01 00:00:00,14485.1298828125,3
2014-05-02 00:00:00,14457.509765625,4
2014-05-07 00:00:00,14033.4501953125,2
2014-05-08 00:00:00,14163.7802734375,3
2014-05-09 00:00:00,14199.58984375,4
2014-05-12 00:00:00,14149.51953125,0
2014-05-13 00:00:00,14425.4404296875,1
2014-05-14 00:00:00,14405.759765625,2
2014-05-15 00:00:00,14298.2099609375,3
2014-05-16 00:00:00,14096.58984375,4
2014-05-19 00:00:00,14006.4404296875,0
2014-05-20 00:00:00,14075.25,1
2014-05-21 00:00:00,14042.169921875,2
2014-05-22 00:00:00,14337.7900390625,3
2014-05-23 00:00:00,14462.169921875,4
2014-05-26 00:00:00,14602.51953125,0
2014-05-27 00:00:00,14636.51953125,1
2014-05-28 00:00:00,14670.9501953125,2
2014-05-29 00:00:00,14681.7197265625,3
2014-05-30 00:00:00,14632.3798828125,4
2014-06-02 00:00:00,14935.919921875,0
2014-06-03 00:00:00,15034.25,1
2014-06-04 00:00:00,15067.9599609375,2
2014-06-05 00:00:00,15079.3701171875,3
2014-06-06 00:00:00,15077.240234375,4
2014-06-09 00:00:00,15124.0,0
2014-06-10 00:00:00,14994.7998046875,1
2014-06-11 00:00:00,15069.48046875,2
2014-06-12 00:00:00,14973.5302734375,3
2014-06-13 00:00:00,15097.83984375,4
2014-06-16 00:00:00,14933.2900390625,0
2014-06-17 00:00:00,14975.9697265625,1
2014-06-18 00:00:00,15115.7998046875,2
2014-06-19 00:00:00,15361.16015625,3
2014-06-20 00:00:00,15349.419921875,4
2014-06-23 00:00:00,15369.2802734375,0
2014-06-24 00:00:00,15376.240234375,1
2014-06-25 00:00:00,15266.6103515625,2
2014-06-26 00:00:00,15308.490234375,3
2014-06-27 00:00:00,15095.0,4
2014-06-30 00:00:00,15162.099609375,0
2014-07-01 00:00:00,15326.2001953125,1
2014-07-02 00:00:00,15369.9697265625,2
2014-07-03 00:00:00,15348.2900390625,3
2014-07-04 00:00:00,15437.1298828125,4
2014-07-07 00:00:00,15379.4404296875,0
2014-07-08 00:00:00,15314.41015625,1
2014-07-09 00:00:00,15302.650390625,2
2014-07-10 00:00:00,15216.4697265625,3
2014-07-11 00:00:00,15164.0400390625,4
2014-07-14 00:00:00,15296.8203125,0
2014-07-15 00:00:00,15395.16015625,1
2014-07-16 00:00:00,15379.2998046875,2
2014-07-17 00:00:00,15370.259765625,3
2014-07-18 00:00:00,15215.7099609375,4
2014-07-22 00:00:00,15343.2802734375,1
2014-07-23 00:00:00,15328.5595703125,2
2014-07-24 00:00:00,15284.419921875,3
2014-07-25 00:00:00,15457.8701171875,4
2014-07-28 00:00:00,15529.400390625,0
2014-07-29 00:00:00,15618.0703125,1
2014-07-30 00:00:00,15646.23046875,2
2014-07-31 00:00:00,15620.76953125,3
2014-08-01 00:00:00,15523.1103515625,4
2014-08-04 00:00:00,15474.5,0
2014-08-05 00:00:00,15320.3095703125,1
2014-08-06 00:00:00,15159.7900390625,2
2014-08-07 00:00:00,15232.3701171875,3
2014-08-08 00:00:00,14778.3701171875,4
2014-08-11 00:00:00,15130.51953125,0
2014-08-12 00:00:00,15161.3095703125,1
2014-08-13 00:00:00,15213.6298828125,2
2014-08-14 00:00:00,15314.5703125,3
2014-08-15 00:00:00,15318.33984375,4
2014-08-18 00:00:00,15322.599609375,0
2014-08-19 00:00:00,15449.7900390625,1
2014-08-20 00:00:00,15454.4501953125,2
2014-08-21 00:00:00,15586.2001953125,3
2014-08-22 00:00:00,15539.1904296875,4
2014-08-25 00:00:00,15613.25,0
2014-08-26 00:00:00,15521.2197265625,1
2014-08-27 00:00:00,15534.8203125,2
2014-08-28 00:00:00,15459.8603515625,3
2014-08-29 00:00:00,15424.58984375,4
2014-09-01 00:00:00,15476.599609375,0
2014-09-02 00:00:00,15668.599609375,1
2014-09-03 00:00:00,15728.349609375,2
2014-09-04 00:00:00,15676.1796875,3
2014-09-05 00:00:00,15668.6796875,4
2014-09-08 00:00:00,15705.1103515625,0
2014-09-09 00:00:00,15749.150390625,1
2014-09-10 00:00:00,15788.7802734375,2
2014-09-11 00:00:00,15909.2001953125,3
2014-09-12 00:00:00,15948.2900390625,4
2014-09-16 00:00:00,15911.5302734375,1
2014-09-17 00:00:00,15888.669921875,2
2014-09-18 00:00:00,16067.5703125,3
2014-09-19 00:00:00,16321.169921875,4
2014-09-22 00:00:00,16205.900390625,0
2014-09-24 00:00:00,16167.4501953125,2
2014-09-25 00:00:00,16374.1396484375,3
2014-09-26 00:00:00,16229.8603515625,4
2014-09-29 00:00:00,16310.6396484375,0
2014-09-30 00:00:00,16173.51953125,1
2014-10-01 00:00:00,16082.25,2
2014-10-02 00:00:00,15661.990234375,3
2014-10-03 00:00:00,15708.650390625,4
2014-10-06 00:00:00,15890.9501953125,0
2014-10-07 00:00:00,15783.830078125,1
2014-10-08 00:00:00,15595.98046875,2
2014-10-09 00:00:00,15478.9296875,3
2014-10-10 00:00:00,15300.5498046875,4
2014-10-14 00:00:00,14936.509765625,1
2014-10-15 00:00:00,15073.51953125,2
2014-10-16 00:00:00,14738.3798828125,3
2014-10-17 00:00:00,14532.509765625,4
2014-10-20 00:00:00,15111.23046875,0
2014-10-21 00:00:00,14804.2802734375,1
2014-10-22 00:00:00,15195.76953125,2
2014-10-23 00:00:00,15138.9599609375,3
2014-10-24 00:00:00,15291.6396484375,4
2014-10-27 00:00:00,15388.7197265625,0
2014-10-28 00:00:00,15329.91015625,1
2014-10-29 00:00:00,15553.91015625,2
2014-10-30 00:00:00,15658.2001953125,3
2014-10-31 00:00:00,16413.759765625,4
2014-11-04 00:00:00,16862.470703125,1
2014-11-05 00:00:00,16937.3203125,2
2014-11-06 00:00:00,16792.48046875,3
2014-11-07 00:00:00,16880.380859375,4
2014-11-10 00:00:00,16780.529296875,0
2014-11-11 00:00:00,17124.109375,1
2014-11-12 00:00:00,17197.05078125,2
2014-11-13 00:00:00,17392.7890625,3
2014-11-14 00:00:00,17490.830078125,4
2014-11-17 00:00:00,16973.80078125,0
2014-11-18 00:00:00,17344.060546875,1
2014-11-19 00:00:00,17288.75,2
2014-11-20 00:00:00,17300.859375,3
2014-11-21 00:00:00,17357.509765625,4
2014-11-25 00:00:00,17407.619140625,1
2014-11-26 00:00:00,17383.580078125,2
2014-11-27 00:00:00,17248.5,3
2014-11-28 00:00:00,17459.849609375,4
2014-12-01 00:00:00,17590.099609375,0
2014-12-02 00:00:00,17663.220703125,1
2014-12-03 00:00:00,17720.4296875,2
2014-12-04 00:00:00,17887.2109375,3
2014-12-05 00:00:00,17920.44921875,4
2014-12-08 00:00:00,17935.640625,0
2014-12-09 00:00:00,17813.380859375,1
2014-12-10 00:00:00,17412.580078125,2
2014-12-11 00:00:00,17257.400390625,3
2014-12-12 00:00:00,17371.580078125,4
2014-12-15 00:00:00,17099.400390625,0
2014-12-16 00:00:00,16755.3203125,1
2014-12-17 00:00:00,16819.73046875,2
2014-12-18 00:00:00,17210.05078125,3
2014-12-19 00:00:00,17621.400390625,4
2014-12-22 00:00:00,17635.140625,0
2014-12-24 00:00:00,17854.23046875,2
2014-12-25 00:00:00,17808.75,3
2014-12-26 00:00:00,17818.9609375,4
2014-12-29 00:00:00,17729.83984375,0
2014-12-30 00:00:00,17450.76953125,1
2015-01-05 00:00:00,17408.7109375,0
2015-01-06 00:00:00,16883.189453125,1
2015-01-07 00:00:00,16885.330078125,2
2015-01-08 00:00:00,17167.099609375,3
2015-01-09 00:00:00,17197.73046875,4
2015-01-13 00:00:00,17087.7109375,1
2015-01-14 00:00:00,16795.9609375,2
2015-01-15 00:00:00,17108.69921875,3
2015-01-16 00:00:00,16864.16015625,4
2015-01-19 00:00:00,17014.2890625,0
2015-01-20 00:00:00,17366.30078125,1
2015-01-21 00:00:00,17280.48046875,2
2015-01-22 00:00:00,17329.01953125,3
2015-01-23 00:00:00,17511.75,4
2015-01-26 00:00:00,17468.51953125,0
2015-01-27 00:00:00,17768.30078125,1
2015-01-28 00:00:00,17795.73046875,2
2015-01-29 00:00:00,17606.220703125,3
2015-01-30 00:00:00,17674.390625,4
2015-02-02 00:00:00,17558.0390625,0
2015-02-03 00:00:00,17335.849609375,1
2015-02-04 00:00:00,17678.740234375,2
2015-02-05 00:00:00,17504.619140625,3
2015-02-06 00:00:00,17648.5,4
2015-02-09 00:00:00,17711.9296875,0
2015-02-10 00:00:00,17652.6796875,1
2015-02-12 00:00:00,17979.720703125,3
2015-02-13 00:00:00,17913.359375,4
2015-02-16 00:00:00,18004.76953125,0
2015-02-17 00:00:00,17987.08984375,1
2015-02-18 00:00:00,18199.169921875,2
2015-02-19 00:00:00,18264.7890625,3
2015-02-20 00:00:00,18332.30078125,4
2015-02-23 00:00:00,18466.919921875,0
2015-02-24 00:00:00,18603.48046875,1
2015-02-25 00:00:00,18585.19921875,2
2015-02-26 00:00:00,18785.7890625,3
2015-02-27 00:00:00,18797.939453125,4
2015-03-02 00:00:00,18826.880859375,0
2015-03-03 00:00:00,18815.16015625,1
2015-03-04 00:00:00,18703.599609375,2
2015-03-05 00:00:00,18751.83984375,3
2015-03-06 00:00:00,18971.0,4
2015-03-09 00:00:00,18790.55078125,0
2015-03-10 00:00:00,18665.109375,1
2015-03-11 00:00:00,18723.51953125,2
2015-03-12 00:00:00,18991.109375,3
2015-03-13 00:00:00,19254.25,4
2015-03-16 00:00:00,19246.060546875,0
2015-03-17 00:00:00,19437.0,1
2015-03-18 00:00:00,19544.48046875,2
2015-03-19 00:00:00,19476.560546875,3
2015-03-20 00:00:00,19560.220703125,4
2015-03-23 00:00:00,19754.359375,0
2015-03-24 00:00:00,19713.44921875,1
2015-03-25 00:00:00,19746.19921875,2
2015-03-26 00:00:00,19471.119140625,3
2015-03-27 00:00:00,19285.630859375,4
2015-03-30 00:00:00,19411.400390625,0
2015-03-31 00:00:00,19206.990234375,1
2015-04-01 00:00:00,19034.83984375,2
2015-04-02 00:00:00,19312.7890625,3
2015-04-03 00:00:00,19435.080078125,4
2015-04-06 00:00:00,19397.98046875,0
2015-04-07 00:00:00,19640.5390625,1
2015-04-08 00:00:00,19789.810546875,2
2015-04-09 00:00:00,19937.720703125,3
2015-04-10 00:00:00,19907.630859375,4
2015-04-13 00:00:00,19905.4609375,0
2015-04-14 00:00:00,19908.6796875,1
2015-04-15 00:00:00,19869.759765625,2
2015-04-16 00:00:00,19885.76953125,3
2015-04-17 00:00:00,19652.880859375,4
2015-04-20 00:00:00,19634.490234375,0
2015-04-21 00:00:00,19909.08984375,1
2015-04-22 00:00:00,20133.900390625,2
2015-04-23 00:00:00,20187.650390625,3
2015-04-24 00:00:00,20020.0390625,4
2015-04-27 00:00:00,19983.3203125,0
2015-04-28 00:00:00,20058.94921875,1
2015-04-30 00:00:00,19520.009765625,3
2015-05-01 00:00:00,19531.630859375,4
2015-05-07 00:00:00,19291.990234375,3
2015-05-08 00:00:00,19379.189453125,4
2015-05-11 00:00:00,19620.91015625,0
2015-05-12 00:00:00,19624.83984375,1
2015-05-13 00:00:00,19764.720703125,2
2015-05-14 00:00:00,19570.240234375,3
2015-05-15 00:00:00,19732.919921875,4
2015-05-18 00:00:00,19890.26953125,0
2015-05-19 00:00:00,20026.380859375,1
2015-05-20 00:00:00,20196.560546875,2
2015-05-21 00:00:00,20202.869140625,3
2015-05-22 00:00:00,20264.41015625,4
2015-05-25 00:00:00,20413.76953125,0
2015-05-26 00:00:00,20437.48046875,1
2015-05-27 00:00:00,20472.580078125,2
2015-05-28 00:00:00,20551.4609375,3
2015-05-29 00:00:00,20563.150390625,4
2015-06-01 00:00:00,20569.869140625,0
2015-06-02 00:00:00,20543.189453125,1
2015-06-03 00:00:00,20473.509765625,2
2015-06-04 00:00:00,20488.189453125,3
2015-06-05 00:00:00,20460.900390625,4
2015-06-08 00:00:00,20457.189453125,0
2015-06-09 00:00:00,20096.30078125,1
2015-06-10 00:00:00,20046.359375,2
2015-06-11 00:00:00,20382.970703125,3
2015-06-12 00:00:00,20407.080078125,4
2015-06-15 00:00:00,20387.7890625,0
2015-06-16 00:00:00,20257.939453125,1
2015-06-17 00:00:00,20219.26953125,2
2015-06-18 00:00:00,19990.8203125,3
2015-06-19 00:00:00,20174.240234375,4
2015-06-22 00:00:00,20428.189453125,0
2015-06-23 00:00:00,20809.419921875,1
2015-06-24 00:00:00,20868.029296875,2
2015-06-25 00:00:00,20771.400390625,3
2015-06-26 00:00:00,20706.150390625,4
2015-06-29 00:00:00,20109.94921875,0
2015-06-30 00:00:00,20235.73046875,1
2015-07-01 00:00:00,20329.3203125,2
2015-07-02 00:00:00,20522.5,3
2015-07-03 00:00:00,20539.7890625,4
2015-07-06 00:00:00,20112.119140625,0
2015-07-07 00:00:00,20376.58984375,1
2015-07-08 00:00:00,19737.640625,2
2015-07-09 00:00:00,19855.5,3
2015-07-10 00:00:00,19779.830078125,4
2015-07-13 00:00:00,20089.76953125,0
2015-07-14 00:00:00,20385.330078125,1
2015-07-15 00:00:00,20463.330078125,2
2015-07-16 00:00:00,20600.119140625,3
2015-07-17 00:00:00,20650.919921875,4
2015-07-21 00:00:00,20841.970703125,1
2015-07-22 00:00:00,20593.669921875,2
2015-07-23 00:00:00,20683.94921875,3
2015-07-24 00:00:00,20544.529296875,4
2015-07-27 00:00:00,20350.099609375,0
2015-07-28 00:00:00,20328.890625,1
2015-07-29 00:00:00,20302.91015625,2
2015-07-30 00:00:00,20522.830078125,3
2015-07-31 00:00:00,20585.240234375,4
2015-08-03 00:00:00,20548.109375,0
2015-08-04 00:00:00,20520.359375,1
2015-08-05 00:00:00,20614.060546875,2
2015-08-06 00:00:00,20664.439453125,3
2015-08-07 00:00:00,20724.560546875,4
2015-08-10 00:00:00,20808.689453125,0
2015-08-11 00:00:00,20720.75,1
2015-08-12 00:00:00,20392.76953125,2
2015-08-13 00:00:00,20595.55078125,3
2015-08-14 00:00:00,20519.44921875,4
2015-08-17 00:00:00,20620.259765625,0
2015-08-18 00:00:00,20554.470703125,1
2015-08-19 00:00:00,20222.630859375,2
2015-08-20 00:00:00,20033.51953125,3
2015-08-21 00:00:00,19435.830078125,4
2015-08-24 00:00:00,18540.6796875,0
2015-08-25 00:00:00,17806.69921875,1
2015-08-26 00:00:00,18376.830078125,2
2015-08-27 00:00:00,18574.439453125,3
2015-08-28 00:00:00,19136.3203125,4
2015-08-31 00:00:00,18890.48046875,0
2015-09-01 00:00:00,18165.689453125,1
2015-09-02 00:00:00,18095.400390625,2
2015-09-03 00:00:00,18182.390625,3
2015-09-04 00:00:00,17792.16015625,4
2015-09-07 00:00:00,17860.470703125,0
2015-09-08 00:00:00,17427.080078125,1
2015-09-09 00:00:00,18770.509765625,2
2015-09-10 00:00:00,18299.619140625,3
2015-09-11 00:00:00,18264.220703125,4
2015-09-14 00:00:00,17965.69921875,0
2015-09-15 00:00:00,18026.48046875,1
2015-09-16 00:00:00,18171.599609375,2
2015-09-17 00:00:00,18432.26953125,3
2015-09-18 00:00:00,18070.2109375,4
2015-09-24 00:00:00,17571.830078125,3
2015-09-25 00:00:00,17880.509765625,4
2015-09-28 00:00:00,17645.109375,0
2015-09-29 00:00:00,16930.83984375,1
2015-09-30 00:00:00,17388.150390625,2
2015-10-01 00:00:00,17722.419921875,3
2015-10-02 00:00:00,17725.130859375,4
2015-10-05 00:00:00,18005.490234375,0
2015-10-06 00:00:00,18186.099609375,1
2015-10-07 00:00:00,18322.98046875,2
2015-10-08 00:00:00,18141.169921875,3
2015-10-09 00:00:00,18438.669921875,4
2015-10-13 00:00:00,18234.740234375,1
2015-10-14 00:00:00,17891.0,2
2015-10-15 00:00:00,18096.900390625,3
2015-10-16 00:00:00,18291.80078125,4
2015-10-19 00:00:00,18131.23046875,0
2015-10-20 00:00:00,18207.150390625,1
2015-10-21 00:00:00,18554.279296875,2
2015-10-22 00:00:00,18435.869140625,3
2015-10-23 00:00:00,18825.30078125,4
2015-10-26 00:00:00,18947.119140625,0
2015-10-27 00:00:00,18777.0390625,1
2015-10-28 00:00:00,18903.01953125,2
2015-10-29 00:00:00,18935.7109375,3
2015-10-30 00:00:00,19083.099609375,4
2015-11-02 00:00:00,18683.240234375,0
2015-11-04 00:00:00,18926.91015625,2
2015-11-05 00:00:00,19116.41015625,3
2015-11-06 00:00:00,19265.599609375,4
2015-11-09 00:00:00,19642.740234375,0
2015-11-10 00:00:00,19671.259765625,1
2015-11-11 00:00:00,19691.390625,2
2015-11-12 00:00:00,19697.76953125,3
2015-11-13 00:00:00,19596.91015625,4
2015-11-16 00:00:00,19393.689453125,0
2015-11-17 00:00:00,19630.630859375,1
2015-11-18 00:00:00,19649.1796875,2
2015-11-19 00:00:00,19859.810546875,3
2015-11-20 00:00:00,19879.810546875,4
2015-11-24 00:00:00,19924.890625,1
2015-11-25 00:00:00,19847.580078125,2
2015-11-26 00:00:00,19944.41015625,3
2015-11-27 00:00:00,19883.939453125,4
2015-11-30 00:00:00,19747.470703125,0
2015-12-01 00:00:00,20012.400390625,1
2015-12-02 00:00:00,19938.130859375,2
2015-12-03 00:00:00,19939.900390625,3
2015-12-04 00:00:00,19504.48046875,4
2015-12-07 00:00:00,19698.150390625,0
2015-12-08 00:00:00,19492.599609375,1
2015-12-09 00:00:00,19301.0703125,2
2015-12-10 00:00:00,19046.55078125,3
2015-12-11 00:00:00,19230.48046875,4
2015-12-14 00:00:00,18883.419921875,0
2015-12-15 00:00:00,18565.900390625,1
2015-12-16 00:00:00,19049.91015625,2
2015-12-17 00:00:00,19353.560546875,3
2015-12-18 00:00:00,18986.80078125,4
2015-12-21 00:00:00,18916.01953125,0
2015-12-22 00:00:00,18886.69921875,1
2015-12-24 00:00:00,18789.689453125,3
2015-12-25 00:00:00,18769.060546875,4
2015-12-28 00:00:00,18873.349609375,0
2015-12-29 00:00:00,18982.23046875,1
2015-12-30 00:00:00,19033.7109375,2
2016-01-04 00:00:00,18450.98046875,0
2016-01-05 00:00:00,18374.0,1
2016-01-06 00:00:00,18191.3203125,2
2016-01-07 00:00:00,17767.33984375,3
2016-01-08 00:00:00,17697.9609375,4
2016-01-12 00:00:00,17218.9609375,1
2016-01-13 00:00:00,17715.630859375,2
2016-01-14 00:00:00,17240.94921875,3
2016-01-15 00:00:00,17147.109375,4
2016-01-18 00:00:00,16955.5703125,0
2016-01-19 00:00:00,17048.369140625,1
2016-01-20 00:00:00,16416.189453125,2
2016-01-21 00:00:00,16017.259765625,3
2016-01-22 00:00:00,16958.529296875,4
2016-01-25 00:00:00,17110.91015625,0
2016-01-26 00:00:00,16708.900390625,1
2016-01-27 00:00:00,17163.919921875,2
2016-01-28 00:00:00,17041.44921875,3
2016-01-29 00:00:00,17518.30078125,4
2016-02-01 00:00:00,17865.23046875,0
2016-02-02 00:00:00,17750.6796875,1
2016-02-03 00:00:00,17191.25,2
2016-02-04 00:00:00,17044.990234375,3
2016-02-05 00:00:00,16819.58984375,4
2016-02-08 00:00:00,17004.30078125,0
2016-02-09 00:00:00,16085.4404296875,1
2016-02-10 00:00:00,15713.3896484375,2
2016-02-12 00:00:00,14952.6103515625,4
2016-02-15 00:00:00,16022.580078125,0
2016-02-16 00:00:00,16054.4296875,1
2016-02-17 00:00:00,15836.3603515625,2
2016-02-18 00:00:00,16196.7998046875,3
2016-02-19 00:00:00,15967.169921875,4
2016-02-22 00:00:00,16111.0498046875,0
2016-02-23 00:00:00,16052.0498046875,1
2016-02-24 00:00:00,15915.7900390625,2
2016-02-25 00:00:00,16140.33984375,3
2016-02-26 00:00:00,16188.41015625,4
2016-02-29 00:00:00,16026.759765625,0
2016-03-01 00:00:00,16085.509765625,1
2016-03-02 00:00:00,16746.55078125,2
2016-03-03 00:00:00,16960.16015625,3
2016-03-04 00:00:00,17014.779296875,4
2016-03-07 00:00:00,16911.3203125,0
2016-03-08 00:00:00,16783.150390625,1
2016-03-09 00:00:00,16642.19921875,2
2016-03-10 00:00:00,16852.349609375,3
2016-03-11 00:00:00,16938.869140625,4
2016-03-14 00:00:00,17233.75,0
2016-03-15 00:00:00,17117.0703125,1
2016-03-16 00:00:00,16974.44921875,2
2016-03-17 00:00:00,16936.380859375,3
2016-03-18 00:00:00,16724.810546875,4
2016-03-22 00:00:00,17048.55078125,1
2016-03-23 00:00:00,17000.98046875,2
2016-03-24 00:00:00,16892.330078125,3
2016-03-25 00:00:00,17002.75,4
2016-03-28 00:00:00,17134.369140625,0
2016-03-29 00:00:00,17103.529296875,1
2016-03-30 00:00:00,16878.9609375,2
2016-03-31 00:00:00,16758.669921875,3
2016-04-01 00:00:00,16164.16015625,4
2016-04-04 00:00:00,16123.26953125,0
2016-04-05 00:00:00,15732.8203125,1
2016-04-06 00:00:00,15715.3603515625,2
2016-04-07 00:00:00,15749.83984375,3
2016-04-08 00:00:00,15821.51953125,4
2016-04-11 00:00:00,15751.1298828125,0
2016-04-12 00:00:00,15928.7900390625,1
2016-04-13 00:00:00,16381.2197265625,2
2016-04-14 00:00:00,16911.05078125,3
2016-04-15 00:00:00,16848.029296875,4
2016-04-18 00:00:00,16275.9501953125,0
2016-04-19 00:00:00,16874.439453125,1
2016-04-20 00:00:00,16906.5390625,2
2016-04-21 00:00:00,17363.619140625,3
2016-04-22 00:00:00,17572.490234375,4
2016-04-25 00:00:00,17439.30078125,0
2016-04-26 00:00:00,17353.279296875,1
2016-04-27 00:00:00,17290.490234375,2
2016-04-28 00:00:00,16666.05078125,3
2016-05-02 00:00:00,16147.3798828125,0
2016-05-06 00:00:00,16106.7197265625,4
2016-05-09 00:00:00,16216.0302734375,0
2016-05-10 00:00:00,16565.189453125,1
2016-05-11 00:00:00,16579.009765625,2
2016-05-12 00:00:00,16646.33984375,3
2016-05-13 00:00:00,16412.2109375,4
2016-05-16 00:00:00,16466.400390625,0
2016-05-17 00:00:00,16652.80078125,1
2016-05-18 00:00:00,16644.689453125,2
2016-05-19 00:00:00,16646.66015625,3
2016-05-20 00:00:00,16736.349609375,4
2016-05-23 00:00:00,16654.599609375,0
2016-05-24 00:00:00,16498.759765625,1
2016-05-25 00:00:00,16757.349609375,2
2016-05-26 00:00:00,16772.4609375,3
2016-05-27 00:00:00,16834.83984375,4
2016-05-30 00:00:00,17068.01953125,0
2016-05-31 00:00:00,17234.98046875,1
2016-06-01 00:00:00,16955.73046875,2
2016-06-02 00:00:00,16562.55078125,3
2016-06-03 00:00:00,16642.23046875,4
2016-06-06 00:00:00,16580.029296875,0
2016-06-07 00:00:00,16675.44921875,1
2016-06-08 00:00:00,16830.919921875,2
2016-06-09 00:00:00,16668.41015625,3
2016-06-10 00:00:00,16601.359375,4
2016-06-13 00:00:00,16019.1796875,0
2016-06-14 00:00:00,15859.0,1
2016-06-15 00:00:00,15919.580078125,2
2016-06-16 00:00:00,15434.1396484375,3
2016-06-17 00:00:00,15599.66015625,4
2016-06-20 00:00:00,15965.2998046875,0
2016-06-21 00:00:00,16169.1103515625,1
2016-06-22 00:00:00,16065.7197265625,2
2016-06-23 00:00:00,16238.349609375,3
2016-06-24 00:00:00,14952.01953125,4
2016-06-27 00:00:00,15309.2099609375,0
2016-06-28 00:00:00,15323.1396484375,1
2016-06-29 00:00:00,15566.830078125,2
2016-06-30 00:00:00,15575.919921875,3
2016-07-01 00:00:00,15682.48046875,4
2016-07-04 00:00:00,15775.7998046875,0
2016-07-05 00:00:00,15669.330078125,1
2016-07-06 00:00:00,15378.990234375,2
2016-07-07 00:00:00,15276.240234375,3
2016-07-08 00:00:00,15106.98046875,4
2016-07-11 00:00:00,15708.8203125,0
2016-07-12 00:00:00,16095.650390625,1
2016-07-13 00:00:00,16231.4296875,2
2016-07-14 00:00:00,16385.890625,3
2016-07-15 00:00:00,16497.849609375,4
2016-07-19 00:00:00,16723.310546875,1
2016-07-20 00:00:00,16681.890625,2
2016-07-21 00:00:00,16810.220703125,3
2016-07-22 00:00:00,16627.25,4
2016-07-25 00:00:00,16620.2890625,0
2016-07-26 00:00:00,16383.0400390625,1
2016-07-27 00:00:00,16664.8203125,2
2016-07-28 00:00:00,16476.83984375,3
2016-07-29 00:00:00,16569.26953125,4
2016-08-01 00:00:00,16635.76953125,0
2016-08-02 00:00:00,16391.44921875,1
2016-08-03 00:00:00,16083.1103515625,2
2016-08-04 00:00:00,16254.8896484375,3
2016-08-05 00:00:00,16254.4501953125,4
2016-08-08 00:00:00,16650.5703125,0
2016-08-09 00:00:00,16764.970703125,1
2016-08-10 00:00:00,16735.119140625,2
2016-08-12 00:00:00,16919.919921875,4
2016-08-15 00:00:00,16869.560546875,0
2016-08-16 00:00:00,16596.509765625,1
2016-08-17 00:00:00,16745.640625,2
2016-08-18 00:00:00,16486.009765625,3
2016-08-19 00:00:00,16545.8203125,4
2016-08-22 00:00:00,16598.189453125,0
2016-08-23 00:00:00,16497.359375,1
2016-08-24 00:00:00,16597.30078125,2
2016-08-25 00:00:00,16555.94921875,3
2016-08-26 00:00:00,16360.7099609375,4
2016-08-29 00:00:00,16737.490234375,0
2016-08-30 00:00:00,16725.359375,1
2016-08-31 00:00:00,16887.400390625,2
2016-09-01 00:00:00,16926.83984375,3
2016-09-02 00:00:00,16925.6796875,4
2016-09-05 00:00:00,17037.630859375,0
2016-09-06 00:00:00,17081.98046875,1
2016-09-07 00:00:00,17012.439453125,2
2016-09-08 00:00:00,16958.76953125,3
2016-09-09 00:00:00,16965.759765625,4
2016-09-12 00:00:00,16672.919921875,0
2016-09-13 00:00:00,16729.0390625,1
2016-09-14 00:00:00,16614.240234375,2
2016-09-15 00:00:00,16405.009765625,3
2016-09-16 00:00:00,16519.2890625,4
2016-09-20 00:00:00,16492.150390625,1
2016-09-21 00:00:00,16807.619140625,2
2016-09-23 00:00:00,16754.01953125,4
2016-09-26 00:00:00,16544.560546875,0
2016-09-27 00:00:00,16683.9296875,1
2016-09-28 00:00:00,16465.400390625,2
2016-09-29 00:00:00,16693.7109375,3
2016-09-30 00:00:00,16449.83984375,4
2016-10-03 00:00:00,16598.669921875,0
2016-10-04 00:00:00,16735.650390625,1
2016-10-05 00:00:00,16819.240234375,2
2016-10-06 00:00:00,16899.099609375,3
2016-10-07 00:00:00,16860.08984375,4
2016-10-11 00:00:00,17024.759765625,1
2016-10-12 00:00:00,16840.0,2
2016-10-13 00:00:00,16774.240234375,3
2016-10-14 00:00:00,16856.369140625,4
2016-10-17 00:00:00,16900.119140625,0
2016-10-18 00:00:00,16963.609375,1
2016-10-19 00:00:00,16998.91015625,2
2016-10-20 00:00:00,17235.5,3
2016-10-21 00:00:00,17184.58984375,4
2016-10-24 00:00:00,17234.419921875,0
2016-10-25 00:00:00,17365.25,1
2016-10-26 00:00:00,17391.83984375,2
2016-10-27 00:00:00,17336.419921875,3
2016-10-28 00:00:00,17446.41015625,4
2016-10-31 00:00:00,17425.01953125,0
2016-11-01 00:00:00,17442.400390625,1
2016-11-02 00:00:00,17134.6796875,2
2016-11-04 00:00:00,16905.359375,4
2016-11-07 00:00:00,17177.2109375,0
2016-11-08 00:00:00,17171.380859375,1
2016-11-09 00:00:00,16251.5400390625,2
2016-11-10 00:00:00,17344.419921875,3
2016-11-11 00:00:00,17374.7890625,4
2016-11-14 00:00:00,17672.619140625,0
2016-11-15 00:00:00,17668.150390625,1
2016-11-16 00:00:00,17862.2109375,2
2016-11-17 00:00:00,17862.630859375,3
2016-11-18 00:00:00,17967.41015625,4
2016-11-21 00:00:00,18106.01953125,0
2016-11-22 00:00:00,18162.939453125,1
2016-11-24 00:00:00,18333.41015625,3
2016-11-25 00:00:00,18381.220703125,4
2016-11-28 00:00:00,18356.890625,0
2016-11-29 00:00:00,18307.0390625,1
2016-11-30 00:00:00,18308.48046875,2
2016-12-01 00:00:00,18513.119140625,3
2016-12-02 00:00:00,18426.080078125,4
2016-12-05 00:00:00,18274.990234375,0
2016-12-06 00:00:00,18360.5390625,1
2016-12-07 00:00:00,18496.689453125,2
2016-12-08 00:00:00,18765.470703125,3
2016-12-09 00:00:00,18996.369140625,4
2016-12-12 00:00:00,19155.029296875,0
2016-12-13 00:00:00,19250.51953125,1
2016-12-14 00:00:00,19253.609375,2
2016-12-15 00:00:00,19273.7890625,3
2016-12-16 00:00:00,19401.150390625,4
2016-12-19 00:00:00,19391.599609375,0
2016-12-20 00:00:00,19494.529296875,1
2016-12-21 00:00:00,19444.490234375,2
2016-12-22 00:00:00,19427.669921875,3
2016-12-26 00:00:00,19396.640625,0
2016-12-27 00:00:00,19403.060546875,1
2016-12-28 00:00:00,19401.720703125,2
2016-12-29 00:00:00,19145.140625,3
2016-12-30 00:00:00,19114.369140625,4
2017-01-04 00:00:00,19594.16015625,2
2017-01-05 00:00:00,19520.689453125,3
2017-01-06 00:00:00,19454.330078125,4
2017-01-10 00:00:00,19301.439453125,1
2017-01-11 00:00:00,19364.669921875,2
2017-01-12 00:00:00,19134.69921875,3
2017-01-13 00:00:00,19287.279296875,4
2017-01-16 00:00:00,19095.240234375,0
2017-01-17 00:00:00,18813.529296875,1
2017-01-18 00:00:00,18894.369140625,2
2017-01-19 00:00:00,19072.25,3
2017-01-20 00:00:00,19137.91015625,4
2017-01-23 00:00:00,18891.029296875,0
2017-01-24 00:00:00,18787.990234375,1
2017-01-25 00:00:00,19057.5,2
2017-01-26 00:00:00,19402.390625,3
2017-01-27 00:00:00,19467.400390625,4
2017-01-30 00:00:00,19368.849609375,0
2017-01-31 00:00:00,19041.33984375,1
2017-02-01 00:00:00,19148.080078125,2
2017-02-02 00:00:00,18914.580078125,3
2017-02-03 00:00:00,18918.19921875,4
2017-02-06 00:00:00,18976.7109375,0
2017-02-07 00:00:00,18910.779296875,1
2017-02-08 00:00:00,19007.599609375,2
2017-02-09 00:00:00,18907.669921875,3
2017-02-10 00:00:00,19378.9296875,4
2017-02-13 00:00:00,19459.150390625,0
2017-02-14 00:00:00,19238.98046875,1
2017-02-15 00:00:00,19437.98046875,2
2017-02-16 00:00:00,19347.529296875,3
2017-02-17 00:00:00,19234.619140625,4
2017-02-20 00:00:00,19251.080078125,0
2017-02-21 00:00:00,19381.439453125,1
2017-02-22 00:00:00,19379.869140625,2
2017-02-23 00:00:00,19371.4609375,3
2017-02-24 00:00:00,19283.5390625,4
2017-02-27 00:00:00,19107.470703125,0
2017-02-28 00:00:00,19118.990234375,1
2017-03-01 00:00:00,19393.5390625,2
2017-03-02 00:00:00,19564.80078125,3
2017-03-03 00:00:00,19469.169921875,4
2017-03-06 00:00:00,19379.140625,0
2017-03-07 00:00:00,19344.150390625,1
2017-03-08 00:00:00,19254.029296875,2
2017-03-09 00:00:00,19318.580078125,3
2017-03-10 00:00:00,19604.609375,4
2017-03-13 00:00:00,19633.75,0
2017-03-14 00:00:00,19609.5,1
2017-03-15 00:00:00,19577.380859375,2
2017-03-16 00:00:00,19590.140625,3
2017-03-17 00:00:00,19521.58984375,4
2017-03-21 00:00:00,19455.880859375,1
2017-03-22 00:00:00,19041.380859375,2
2017-03-23 00:00:00,19085.310546875,3
2017-03-24 00:00:00,19262.529296875,4
2017-03-27 00:00:00,18985.58984375,0
2017-03-28 00:00:00,19202.869140625,1
2017-03-29 00:00:00,19217.48046875,2
2017-03-30 00:00:00,19063.220703125,3
2017-03-31 00:00:00,18909.259765625,4
2017-04-03 00:00:00,18983.23046875,0
2017-04-04 00:00:00,18810.25,1
2017-04-05 00:00:00,18861.26953125,2
2017-04-06 00:00:00,18597.060546875,3
2017-04-07 00:00:00,18664.630859375,4
2017-04-10 00:00:00,18797.880859375,0
2017-04-11 00:00:00,18747.869140625,1
2017-04-12 00:00:00,18552.609375,2
2017-04-13 00:00:00,18426.83984375,3
2017-04-14 00:00:00,18335.630859375,4
2017-04-17 00:00:00,18355.259765625,0
2017-04-18 00:00:00,18418.58984375,1
2017-04-19 00:00:00,18432.19921875,2
2017-04-20 00:00:00,18430.490234375,3
2017-04-21 00:00:00,18620.75,4
2017-04-24 00:00:00,18875.880859375,0
2017-04-25 00:00:00,19079.330078125,1
2017-04-26 00:00:00,19289.4296875,2
2017-04-27 00:00:00,19251.869140625,3
2017-04-28 00:00:00,19196.740234375,4
2017-05-01 00:00:00,19310.51953125,0
2017-05-02 00:00:00,19445.69921875,1
2017-05-08 00:00:00,19895.69921875,0
2017-05-09 00:00:00,19843.0,1
2017-05-10 00:00:00,19900.08984375,2
2017-05-11 00:00:00,19961.55078125,3
2017-05-12 00:00:00,19883.900390625,4
2017-05-15 00:00:00,19869.849609375,0
2017-05-16 00:00:00,19919.8203125,1
2017-05-17 00:00:00,19814.880859375,2
2017-05-18 00:00:00,19553.859375,3
2017-05-19 00:00:00,19590.759765625,4
2017-05-22 00:00:00,19678.279296875,0
2017-05-23 00:00:00,19613.279296875,1
2017-05-24 00:00:00,19742.98046875,2
2017-05-25 00:00:00,19813.130859375,3
2017-05-26 00:00:00,19686.83984375,4
2017-05-29 00:00:00,19682.5703125,0
2017-05-30 00:00:00,19677.849609375,1
2017-05-31 00:00:00,19650.5703125,2
2017-06-01 00:00:00,19860.029296875,3
2017-06-02 00:00:00,20177.279296875,4
2017-06-05 00:00:00,20170.8203125,0
2017-06-06 00:00:00,19979.900390625,1
2017-06-07 00:00:00,19984.619140625,2
2017-06-08 00:00:00,19909.259765625,3
2017-06-09 00:00:00,20013.259765625,4
2017-06-12 00:00:00,19908.580078125,0
2017-06-13 00:00:00,19898.75,1
2017-06-14 00:00:00,19883.51953125,2
2017-06-15 00:00:00,19831.8203125,3
2017-06-16 00:00:00,19943.259765625,4
2017-06-19 00:00:00,20067.75,0
2017-06-20 00:00:00,20230.41015625,1
2017-06-21 00:00:00,20138.7890625,2
2017-06-22 00:00:00,20110.509765625,3
2017-06-23 00:00:00,20132.669921875,4
2017-06-26 00:00:00,20153.349609375,0
2017-06-27 00:00:00,20225.08984375,1
2017-06-28 00:00:00,20130.41015625,2
2017-06-29 00:00:00,20220.30078125,3
2017-06-30 00:00:00,20033.4296875,4
2017-07-03 00:00:00,20055.80078125,0
2017-07-04 00:00:00,20032.349609375,1
2017-07-05 00:00:00,20081.630859375,2
2017-07-06 00:00:00,19994.060546875,3
2017-07-07 00:00:00,19929.08984375,4
2017-07-10 00:00:00,20080.98046875,0
2017-07-11 00:00:00,20195.48046875,1
2017-07-12 00:00:00,20098.380859375,2
2017-07-13 00:00:00,20099.810546875,3
2017-07-14 00:00:00,20118.859375,4
2017-07-18 00:00:00,19999.91015625,1
2017-07-19 00:00:00,20020.859375,2
2017-07-20 00:00:00,20144.58984375,3
2017-07-21 00:00:00,20099.75,4
2017-07-24 00:00:00,19975.669921875,0
2017-07-25 00:00:00,19955.19921875,1
2017-07-26 00:00:00,20050.16015625,2
2017-07-27 00:00:00,20079.640625,3
2017-07-28 00:00:00,19959.83984375,4
2017-07-31 00:00:00,19925.1796875,0
2017-08-01 00:00:00,19985.7890625,1
2017-08-02 00:00:00,20080.0390625,2
2017-08-03 00:00:00,20029.259765625,3
2017-08-04 00:00:00,19952.330078125,4
2017-08-07 00:00:00,20055.890625,0
2017-08-08 00:00:00,19996.009765625,1
2017-08-09 00:00:00,19738.7109375,2
2017-08-10 00:00:00,19729.740234375,3
2017-08-14 00:00:00,19537.099609375,0
2017-08-15 00:00:00,19753.310546875,1
2017-08-16 00:00:00,19729.279296875,2
2017-08-17 00:00:00,19702.630859375,3
2017-08-18 00:00:00,19470.41015625,4
2017-08-21 00:00:00,19393.130859375,0
2017-08-22 00:00:00,19383.83984375,1
2017-08-23 00:00:00,19434.640625,2
2017-08-24 00:00:00,19353.76953125,3
2017-08-25 00:00:00,19452.609375,4
2017-08-28 00:00:00,19449.900390625,0
2017-08-29 00:00:00,19362.55078125,1
2017-08-30 00:00:00,19506.5390625,2
2017-08-31 00:00:00,19646.240234375,3
2017-09-01 00:00:00,19691.470703125,4
2017-09-04 00:00:00,19508.25,0
2017-09-05 00:00:00,19385.810546875,1
2017-09-06 00:00:00,19357.970703125,2
2017-09-07 00:00:00,19396.51953125,3
2017-09-08 00:00:00,19274.8203125,4
2017-09-11 00:00:00,19545.76953125,0
2017-09-12 00:00:00,19776.619140625,1
2017-09-13 00:00:00,19865.8203125,2
2017-09-14 00:00:00,19807.439453125,3
2017-09-15 00:00:00,19909.5,4
2017-09-19 00:00:00,20299.380859375,1
2017-09-20 00:00:00,20310.4609375,2
2017-09-21 00:00:00,20347.48046875,3
2017-09-22 00:00:00,20296.44921875,4
2017-09-25 00:00:00,20397.580078125,0
2017-09-26 00:00:00,20330.189453125,1
2017-09-27 00:00:00,20267.05078125,2
2017-09-28 00:00:00,20363.109375,3
2017-09-29 00:00:00,20356.279296875,4
2017-10-02 00:00:00,20400.779296875,0
2017-10-03 00:00:00,20614.0703125,1
2017-10-04 00:00:00,20626.66015625,2
2017-10-05 00:00:00,20628.560546875,3
2017-10-06 00:00:00,20690.7109375,4
2017-10-10 00:00:00,20823.509765625,1
2017-10-11 00:00:00,20881.26953125,2
2017-10-12 00:00:00,20954.720703125,3
2017-10-13 00:00:00,21155.1796875,4
2017-10-16 00:00:00,21255.560546875,0
2017-10-17 00:00:00,21336.119140625,1
2017-10-18 00:00:00,21363.05078125,2
2017-10-19 00:00:00,21448.51953125,3
2017-10-20 00:00:00,21457.640625,4
2017-10-23 00:00:00,21696.650390625,0
2017-10-24 00:00:00,21805.169921875,1
2017-10-25 00:00:00,21707.619140625,2
2017-10-26 00:00:00,21739.779296875,3
2017-10-27 00:00:00,22008.44921875,4
2017-10-30 00:00:00,22011.669921875,0
2017-10-31 00:00:00,22011.609375,1
2017-11-01 00:00:00,22420.080078125,2
2017-11-02 00:00:00,22539.119140625,3
2017-11-06 00:00:00,22548.349609375,0
2017-11-07 00:00:00,22937.599609375,1
2017-11-08 00:00:00,22913.8203125,2
2017-11-09 00:00:00,22868.7109375,3
2017-11-10 00:00:00,22681.419921875,4
2017-11-13 00:00:00,22380.990234375,0
2017-11-14 00:00:00,22380.009765625,1
2017-11-15 00:00:00,22028.3203125,2
2017-11-16 00:00:00,22351.119140625,3
2017-11-17 00:00:00,22396.80078125,4
2017-11-20 00:00:00,22261.759765625,0
2017-11-21 00:00:00,22416.48046875,1
2017-11-22 00:00:00,22523.150390625,2
2017-11-24 00:00:00,22550.849609375,4
2017-11-27 00:00:00,22495.990234375,0
2017-11-28 00:00:00,22486.240234375,1
2017-11-29 00:00:00,22597.19921875,2
2017-11-30 00:00:00,22724.9609375,3
2017-12-01 00:00:00,22819.029296875,4
2017-12-04 00:00:00,22707.16015625,0
2017-12-05 00:00:00,22622.380859375,1
2017-12-06 00:00:00,22177.0390625,2
2017-12-07 00:00:00,22498.029296875,3
2017-12-08 00:00:00,22811.080078125,4
2017-12-11 00:00:00,22938.73046875,0
2017-12-12 00:00:00,22866.169921875,1
2017-12-13 00:00:00,22758.0703125,2
2017-12-14 00:00:00,22694.44921875,3
2017-12-15 00:00:00,22553.220703125,4
2017-12-18 00:00:00,22901.76953125,0
2017-12-19 00:00:00,22868.0,1
2017-12-20 00:00:00,22891.720703125,2
2017-12-21 00:00:00,22866.099609375,3
2017-12-22 00:00:00,22902.759765625,4
2017-12-25 00:00:00,22939.1796875,0
2017-12-26 00:00:00,22892.689453125,1
2017-12-27 00:00:00,22911.2109375,2
2017-12-28 00:00:00,22783.98046875,3
2017-12-29 00:00:00,22764.939453125,4
2018-01-04 00:00:00,23506.330078125,3
2018-01-05 00:00:00,23714.529296875,4
2018-01-09 00:00:00,23849.990234375,1
2018-01-10 00:00:00,23788.19921875,2
2018-01-11 00:00:00,23710.4296875,3
2018-01-12 00:00:00,23653.8203125,4
2018-01-15 00:00:00,23714.880859375,0
2018-01-16 00:00:00,23951.810546875,1
2018-01-17 00:00:00,23868.33984375,2
2018-01-18 00:00:00,23763.369140625,3
2018-01-19 00:00:00,23808.060546875,4
2018-01-22 00:00:00,23816.330078125,0
2018-01-23 00:00:00,24124.150390625,1
2018-01-24 00:00:00,23940.779296875,2
2018-01-25 00:00:00,23669.490234375,3
2018-01-26 00:00:00,23631.880859375,4
2018-01-29 00:00:00,23629.33984375,0
2018-01-30 00:00:00,23291.970703125,1
2018-01-31 00:00:00,23098.2890625,2
2018-02-01 00:00:00,23486.109375,3
2018-02-02 00:00:00,23274.529296875,4
2018-02-05 00:00:00,22682.080078125,0
2018-02-06 00:00:00,21610.240234375,1
2018-02-07 00:00:00,21645.369140625,2
2018-02-08 00:00:00,21890.859375,3
2018-02-09 00:00:00,21382.619140625,4
2018-02-13 00:00:00,21244.6796875,1
2018-02-14 00:00:00,21154.169921875,2
2018-02-15 00:00:00,21464.98046875,3
2018-02-16 00:00:00,21720.25,4
2018-02-19 00:00:00,22149.2109375,0
2018-02-20 00:00:00,21925.099609375,1
2018-02-21 00:00:00,21970.810546875,2
2018-02-22 00:00:00,21736.439453125,3
2018-02-23 00:00:00,21892.779296875,4
2018-02-26 00:00:00,22153.630859375,0
2018-02-27 00:00:00,22389.859375,1
2018-02-28 00:00:00,22068.240234375,2
2018-03-01 00:00:00,21724.470703125,3
2018-03-02 00:00:00,21181.640625,4
2018-03-05 00:00:00,21042.08984375,0
2018-03-06 00:00:00,21417.759765625,1
2018-03-07 00:00:00,21252.720703125,2
2018-03-08 00:00:00,21368.0703125,3
2018-03-09 00:00:00,21469.19921875,4
2018-03-12 00:00:00,21824.029296875,0
2018-03-13 00:00:00,21968.099609375,1
2018-03-14 00:00:00,21777.2890625,2
2018-03-15 00:00:00,21803.94921875,3
2018-03-16 00:00:00,21676.509765625,4
2018-03-19 00:00:00,21480.900390625,0
2018-03-20 00:00:00,21380.970703125,1
2018-03-22 00:00:00,21591.990234375,3
2018-03-23 00:00:00,20617.859375,4
2018-03-26 00:00:00,20766.099609375,0
2018-03-27 00:00:00,21317.3203125,1
2018-03-28 00:00:00,21031.310546875,2
2018-03-29 00:00:00,21159.080078125,3
2018-03-30 00:00:00,21454.30078125,4
2018-04-02 00:00:00,21388.580078125,0
2018-04-03 00:00:00,21292.2890625,1
2018-04-04 00:00:00,21319.55078125,2
2018-04-05 00:00:00,21645.419921875,3
2018-04-06 00:00:00,21567.51953125,4
2018-04-09 00:00:00,21678.259765625,0
2018-04-10 00:00:00,21794.3203125,1
2018-04-11 00:00:00,21687.099609375,2
2018-04-12 00:00:00,21660.279296875,3
2018-04-13 00:00:00,21778.740234375,4
2018-04-16 00:00:00,21835.529296875,0
2018-04-17 00:00:00,21847.58984375,1
2018-04-18 00:00:00,22158.19921875,2
2018-04-19 00:00:00,22191.1796875,3
2018-04-20 00:00:00,22162.240234375,4
2018-04-23 00:00:00,22088.0390625,0
2018-04-24 00:00:00,22278.119140625,1
2018-04-25 00:00:00,22215.3203125,2
2018-04-26 00:00:00,22319.609375,3
2018-04-27 00:00:00,22467.869140625,4
2018-05-01 00:00:00,22508.029296875,1
2018-05-02 00:00:00,22472.779296875,2
2018-05-07 00:00:00,22467.16015625,0
2018-05-08 00:00:00,22508.689453125,1
2018-05-09 00:00:00,22408.880859375,2
2018-05-10 00:00:00,22497.1796875,3
2018-05-11 00:00:00,22758.48046875,4
2018-05-14 00:00:00,22865.859375,0
2018-05-15 00:00:00,22818.01953125,1
2018-05-16 00:00:00,22717.23046875,2
2018-05-17 00:00:00,22838.369140625,3
2018-05-18 00:00:00,22930.359375,4
2018-05-21 00:00:00,23002.369140625,0
2018-05-22 00:00:00,22960.33984375,1
2018-05-23 00:00:00,22689.740234375,2
2018-05-24 00:00:00,22437.009765625,3
2018-05-25 00:00:00,22450.7890625,4
2018-05-28 00:00:00,22481.08984375,0
2018-05-29 00:00:00,22358.4296875,1
2018-05-30 00:00:00,22018.51953125,2
2018-05-31 00:00:00,22201.8203125,3
2018-06-01 00:00:00,22171.349609375,4
2018-06-04 00:00:00,22475.939453125,0
2018-06-05 00:00:00,22539.5390625,1
2018-06-06 00:00:00,22625.73046875,2
2018-06-07 00:00:00,22823.259765625,3
2018-06-08 00:00:00,22694.5,4
2018-06-11 00:00:00,22804.0390625,0
2018-06-12 00:00:00,22878.349609375,1
2018-06-13 00:00:00,22966.380859375,2
2018-06-14 00:00:00,22738.609375,3
2018-06-15 00:00:00,22851.75,4
2018-06-18 00:00:00,22680.330078125,0
2018-06-19 00:00:00,22278.48046875,1
2018-06-20 00:00:00,22555.4296875,2
2018-06-21 00:00:00,22693.0390625,3
2018-06-22 00:00:00,22516.830078125,4
2018-06-25 00:00:00,22338.150390625,0
2018-06-26 00:00:00,22342.0,1
2018-06-27 00:00:00,22271.76953125,2
2018-06-28 00:00:00,22270.390625,3
2018-06-29 00:00:00,22304.509765625,4
2018-07-02 00:00:00,21811.9296875,0
2018-07-03 00:00:00,21785.5390625,1
2018-07-04 00:00:00,21717.0390625,2
2018-07-05 00:00:00,21546.990234375,3
2018-07-06 00:00:00,21788.140625,4
2018-07-09 00:00:00,22052.1796875,0
2018-07-10 00:00:00,22196.890625,1
2018-07-11 00:00:00,21932.2109375,2
2018-07-12 00:00:00,22187.9609375,3
2018-07-13 00:00:00,22597.349609375,4
2018-07-16 00:00:00,22597.349609375,0
2018-07-17 00:00:00,22697.359375,1
2018-07-18 00:00:00,22794.189453125,2
2018-07-19 00:00:00,22764.6796875,3
2018-07-20 00:00:00,22697.880859375,4
2018-07-23 00:00:00,22396.990234375,0
2018-07-24 00:00:00,22510.48046875,1
2018-07-25 00:00:00,22614.25,2
2018-07-26 00:00:00,22586.869140625,3
2018-07-27 00:00:00,22712.75,4
2018-07-30 00:00:00,22544.83984375,0
2018-07-31 00:00:00,22553.720703125,1
2018-08-01 00:00:00,22746.69921875,2
2018-08-02 00:00:00,22512.529296875,3
2018-08-03 00:00:00,22525.1796875,4
2018-08-06 00:00:00,22507.3203125,0
2018-08-07 00:00:00,22662.740234375,1
2018-08-08 00:00:00,22644.310546875,2
2018-08-09 00:00:00,22598.390625,3
2018-08-10 00:00:00,22298.080078125,4
2018-08-13 00:00:00,21857.4296875,0
2018-08-14 00:00:00,22356.080078125,1
2018-08-15 00:00:00,22204.220703125,2
2018-08-16 00:00:00,22192.0390625,3
2018-08-17 00:00:00,22270.380859375,4
2018-08-20 00:00:00,22199.0,0
2018-08-21 00:00:00,22219.73046875,1
2018-08-22 00:00:00,22362.55078125,2
2018-08-23 00:00:00,22410.8203125,3
2018-08-24 00:00:00,22601.76953125,4
2018-08-27 00:00:00,22799.640625,0
2018-08-28 00:00:00,22813.470703125,1
2018-08-29 00:00:00,22848.220703125,2
2018-08-30 00:00:00,22869.5,3
2018-08-31 00:00:00,22865.150390625,4
2018-09-03 00:00:00,22707.380859375,0
2018-09-04 00:00:00,22696.900390625,1
2018-09-05 00:00:00,22580.830078125,2
2018-09-06 00:00:00,22487.939453125,3
2018-09-07 00:00:00,22307.060546875,4
2018-09-10 00:00:00,22373.08984375,0
2018-09-11 00:00:00,22664.689453125,1
2018-09-12 00:00:00,22604.609375,2
2018-09-13 00:00:00,22821.3203125,3
2018-09-14 00:00:00,23094.669921875,4
2018-09-18 00:00:00,23420.5390625,1
2018-09-19 00:00:00,23672.51953125,2
2018-09-20 00:00:00,23674.9296875,3
2018-09-21 00:00:00,23869.9296875,4
2018-09-25 00:00:00,23940.259765625,1
2018-09-26 00:00:00,24033.7890625,2
2018-09-27 00:00:00,23796.740234375,3
2018-09-28 00:00:00,24120.0390625,4
2018-10-01 00:00:00,24245.759765625,0
2018-10-02 00:00:00,24270.619140625,1
2018-10-03 00:00:00,24110.9609375,2
2018-10-04 00:00:00,23975.619140625,3
2018-10-05 00:00:00,23783.720703125,4
2018-10-09 00:00:00,23469.390625,1
2018-10-10 00:00:00,23506.0390625,2
2018-10-11 00:00:00,22590.859375,3
2018-10-12 00:00:00,22694.66015625,4
2018-10-15 00:00:00,22271.30078125,0
2018-10-16 00:00:00,22549.240234375,1
2018-10-17 00:00:00,22841.119140625,2
2018-10-18 00:00:00,22658.16015625,3
2018-10-19 00:00:00,22532.080078125,4
2018-10-22 00:00:00,22614.8203125,0
2018-10-23 00:00:00,22010.779296875,1
2018-10-24 00:00:00,22091.1796875,2
2018-10-25 00:00:00,21268.73046875,3
2018-10-26 00:00:00,21184.599609375,4
2018-10-29 00:00:00,21149.80078125,0
2018-10-30 00:00:00,21457.2890625,1
2018-10-31 00:00:00,21920.4609375,2
2018-11-01 00:00:00,21687.650390625,3
2018-11-02 00:00:00,22243.66015625,4
2018-11-05 00:00:00,21898.990234375,0
2018-11-06 00:00:00,22147.75,1
2018-11-07 00:00:00,22085.80078125,2
2018-11-08 00:00:00,22486.919921875,3
2018-11-09 00:00:00,22250.25,4
2018-11-12 00:00:00,22269.880859375,0
2018-11-13 00:00:00,21810.51953125,1
2018-11-14 00:00:00,21846.48046875,2
2018-11-15 00:00:00,21803.619140625,3
2018-11-16 00:00:00,21680.33984375,4
2018-11-19 00:00:00,21821.16015625,0
2018-11-20 00:00:00,21583.119140625,1
2018-11-21 00:00:00,21507.5390625,2
2018-11-22 00:00:00,21646.55078125,3
2018-11-26 00:00:00,21812.0,0
2018-11-27 00:00:00,21952.400390625,1
2018-11-28 00:00:00,22177.01953125,2
2018-11-29 00:00:00,22262.599609375,3
2018-11-30 00:00:00,22351.060546875,4
2018-12-03 00:00:00,22574.759765625,0
2018-12-04 00:00:00,22036.05078125,1
2018-12-05 00:00:00,21919.330078125,2
2018-12-06 00:00:00,21501.619140625,3
2018-12-07 00:00:00,21678.6796875,4
2018-12-10 00:00:00,21219.5,0
2018-12-11 00:00:00,21148.01953125,1
2018-12-12 00:00:00,21602.75,2
2018-12-13 00:00:00,21816.189453125,3
2018-12-14 00:00:00,21374.830078125,4
2018-12-17 00:00:00,21506.880859375,0
2018-12-18 00:00:00,21115.44921875,1
2018-12-19 00:00:00,20987.919921875,2
2018-12-20 00:00:00,20392.580078125,3
2018-12-21 00:00:00,20166.189453125,4
2018-12-25 00:00:00,19155.740234375,1
2018-12-26 00:00:00,19327.060546875,2
2018-12-27 00:00:00,20077.619140625,3
2018-12-28 00:00:00,20014.76953125,4
2019-01-04 00:00:00,19561.9609375,4
2019-01-07 00:00:00,20038.970703125,0
2019-01-08 00:00:00,20204.0390625,1
2019-01-09 00:00:00,20427.060546875,2
2019-01-10 00:00:00,20163.80078125,3
2019-01-11 00:00:00,20359.69921875,4
2019-01-15 00:00:00,20555.2890625,1
2019-01-16 00:00:00,20442.75,2
2019-01-17 00:00:00,20402.26953125,3
2019-01-18 00:00:00,20666.0703125,4
2019-01-21 00:00:00,20719.330078125,0
2019-01-22 00:00:00,20622.91015625,1
2019-01-23 00:00:00,20593.720703125,2
2019-01-24 00:00:00,20574.630859375,3
2019-01-25 00:00:00,20773.560546875,4
2019-01-28 00:00:00,20649.0,0
2019-01-29 00:00:00,20664.640625,1
2019-01-30 00:00:00,20556.5390625,2
2019-01-31 00:00:00,20773.490234375,3
2019-02-01 00:00:00,20788.390625,4
2019-02-04 00:00:00,20883.76953125,0
2019-02-05 00:00:00,20844.44921875,1
2019-02-06 00:00:00,20874.060546875,2
2019-02-07 00:00:00,20751.279296875,3
2019-02-08 00:00:00,20333.169921875,4
2019-02-12 00:00:00,20864.2109375,1
2019-02-13 00:00:00,21144.48046875,2
2019-02-14 00:00:00,21139.7109375,3
2019-02-15 00:00:00,20900.630859375,4
2019-02-18 00:00:00,21281.849609375,0
2019-02-19 00:00:00,21302.650390625,1
2019-02-20 00:00:00,21431.490234375,2
2019-02-21 00:00:00,21464.23046875,3
2019-02-22 00:00:00,21425.509765625,4
2019-02-25 00:00:00,21528.23046875,0
2019-02-26 00:00:00,21449.390625,1
2019-02-27 00:00:00,21556.509765625,2
2019-02-28 00:00:00,21385.16015625,3
2019-03-01 00:00:00,21602.689453125,4
2019-03-04 00:00:00,21822.0390625,0
2019-03-05 00:00:00,21726.279296875,1
2019-03-06 00:00:00,21596.810546875,2
2019-03-07 00:00:00,21456.009765625,3
2019-03-08 00:00:00,21025.560546875,4
2019-03-11 00:00:00,21125.08984375,0
2019-03-12 00:00:00,21503.689453125,1
2019-03-13 00:00:00,21290.240234375,2
2019-03-14 00:00:00,21287.01953125,3
2019-03-15 00:00:00,21450.849609375,4
2019-03-18 00:00:00,21584.5,0
2019-03-19 00:00:00,21566.849609375,1
2019-03-20 00:00:00,21608.919921875,2
2019-03-22 00:00:00,21627.33984375,4
2019-03-25 00:00:00,20977.109375,0
2019-03-26 00:00:00,21428.390625,1
2019-03-27 00:00:00,21378.73046875,2
2019-03-28 00:00:00,21033.759765625,3
2019-03-29 00:00:00,21205.810546875,4
2019-04-01 00:00:00,21509.029296875,0
2019-04-02 00:00:00,21505.310546875,1
2019-04-03 00:00:00,21713.2109375,2
2019-04-04 00:00:00,21724.94921875,3
2019-04-05 00:00:00,21807.5,4
2019-04-08 00:00:00,21761.650390625,0
2019-04-09 00:00:00,21802.58984375,1
2019-04-10 00:00:00,21687.5703125,2
2019-04-11 00:00:00,21711.380859375,3
2019-04-12 00:00:00,21870.560546875,4
2019-04-15 00:00:00,22169.109375,0
2019-04-16 00:00:00,22221.66015625,1
2019-04-17 00:00:00,22277.970703125,2
2019-04-18 00:00:00,22090.119140625,3
2019-04-19 00:00:00,22200.560546875,4
2019-04-22 00:00:00,22217.900390625,0
2019-04-23 00:00:00,22259.740234375,1
2019-04-24 00:00:00,22200.0,2
2019-04-25 00:00:00,22307.580078125,3
2019-04-26 00:00:00,22258.73046875,4
2019-05-07 00:00:00,21923.720703125,1
2019-05-08 00:00:00,21602.58984375,2
2019-05-09 00:00:00,21402.130859375,3
2019-05-10 00:00:00,21344.919921875,4
2019-05-13 00:00:00,21191.279296875,0
2019-05-14 00:00:00,21067.23046875,1
2019-05-15 00:00:00,21188.560546875,2
2019-05-16 00:00:00,21062.98046875,3
2019-05-17 00:00:00,21250.08984375,4
2019-05-20 00:00:00,21301.73046875,0
2019-05-21 00:00:00,21272.44921875,1
2019-05-22 00:00:00,21283.369140625,2
2019-05-23 00:00:00,21151.140625,3
2019-05-24 00:00:00,21117.220703125,4
2019-05-27 00:00:00,21182.580078125,0
2019-05-28 00:00:00,21260.140625,1
2019-05-29 00:00:00,21003.369140625,2
2019-05-30 00:00:00,20942.529296875,3
2019-05-31 00:00:00,20601.189453125,4
2019-06-03 00:00:00,20410.880859375,0
2019-06-04 00:00:00,20408.5390625,1
2019-06-05 00:00:00,20776.099609375,2
2019-06-06 00:00:00,20774.0390625,3
2019-06-07 00:00:00,20884.7109375,4
2019-06-10 00:00:00,21134.419921875,0
2019-06-11 00:00:00,21204.279296875,1
2019-06-12 00:00:00,21129.720703125,2
2019-06-13 00:00:00,21032.0,3
2019-06-14 00:00:00,21116.890625,4
2019-06-17 00:00:00,21124.0,0
2019-06-18 00:00:00,20972.7109375,1
2019-06-19 00:00:00,21333.869140625,2
2019-06-20 00:00:00,21462.859375,3
2019-06-21 00:00:00,21258.640625,4
2019-06-24 00:00:00,21285.990234375,0
2019-06-25 00:00:00,21193.810546875,1
2019-06-26 00:00:00,21086.58984375,2
2019-06-27 00:00:00,21338.169921875,3
2019-06-28 00:00:00,21275.919921875,4
2019-07-01 00:00:00,21729.970703125,0
2019-07-02 00:00:00,21754.26953125,1
2019-07-03 00:00:00,21638.16015625,2
2019-07-04 00:00:00,21702.44921875,3
2019-07-05 00:00:00,21746.380859375,4
2019-07-08 00:00:00,21534.349609375,0
2019-07-09 00:00:00,21565.150390625,1
2019-07-10 00:00:00,21533.48046875,2
2019-07-11 00:00:00,21643.529296875,3
2019-07-12 00:00:00,21685.900390625,4
2019-07-16 00:00:00,21535.25,1
2019-07-17 00:00:00,21469.1796875,2
2019-07-18 00:00:00,21046.240234375,3
2019-07-19 00:00:00,21466.990234375,4
2019-07-22 00:00:00,21416.7890625,0
2019-07-23 00:00:00,21620.880859375,1
2019-07-24 00:00:00,21709.5703125,2
2019-07-25 00:00:00,21756.55078125,3
2019-07-26 00:00:00,21658.150390625,4
2019-07-29 00:00:00,21616.80078125,0
2019-07-30 00:00:00,21709.310546875,1
2019-07-31 00:00:00,21521.529296875,2
2019-08-01 00:00:00,21540.990234375,3
2019-08-02 00:00:00,21087.16015625,4
2019-08-05 00:00:00,20720.2890625,0
2019-08-06 00:00:00,20585.310546875,1
2019-08-07 00:00:00,20516.560546875,2
2019-08-08 00:00:00,20593.349609375,3
2019-08-09 00:00:00,20684.8203125,4
2019-08-13 00:00:00,20455.439453125,1
2019-08-14 00:00:00,20655.130859375,2
2019-08-15 00:00:00,20405.650390625,3
2019-08-16 00:00:00,20418.810546875,4
2019-08-19 00:00:00,20563.16015625,0
2019-08-20 00:00:00,20677.220703125,1
2019-08-21 00:00:00,20618.5703125,2
2019-08-22 00:00:00,20628.009765625,3
2019-08-23 00:00:00,20710.91015625,4
2019-08-26 00:00:00,20261.0390625,0
2019-08-27 00:00:00,20456.080078125,1
2019-08-28 00:00:00,20479.419921875,2
2019-08-29 00:00:00,20460.9296875,3
2019-08-30 00:00:00,20704.369140625,4
2019-09-02 00:00:00,20620.189453125,0
2019-09-03 00:00:00,20625.16015625,1
2019-09-04 00:00:00,20649.140625,2
2019-09-05 00:00:00,21085.939453125,3
2019-09-06 00:00:00,21199.5703125,4
2019-09-09 00:00:00,21318.419921875,0
2019-09-10 00:00:00,21392.099609375,1
2019-09-11 00:00:00,21597.759765625,2
2019-09-12 00:00:00,21759.609375,3
2019-09-13 00:00:00,21988.2890625,4
2019-09-17 00:00:00,22001.3203125,1
2019-09-18 00:00:00,21960.7109375,2
2019-09-19 00:00:00,22044.44921875,3
2019-09-20 00:00:00,22079.08984375,4
2019-09-24 00:00:00,22098.83984375,1
2019-09-25 00:00:00,22020.150390625,2
2019-09-26 00:00:00,22048.240234375,3
2019-09-27 00:00:00,21878.900390625,4
2019-09-30 00:00:00,21755.83984375,0
2019-10-01 00:00:00,21885.240234375,1
2019-10-02 00:00:00,21778.609375,2
2019-10-03 00:00:00,21341.740234375,3
2019-10-04 00:00:00,21410.19921875,4
2019-10-07 00:00:00,21375.25,0
2019-10-08 00:00:00,21587.779296875,1
2019-10-09 00:00:00,21456.380859375,2
2019-10-10 00:00:00,21551.98046875,3
2019-10-11 00:00:00,21798.869140625,4
2019-10-15 00:00:00,22207.2109375,1
2019-10-16 00:00:00,22472.919921875,2
2019-10-17 00:00:00,22451.859375,3
2019-10-18 00:00:00,22492.6796875,4
2019-10-21 00:00:00,22548.900390625,0
2019-10-23 00:00:00,22625.380859375,2
2019-10-24 00:00:00,22750.599609375,3
2019-10-25 00:00:00,22799.810546875,4
2019-10-28 00:00:00,22867.26953125,0
2019-10-29 00:00:00,22974.130859375,1
2019-10-30 00:00:00,22843.119140625,2
2019-10-31 00:00:00,22927.0390625,3
2019-11-01 00:00:00,22850.76953125,4
2019-11-05 00:00:00,23251.990234375,1
2019-11-06 00:00:00,23303.8203125,2
2019-11-07 00:00:00,23330.3203125,3
2019-11-08 00:00:00,23391.869140625,4
2019-11-11 00:00:00,23331.83984375,0
2019-11-12 00:00:00,23520.009765625,1
2019-11-13 00:00:00,23319.869140625,2
2019-11-14 00:00:00,23141.55078125,3
2019-11-15 00:00:00,23303.3203125,4
2019-11-18 00:00:00,23416.759765625,0
2019-11-19 00:00:00,23292.650390625,1
2019-11-20 00:00:00,23148.5703125,2
2019-11-21 00:00:00,23038.580078125,3
2019-11-22 00:00:00,23112.880859375,4
2019-11-25 00:00:00,23292.810546875,0
2019-11-26 00:00:00,23373.3203125,1
2019-11-27 00:00:00,23437.76953125,2
2019-11-28 00:00:00,23409.140625,3
2019-11-29 00:00:00,23293.91015625,4
2019-12-02 00:00:00,23529.5,0
2019-12-03 00:00:00,23379.810546875,1
2019-12-04 00:00:00,23135.23046875,2
2019-12-05 00:00:00,23300.08984375,3
2019-12-06 00:00:00,23354.400390625,4
2019-12-09 00:00:00,23430.69921875,0
2019-12-10 00:00:00,23410.189453125,1
2019-12-11 00:00:00,23391.859375,2
2019-12-12 00:00:00,23424.810546875,3
2019-12-13 00:00:00,24023.099609375,4
2019-12-16 00:00:00,23952.349609375,0
2019-12-17 00:00:00,24066.119140625,1
2019-12-18 00:00:00,23934.4296875,2
2019-12-19 00:00:00,23864.849609375,3
2019-12-20 00:00:00,23816.630859375,4
2019-12-23 00:00:00,23821.109375,0
2019-12-24 00:00:00,23830.580078125,1
2019-12-25 00:00:00,23782.869140625,2
2019-12-26 00:00:00,23924.919921875,3
2019-12-27 00:00:00,23837.720703125,4
2019-12-30 00:00:00,23656.619140625,0
2020-01-06 00:00:00,23204.859375,0
2020-01-07 00:00:00,23575.720703125,1
2020-01-08 00:00:00,23204.759765625,2
2020-01-09 00:00:00,23739.869140625,3
2020-01-10 00:00:00,23850.5703125,4
2020-01-14 00:00:00,24025.169921875,1
2020-01-15 00:00:00,23916.580078125,2
2020-01-16 00:00:00,23933.130859375,3
2020-01-17 00:00:00,24041.259765625,4
2020-01-20 00:00:00,24083.509765625,0
2020-01-21 00:00:00,23864.560546875,1
2020-01-22 00:00:00,24031.349609375,2
2020-01-23 00:00:00,23795.439453125,3
2020-01-24 00:00:00,23827.1796875,4
2020-01-27 00:00:00,23343.509765625,0
2020-01-28 00:00:00,23215.7109375,1
2020-01-29 00:00:00,23379.400390625,2
2020-01-30 00:00:00,22977.75,3
2020-01-31 00:00:00,23205.1796875,4
2020-02-03 00:00:00,22971.939453125,0
2020-02-04 00:00:00,23084.58984375,1
2020-02-05 00:00:00,23319.560546875,2
2020-02-06 00:00:00,23873.58984375,3
2020-02-07 00:00:00,23827.98046875,4
2020-02-10 00:00:00,23685.98046875,0
2020-02-12 00:00:00,23861.2109375,2
2020-02-13 00:00:00,23827.73046875,3
2020-02-14 00:00:00,23687.58984375,4
2020-02-17 00:00:00,23523.240234375,0
2020-02-18 00:00:00,23193.80078125,1
2020-02-19 00:00:00,23400.69921875,2
2020-02-20 00:00:00,23479.150390625,3
2020-02-21 00:00:00,23386.740234375,4
2020-02-25 00:00:00,22605.41015625,1
2020-02-26 00:00:00,22426.189453125,2
2020-02-27 00:00:00,21948.23046875,3
2020-02-28 00:00:00,21142.9609375,4
2020-03-02 00:00:00,21344.080078125,0
2020-03-03 00:00:00,21082.73046875,1
2020-03-04 00:00:00,21100.060546875,2
2020-03-05 00:00:00,21329.119140625,3
2020-03-06 00:00:00,20749.75,4
2020-03-09 00:00:00,19698.759765625,0
2020-03-10 00:00:00,19867.119140625,1
2020-03-11 00:00:00,19416.060546875,2
2020-03-12 00:00:00,18559.630859375,3
2020-03-13 00:00:00,17431.05078125,4
2020-03-16 00:00:00,17002.0390625,0
2020-03-17 00:00:00,17011.529296875,1
2020-03-18 00:00:00,16726.55078125,2
2020-03-19 00:00:00,16552.830078125,3
2020-03-23 00:00:00,16887.779296875,0
2020-03-24 00:00:00,18092.349609375,1
2020-03-25 00:00:00,19546.630859375,2
2020-03-26 00:00:00,18664.599609375,3
2020-03-27 00:00:00,19389.4296875,4
2020-03-30 00:00:00,19084.970703125,0
2020-03-31 00:00:00,18917.009765625,1
2020-04-01 00:00:00,18065.41015625,2
2020-04-02 00:00:00,17818.720703125,3
2020-04-03 00:00:00,17820.189453125,4
2020-04-06 00:00:00,18576.30078125,0
2020-04-07 00:00:00,18950.1796875,1
2020-04-08 00:00:00,19353.240234375,2
2020-04-09 00:00:00,19345.76953125,3
2020-04-10 00:00:00,19498.5,4
2020-04-13 00:00:00,19043.400390625,0
2020-04-14 00:00:00,19638.810546875,1
2020-04-15 00:00:00,19550.08984375,2
2020-04-16 00:00:00,19290.19921875,3
2020-04-17 00:00:00,19897.259765625,4
2020-04-20 00:00:00,19669.119140625,0
2020-04-21 00:00:00,19280.779296875,1
2020-04-22 00:00:00,19137.94921875,2
2020-04-23 00:00:00,19429.439453125,3
2020-04-24 00:00:00,19262.0,4
2020-04-27 00:00:00,19783.220703125,0
2020-04-28 00:00:00,19771.189453125,1
2020-04-30 00:00:00,20193.689453125,3
2020-05-01 00:00:00,19619.349609375,4
2020-05-07 00:00:00,19674.76953125,3
2020-05-08 00:00:00,20179.08984375,4
2020-05-11 00:00:00,20390.66015625,0
2020-05-12 00:00:00,20366.48046875,1
2020-05-13 00:00:00,20267.05078125,2
2020-05-14 00:00:00,19914.779296875,3
2020-05-15 00:00:00,20037.470703125,4
2020-05-18 00:00:00,20133.73046875,0
2020-05-19 00:00:00,20433.44921875,1
2020-05-20 00:00:00,20595.150390625,2
2020-05-21 00:00:00,20552.310546875,3
2020-05-22 00:00:00,20388.16015625,4
2020-05-25 00:00:00,20741.650390625,0
2020-05-26 00:00:00,21271.169921875,1
2020-05-27 00:00:00,21419.23046875,2
2020-05-28 00:00:00,21916.310546875,3
2020-05-29 00:00:00,21877.890625,4
2020-06-01 00:00:00,22062.390625,0
2020-06-02 00:00:00,22325.609375,1
2020-06-03 00:00:00,22613.759765625,2
2020-06-04 00:00:00,22695.740234375,3
2020-06-05 00:00:00,22863.73046875,4
2020-06-08 00:00:00,23178.099609375,0
2020-06-09 00:00:00,23091.029296875,1
2020-06-10 00:00:00,23124.94921875,2
2020-06-11 00:00:00,22472.91015625,3
2020-06-12 00:00:00,22305.48046875,4
2020-06-15 00:00:00,21530.94921875,0
2020-06-16 00:00:00,22582.2109375,1
2020-06-17 00:00:00,22455.759765625,2
2020-06-18 00:00:00,22355.4609375,3
2020-06-19 00:00:00,22478.7890625,4
2020-06-22 00:00:00,22437.26953125,0
2020-06-23 00:00:00,22549.05078125,1
2020-06-24 00:00:00,22534.3203125,2
2020-06-25 00:00:00,22259.7890625,3
2020-06-26 00:00:00,22512.080078125,4
2020-06-29 00:00:00,21995.0390625,0
2020-06-30 00:00:00,22288.140625,1
2020-07-01 00:00:00,22121.73046875,2
2020-07-02 00:00:00,22145.9609375,3
2020-07-03 00:00:00,22306.48046875,4
2020-07-06 00:00:00,22714.439453125,0
2020-07-07 00:00:00,22614.689453125,1
2020-07-08 00:00:00,22438.650390625,2
2020-07-09 00:00:00,22529.2890625,3
2020-07-10 00:00:00,22290.810546875,4
2020-07-13 00:00:00,22784.740234375,0
2020-07-14 00:00:00,22587.009765625,1
2020-07-15 00:00:00,22945.5,2
2020-07-16 00:00:00,22770.359375,3
2020-07-17 00:00:00,22696.419921875,4
2020-07-20 00:00:00,22717.48046875,0
2020-07-21 00:00:00,22884.220703125,1
2020-07-22 00:00:00,22751.609375,2
2020-07-27 00:00:00,22715.849609375,0
2020-07-28 00:00:00,22657.380859375,1
2020-07-29 00:00:00,22397.109375,2
2020-07-30 00:00:00,22339.23046875,3
2020-07-31 00:00:00,21710.0,4
2020-08-03 00:00:00,22195.380859375,0
2020-08-04 00:00:00,22573.66015625,1
2020-08-05 00:00:00,22514.849609375,2
2020-08-06 00:00:00,22418.150390625,3
2020-08-07 00:00:00,22329.939453125,4
2020-08-11 00:00:00,22750.240234375,1
2020-08-12 00:00:00,22843.9609375,2
2020-08-13 00:00:00,23249.609375,3
2020-08-14 00:00:00,23289.359375,4
2020-08-17 00:00:00,23096.75,0
2020-08-18 00:00:00,23051.080078125,1
2020-08-19 00:00:00,23110.609375,2
2020-08-20 00:00:00,22880.619140625,3
2020-08-21 00:00:00,22920.30078125,4
2020-08-24 00:00:00,22985.509765625,0
2020-08-25 00:00:00,23296.76953125,1
2020-08-26 00:00:00,23290.859375,2
2020-08-27 00:00:00,23208.859375,3
2020-08-28 00:00:00,22882.650390625,4
2020-08-31 00:00:00,23139.759765625,0
2020-09-01 00:00:00,23138.0703125,1
2020-09-02 00:00:00,23247.150390625,2
2020-09-03 00:00:00,23465.529296875,3
2020-09-04 00:00:00,23205.4296875,4
2020-09-07 00:00:00,23089.94921875,0
2020-09-08 00:00:00,23274.130859375,1
2020-09-09 00:00:00,23032.5390625,2
2020-09-10 00:00:00,23235.470703125,3
2020-09-11 00:00:00,23406.490234375,4
2020-09-14 00:00:00,23559.30078125,0
2020-09-15 00:00:00,23454.890625,1
2020-09-16 00:00:00,23475.529296875,2
2020-09-17 00:00:00,23319.369140625,3
2020-09-18 00:00:00,23360.30078125,4
2020-09-23 00:00:00,23346.490234375,2
2020-09-24 00:00:00,23087.8203125,3
2020-09-25 00:00:00,23204.619140625,4
2020-09-28 00:00:00,23511.619140625,0
2020-09-29 00:00:00,23539.099609375,1
2020-09-30 00:00:00,23185.119140625,2
2020-10-02 00:00:00,23029.900390625,4
2020-10-05 00:00:00,23312.140625,0
2020-10-06 00:00:00,23433.73046875,1
2020-10-07 00:00:00,23422.8203125,2
2020-10-08 00:00:00,23647.0703125,3
2020-10-09 00:00:00,23619.689453125,4
2020-10-12 00:00:00,23558.689453125,0
2020-10-13 00:00:00,23601.779296875,1
2020-10-14 00:00:00,23626.73046875,2
2020-10-15 00:00:00,23507.23046875,3
2020-10-16 00:00:00,23410.630859375,4
2020-10-19 00:00:00,23671.130859375,0
2020-10-20 00:00:00,23567.0390625,1
2020-10-21 00:00:00,23639.4609375,2
2020-10-22 00:00:00,23474.26953125,3
2020-10-23 00:00:00,23516.58984375,4
2020-10-26 00:00:00,23494.33984375,0
2020-10-27 00:00:00,23485.80078125,1
2020-10-28 00:00:00,23418.509765625,2
2020-10-29 00:00:00,23331.939453125,3
2020-10-30 00:00:00,22977.130859375,4
2020-11-02 00:00:00,23295.48046875,0
2020-11-04 00:00:00,23695.23046875,2
2020-11-05 00:00:00,24105.279296875,3
2020-11-06 00:00:00,24325.23046875,4
2020-11-09 00:00:00,24839.83984375,0
2020-11-10 00:00:00,24905.58984375,1
2020-11-11 00:00:00,25349.599609375,2
2020-11-12 00:00:00,25520.880859375,3
2020-11-13 00:00:00,25385.869140625,4
2020-11-16 00:00:00,25906.9296875,0
2020-11-17 00:00:00,26014.619140625,1
2020-11-18 00:00:00,25728.140625,2
2020-11-19 00:00:00,25634.33984375,3
2020-11-20 00:00:00,25527.369140625,4
2020-11-24 00:00:00,26165.58984375,1
2020-11-25 00:00:00,26296.859375,2
2020-11-26 00:00:00,26537.310546875,3
2020-11-27 00:00:00,26644.7109375,4
2020-11-30 00:00:00,26433.619140625,0
2020-12-01 00:00:00,26787.5390625,1
2020-12-02 00:00:00,26800.98046875,2
2020-12-03 00:00:00,26809.369140625,3
2020-12-04 00:00:00,26751.240234375,4
2020-12-07 00:00:00,26547.439453125,0
2020-12-08 00:00:00,26467.080078125,1
2020-12-09 00:00:00,26817.939453125,2
2020-12-10 00:00:00,26756.240234375,3
2020-12-11 00:00:00,26652.51953125,4
2020-12-14 00:00:00,26732.439453125,0
2020-12-15 00:00:00,26687.83984375,1
2020-12-16 00:00:00,26757.400390625,2
2020-12-17 00:00:00,26806.669921875,3
2020-12-18 00:00:00,26763.390625,4
2020-12-21 00:00:00,26714.419921875,0
2020-12-22 00:00:00,26436.390625,1
2020-12-23 00:00:00,26524.7890625,2
2020-12-24 00:00:00,26668.349609375,3
2020-12-25 00:00:00,26656.609375,4
2020-12-28 00:00:00,26854.029296875,0
2020-12-29 00:00:00,27568.150390625,1
2020-12-30 00:00:00,27444.169921875,2
2021-01-04 00:00:00,27258.380859375,0
2021-01-05 00:00:00,27158.630859375,1
2021-01-06 00:00:00,27055.939453125,2
2021-01-07 00:00:00,27490.130859375,3
2021-01-08 00:00:00,28139.029296875,4
2021-01-12 00:00:00,28164.33984375,1
2021-01-13 00:00:00,28456.58984375,2
2021-01-14 00:00:00,28698.259765625,3
2021-01-15 00:00:00,28519.1796875,4
2021-01-18 00:00:00,28242.2109375,0
2021-01-19 00:00:00,28633.4609375,1
2021-01-20 00:00:00,28523.259765625,2
2021-01-21 00:00:00,28756.859375,3
2021-01-22 00:00:00,28631.44921875,4
2021-01-25 00:00:00,28822.2890625,0
2021-01-26 00:00:00,28546.1796875,1
2021-01-27 00:00:00,28635.2109375,2
2021-01-28 00:00:00,28197.419921875,3
2021-01-29 00:00:00,27663.390625,4
2021-02-01 00:00:00,28091.05078125,0
2021-02-02 00:00:00,28362.169921875,1
2021-02-03 00:00:00,28646.5,2
2021-02-04 00:00:00,28341.94921875,3
2021-02-05 00:00:00,28779.189453125,4
2021-02-08 00:00:00,29388.5,0
2021-02-09 00:00:00,29505.9296875,1
2021-02-10 00:00:00,29562.9296875,2
2021-02-12 00:00:00,29520.0703125,4
2021-02-15 00:00:00,30084.150390625,0
2021-02-16 00:00:00,30467.75,1
2021-02-17 00:00:00,30292.189453125,2
2021-02-18 00:00:00,30236.08984375,3
2021-02-19 00:00:00,30017.919921875,4
2021-02-22 00:00:00,30156.029296875,0
2021-02-24 00:00:00,29671.69921875,2
2021-02-25 00:00:00,30168.26953125,3
2021-02-26 00:00:00,28966.009765625,4
2021-03-01 00:00:00,29663.5,0
2021-03-02 00:00:00,29408.169921875,1
2021-03-03 00:00:00,29559.099609375,2
2021-03-04 00:00:00,28930.109375,3
2021-03-05 00:00:00,28864.3203125,4
2021-03-08 00:00:00,28743.25,0
2021-03-09 00:00:00,29027.939453125,1
2021-03-10 00:00:00,29036.560546875,2
2021-03-11 00:00:00,29211.640625,3
2021-03-12 00:00:00,29717.830078125,4
2021-03-15 00:00:00,29766.970703125,0
2021-03-16 00:00:00,29921.08984375,1
2021-03-17 00:00:00,29914.330078125,2
2021-03-18 00:00:00,30216.75,3
2021-03-19 00:00:00,29792.05078125,4
2021-03-22 00:00:00,29174.150390625,0
2021-03-23 00:00:00,28995.919921875,1
2021-03-24 00:00:00,28405.51953125,2
2021-03-25 00:00:00,28729.880859375,3
2021-03-26 00:00:00,29176.69921875,4
2021-03-29 00:00:00,29384.51953125,0
2021-03-30 00:00:00,29432.69921875,1
2021-03-31 00:00:00,29178.80078125,2
2021-04-01 00:00:00,29388.869140625,3
2021-04-02 00:00:00,29854.0,4
2021-04-05 00:00:00,30089.25,0
2021-04-06 00:00:00,29696.630859375,1
2021-04-07 00:00:00,29730.7890625,2
2021-04-08 00:00:00,29708.98046875,3
2021-04-09 00:00:00,29768.060546875,4
2021-04-12 00:00:00,29538.73046875,0
2021-04-13 00:00:00,29751.609375,1
2021-04-14 00:00:00,29620.990234375,2
2021-04-15 00:00:00,29642.689453125,3
2021-04-16 00:00:00,29683.369140625,4
2021-04-19 00:00:00,29685.369140625,0
2021-04-20 00:00:00,29100.380859375,1
2021-04-21 00:00:00,28508.55078125,2
2021-04-22 00:00:00,29188.169921875,3
2021-04-23 00:00:00,29020.630859375,4
2021-04-26 00:00:00,29126.23046875,0
2021-04-27 00:00:00,28991.890625,1
2021-04-28 00:00:00,29053.970703125,2
2021-04-30 00:00:00,28812.630859375,4
2021-05-06 00:00:00,29331.369140625,3
2021-05-07 00:00:00,29357.8203125,4
2021-05-10 00:00:00,29518.33984375,0
2021-05-11 00:00:00,28608.58984375,1
2021-05-12 00:00:00,28147.509765625,2
2021-05-13 00:00:00,27448.009765625,3
2021-05-14 00:00:00,28084.470703125,4
2021-05-17 00:00:00,27824.830078125,0
2021-05-18 00:00:00,28406.83984375,1
2021-05-19 00:00:00,28044.44921875,2
2021-05-20 00:00:00,28098.25,3
2021-05-21 00:00:00,28317.830078125,4
2021-05-24 00:00:00,28364.609375,0
2021-05-25 00:00:00,28553.98046875,1
2021-05-26 00:00:00,28642.189453125,2
2021-05-27 00:00:00,28549.009765625,3
2021-05-28 00:00:00,29149.41015625,4
2021-05-31 00:00:00,28860.080078125,0
2021-06-01 00:00:00,28814.33984375,1
2021-06-02 00:00:00,28946.140625,2
2021-06-03 00:00:00,29058.109375,3
2021-06-04 00:00:00,28941.51953125,4
2021-06-07 00:00:00,29019.240234375,0
2021-06-08 00:00:00,28963.560546875,1
2021-06-09 00:00:00,28860.80078125,2
2021-06-10 00:00:00,28958.560546875,3
2021-06-11 00:00:00,28948.73046875,4
2021-06-14 00:00:00,29161.80078125,0
2021-06-15 00:00:00,29441.30078125,1
2021-06-16 00:00:00,29291.009765625,2
2021-06-17 00:00:00,29018.330078125,3
2021-06-18 00:00:00,28964.080078125,4
2021-06-21 00:00:00,28010.9296875,0
2021-06-22 00:00:00,28884.130859375,1
2021-06-23 00:00:00,28874.890625,2
2021-06-24 00:00:00,28875.23046875,3
2021-06-25 00:00:00,29066.1796875,4
2021-06-28 00:00:00,29048.01953125,0
2021-06-29 00:00:00,28812.609375,1
2021-06-30 00:00:00,28791.529296875,2
2021-07-01 00:00:00,28707.0390625,3
2021-07-02 00:00:00,28783.279296875,4
2021-07-05 00:00:00,28598.189453125,0
2021-07-06 00:00:00,28643.2109375,1
2021-07-07 00:00:00,28366.94921875,2
2021-07-08 00:00:00,28118.029296875,3
2021-07-09 00:00:00,27940.419921875,4
2021-07-12 00:00:00,28569.01953125,0
2021-07-13 00:00:00,28718.240234375,1
2021-07-14 00:00:00,28608.490234375,2
2021-07-15 00:00:00,28279.08984375,3
2021-07-16 00:00:00,28003.080078125,4
2021-07-19 00:00:00,27652.740234375,0
2021-07-20 00:00:00,27388.16015625,1
2021-07-21 00:00:00,27548.0,2
2021-07-26 00:00:00,27833.2890625,0
2021-07-27 00:00:00,27970.220703125,1
2021-07-28 00:00:00,27581.66015625,2
2021-07-29 00:00:00,27782.419921875,3
2021-07-30 00:00:00,27283.58984375,4
2021-08-02 00:00:00,27781.01953125,0
2021-08-03 00:00:00,27641.830078125,1
2021-08-04 00:00:00,27584.080078125,2
2021-08-05 00:00:00,27728.119140625,3
2021-08-06 00:00:00,27820.0390625,4
2021-08-10 00:00:00,27888.150390625,1
2021-08-11 00:00:00,28070.509765625,2
2021-08-12 00:00:00,28015.01953125,3
2021-08-13 00:00:00,27977.150390625,4
2021-08-16 00:00:00,27523.189453125,0
2021-08-17 00:00:00,27424.470703125,1
2021-08-18 00:00:00,27585.91015625,2
2021-08-19 00:00:00,27281.169921875,3
2021-08-20 00:00:00,27013.25,4
2021-08-23 00:00:00,27494.240234375,0
2021-08-24 00:00:00,27732.099609375,1
2021-08-25 00:00:00,27724.80078125,2
2021-08-26 00:00:00,27742.2890625,3
2021-08-27 00:00:00,27641.140625,4
2021-08-30 00:00:00,27789.2890625,0
2021-08-31 00:00:00,28089.5390625,1
2021-09-01 00:00:00,28451.01953125,2
2021-09-02 00:00:00,28543.509765625,3
2021-09-03 00:00:00,29128.109375,4
2021-09-06 00:00:00,29659.890625,0
2021-09-07 00:00:00,29916.140625,1
2021-09-08 00:00:00,30181.2109375,2
2021-09-09 00:00:00,30008.189453125,3
2021-09-10 00:00:00,30381.83984375,4
2021-09-13 00:00:00,30447.369140625,0
2021-09-14 00:00:00,30670.099609375,1
2021-09-15 00:00:00,30511.7109375,2
2021-09-16 00:00:00,30323.33984375,3
2021-09-17 00:00:00,30500.05078125,4
2021-09-21 00:00:00,29839.7109375,1
2021-09-22 00:00:00,29639.400390625,2
2021-09-24 00:00:00,30248.810546875,4
2021-09-27 00:00:00,30240.060546875,0
2021-09-28 00:00:00,30183.9609375,1
2021-09-29 00:00:00,29544.2890625,2
2021-09-30 00:00:00,29452.66015625,3
2021-10-01 00:00:00,28771.0703125,4
2021-10-04 00:00:00,28444.890625,0
2021-10-05 00:00:00,27822.119140625,1
2021-10-06 00:00:00,27528.869140625,2
2021-10-07 00:00:00,27678.2109375,3
2021-10-08 00:00:00,28048.939453125,4
2021-10-11 00:00:00,28498.19921875,0
2021-10-12 00:00:00,28230.609375,1
2021-10-13 00:00:00,28140.279296875,2
2021-10-14 00:00:00,28550.9296875,3
2021-10-15 00:00:00,29068.630859375,4
2021-10-18 00:00:00,29025.4609375,0
2021-10-19 00:00:00,29215.51953125,1
2021-10-20 00:00:00,29255.55078125,2
2021-10-21 00:00:00,28708.580078125,3
2021-10-22 00:00:00,28804.849609375,4
2021-10-25 00:00:00,28600.41015625,0
2021-10-26 00:00:00,29106.009765625,1
2021-10-27 00:00:00,29098.240234375,2
2021-10-28 00:00:00,28820.08984375,3
2021-10-29 00:00:00,28892.689453125,4
2021-11-01 00:00:00,29647.080078125,0
2021-11-02 00:00:00,29520.900390625,1
2021-11-04 00:00:00,29794.369140625,3
2021-11-05 00:00:00,29611.5703125,4
2021-11-08 00:00:00,29507.05078125,0
2021-11-09 00:00:00,29285.4609375,1
2021-11-10 00:00:00,29106.779296875,2
2021-11-11 00:00:00,29277.859375,3
2021-11-12 00:00:00,29609.970703125,4
2021-11-15 00:00:00,29776.80078125,0
2021-11-16 00:00:00,29808.119140625,1
2021-11-17 00:00:00,29688.330078125,2
2021-11-18 00:00:00,29598.66015625,3
2021-11-19 00:00:00,29745.869140625,4
2021-11-22 00:00:00,29774.109375,0
2021-11-24 00:00:00,29302.66015625,2
2021-11-25 00:00:00,29499.279296875,3
2021-11-26 00:00:00,28751.619140625,4
2021-11-29 00:00:00,28283.919921875,0
2021-11-30 00:00:00,27821.759765625,1
2021-12-01 00:00:00,27935.619140625,2
2021-12-02 00:00:00,27753.369140625,3
2021-12-03 00:00:00,28029.5703125,4
2021-12-06 00:00:00,27927.369140625,0
2021-12-07 00:00:00,28455.599609375,1
2021-12-08 00:00:00,28860.619140625,2
2021-12-09 00:00:00,28725.470703125,3
2021-12-10 00:00:00,28437.76953125,4
2021-12-13 00:00:00,28640.490234375,0
2021-12-14 00:00:00,28432.640625,1
2021-12-15 00:00:00,28459.720703125,2
2021-12-16 00:00:00,29066.3203125,3
2021-12-17 00:00:00,28545.6796875,4
2021-12-20 00:00:00,27937.810546875,0
2021-12-21 00:00:00,28517.58984375,1
2021-12-22 00:00:00,28562.2109375,2
2021-12-23 00:00:00,28798.369140625,3
2021-12-24 00:00:00,28782.58984375,4
2021-12-27 00:00:00,28676.4609375,0
2021-12-28 00:00:00,29069.16015625,1
2021-12-29 00:00:00,28906.880859375,2
2021-12-30 00:00:00,28791.7109375,3
2022-01-04 00:00:00,29301.7890625,1
2022-01-05 00:00:00,29332.16015625,2
2022-01-06 00:00:00,28487.869140625,3
2022-01-07 00:00:00,28478.560546875,4
2022-01-11 00:00:00,28222.48046875,1
2022-01-12 00:00:00,28765.66015625,2
2022-01-13 00:00:00,28489.130859375,3
2022-01-14 00:00:00,28124.279296875,4
2022-01-17 00:00:00,28333.51953125,0
2022-01-18 00:00:00,28257.25,1
2022-01-19 00:00:00,27467.23046875,2
2022-01-20 00:00:00,27772.9296875,3
2022-01-21 00:00:00,27522.259765625,4
2022-01-24 00:00:00,27588.369140625,0
2022-01-25 00:00:00,27131.33984375,1
2022-01-26 00:00:00,27011.330078125,2
2022-01-27 00:00:00,26170.30078125,3
2022-01-28 00:00:00,26717.33984375,4
2022-01-31 00:00:00,27001.98046875,0
2022-02-01 00:00:00,27078.48046875,1
2022-02-02 00:00:00,27533.599609375,2
2022-02-03 00:00:00,27241.310546875,3
2022-02-04 00:00:00,27439.990234375,4
2022-02-07 00:00:00,27248.869140625,0
2022-02-08 00:00:00,27284.51953125,1
2022-02-09 00:00:00,27579.869140625,2
2022-02-10 00:00:00,27696.080078125,3
2022-02-14 00:00:00,27079.58984375,0
2022-02-15 00:00:00,26865.189453125,1
2022-02-16 00:00:00,27460.400390625,2
2022-02-17 00:00:00,27232.869140625,3
2022-02-18 00:00:00,27122.0703125,4
2022-02-21 00:00:00,26910.869140625,0
2022-02-22 00:00:00,26449.609375,1
2022-02-24 00:00:00,25970.8203125,3
2022-02-25 00:00:00,26476.5,4
2022-02-28 00:00:00,26526.8203125,0
2022-03-01 00:00:00,26844.720703125,1
2022-03-02 00:00:00,26393.029296875,2
2022-03-03 00:00:00,26577.26953125,3
2022-03-04 00:00:00,25985.470703125,4
2022-03-07 00:00:00,25221.41015625,0
2022-03-08 00:00:00,24790.94921875,1
2022-03-09 00:00:00,24717.529296875,2
2022-03-10 00:00:00,25690.400390625,3
2022-03-11 00:00:00,25162.779296875,4
2022-03-14 00:00:00,25307.849609375,0
2022-03-15 00:00:00,25346.48046875,1
2022-03-16 00:00:00,25762.009765625,2
2022-03-17 00:00:00,26652.890625,3
2022-03-18 00:00:00,26827.4296875,4
2022-03-22 00:00:00,27224.109375,1
2022-03-23 00:00:00,28040.16015625,2
2022-03-24 00:00:00,28110.390625,3
2022-03-25 00:00:00,28149.83984375,4
2022-03-28 00:00:00,27943.890625,0
2022-03-29 00:00:00,28252.419921875,1
2022-03-30 00:00:00,28027.25,2
2022-03-31 00:00:00,27821.4296875,3
2022-04-01 00:00:00,27665.98046875,4
2022-04-04 00:00:00,27736.470703125,0
2022-04-05 00:00:00,27787.98046875,1
2022-04-06 00:00:00,27350.30078125,2
2022-04-07 00:00:00,26888.5703125,3
2022-04-08 00:00:00,26985.80078125,4
2022-04-11 00:00:00,26821.51953125,0
2022-04-12 00:00:00,26334.98046875,1
2022-04-13 00:00:00,26843.490234375,2
2022-04-14 00:00:00,27172.0,3
2022-04-15 00:00:00,27093.189453125,4
2022-04-18 00:00:00,26799.7109375,0
2022-04-19 00:00:00,26985.08984375,1
2022-04-20 00:00:00,27217.849609375,2
2022-04-21 00:00:00,27553.060546875,3
2022-04-22 00:00:00,27105.259765625,4
2022-04-25 00:00:00,26590.779296875,0
2022-04-26 00:00:00,26700.109375,1
2022-04-27 00:00:00,26386.630859375,2
2022-04-28 00:00:00,26847.900390625,3
2022-05-02 00:00:00,26818.529296875,0
2022-05-06 00:00:00,27003.560546875,4
2022-05-09 00:00:00,26319.33984375,0
2022-05-10 00:00:00,26167.099609375,1
2022-05-11 00:00:00,26213.640625,2
2022-05-12 00:00:00,25748.720703125,3
2022-05-13 00:00:00,26427.650390625,4
2022-05-16 00:00:00,26547.05078125,0
2022-05-17 00:00:00,26659.75,1
2022-05-18 00:00:00,26911.19921875,2
2022-05-19 00:00:00,26402.83984375,3
2022-05-20 00:00:00,26739.029296875,4
2022-05-23 00:00:00,27001.51953125,0
2022-05-24 00:00:00,26748.140625,1
2022-05-25 00:00:00,26677.80078125,2
2022-05-26 00:00:00,26604.83984375,3
2022-05-27 00:00:00,26781.6796875,4
2022-05-30 00:00:00,27369.4296875,0
2022-05-31 00:00:00,27279.80078125,1
2022-06-01 00:00:00,27457.890625,2
2022-06-02 00:00:00,27413.880859375,3
2022-06-03 00:00:00,27761.5703125,4
2022-06-06 00:00:00,27915.890625,0
2022-06-07 00:00:00,27943.94921875,1
2022-06-08 00:00:00,28234.2890625,2
2022-06-09 00:00:00,28246.529296875,3
2022-06-10 00:00:00,27824.2890625,4
2022-06-13 00:00:00,26987.439453125,0
2022-06-14 00:00:00,26629.859375,1
2022-06-15 00:00:00,26326.16015625,2
2022-06-16 00:00:00,26431.19921875,3
2022-06-17 00:00:00,25963.0,4
2022-06-20 00:00:00,25771.220703125,0
2022-06-21 00:00:00,26246.310546875,1
2022-06-22 00:00:00,26149.55078125,2
2022-06-23 00:00:00,26171.25,3
2022-06-24 00:00:00,26491.970703125,4
2022-06-27 00:00:00,26871.26953125,0
2022-06-28 00:00:00,27049.470703125,1
2022-06-29 00:00:00,26804.599609375,2
2022-06-30 00:00:00,26393.0390625,3
2022-07-01 00:00:00,25935.619140625,4
2022-07-04 00:00:00,26153.810546875,0
2022-07-05 00:00:00,26423.470703125,1
2022-07-06 00:00:00,26107.650390625,2
2022-07-07 00:00:00,26490.529296875,3
2022-07-08 00:00:00,26517.189453125,4
2022-07-11 00:00:00,26812.30078125,0
2022-07-12 00:00:00,26336.66015625,1
2022-07-13 00:00:00,26478.76953125,2
2022-07-14 00:00:00,26643.390625,3
2022-07-15 00:00:00,26788.470703125,4
2022-07-19 00:00:00,26961.6796875,1
2022-07-20 00:00:00,27680.259765625,2
2022-07-21 00:00:00,27803.0,3
2022-07-22 00:00:00,27914.66015625,4
2022-07-25 00:00:00,27699.25,0
2022-07-26 00:00:00,27655.2109375,1
2022-07-27 00:00:00,27715.75,2
2022-07-28 00:00:00,27815.48046875,3
2022-07-29 00:00:00,27801.640625,4
2022-08-01 00:00:00,27993.349609375,0
2022-08-02 00:00:00,27594.73046875,1
2022-08-03 00:00:00,27741.900390625,2
2022-08-04 00:00:00,27932.19921875,3
2022-08-05 00:00:00,28175.869140625,4
2022-08-08 00:00:00,28249.240234375,0
2022-08-09 00:00:00,27999.9609375,1
2022-08-10 00:00:00,27819.330078125,2
2022-08-12 00:00:00,28546.98046875,4
2022-08-15 00:00:00,28871.779296875,0
2022-08-16 00:00:00,28868.91015625,1
2022-08-17 00:00:00,29222.76953125,2
2022-08-18 00:00:00,28942.140625,3
2022-08-19 00:00:00,28930.330078125,4
2022-08-22 00:00:00,28794.5,0
2022-08-23 00:00:00,28452.75,1
2022-08-24 00:00:00,28313.470703125,2
2022-08-25 00:00:00,28479.009765625,3
2022-08-26 00:00:00,28641.380859375,4
2022-08-29 00:00:00,27878.9609375,0
2022-08-30 00:00:00,28195.580078125,1
2022-08-31 00:00:00,28091.529296875,2
2022-09-01 00:00:00,27661.470703125,3
2022-09-02 00:00:00,27650.83984375,4
2022-09-05 00:00:00,27619.609375,0
2022-09-06 00:00:00,27626.509765625,1
2022-09-07 00:00:00,27430.30078125,2
2022-09-08 00:00:00,28065.279296875,3
2022-09-09 00:00:00,28214.75,4
2022-09-12 00:00:00,28542.109375,0
2022-09-13 00:00:00,28614.630859375,1
2022-09-14 00:00:00,27818.619140625,2
2022-09-15 00:00:00,27875.91015625,3
2022-09-16 00:00:00,27567.650390625,4
2022-09-20 00:00:00,27688.419921875,1
2022-09-21 00:00:00,27313.130859375,2
2022-09-22 00:00:00,27153.830078125,3
2022-09-26 00:00:00,26431.55078125,0
2022-09-27 00:00:00,26571.869140625,1
2022-09-28 00:00:00,26173.98046875,2
2022-09-29 00:00:00,26422.05078125,3
2022-09-30 00:00:00,25937.2109375,4
2022-10-03 00:00:00,26215.7890625,0
2022-10-04 00:00:00,26992.2109375,1
2022-10-05 00:00:00,27120.529296875,2
2022-10-06 00:00:00,27311.30078125,3
2022-10-07 00:00:00,27116.109375,4
2022-10-11 00:00:00,26401.25,1
2022-10-12 00:00:00,26396.830078125,2
2022-10-13 00:00:00,26237.419921875,3
2022-10-14 00:00:00,27090.759765625,4
2022-10-17 00:00:00,26775.7890625,0
2022-10-18 00:00:00,27156.140625,1
2022-10-19 00:00:00,27257.380859375,2
2022-10-20 00:00:00,27006.9609375,3
2022-10-21 00:00:00,26890.580078125,4
2022-10-24 00:00:00,26974.900390625,0
2022-10-25 00:00:00,27250.279296875,1
2022-10-26 00:00:00,27431.83984375,2
2022-10-27 00:00:00,27345.240234375,3
2022-10-28 00:00:00,27105.19921875,4
2022-10-31 00:00:00,27587.4609375,0
2022-11-01 00:00:00,27678.919921875,1
2022-11-02 00:00:00,27663.390625,2
2022-11-04 00:00:00,27199.740234375,4
2022-11-07 00:00:00,27527.640625,0
2022-11-08 00:00:00,27872.109375,1
2022-11-09 00:00:00,27716.4296875,2
2022-11-10 00:00:00,27446.099609375,3
2022-11-11 00:00:00,28263.5703125,4
2022-11-14 00:00:00,27963.470703125,0
2022-11-15 00:00:00,27990.169921875,1
2022-11-16 00:00:00,28028.30078125,2
2022-11-17 00:00:00,27930.5703125,3
2022-11-18 00:00:00,27899.76953125,4
2022-11-21 00:00:00,27944.7890625,0
2022-11-22 00:00:00,28115.740234375,1
2022-11-24 00:00:00,28383.08984375,3
2022-11-25 00:00:00,28283.029296875,4
2022-11-28 00:00:00,28162.830078125,0
2022-11-29 00:00:00,28027.83984375,1
2022-11-30 00:00:00,27968.990234375,2
2022-12-01 00:00:00,28226.080078125,3
2022-12-02 00:00:00,27777.900390625,4
2022-12-05 00:00:00,27820.400390625,0
2022-12-06 00:00:00,27885.869140625,1
2022-12-07 00:00:00,27686.400390625,2
2022-12-08 00:00:00,27574.4296875,3
2022-12-09 00:00:00,27901.009765625,4
2022-12-12 00:00:00,27842.330078125,0
2022-12-13 00:00:00,27954.849609375,1
2022-12-14 00:00:00,28156.2109375,2
2022-12-15 00:00:00,28051.69921875,3
2022-12-16 00:00:00,27527.119140625,4
2022-12-19 00:00:00,27237.640625,0
2022-12-20 00:00:00,26568.029296875,1
2022-12-21 00:00:00,26387.720703125,2
2022-12-22 00:00:00,26507.869140625,3
2022-12-23 00:00:00,26235.25,4
2022-12-26 00:00:00,26405.869140625,0
2022-12-27 00:00:00,26447.869140625,1
2022-12-28 00:00:00,26340.5,2
2022-12-29 00:00:00,26093.669921875,3
2022-12-30 00:00:00,26094.5,4
2023-01-04 00:00:00,25716.859375,2
2023-01-05 00:00:00,25820.80078125,3
2023-01-06 00:00:00,25973.849609375,4
2023-01-10 00:00:00,26175.560546875,1
2023-01-11 00:00:00,26446.0,2
2023-01-12 00:00:00,26449.8203125,3
2023-01-13 00:00:00,26119.51953125,4
2023-01-16 00:00:00,25822.3203125,0
2023-01-17 00:00:00,26138.6796875,1
2023-01-18 00:00:00,26791.119140625,2
2023-01-19 00:00:00,26405.23046875,3
2023-01-20 00:00:00,26553.529296875,4
2023-01-23 00:00:00,26906.0390625,0
2023-01-24 00:00:00,27299.189453125,1
2023-01-25 00:00:00,27395.009765625,2
2023-01-26 00:00:00,27362.75,3
2023-01-27 00:00:00,27382.560546875,4
2023-01-30 00:00:00,27433.400390625,0
2023-01-31 00:00:00,27327.109375,1
2023-02-01 00:00:00,27346.880859375,2
2023-02-02 00:00:00,27402.05078125,3
2023-02-03 00:00:00,27509.4609375,4
2023-02-06 00:00:00,27693.650390625,0
2023-02-07 00:00:00,27685.470703125,1
2023-02-08 00:00:00,27606.4609375,2
2023-02-09 00:00:00,27584.349609375,3
2023-02-10 00:00:00,27670.98046875,4
2023-02-13 00:00:00,27427.3203125,0
2023-02-14 00:00:00,27602.76953125,1
2023-02-15 00:00:00,27501.859375,2
2023-02-16 00:00:00,27696.439453125,3
2023-02-17 00:00:00,27513.130859375,4
2023-02-20 00:00:00,27531.939453125,0
2023-02-21 00:00:00,27473.099609375,1
2023-02-22 00:00:00,27104.3203125,2
2023-02-24 00:00:00,27453.48046875,4
2023-02-27 00:00:00,27423.9609375,0
2023-02-28 00:00:00,27445.560546875,1
2023-03-01 00:00:00,27516.529296875,2
2023-03-02 00:00:00,27498.869140625,3
2023-03-03 00:00:00,27927.470703125,4
2023-03-06 00:00:00,28237.779296875,0
2023-03-07 00:00:00,28309.16015625,1
2023-03-08 00:00:00,28444.189453125,2
2023-03-09 00:00:00,28623.150390625,3
2023-03-10 00:00:00,28143.970703125,4
2023-03-13 00:00:00,27832.9609375,0
2023-03-14 00:00:00,27222.0390625,1
2023-03-15 00:00:00,27229.48046875,2
2023-03-16 00:00:00,27010.609375,3
2023-03-17 00:00:00,27333.7890625,4
2023-03-20 00:00:00,26945.669921875,0
2023-03-22 00:00:00,27466.609375,2
2023-03-23 00:00:00,27419.609375,3
2023-03-24 00:00:00,27385.25,4
2023-03-27 00:00:00,27476.869140625,0
2023-03-28 00:00:00,27518.25,1
2023-03-29 00:00:00,27883.779296875,2
2023-03-30 00:00:00,27782.9296875,3
2023-03-31 00:00:00,28041.48046875,4
2023-04-03 00:00:00,28188.150390625,0
2023-04-04 00:00:00,28287.419921875,1
2023-04-05 00:00:00,27813.259765625,2
2023-04-06 00:00:00,27472.630859375,3
2023-04-07 00:00:00,27518.310546875,4
2023-04-10 00:00:00,27633.66015625,0
2023-04-11 00:00:00,27923.369140625,1
2023-04-12 00:00:00,28082.69921875,2
2023-04-13 00:00:00,28156.970703125,3
2023-04-14 00:00:00,28493.470703125,4
2023-04-17 00:00:00,28514.779296875,0
2023-04-18 00:00:00,28658.830078125,1
2023-04-19 00:00:00,28606.759765625,2
2023-04-20 00:00:00,28657.5703125,3
2023-04-21 00:00:00,28564.369140625,4
2023-04-24 00:00:00,28593.51953125,0
2023-04-25 00:00:00,28620.0703125,1
2023-04-26 00:00:00,28416.470703125,2
2023-04-27 00:00:00,28457.6796875,3
2023-04-28 00:00:00,28856.439453125,4
2023-05-01 00:00:00,29123.1796875,0
2023-05-02 00:00:00,29157.94921875,1
2023-05-08 00:00:00,28949.880859375,0
2023-05-09 00:00:00,29242.8203125,1
2023-05-10 00:00:00,29122.1796875,2
2023-05-11 00:00:00,29126.720703125,3
2023-05-12 00:00:00,29388.30078125,4
2023-05-15 00:00:00,29626.33984375,0
2023-05-16 00:00:00,29842.990234375,1
2023-05-17 00:00:00,30093.58984375,2
2023-05-18 00:00:00,30573.9296875,3
2023-05-19 00:00:00,30808.349609375,4
2023-05-22 00:00:00,31086.8203125,0
2023-05-23 00:00:00,30957.76953125,1
2023-05-24 00:00:00,30682.6796875,2
2023-05-25 00:00:00,30801.130859375,3
2023-05-26 00:00:00,30916.310546875,4
2023-05-29 00:00:00,31233.5390625,0
2023-05-30 00:00:00,31328.16015625,1
2023-05-31 00:00:00,30887.880859375,2
2023-06-01 00:00:00,31148.009765625,3
2023-06-02 00:00:00,31524.220703125,4
2023-06-05 00:00:00,32217.4296875,0
2023-06-06 00:00:00,32506.779296875,1
2023-06-07 00:00:00,31913.740234375,2
2023-06-08 00:00:00,31641.26953125,3
2023-06-09 00:00:00,32265.169921875,4
2023-06-12 00:00:00,32434.0,0
2023-06-13 00:00:00,33018.6484375,1
2023-06-14 00:00:00,33502.421875,2
2023-06-15 00:00:00,33485.48828125,3
2023-06-16 00:00:00,33706.078125,4
2023-06-19 00:00:00,33370.421875,0
2023-06-20 00:00:00,33388.91015625,1
2023-06-21 00:00:00,33575.140625,2
2023-06-22 00:00:00,33264.87890625,3
2023-06-23 00:00:00,32781.5390625,4
2023-06-26 00:00:00,32698.810546875,0
2023-06-27 00:00:00,32538.330078125,1
2023-06-28 00:00:00,33193.98828125,2
2023-06-29 00:00:00,33234.140625,3
2023-06-30 00:00:00,33189.0390625,4
2023-07-03 00:00:00,33753.328125,0
2023-07-04 00:00:00,33422.51953125,1
2023-07-05 00:00:00,33338.69921875,2
2023-07-06 00:00:00,32773.01953125,3
2023-07-07 00:00:00,32388.419921875,4
2023-07-10 00:00:00,32189.73046875,0
2023-07-11 00:00:00,32203.5703125,1
2023-07-12 00:00:00,31943.9296875,2
2023-07-13 00:00:00,32419.330078125,3
2023-07-14 00:00:00,32391.259765625,4
2023-07-18 00:00:00,32493.890625,1
2023-07-19 00:00:00,32896.03125,2
2023-07-20 00:00:00,32490.51953125,3
2023-07-21 00:00:00,32304.25,4
2023-07-24 00:00:00,32700.939453125,0
2023-07-25 00:00:00,32682.509765625,1
2023-07-26 00:00:00,32668.33984375,2
2023-07-27 00:00:00,32891.16015625,3
2023-07-28 00:00:00,32759.23046875,4
2023-07-31 00:00:00,33172.21875,0
2023-08-01 00:00:00,33476.578125,1
2023-08-02 00:00:00,32707.689453125,2
2023-08-03 00:00:00,32159.279296875,3
2023-08-04 00:00:00,32192.75,4
2023-08-07 00:00:00,32254.560546875,0
2023-08-08 00:00:00,32377.2890625,1
2023-08-09 00:00:00,32204.330078125,2
2023-08-10 00:00:00,32473.650390625,3
2023-08-14 00:00:00,32059.91015625,0
2023-08-15 00:00:00,32238.890625,1
2023-08-16 00:00:00,31766.8203125,2
2023-08-17 00:00:00,31626.0,3
2023-08-18 00:00:00,31450.759765625,4
2023-08-21 00:00:00,31565.640625,0
2023-08-22 00:00:00,31856.7109375,1
2023-08-23 00:00:00,32010.259765625,2
2023-08-24 00:00:00,32287.2109375,3
2023-08-25 00:00:00,31624.279296875,4
2023-08-28 00:00:00,32169.990234375,0
2023-08-29 00:00:00,32226.970703125,1
2023-08-30 00:00:00,32333.4609375,2
2023-08-31 00:00:00,32619.33984375,3
2023-09-01 00:00:00,32710.619140625,4
2023-09-04 00:00:00,32939.1796875,0
2023-09-05 00:00:00,33036.76171875,1
2023-09-06 00:00:00,33241.01953125,2
2023-09-07 00:00:00,32991.078125,3
2023-09-08 00:00:00,32606.83984375,4
2023-09-11 00:00:00,32467.759765625,0
2023-09-12 00:00:00,32776.37109375,1
2023-09-13 00:00:00,32706.51953125,2
2023-09-14 00:00:00,33168.1015625,3
2023-09-15 00:00:00,33533.08984375,4
2023-09-19 00:00:00,33242.58984375,1
2023-09-20 00:00:00,33023.78125,2
2023-09-21 00:00:00,32571.029296875,3
2023-09-22 00:00:00,32402.41015625,4
2023-09-25 00:00:00,32678.619140625,0
2023-09-26 00:00:00,32315.05078125,1
2023-09-27 00:00:00,32371.900390625,2
2023-09-28 00:00:00,31872.51953125,3
2023-09-29 00:00:00,31857.619140625,4
2023-10-02 00:00:00,31759.880859375,0
2023-10-03 00:00:00,31237.939453125,1
2023-10-04 00:00:00,30526.880859375,2
2023-10-05 00:00:00,31075.359375,3
2023-10-06 00:00:00,30994.669921875,4
2023-10-10 00:00:00,31746.529296875,1
2023-10-11 00:00:00,31936.509765625,2
2023-10-12 00:00:00,32494.66015625,3
2023-10-13 00:00:00,32315.990234375,4
2023-10-16 00:00:00,31659.029296875,0
2023-10-17 00:00:00,32040.2890625,1
2023-10-18 00:00:00,32042.25,2
2023-10-19 00:00:00,31430.619140625,3
2023-10-20 00:00:00,31259.359375,4
2023-10-23 00:00:00,30999.55078125,0
2023-10-24 00:00:00,31062.349609375,1
2023-10-25 00:00:00,31269.919921875,2
2023-10-26 00:00:00,30601.779296875,3
2023-10-27 00:00:00,30991.689453125,4
2023-10-30 00:00:00,30696.9609375,0
2023-10-31 00:00:00,30858.849609375,1
2023-11-01 00:00:00,31601.650390625,2
2023-11-02 00:00:00,31949.890625,3
2023-11-06 00:00:00,32708.48046875,0
2023-11-07 00:00:00,32271.8203125,1
2023-11-08 00:00:00,32166.48046875,2
2023-11-09 00:00:00,32646.4609375,3
2023-11-10 00:00:00,32568.109375,4
2023-11-13 00:00:00,32585.109375,0
2023-11-14 00:00:00,32695.9296875,1
2023-11-15 00:00:00,33519.69921875,2
2023-11-16 00:00:00,33424.41015625,3
2023-11-17 00:00:00,33585.19921875,4
2023-11-20 00:00:00,33388.03125,0
2023-11-21 00:00:00,33354.140625,1
2023-11-22 00:00:00,33451.828125,2
2023-11-24 00:00:00,33625.53125,4
2023-11-27 00:00:00,33447.671875,0
2023-11-28 00:00:00,33408.390625,1
2023-11-29 00:00:00,33321.21875,2
2023-11-30 00:00:00,33486.890625,3
2023-12-01 00:00:00,33431.51171875,4
2023-12-04 00:00:00,33231.26953125,0
2023-12-05 00:00:00,32775.8203125,1
2023-12-06 00:00:00,33445.8984375,2
2023-12-07 00:00:00,32858.30859375,3
2023-12-08 00:00:00,32307.859375,4
2023-12-11 00:00:00,32791.80078125,0
2023-12-12 00:00:00,32843.69921875,1
2023-12-13 00:00:00,32926.3515625,2
2023-12-14 00:00:00,32686.25,3
2023-12-15 00:00:00,32970.55078125,4
2023-12-18 00:00:00,32758.98046875,0
2023-12-19 00:00:00,33219.390625,1
2023-12-20 00:00:00,33675.94140625,2
2023-12-21 00:00:00,33140.46875,3
2023-12-22 00:00:00,33169.05078125,4
2023-12-25 00:00:00,33254.03125,0
2023-12-26 00:00:00,33305.8515625,1
2023-12-27 00:00:00,33681.23828125,2
2023-12-28 00:00:00,33539.62109375,3
2023-12-29 00:00:00,33464.171875,4
2024-01-04 00:00:00,33288.2890625,3
2024-01-05 00:00:00,33377.421875,4
2024-01-09 00:00:00,33763.1796875,1
2024-01-10 00:00:00,34441.71875,2
2024-01-11 00:00:00,35049.859375,3
2024-01-12 00:00:00,35577.109375,4
2024-01-15 00:00:00,35901.7890625,0
2024-01-16 00:00:00,35619.1796875,1
2024-01-17 00:00:00,35477.75,2
2024-01-18 00:00:00,35466.171875,3
2024-01-19 00:00:00,35963.26953125,4
2024-01-22 00:00:00,36546.94921875,0
2024-01-23 00:00:00,36517.5703125,1
2024-01-24 00:00:00,36226.48046875,2
2024-01-25 00:00:00,36236.46875,3
2024-01-26 00:00:00,35751.0703125,4
2024-01-29 00:00:00,36026.94140625,0
2024-01-30 00:00:00,36065.859375,1
2024-01-31 00:00:00,36286.7109375,2
2024-02-01 00:00:00,36011.4609375,3
2024-02-02 00:00:00,36158.01953125,4
2024-02-05 00:00:00,36354.16015625,0
2024-02-06 00:00:00,36160.66015625,1
2024-02-07 00:00:00,36119.921875,2
2024-02-08 00:00:00,36863.28125,3
2024-02-09 00:00:00,36897.421875,4
2024-02-13 00:00:00,37963.96875,1
2024-02-14 00:00:00,37703.3203125,2
2024-02-15 00:00:00,38157.94140625,3
2024-02-16 00:00:00,38487.23828125,4
2024-02-19 00:00:00,38470.37890625,0
2024-02-20 00:00:00,38363.609375,1
2024-02-21 00:00:00,38262.16015625,2
2024-02-22 00:00:00,39098.6796875,3
2024-02-26 00:00:00,39233.7109375,0
2024-02-27 00:00:00,39239.51953125,1
2024-02-28 00:00:00,39208.03125,2
2024-02-29 00:00:00,39166.19140625,3
2024-03-01 00:00:00,39910.8203125,4
2024-03-04 00:00:00,40109.23046875,0
2024-03-05 00:00:00,40097.62890625,1
2024-03-06 00:00:00,40090.78125,2
2024-03-07 00:00:00,39598.7109375,3
2024-03-08 00:00:00,39688.94140625,4
2024-03-11 00:00:00,38820.48828125,0
2024-03-12 00:00:00,38797.51171875,1
2024-03-13 00:00:00,38695.96875,2
2024-03-14 00:00:00,38807.37890625,3
2024-03-15 00:00:00,38707.640625,4
2024-03-18 00:00:00,39740.44140625,0
2024-03-19 00:00:00,40003.6015625,1
2024-03-21 00:00:00,40815.66015625,3
2024-03-22 00:00:00,40888.4296875,4
2024-03-25 00:00:00,40414.12109375,0
2024-03-26 00:00:00,40398.03125,1
2024-03-27 00:00:00,40762.73046875,2
2024-03-28 00:00:00,40168.0703125,3
2024-03-29 00:00:00,40369.44140625,4
2024-04-01 00:00:00,39803.08984375,0
2024-04-02 00:00:00,39838.91015625,1
2024-04-03 00:00:00,39451.8515625,2
2024-04-04 00:00:00,39773.140625,3
2024-04-05 00:00:00,38992.078125,4
2024-04-08 00:00:00,39347.0390625,0
2024-04-09 00:00:00,39773.12890625,1
2024-04-10 00:00:00,39581.80859375,2
2024-04-11 00:00:00,39442.62890625,3
2024-04-12 00:00:00,39523.55078125,4
2024-04-15 00:00:00,39232.80078125,0
2024-04-16 00:00:00,38471.19921875,1
2024-04-17 00:00:00,37961.80078125,2
2024-04-18 00:00:00,38079.69921875,3
2024-04-19 00:00:00,37068.3515625,4
2024-04-22 00:00:00,37438.609375,0
2024-04-23 00:00:00,37552.16015625,1
2024-04-24 00:00:00,38460.078125,2
2024-04-25 00:00:00,37628.48046875,3
2024-04-26 00:00:00,37934.76171875,4
2024-04-30 00:00:00,38405.66015625,1
2024-05-01 00:00:00,38274.05078125,2
2024-05-02 00:00:00,38236.0703125,3
2024-05-07 00:00:00,38835.1015625,1
2024-05-08 00:00:00,38202.37109375,2
2024-05-09 00:00:00,38073.98046875,3
2024-05-10 00:00:00,38229.109375,4
2024-05-13 00:00:00,38179.4609375,0
2024-05-14 00:00:00,38356.05859375,1
2024-05-15 00:00:00,38385.73046875,2
2024-05-16 00:00:00,38920.26171875,3
2024-05-17 00:00:00,38787.37890625,4
2024-05-20 00:00:00,39069.6796875,0
2024-05-21 00:00:00,38946.9296875,1
2024-05-22 00:00:00,38617.1015625,2
2024-05-23 00:00:00,39103.21875,3
2024-05-24 00:00:00,38646.109375,4
2024-05-27 00:00:00,38900.01953125,0
2024-05-28 00:00:00,38855.37109375,1
2024-05-29 00:00:00,38556.87109375,2
2024-05-30 00:00:00,38054.12890625,3
2024-05-31 00:00:00,38487.8984375,4
2024-06-03 00:00:00,38923.03125,0
2024-06-04 00:00:00,38837.4609375,1
2024-06-05 00:00:00,38490.171875,2
2024-06-06 00:00:00,38703.51171875,3
2024-06-07 00:00:00,38683.9296875,4
2024-06-10 00:00:00,39038.16015625,0
2024-06-11 00:00:00,39134.7890625,1
2024-06-12 00:00:00,38876.7109375,2
2024-06-13 00:00:00,38720.46875,3
2024-06-14 00:00:00,38814.55859375,4
2024-06-17 00:00:00,38102.44140625,0
2024-06-18 00:00:00,38482.109375,1
2024-06-19 00:00:00,38570.76171875,2
2024-06-20 00:00:00,38633.01953125,3
2024-06-21 00:00:00,38596.46875,4
2024-06-24 00:00:00,38804.6484375,0
2024-06-25 00:00:00,39173.1484375,1
2024-06-26 00:00:00,39667.0703125,2
2024-06-27 00:00:00,39341.5390625,3
2024-06-28 00:00:00,39583.078125,4
2024-07-01 00:00:00,39631.05859375,0
2024-07-02 00:00:00,40074.69140625,1
2024-07-03 00:00:00,40580.76171875,2
2024-07-04 00:00:00,40913.6484375,3
2024-07-05 00:00:00,40912.37109375,4
2024-07-08 00:00:00,40780.69921875,0
2024-07-09 00:00:00,41580.171875,1
2024-07-10 00:00:00,41831.98828125,2
2024-07-11 00:00:00,42224.01953125,3
2024-07-12 00:00:00,41190.6796875,4
2024-07-16 00:00:00,41275.078125,1
2024-07-17 00:00:00,41097.69140625,2
2024-07-18 00:00:00,40126.3515625,3
2024-07-19 00:00:00,40063.7890625,4
2024-07-22 00:00:00,39599.0,0
2024-07-23 00:00:00,39594.390625,1
2024-07-24 00:00:00,39154.8515625,2
2024-07-25 00:00:00,37869.51171875,3
2024-07-26 00:00:00,37667.41015625,4
2024-07-29 00:00:00,38468.62890625,0
2024-07-30 00:00:00,38525.94921875,1
2024-07-31 00:00:00,39101.8203125,2
2024-08-01 00:00:00,38126.328125,3
2024-08-02 00:00:00,35909.69921875,4
2024-08-05 00:00:00,31458.419921875,0
2024-08-06 00:00:00,34675.4609375,1
2024-08-07 00:00:00,35089.62109375,2
2024-08-08 00:00:00,34831.1484375,3
2024-08-09 00:00:00,35025.0,4
2024-08-13 00:00:00,36232.51171875,1
2024-08-14 00:00:00,36442.4296875,2
2024-08-15 00:00:00,36726.640625,3
2024-08-16 00:00:00,38062.671875,4
2024-08-19 00:00:00,37388.62109375,0
2024-08-20 00:00:00,38062.921875,1
2024-08-21 00:00:00,37951.80078125,2
2024-08-22 00:00:00,38211.01171875,3
2024-08-23 00:00:00,38364.26953125,4
2024-08-26 00:00:00,38110.21875,0
2024-08-27 00:00:00,38288.62109375,1
2024-08-28 00:00:00,38371.76171875,2
2024-08-29 00:00:00,38362.53125,3
2024-08-30 00:00:00,38647.75,4
2024-09-02 00:00:00,38700.87109375,0
2024-09-03 00:00:00,38686.30859375,1
2024-09-04 00:00:00,37047.609375,2
2024-09-05 00:00:00,36657.08984375,3
2024-09-06 00:00:00,36391.46875,4
2024-09-09 00:00:00,36215.75,0
2024-09-10 00:00:00,36159.16015625,1
2024-09-11 00:00:00,35619.76953125,2
2024-09-12 00:00:00,36833.26953125,3
2024-09-13 00:00:00,36581.76171875,4
2024-09-17 00:00:00,36203.21875,1
2024-09-18 00:00:00,36380.171875,2
2024-09-19 00:00:00,37155.328125,3
2024-09-20 00:00:00,37723.91015625,4
2024-09-24 00:00:00,37940.58984375,1
2024-09-25 00:00:00,37870.26171875,2
2024-09-26 00:00:00,38925.62890625,3
2024-09-27 00:00:00,39829.55859375,4
2024-09-30 00:00:00,37919.55078125,0
2024-10-01 00:00:00,38651.96875,1
2024-10-02 00:00:00,37808.76171875,2
2024-10-03 00:00:00,38552.05859375,3
2024-10-04 00:00:00,38635.62109375,4
2024-10-07 00:00:00,39332.73828125,0
2024-10-08 00:00:00,38937.5390625,1
2024-10-09 00:00:00,39277.9609375,2
2024-10-10 00:00:00,39380.890625,3
2024-10-11 00:00:00,39605.80078125,4
2024-10-15 00:00:00,39910.55078125,1
2024-10-16 00:00:00,39180.30078125,2
2024-10-17 00:00:00,38911.19140625,3
2024-10-18 00:00:00,38981.75,4
2024-10-21 00:00:00,38954.6015625,0
2024-10-22 00:00:00,38411.9609375,1
2024-10-23 00:00:00,38104.859375,2
2024-10-24 00:00:00,38143.2890625,3
2024-10-25 00:00:00,37913.921875,4
2024-10-28 00:00:00,38605.53125,0
2024-10-29 00:00:00,38903.6796875,1
2024-10-30 00:00:00,39277.390625,2
2024-10-31 00:00:00,39081.25,3
2024-11-01 00:00:00,38053.671875,4
2024-11-05 00:00:00,38474.8984375,1
2024-11-06 00:00:00,39480.671875,2
2024-11-07 00:00:00,39381.41015625,3
2024-11-08 00:00:00,39500.37109375,4
2024-11-11 00:00:00,39533.3203125,0
2024-11-12 00:00:00,39376.08984375,1
2024-11-13 00:00:00,38721.66015625,2
2024-11-14 00:00:00,38535.69921875,3
2024-11-15 00:00:00,38642.91015625,4
2024-11-18 00:00:00,38220.8515625,0
2024-11-19 00:00:00,38414.4296875,1
2024-11-20 00:00:00,38352.33984375,2
2024-11-21 00:00:00,38026.171875,3
2024-11-22 00:00:00,38283.8515625,4
2024-11-25 00:00:00,38780.140625,0
2024-11-26 00:00:00,38442.0,1
2024-11-27 00:00:00,38134.96875,2
2024-11-28 00:00:00,38349.05859375,3
2024-11-29 00:00:00,38208.03125,4
2024-12-02 00:00:00,38513.01953125,0
2024-12-03 00:00:00,39248.859375,1
2024-12-04 00:00:00,39276.390625,2
2024-12-05 00:00:00,39395.6015625,3
2024-12-06 00:00:00,39091.171875,4
2024-12-09 00:00:00,39160.5,0
2024-12-10 00:00:00,39367.578125,1
2024-12-11 00:00:00,39372.23046875,2
2024-12-12 00:00:00,39849.140625,3
2024-12-13 00:00:00,39470.44140625,4
2024-12-16 00:00:00,39457.48828125,0
2024-12-17 00:00:00,39364.6796875,1
2024-12-18 00:00:00,39081.7109375,2
2024-12-19 00:00:00,38813.578125,3
2024-12-20 00:00:00,38701.8984375,4
2024-12-23 00:00:00,39161.33984375,0
2024-12-24 00:00:00,39036.8515625,1
2024-12-25 00:00:00,39130.4296875,2
2024-12-26 00:00:00,39568.05859375,3
2024-12-27 00:00:00,40281.16015625,4
2024-12-30 00:00:00,39894.5390625,0
2025-01-06 00:00:00,39307.05078125,0
2025-01-07 00:00:00,40083.30078125,1
2025-01-08 00:00:00,39981.05859375,2
2025-01-09 00:00:00,39605.08984375,3
2025-01-10 00:00:00,39190.3984375,4
2025-01-14 00:00:00,38474.30078125,1
2025-01-15 00:00:00,38444.578125,2
2025-01-16 00:00:00,38572.6015625,3
2025-01-17 00:00:00,38451.4609375,4
2025-01-20 00:00:00,38902.5,0
2025-01-21 00:00:00,39027.98046875,1
2025-01-22 00:00:00,39646.25,2
2025-01-23 00:00:00,39958.87109375,3
2025-01-24 00:00:00,39931.98046875,4
2025-01-27 00:00:00,39565.80078125,0
2025-01-28 00:00:00,39016.87109375,1
2025-01-29 00:00:00,39414.78125,2
2025-01-30 00:00:00,39513.96875,3
2025-01-31 00:00:00,39572.48828125,4
2025-02-03 00:00:00,38520.08984375,0
2025-02-04 00:00:00,38798.37109375,1
2025-02-05 00:00:00,38831.48046875,2
2025-02-06 00:00:00,39066.53125,3
2025-02-07 00:00:00,38787.01953125,4
2025-02-10 00:00:00,38801.171875,0
2025-02-12 00:00:00,38963.69921875,2
2025-02-13 00:00:00,39461.46875,3
2025-02-14 00:00:00,39149.4296875,4
2025-02-17 00:00:00,39174.25,0
2025-02-18 00:00:00,39270.3984375,1
2025-02-19 00:00:00,39164.609375,2
2025-02-20 00:00:00,38678.0390625,3
2025-02-21 00:00:00,38776.94140625,4
2025-02-25 00:00:00,38237.7890625,1
2025-02-26 00:00:00,38142.37109375,2
2025-02-27 00:00:00,38256.171875,3
2025-02-28 00:00:00,37155.5,4
2025-03-03 00:00:00,37785.46875,0
2025-03-04 00:00:00,37331.1796875,1
2025-03-05 00:00:00,37418.23828125,2
2025-03-06 00:00:00,37704.9296875,3
2025-03-07 00:00:00,36887.171875,4
2025-03-10 00:00:00,37028.26953125,0
2025-03-11 00:00:00,36793.109375,1
2025-03-12 00:00:00,36819.08984375,2
2025-03-13 00:00:00,36790.03125,3
2025-03-14 00:00:00,37053.1015625,4
2025-03-17 00:00:00,37396.51953125,0
2025-03-18 00:00:00,37845.421875,1
2025-03-19 00:00:00,37751.87890625,2
2025-03-21 00:00:00,37677.05859375,4
2025-03-24 00:00:00,37608.48828125,0
2025-03-25 00:00:00,37780.5390625,1
2025-03-26 00:00:00,38027.2890625,2
2025-03-27 00:00:00,37799.96875,3
2025-03-28 00:00:00,37120.328125,4
2025-03-31 00:00:00,35617.55859375,0
2025-04-01 00:00:00,35624.48046875,1
2025-04-02 00:00:00,35725.87109375,2
2025-04-03 00:00:00,34735.9296875,3
2025-04-04 00:00:00,33780.578125,4
2025-04-07 00:00:00,31136.580078125,0
2025-04-08 00:00:00,33012.578125,1
2025-04-09 00:00:00,31714.029296875,2
2025-04-10 00:00:00,34609.0,3
2025-04-11 00:00:00,33585.578125,4
2025-04-14 00:00:00,33982.359375,0
2025-04-15 00:00:00,34267.5390625,1
2025-04-16 00:00:00,33920.3984375,2
2025-04-17 00:00:00,34377.6015625,3
2025-04-18 00:00:00,34730.28125,4
2025-04-21 00:00:00,34279.921875,0
2025-04-22 00:00:00,34220.6015625,1
2025-04-23 00:00:00,34868.62890625,2
2025-04-24 00:00:00,35039.1484375,3
2025-04-25 00:00:00,35705.73828125,4
2025-04-28 00:00:00,35839.98828125,0
2025-04-30 00:00:00,36045.37890625,2
2025-05-01 00:00:00,36452.30078125,3
2025-05-02 00:00:00,36830.69140625,4
2025-05-07 00:00:00,36779.66015625,2
2025-05-08 00:00:00,36928.62890625,3
2025-05-09 00:00:00,37503.328125,4
2025-05-12 00:00:00,37644.26171875,0
2025-05-13 00:00:00,38183.26171875,1
2025-05-14 00:00:00,38128.12890625,2
2025-05-15 00:00:00,37755.51171875,3
2025-05-16 00:00:00,37753.71875,4
2025-05-19 00:00:00,37498.62890625,0
2025-05-20 00:00:00,37529.48828125,1
2025-05-21 00:00:00,37298.98046875,2
2025-05-22 00:00:00,36985.87109375,3
2025-05-23 00:00:00,37160.46875,4
