investment_start_date,investment_end_date,start_price,end_price,price_ratio,forex_ratio,final_buy_point,total_profit
1996-10-31,2011-10-31,705.27001953125,1253.300048828125,1.777049944163396,0.6899383141605865,124.92481522297686,396945.0657165856
1996-11-01,2011-11-01,703.77001953125,1218.280029296875,1.7310769079198873,0.6853916827646335,124.3692539728974,61229.262472501956
1996-11-04,2011-11-04,706.72998046875,1253.22998046875,1.7732797746000886,0.6833873389847169,123.84836460388885,276377.30580588477
1996-11-05,2011-11-07,714.1400146484375,1261.1199951171875,1.7659282063028237,0.6851865341818979,122.88597341408129,260717.12742502848
1996-11-06,2011-11-07,724.5900268554688,1261.1199951171875,1.7404600510306754,0.6851865341818979,121.11371617253053,112737.42130098492
1996-11-07,2011-11-07,727.6500244140625,1261.1199951171875,1.7331408682803244,0.6987381866088215,122.98971440274357,269379.2790897768
1996-11-08,2011-11-08,730.8200073242188,1275.9200439453125,1.7458745397746989,0.6979969361810375,122.90720863788914,333855.87601897586
1996-11-11,2011-11-11,731.8699951171875,1263.8499755859375,1.7268777023487198,0.6923470862538913,122.73087804693905,138677.3621618217
1996-11-12,2011-11-14,729.5599975585938,1251.780029296875,1.7158013507947847,0.6922227520127453,123.09736918644153,71837.89545290312
1996-11-13,2011-11-14,731.1300048828125,1251.780029296875,1.7121168888390974,0.6922227520127453,122.83303347333431,50209.923466253094
1996-11-14,2011-11-14,735.8800048828125,1251.780029296875,1.7010654196212582,0.6940927533738687,122.36984857290297,12312.092963471077
1996-11-15,2011-11-15,737.6199951171875,1257.81005859375,1.7052277147041257,0.6906255269225725,121.5013084560412,-13326.269360467792
1996-11-18,2011-11-18,737.02001953125,1215.6500244140625,1.6494124883978383,0.6891916137652928,121.6002173279867,-360264.560622836
1996-11-19,2011-11-21,742.1599731445312,1192.97998046875,1.6074431707952326,0.6895624447694965,120.82303046671197,-600492.8860600996
1996-11-20,2011-11-21,743.9500122070312,1192.97998046875,1.6035754565412383,0.6912359687719453,120.82483900063932,-600352.1899738475
1996-11-21,2011-11-21,742.75,1192.97998046875,1.6061662476859644,0.6901813210342725,120.83540235968655,-599530.4065098152
1996-11-22,2011-11-22,748.72998046875,1188.0400390625,1.5867403069912005,0.684786478432401,118.82517415259757,-785815.9565445902
1996-11-25,2011-11-25,757.030029296875,1158.6700439453125,1.5305470048810064,0.6946708204782449,117.5223794029718,-983840.6057529473
1996-11-26,2011-11-28,755.9600219726562,1192.550048828125,1.5775305759108789,0.6946708204782449,117.68872392261008,-707069.3834609608
1996-11-27,2011-11-28,755.0,1192.550048828125,1.5795364885140728,0.6869094971365104,116.52180281464393,-799211.7445119233
1996-11-29,2011-11-29,757.02001953125,1195.18994140625,1.5788088961588052,0.6880847041889213,116.59037892698606,-787715.9406293994
1996-12-02,2011-12-02,756.5599975585938,1244.280029296875,1.644654797124016,0.6867784145108521,116.66127103901921,-421726.2493944904
1996-12-03,2011-12-05,748.280029296875,1257.0799560546875,1.6799592489938677,0.6882971637279495,118.21300763688616,-194481.14050658979
1996-12-04,2011-12-05,745.0999755859375,1257.0799560546875,1.6871292406983844,0.6932026410686943,119.56363254224934,-82449.6623606286
1996-12-05,2011-12-05,744.3800048828125,1257.0799560546875,1.688761046520304,0.6889065831105532,118.93757449242617,-134379.85293267947
1996-12-06,2011-12-06,739.5999755859375,1258.469970703125,1.701554911093825,0.6859285491543353,119.28383497409978,-102609.6243087789
1996-12-09,2011-12-09,749.760009765625,1255.18994140625,1.6741222858746794,0.6875959774142996,117.66741395319215,-238504.52451931918
1996-12-10,2011-12-12,747.5399780273438,1236.469970703125,1.6540519665128826,0.6904589376960025,118.50825037864828,-315373.9078878644
1996-12-11,2011-12-12,740.72998046875,1236.469970703125,1.6692587087141524,0.6889331289926104,119.33347862251364,-247935.337518706
1996-12-12,2011-12-12,729.2999877929688,1236.469970703125,1.695420254215238,0.6845762321941422,120.43723171665614,-157735.40645375568
1996-12-13,2011-12-13,728.6400146484375,1225.72998046875,1.6822161229508568,0.6849499098944507,120.57809056137842,-229057.5300122206
1996-12-16,2011-12-16,720.97998046875,1219.6600341796875,1.6916697650699224,0.6853804458389736,121.85916953727607,-167971.03629046772
1996-12-17,2011-12-19,726.0399780273438,1205.3499755859375,1.6601702551709105,0.6865264808750485,121.21223770939577,-334912.85190342786
1996-12-18,2011-12-19,731.5399780273438,1205.3499755859375,1.6476884542062356,0.6842382306336279,119.89994427685471,-439551.0520478096
1996-12-19,2011-12-19,745.760009765625,1205.3499755859375,1.6162705961730919,0.6828008939713827,117.36664764996021,-641548.2524428354
1996-12-20,2011-12-20,748.8699951171875,1241.300048828125,1.657564139198659,0.6804195393326294,116.72598290306792,-435925.0424935338
1996-12-23,2011-12-23,746.9199829101562,1265.3299560546875,1.6940636011968748,0.6820803998122795,117.03072383482323,-201465.33506798325
1996-12-24,2011-12-27,751.030029296875,1265.4300537109375,1.6849260407012634,0.6793161006052467,116.15674024794201,-293814.15164748253
1996-12-26,2011-12-27,755.8200073242188,1265.4300537109375,1.6742478916254924,0.6756616290375881,114.79968119090123,-407211.5092757335
1996-12-27,2011-12-27,756.7899780273438,1265.4300537109375,1.6721020236148212,0.6718723185624351,114.00953809122373,-473236.7416978292
1996-12-30,2011-12-30,753.8499755859375,1257.5999755859375,1.668236408190443,0.6637618575699359,114.45417340486325,-609996.8080298919
1996-12-31,2012-01-03,740.739990234375,1277.06005859375,1.7240328258633368,0.6622529230262243,116.53011528531047,-317995.79983659554
1997-01-02,2012-01-03,737.010009765625,1277.06005859375,1.7327580923899055,0.6590670707713652,116.55644980942553,-315807.773398391
1997-01-03,2012-01-03,748.030029296875,1277.06005859375,1.7072310048757626,0.6658739742165932,116.02540465469833,-359930.1138419458
1997-01-06,2012-01-06,747.6500244140625,1277.81005859375,1.70910187503194,0.6670716871728438,116.08437639128542,-332007.36314002564
1997-01-07,2012-01-09,753.22998046875,1280.699951171875,1.7002774509517928,0.6634441227681221,114.59782363513166,-434228.58541056747
1997-01-08,2012-01-09,748.4099731445312,1280.699951171875,1.7112277991043674,0.6608202409395773,114.8797249812944,-410697.56402360136
1997-01-09,2012-01-09,754.8499755859375,1280.699951171875,1.6966284594203727,0.6619584894180016,114.09581825730845,-476132.24937927024
1997-01-10,2012-01-10,759.5,1292.0799560546875,1.7012244319350724,0.6571745926944667,112.5924120957326,-519347.50778291933
1997-01-13,2012-01-13,759.510009765625,1289.0899658203125,1.6972652753030983,0.6569180613222196,112.59092821317444,-545103.4635701389
1997-01-14,2012-01-17,768.8599853515625,1293.6700439453125,1.682582093739447,0.6578744703542445,111.38365713259742,-613252.2242307453
1997-01-15,2012-01-17,767.2000122070312,1293.6700439453125,1.686222658187617,0.6591728084034107,111.84495053063584,-574377.1783803534
1997-01-16,2012-01-17,769.75,1293.6700439453125,1.6806366274054076,0.6547903161835182,110.73330167850929,-668060.2882616636
1997-01-17,2012-01-17,776.1699829101562,1293.6700439453125,1.6667354734524156,0.651679686840142,109.29569091812024,-789213.516256677
1997-01-20,2012-01-20,776.7000122070312,1315.3800048828125,1.6935496127328433,0.6532066660509475,109.22110624282946,-619102.639163204
1997-01-21,2012-01-23,782.719970703125,1316.0,1.6813164979268695,0.6529297023720992,108.3351242040709,-690813.0446418184
1997-01-22,2012-01-23,786.22998046875,1316.0,1.6738105041674973,0.645973170900618,106.70239202461615,-831112.9632346341
1997-01-23,2012-01-23,777.5599975585938,1316.0,1.6924738980040335,0.6478754816035299,108.20987859420191,-701575.341783897
1997-01-24,2012-01-24,770.52001953125,1314.6500244140625,1.7061854216504808,0.6420412930575284,107.2582489802807,-710656.1282310258
1997-01-27,2012-01-27,765.02001953125,1316.3299560546875,1.7206477248284837,0.6310743852095171,108.02936653842382,-791935.1406817031
1997-01-28,2012-01-30,765.02001953125,1313.010009765625,1.7163080393244408,0.6310743852095171,108.02936653842382,-815159.0144669409
1997-01-29,2012-01-30,772.5,1313.010009765625,1.6996893330299352,0.6271868633293762,106.32430241289714,-960126.4743800685
1997-01-30,2012-01-30,784.1699829101562,1313.010009765625,1.6743946317517473,0.629773200910116,105.1739145867981,-1057934.409323892
1997-01-31,2012-01-31,786.1599731445312,1312.4100341796875,1.6693930993843769,0.6228155905052353,103.87112130878037,-1183140.064662781
1997-02-03,2012-02-03,786.72998046875,1344.9000244140625,1.70948108983052,0.625102103740453,103.79586384892667,-938270.0872717178
1997-02-04,2012-02-06,789.260009765625,1344.3299560546875,1.703278944100935,0.6198882854966561,102.60017897592297,-1046454.2060467168
1997-02-05,2012-02-06,778.280029296875,1344.3299560546875,1.727308816171477,0.6183360352564297,103.78711933126027,-942874.2227340415
1997-02-06,2012-02-06,780.1500244140625,1344.3299560546875,1.723168511164704,0.6215996922717982,104.084833547452,-916893.7820097697
1997-02-07,2012-02-07,789.5599975585938,1347.050048828125,1.7060768693871926,0.6228909934773874,102.73590277213032,-988304.7112907018
1997-02-10,2012-02-10,785.4299926757812,1342.6400146484375,1.709433084003284,0.6287313668374822,103.27611613811541,-885914.7888963749
1997-02-11,2012-02-13,789.5900268554688,1351.77001953125,1.7119897333489067,0.6287313668374822,102.73199557115369,-872283.6498895464
1997-02-12,2012-02-13,802.77001953125,1351.77001953125,1.6838820417341567,0.6239233682827108,100.27261896918513,-1090798.7473142752
1997-02-13,2012-02-13,811.8200073242188,1351.77001953125,1.6651105015097145,0.6238229548187563,99.13884439677669,-1191534.3812750145
1997-02-14,2012-02-14,808.47998046875,1350.5,1.6704186035837167,0.6319354887931578,99.74911344566031,-1048539.1636035852
1997-02-18,2012-02-21,816.2899780273438,1362.2099609375,1.668781925057359,0.641153324724146,98.39007574978159,-926865.7259240663
1997-02-19,2012-02-21,812.489990234375,1362.2099609375,1.6765867608344935,0.641153324724146,98.85024275650444,-884430.9883890133
1997-02-20,2012-02-21,802.7999877929688,1362.2099609375,1.696823594482659,0.6479708101339665,101.10716792932652,-676306.4902268872
1997-02-21,2012-02-21,801.77001953125,1362.2099609375,1.6990033647477962,0.6575782605244637,102.73809179386001,-525909.2972077546
1997-02-24,2012-02-24,810.280029296875,1365.739990234375,1.6855160448906823,0.6628006250070307,101.65907943658137,-526473.9736504131
1997-02-25,2012-02-27,812.030029296875,1367.5899658203125,1.6841618123463842,0.6587310346464449,100.81715396594305,-592206.1412119716
1997-02-26,2012-02-27,805.6799926757812,1367.5899658203125,1.6974356794914889,0.6587310346464449,101.61175309405596,-518057.7993515767
1997-02-27,2012-02-27,795.0700073242188,1367.5899658203125,1.7200874806268827,0.6688611375395248,104.55119254911122,-243762.8072226583
1997-02-28,2012-02-28,790.8200073242188,1372.1800537109375,1.735135733798366,0.6592398603360858,103.58045744599417,-299976.98286248045
1997-03-03,2012-03-05,795.3099975585938,1364.3299560546875,1.715469389600087,0.6677424354441867,102.99568516369887,-286230.31495995773
1997-03-04,2012-03-05,790.9500122070312,1364.3299560546875,1.7249256400511617,0.6725907573785752,104.31538229877941,-161766.51821153192
1997-03-05,2012-03-05,801.989990234375,1364.3299560546875,1.70118077864784,0.6735354752035535,103.02390879431783,-283568.47677642107
1997-03-06,2012-03-06,798.5599975585938,1343.3599853515625,1.6822279972181984,0.6611475710008965,102.64377550259124,-568535.9081252334
1997-03-07,2012-03-07,804.969970703125,1352.6300048828125,1.6803484031849256,0.6675256336076054,101.95177528516612,-488190.6362512144
1997-03-10,2012-03-12,813.6500244140625,1371.0899658203125,1.6851102128432698,0.6759376281805606,100.86414932947596,-341030.6838268265
1997-03-11,2012-03-12,811.3400268554688,1371.0899658203125,1.6899079552802059,0.6736157783895133,100.80386814795783,-346803.3402810474
1997-03-12,2012-03-12,804.260009765625,1371.0899658203125,1.7047844592196886,0.667285090810687,100.73555769400247,-353344.89724766836
1997-03-13,2012-03-13,789.5599975585938,1395.949951171875,1.768009974527972,0.6721763110943465,102.61936603662177,77754.3041247609
1997-03-14,2012-03-14,793.1699829101562,1394.280029296875,1.7578577850125319,0.6774949199021465,101.87990285713332,99168.81929452484
1997-03-17,2012-03-19,795.7100219726562,1409.75,1.7716881289305222,0.673696991891572,101.5546852203122,121566.56649864279
1997-03-18,2012-03-19,789.6599731445312,1409.75,1.7852620722134207,0.6791853584242935,103.1664233753754,282202.33617138583
1997-03-19,2012-03-19,785.77001953125,1409.75,1.794100010128898,0.6738603453281491,102.86428928247236,252089.78817133373
1997-03-20,2012-03-20,782.6500244140625,1405.52001953125,1.7958474103204742,0.6819108402583757,104.15833718758988,384674.28432248207
1997-03-21,2012-03-21,784.0999755859375,1402.8900146484375,1.7891723738418617,0.6724561599636049,103.07504544659074,202627.06454612128
1997-03-24,2012-03-26,790.8900146484375,1416.510009765625,1.791032866175817,0.6707103957018387,102.19011382273857,186721.79304837855
1997-03-25,2012-03-26,789.0700073242188,1416.510009765625,1.7951639228679988,0.6707103957018387,102.42581756751886,210217.6908787829
1997-03-26,2012-03-26,790.5,1416.510009765625,1.7919165208926313,0.671905093323412,102.422647235655,209901.65944011696
1997-03-27,2012-03-27,773.8800048828125,1412.52001953125,1.825244237632352,0.6717463266683045,104.52074934664017,397337.4289291492
1997-03-31,2012-04-02,757.1199951171875,1419.0400390625,1.8742604187105905,0.6689089408929721,108.3506630033157,631456.9978844686
1997-04-01,2012-04-02,759.6400146484375,1419.0400390625,1.8680427724956457,0.662280694416172,106.92113247263231,491190.27553263213
1997-04-02,2012-04-02,750.1099853515625,1419.0400390625,1.8917759618910053,0.6651440031924091,108.74768515488009,670413.1409717998
1997-04-03,2012-04-03,750.3200073242188,1413.3800048828125,1.8837029415264954,0.6666398537710638,107.26476249956718,648772.3255726928
1997-04-04,2012-04-04,757.9000244140625,1398.9599609375,1.8458370706862626,0.6527315950073437,104.4683457890382,217010.76631272584
1997-04-07,2012-04-09,762.1300048828125,1382.199951171875,1.8136012784123443,0.6464211858193057,103.88852468311259,-58469.549324803986
1997-04-08,2012-04-09,766.1199951171875,1382.199951171875,1.8041559546562291,0.6437199129781034,102.91559851111754,-151572.95217560837
1997-04-09,2012-04-09,760.5999755859375,1382.199951171875,1.8172495339709687,0.6489388707258774,104.50294727598032,327.1362110567279
1997-04-10,2012-04-10,758.3400268554688,1358.5899658203125,1.7915313945036488,0.6399207075383199,104.57333031231994,-278205.4415939115
1997-04-11,2012-04-11,737.6500244140625,1368.7099609375,1.8555004617870205,0.642920660594153,107.59178030004327,116127.66065887408
1997-04-14,2012-04-16,743.72998046875,1369.5699462890625,1.8414881506132978,0.6379444182865204,106.71222278152348,-37975.10203206679
1997-04-15,2012-04-16,754.719970703125,1369.5699462890625,1.8146729905836738,0.6400270646385117,105.50161558173122,-150990.26329134544
1997-04-16,2012-04-16,763.530029296875,1369.5699462890625,1.7937342262101752,0.6379444182865204,103.94493513001139,-296312.7859976934
1997-04-17,2012-04-17,761.77001953125,1390.780029296875,1.8257216661699052,0.6443560857883548,104.35072527847142,-24001.931637059897
1997-04-18,2012-04-18,766.3400268554688,1385.1400146484375,1.807474444904173,0.6444708844104104,103.44064740984943,-121947.73359996127
1997-04-21,2012-04-23,760.3699951171875,1366.93994140625,1.7977299869592809,0.642726919146502,104.25280984659838,-201788.61332674185
1997-04-22,2012-04-23,774.6099853515625,1366.93994140625,1.7646815394276827,0.6432878549833947,102.42559871653334,-373519.2451130999
1997-04-23,2012-04-23,773.6400146484375,1366.93994140625,1.7668940534667454,0.6431347824805572,102.52961432478595,-363743.327143386
1997-04-24,2012-04-24,771.1799926757812,1371.969970703125,1.7790528589088115,0.6446732624922649,102.71003078963399,-274221.7652730341
1997-04-25,2012-04-25,765.3699951171875,1390.68994140625,1.8170165413831234,0.640965037835398,103.00833007853369,-123818.23386489367
1997-04-28,2012-04-30,772.9600219726562,1397.9100341796875,1.8085153105488023,0.6300930300149676,101.9968469883245,-336761.0770937237
1997-04-29,2012-04-30,794.0499877929688,1397.9100341796875,1.7604811481266116,0.6290020396291391,99.11589659921982,-609703.9450055622
1997-04-30,2012-04-30,801.3400268554688,1397.9100341796875,1.7444655044441169,0.6320363744440558,98.68799837584288,-650243.2644969979
1997-05-01,2012-05-01,798.530029296875,1405.8199462890625,1.7605098051565087,0.6333201588480283,98.87888213537255,-545085.3566196375
1997-05-02,2012-05-02,812.969970703125,1402.31005859375,1.72492233308558,0.6395865278543557,98.19252550456035,-644549.5121052884
1997-05-05,2012-05-07,830.2899780273438,1369.5799560546875,1.6495200379373764,0.6379819614481391,96.14421069174864,-1075953.0319490065
1997-05-06,2012-05-07,827.760009765625,1369.5799560546875,1.6545616360984574,0.6386957557993734,96.54596410727103,-1038662.5250749988
1997-05-07,2012-05-07,815.6199951171875,1369.5799560546875,1.6791887941122723,0.645974760591674,99.09967274274979,-801628.8478336739
1997-05-08,2012-05-08,820.260009765625,1363.719970703125,1.6625459664829743,0.6655000050862631,101.59380238120396,-617521.5192032023
1997-05-09,2012-05-09,824.780029296875,1354.5799560546875,1.6423530007261051,0.6732263349426587,102.40240472722243,-623873.5292594545
1997-05-12,2012-05-14,837.6599731445312,1338.3499755859375,1.5977246358827943,0.6744087622048563,100.82785507099334,-862634.6906262785
1997-05-13,2012-05-14,833.1300048828125,1338.3499755859375,1.6064119258004503,0.6848198929594624,102.94107033735116,-671127.8907200284
1997-05-14,2012-05-14,836.0399780273438,1338.3499755859375,1.6008205477730935,0.6890749082388838,103.22014827463903,-645836.8929001279
1997-05-15,2012-05-15,841.8800048828125,1330.6600341796875,1.5805815869981517,0.6939524574362176,102.61924270899088,-698724.9194851797
1997-05-16,2012-05-16,829.75,1324.800048828125,1.596625548452094,0.7135879179659844,107.03217585721507,-338458.69644238893
1997-05-19,2012-05-21,833.27001953125,1315.989990234375,1.5793079786725983,0.705239828936234,106.580035085726,-555053.2636824446
1997-05-20,2012-05-21,841.6599731445312,1315.989990234375,1.5635648982066908,0.6962735777049631,104.17608320177771,-768087.5105026788
1997-05-21,2012-05-21,839.3499755859375,1315.989990234375,1.567868027059514,0.6836849127756263,102.57409596896144,-910052.9740535226
1997-05-22,2012-05-22,835.6599731445312,1316.6300048828125,1.5755571012075928,0.6926153261462074,103.59786551798163,-746157.6380339018
1997-05-23,2012-05-23,847.030029296875,1318.8599853515625,1.5570404114791025,0.6808400954141943,101.20837310992842,-1010389.8011671999
1997-05-27,2012-05-29,849.7100219726562,1332.4200439453125,1.568087947052824,0.6877162720533889,101.80554449908583,-855171.4157523122
1997-05-28,2012-05-29,847.2100219726562,1332.4200439453125,1.5727151584478263,0.6835769382105652,101.49138737691419,-883391.028396355
1997-05-29,2012-05-29,844.0800170898438,1332.4200439453125,1.5785470772535655,0.6844008048695712,101.9905101565243,-838556.6111307158
1997-05-30,2012-05-30,848.280029296875,1313.3199462890625,1.5482150951704607,0.6808206258418328,101.61675507965131,-1061598.5901309652
1997-06-02,2012-06-04,846.3599853515625,1278.1800537109375,1.5102085115472523,0.67546762018861,101.84728185160397,-1349577.870076721
1997-06-03,2012-06-04,845.47998046875,1278.1800537109375,1.5117803889363417,0.6741890888568111,101.76030991189737,-1356964.8516263762
1997-06-04,2012-06-04,840.1099853515625,1278.1800537109375,1.5214437109398895,0.6784502169786594,103.05803774473081,-1246742.0419482887
1997-06-05,2012-06-05,843.4299926757812,1285.5,1.524133610570039,0.6893442254447691,103.81182628312655,-1090465.0764167402
1997-06-06,2012-06-06,858.010009765625,1315.1300048828125,1.5327676716056668,0.7077678271702358,104.06139004147944,-800525.8947322257
1997-06-09,2012-06-11,862.9099731445312,1308.9300537109375,1.5168790423652934,0.7080982072012765,103.4704859886462,-891637.6778683476
1997-06-10,2012-06-11,865.27001953125,1308.9300537109375,1.512741715493662,0.7133207320458244,103.94932483203783,-849486.163474184
1997-06-11,2012-06-11,869.5700073242188,1308.9300537109375,1.505261270152,0.6947612627807395,100.74407796550926,-1131639.5670584962
1997-06-12,2012-06-12,883.4600219726562,1324.1800537109375,1.498856791226623,0.6925629117750198,98.5729437796029,-1197313.7513150931
1997-06-13,2012-06-13,893.27001953125,1314.8800048828125,1.471984927438632,0.7013519743055848,98.92041574589047,-1245421.543139387
1997-06-16,2012-06-18,893.9000244140625,1344.780029296875,1.5043964566153327,0.6980648694724304,98.85069839134559,-1094589.6392857018
1997-06-17,2012-06-18,894.4199829101562,1344.780029296875,1.5035218968625805,0.6958513243145238,98.47996220877178,-1127989.0779858078
1997-06-18,2012-06-18,889.0599975585938,1344.780029296875,1.512586364238311,0.6924358185272653,98.5873887608689,-1118311.073220741
1997-06-19,2012-06-19,897.989990234375,1357.97998046875,1.5122440063216271,0.6874912770654864,96.86831662766201,-1183729.3045670092
1997-06-20,2012-06-20,898.7000122070312,1355.68994140625,1.5085010826659955,0.6920013935926778,96.95202478107657,-1147856.4597808938
1997-06-23,2012-06-25,878.6199951171875,1313.719970703125,1.495208369948268,0.6939967226242033,99.16777029713361,-1200560.8729004976
1997-06-24,2012-06-25,896.3400268554688,1313.719970703125,1.4656491190200491,0.6996662340840933,98.00141272247286,-1304055.1074477392
1997-06-25,2012-06-25,888.989990234375,1313.719970703125,1.477766887292818,0.7040573098172904,99.43181167430039,-1177131.728346244
1997-06-26,2012-06-26,883.6799926757812,1319.989990234375,1.4937420799099999,0.6936708596032928,98.78929192487652,-1213317.8099793037
1997-06-27,2012-06-27,887.2999877929688,1331.8499755859375,1.5010143062198422,0.6939388338235113,98.14634991041693,-1167129.2460540775
1997-06-30,2012-07-02,885.1400146484375,1365.510009765625,1.5427050942985356,0.6918052875962112,98.38585267442254,-949706.9286113693
1997-07-01,2012-07-02,891.030029296875,1365.510009765625,1.5325072835571762,0.6941022678867477,98.05999658592022,-979681.6965264427
1997-07-02,2012-07-02,904.030029296875,1365.510009765625,1.5104697471473088,0.7001586733863975,97.49320946249388,-1031819.1678870087
1997-07-03,2012-07-03,916.9199829101562,1374.02001953125,1.4985168227769798,0.6991243298725811,95.4998017578189,-1115931.6504131965
1997-07-07,2012-07-09,912.2000122070312,1352.4599609375,1.4826353243136638,0.7048639737863014,97.12508025533121,-1137923.2003682293
1997-07-08,2012-07-09,918.75,1352.4599609375,1.472065263605442,0.706491414847868,96.6553031036576,-1180787.5273360861
1997-07-09,2012-07-09,907.5399780273438,1352.4599609375,1.4902483567470468,0.7038039456199116,97.47698378487573,-1105814.1292952737
1997-07-10,2012-07-10,913.780029296875,1341.469970703125,1.4680447456652603,0.6954425901427018,95.9119452088023,-1342421.6736553404
1997-07-11,2012-07-11,916.6799926757812,1341.449951171875,1.4633786729174636,0.7004222949615388,95.97863777397866,-1308143.7488673744
1997-07-14,2012-07-16,918.3800048828125,1353.6400146484375,1.4739432560067172,0.6934717328458111,95.80097182419483,-1332269.896872499
1997-07-15,2012-07-16,925.760009765625,1353.6400146484375,1.4621932254247394,0.6832524209240641,93.63675048353201,-1528080.9216157407
1997-07-16,2012-07-16,936.5900268554688,1353.6400146484375,1.4452855313793838,0.680656283399189,92.20233088728298,-1657862.0885306234
1997-07-17,2012-07-17,931.6099853515625,1363.6700439453125,1.4637778312677736,0.6851104613441137,92.97623149278576,-1495836.1951819235
1997-07-18,2012-07-18,915.2999877929688,1372.780029296875,1.4998143205562715,0.6839597624100172,94.83013531351943,-1301108.7589790607
1997-07-21,2012-07-23,912.9400024414062,1350.52001953125,1.4793086247942435,0.6797239617358147,95.07527489512185,-1473177.5182431256
1997-07-22,2012-07-23,933.97998046875,1350.52001953125,1.4459839051940333,0.6768452815457668,92.53991262792037,-1700561.38858396
1997-07-23,2012-07-23,936.5599975585938,1350.52001953125,1.4420005371271025,0.6745133336649699,91.9670342836893,-1751939.9615125116
1997-07-24,2012-07-24,940.2999877929688,1338.31005859375,1.4232798851087654,0.6682094504760328,90.98215371473255,-1935103.8872300293
1997-07-25,2012-07-25,938.7899780273438,1337.8900146484375,1.4251217481674792,0.6604345967810872,90.07280194900757,-2018626.4836652474
1997-07-28,2012-07-30,936.4500122070312,1385.300048828125,1.4793101935716153,0.6604176941823126,90.29787245480395,-1715356.922879246
1997-07-29,2012-07-30,942.2899780273438,1385.300048828125,1.4701419744781854,0.6607529605859789,89.78379588389032,-1762522.385237855
1997-07-30,2012-07-30,952.2899780273438,1385.300048828125,1.4547040090642935,0.6588021587035011,88.57868256217547,-1873089.0405362737
1997-07-31,2012-07-31,954.3099975585938,1379.3199462890625,1.4453583739222784,0.6597973119916489,88.50316834892347,-1913102.5265819826
1997-08-01,2012-08-01,947.1400146484375,1375.3199462890625,1.4520766993458283,0.6569991219481623,88.50042579800066,-1909968.772320876
1997-08-04,2012-08-06,950.2999877929688,1394.22998046875,1.4671472149618667,0.6554903180875481,88.20614086440746,-1844777.2616511113
1997-08-05,2012-08-06,952.3699951171875,1394.22998046875,1.4639583225185422,0.6592479778921222,88.51897287218233,-1815853.938647889
1997-08-06,2012-08-06,960.3200073242188,1394.22998046875,1.4518389389319852,0.6600269643195096,87.88989894501789,-1874015.8528257255
1997-08-07,2012-08-07,951.1900024414062,1401.3499755859375,1.4732597819458908,0.6862505326589362,91.77779469985347,-1426505.3703065831
1997-08-08,2012-08-08,933.5399780273438,1402.219970703125,1.502045979504965,0.6736552962375704,92.04256999008203,-1419416.775655833
1997-08-11,2012-08-13,937.0,1404.1099853515625,1.4985165265224787,0.6730538209284432,91.70268811752553,-1447222.3173248372
1997-08-12,2012-08-13,926.530029296875,1404.1099853515625,1.5154500566129663,0.6775951804929314,93.36469268988886,-1292213.1686639423
1997-08-13,2012-08-13,922.02001953125,1404.1099853515625,1.5228627964774608,0.6640949881959454,91.95211335244166,-1423959.3287856928
1997-08-14,2012-08-14,924.77001953125,1403.9300537109375,1.5181396715505175,0.6719096367510722,92.18669278050251,-1349953.3138893242
1997-08-15,2012-08-15,900.8099975585938,1405.530029296875,1.5602957705911245,0.6682741108560091,93.918108457871,-1157859.3208797942
1997-08-18,2012-08-20,912.489990234375,1418.1300048828125,1.5541321220614845,0.671150625035904,92.71594423617977,-1154878.801467699
1997-08-19,2012-08-20,926.010009765625,1418.1300048828125,1.5314413342483675,0.6728012837518683,91.58696463189705,-1262583.700693165
1997-08-20,2012-08-20,939.3499755859375,1418.1300048828125,1.5096929171667108,0.6730296087428833,90.31695309298188,-1383743.0770850368
1997-08-21,2012-08-21,925.0499877929688,1413.1700439453125,1.5276688423259432,0.6760685725116968,92.22955977592275,-1241780.5831039138
1997-08-22,2012-08-22,923.5399780273438,1413.489990234375,1.5305130518048078,0.6649085644989657,91.6686534202722,-1370317.5168334888
1997-08-25,2012-08-27,920.1599731445312,1410.43994140625,1.5328203601230865,0.6666948710537407,92.00537801730343,-1334088.9545499352
1997-08-26,2012-08-27,913.02001953125,1410.43994140625,1.5448072454428528,0.6626556919111211,92.16309908691572,-1319233.3364468683
1997-08-27,2012-08-27,913.7000122070312,1410.43994140625,1.5436575709344138,0.661597923276608,91.94750309662412,-1339540.1458300264
1997-08-28,2012-08-28,903.6699829101562,1409.300048828125,1.5595295577813155,0.6578198098528033,92.64891544245123,-1300457.5728871743
1997-08-29,2012-08-29,899.469970703125,1410.489990234375,1.5681346083536067,0.6465708519154261,91.31547054289857,-1402042.100642161
1997-09-02,2012-09-04,927.5800170898438,1404.93994140625,1.51462937484796,0.650663368271448,89.39254744234847,-1642842.5458820923
1997-09-03,2012-09-04,927.8599853515625,1404.93994140625,1.5141723574531816,0.6479768968574517,88.99660023985763,-1679858.977446115
1997-09-04,2012-09-04,930.8699951171875,1404.93994140625,1.5092762134087065,0.6477629322772515,88.67953374087887,-1709500.9859938687
1997-09-05,2012-09-05,929.0499877929688,1403.43994140625,1.5106183303874012,0.6604901537246166,90.65681099582517,-1539092.4379823492
1997-09-08,2012-09-10,931.2000122070312,1429.0799560546875,1.5346648811436698,0.6588561923108582,90.44749575271203,-1425673.0586613999
1997-09-09,2012-09-10,933.6199951171875,1429.0799560546875,1.5306869642132184,0.6568093948532014,89.93279682321074,-1474465.9728396637
1997-09-10,2012-09-10,919.030029296875,1429.0799560546875,1.554987226204173,0.6540635361440338,90.97857364300322,-1375327.4363224139
1997-09-11,2012-09-11,912.5900268554688,1433.56005859375,1.5708697404171719,0.6422435285641612,90.51563882780056,-1444689.7559983684
1997-09-12,2012-09-12,923.9099731445312,1436.56005859375,1.5548701717164197,0.6419498779479345,89.27388296916553,-1535698.8801941276
1997-09-15,2012-09-17,919.77001953125,1461.18994140625,1.5886470643508561,0.6489029850478589,89.67571138988117,-1258156.067364192
1997-09-16,2012-09-17,945.6400146484375,1461.18994140625,1.5451862429377838,0.6526171259176,87.72167854124785,-1448640.7586729657
1997-09-17,2012-09-17,943.0,1461.18994140625,1.5495121329864794,0.6459194954828098,87.06447951499145,-1512706.3928471487
1997-09-18,2012-09-18,947.2899780273438,1459.3199462890625,1.5405208332595057,0.646132345803126,86.59198852491187,-1559174.7188983704
1997-09-19,2012-09-19,950.510009765625,1461.050048828125,1.5371222120936823,0.6411794007215572,86.04455739552488,-1642357.0822945382
1997-09-22,2012-09-24,955.4299926757812,1456.8900146484375,1.524852711152876,0.6368201566275368,85.60147129278243,-1765437.1288694688
1997-09-23,2012-09-24,951.9299926757812,1456.8900146484375,1.5304591995817503,0.6470334118546872,87.29412087207483,-1602610.145069121
1997-09-24,2012-09-24,944.47998046875,1456.8900146484375,1.5425313874047133,0.6429727447909537,87.43052886511168,-1589488.1720723617
1997-09-25,2012-09-25,937.9099731445312,1441.5899658203125,1.5370238158222085,0.6415318131133394,87.99937107975012,-1638298.7529234136
1997-09-26,2012-09-26,945.219970703125,1433.3199462890625,1.5163877094374683,0.6449036842793506,87.81165049532363,-1707204.3052089792
1997-09-29,2012-10-01,953.3400268554688,1444.489990234375,1.515188652047825,0.6477506490019507,87.06371637657702,-1677181.6104973457
1997-09-30,2012-10-01,947.280029296875,1444.489990234375,1.5248817092729776,0.6441683812074948,87.13611533846299,-1670260.6629839274
1997-10-01,2012-10-01,955.4099731445312,1444.489990234375,1.5119059156145709,0.6415207512316313,86.03954615513764,-1775086.720774373
1997-10-02,2012-10-02,960.4600219726562,1445.75,1.505268274498946,0.6405814685941063,85.27172505876113,-1823185.7630315982
1997-10-03,2012-10-03,965.030029296875,1450.989990234375,1.503569781441488,0.640645424329902,84.65989959531537,-1831596.746562624
1997-10-06,2012-10-08,972.6900024414062,1455.8800048828125,1.4967564190323968,0.6395915207259294,83.99319945889869,-1881988.1835396746
1997-10-07,2012-10-08,983.1199951171875,1455.8800048828125,1.4808772195801716,0.6461906902747356,83.95953932438948,-1885241.463227192
1997-10-08,2012-10-08,973.8400268554688,1455.8800048828125,1.4949888736693764,0.6462974068183094,84.77360884640355,-1806560.9743101797
1997-10-09,2012-10-09,970.6199951171875,1441.47998046875,1.4851125957844227,0.6517706889233158,85.84862088508474,-1791759.7498872532
1997-10-10,2012-10-10,966.97998046875,1432.56005859375,1.48147850785836,0.6428571338829681,85.15006990913108,-1923825.8470455664
1997-10-13,2012-10-15,968.0999755859375,1440.1300048828125,1.4875839698386328,0.6487361337556963,85.05155977078644,-1816380.4670090484
1997-10-14,2012-10-15,970.280029296875,1440.1300048828125,1.4842416224174169,0.6506648265558636,85.11275361814273,-1810492.4249099572
1997-10-15,2012-10-15,965.719970703125,1440.1300048828125,1.4912501020707662,0.657122606022971,86.36337361262504,-1690158.3799756062
1997-10-16,2012-10-16,955.25,1454.9200439453125,1.5230777743473567,0.653011329186413,86.72408112287734,-1565901.8848503823
1997-10-17,2012-10-17,944.1599731445312,1460.9100341796875,1.547311976501309,0.6543618420649655,87.66284977805951,-1413983.759166927
1997-10-20,2012-10-22,955.6099853515625,1433.8199462890625,1.500423779855722,0.6620592457028139,86.61248329440178,-1576227.18334884
1997-10-21,2012-10-22,972.280029296875,1433.8199462890625,1.474698546802365,0.662168839759856,85.14157687904819,-1719284.8697954584
1997-10-22,2012-10-22,968.489990234375,1433.8199462890625,1.4804695564711798,0.6568941452650041,84.79389196949529,-1753100.072621317
1997-10-23,2012-10-23,950.6900024414062,1413.1099853515625,1.4864045921621611,0.6538335394628051,86.16215370491982,-1758617.2311905394
1997-10-24,2012-10-24,941.6400146484375,1408.75,1.496060042144618,0.662281173085041,88.09431214719757,-1597910.8503981987
1997-10-27,2012-10-31,876.989990234375,1412.1600341796875,1.6102350652853958,0.6624636962975762,94.58845631586054,-954195.1227812157
1997-10-28,2012-10-31,921.8499755859375,1412.1600341796875,1.5318761963215368,0.6613116859691734,89.82901539278419,-1409356.0968754678
1997-10-29,2012-10-31,919.1599731445312,1412.1600341796875,1.5363593666383855,0.6659994843748529,90.73053672176404,-1323140.64995697
1997-10-30,2012-10-31,903.6799926757812,1412.1600341796875,1.5626771043124519,0.6637300599476886,91.9702804223529,-1204579.8863069182
1997-10-31,2012-10-31,914.6199951171875,1412.1600341796875,1.5439855259218904,0.6556650132136349,89.76602810013735,-1415379.7786355861
1997-11-03,2012-11-05,938.989990234375,1417.260009765625,1.5093451735431942,0.6581280923945962,87.43629329013832,-1576455.9406503062
1997-11-04,2012-11-05,940.760009765625,1417.260009765625,1.5065053733722293,0.6512308558533431,86.35716833024148,-1680417.994657692
1997-11-05,2012-11-05,942.760009765625,1417.260009765625,1.5033094266673055,0.6482814611638525,85.78368963628053,-1735666.4831731953
1997-11-06,2012-11-06,938.030029296875,1428.3900146484375,1.52275510382021,0.64593724009882,85.76540029695823,-1659036.1371640032
1997-11-07,2012-11-07,927.510009765625,1394.530029296875,1.5035201934362548,0.6411448654567657,86.43914464973936,-1825498.341918792
1997-11-10,2012-11-12,921.1300048828125,1380.030029296875,1.4981924614131361,0.6381624102500206,87.03784642039945,-1892355.8485964225
1997-11-11,2012-11-12,923.780029296875,1380.030029296875,1.493894634577963,0.6303294293807333,85.72290137633074,-2014844.018219403
1997-11-12,2012-11-12,905.9600219726562,1380.030029296875,1.5232791688666005,0.6327344804594714,87.74256270204435,-1826710.9702560268
1997-11-13,2012-11-13,916.6599731445312,1374.530029296875,1.4994982540599606,0.6339050662284406,87.02968249632697,-1939424.700381847
1997-11-14,2012-11-14,928.3499755859375,1355.489990234375,1.460106668693392,0.6358518884853845,85.40236222103907,-2127069.778883801
1997-11-17,2012-11-19,946.2000122070312,1386.8900146484375,1.4657471958951762,0.6449694778845847,83.79124905943841,-1983328.5130708455
1997-11-18,2012-11-19,938.22998046875,1386.8900146484375,1.478198355967619,0.6403998996761336,83.90433500423498,-1972509.0912410067
1997-11-19,2012-11-19,944.5900268554688,1386.8900146484375,1.4682454559311633,0.6453787901989793,83.98733164909515,-1964568.4429772561
1997-11-20,2012-11-20,958.97998046875,1387.81005859375,1.4471731285937666,0.6485403683703671,82.72050262796165,-2041094.3556101453
1997-11-21,2012-11-21,963.0900268554688,1391.030029296875,1.4443406021331662,0.6489625816087098,81.60362684453477,-2051500.9101153985
1997-11-24,2012-11-26,946.6699829101562,1406.2900390625,1.4855124430368296,0.6434533360043809,83.01904632869868,-1894324.6929843999
1997-11-25,2012-11-26,950.8200073242188,1406.2900390625,1.4790286576110836,0.6440100909892186,82.72821441738066,-1922720.454515181
1997-11-26,2012-11-26,951.6400146484375,1406.2900390625,1.477754211062702,0.6457879940601691,82.88511831407108,-1907400.9333062475
1997-11-28,2012-11-28,955.4000244140625,1409.9300537109375,1.475748396150224,0.6391504108464313,81.43484020828184,-2001450.3573783976
1997-12-01,2012-12-03,974.77001953125,1409.4599609375,1.4459410247509303,0.6390181593006671,79.81662008907679,-2164627.788645764
1997-12-02,2012-12-03,971.6799926757812,1409.4599609375,1.4505392429210922,0.6383228756016739,79.9833232349841,-2148263.011541325
1997-12-03,2012-12-03,976.77001953125,1409.4599609375,1.4429803666720822,0.6357043744185686,79.24012928888115,-2221220.262630671
1997-12-04,2012-12-04,973.0999755859375,1407.050048828125,1.4459460324011322,0.6283871260351395,78.92808472076723,-2294954.367963137
1997-12-05,2012-12-05,983.7899780273438,1409.280029296875,1.432500900367685,0.6355407658803566,78.36535839780635,-2279700.1399630583
1997-12-08,2012-12-10,982.3699951171875,1418.550048828125,1.4440079154279395,0.6348777597073174,78.47863289746152,-2225803.0322614787
1997-12-09,2012-12-10,975.780029296875,1418.550048828125,1.4537600752603024,0.637038723233527,79.27756664854499,-2146659.6002751915
1997-12-10,2012-12-10,969.7899780273438,1418.550048828125,1.4627394394336877,0.6356618798474333,79.59483388779239,-2115230.6887580594
1997-12-11,2012-12-11,954.9400024414062,1427.8399658203125,1.4952143194021477,0.6334049540702013,80.37966056084625,-1968794.1860449105
1997-12-12,2012-12-12,953.3900146484375,1428.47998046875,1.4983164901255044,0.6366488219385668,80.25162286112496,-1910915.8877655817
1997-12-15,2012-12-17,963.3900146484375,1430.3599853515625,1.4847153941838735,0.6419510469549259,79.41861004553738,-1917588.1773598483
1997-12-16,2012-12-17,968.0399780273438,1430.3599853515625,1.4775835893330842,0.6601337599151367,81.27578288841748,-1728584.1676778141
1997-12-17,2012-12-17,965.5399780273438,1430.3599853515625,1.4814093853201957,0.653297552463006,80.64236982462857,-1793046.4546965216
1997-12-18,2012-12-18,955.2999877929688,1446.7900390625,1.5144876557624811,0.6528983490253258,81.01474675176628,-1614920.9642355721
1997-12-19,2012-12-19,946.780029296875,1435.81005859375,1.5165191640766362,0.6487905805955981,81.35968941850703,-1656499.60094104
1997-12-22,2012-12-24,953.7000122070312,1426.6600341796875,1.495921165900106,0.6535201937403001,80.76934900417822,-1709827.4274495337
1997-12-23,2012-12-24,939.1300048828125,1426.6600341796875,1.5191294355010099,0.6541248907796559,82.0983290133384,-1573420.810864849
1997-12-24,2012-12-24,932.7000122070312,1426.6600341796875,1.5296022467114667,0.6528161892503034,82.49892555464217,-1532303.5491768387
1997-12-26,2012-12-26,936.4600219726562,1419.8299560546875,1.5161671857211916,0.6586299257601943,82.09819208803638,-1531930.6733609065
1997-12-29,2012-12-31,953.3499755859375,1426.18994140625,1.4959773199025896,0.6667178929616009,80.64370560184442,-1542091.7004605993
1997-12-30,2012-12-31,970.8400268554688,1426.18994140625,1.46902672114339,0.6642157080447573,78.89367616541183,-1725634.7108465564
1997-12-31,2012-12-31,970.4299926757812,1426.18994140625,1.4696474265740642,0.6646229618353676,78.97540388000797,-1717063.1117313327
1998-01-02,2013-01-02,975.0399780273438,1462.4200439453125,1.499856495016762,0.6508202651274216,76.48015855472786,-1722358.2252456946
1998-01-05,2013-01-07,977.0700073242188,1461.8900146484375,1.496197819695577,0.6506561847931438,76.3212580037623,-1744632.1043001525
1998-01-06,2013-01-07,966.5800170898438,1461.8900146484375,1.512435586088218,0.6619101312704915,78.4839506820912,-1510702.2114770883
1998-01-07,2013-01-07,964.0,1461.8900146484375,1.5164834176851012,0.6587617996408626,78.3196996784843,-1528468.5913492083
1998-01-08,2013-01-08,956.0499877929688,1457.1500244140625,1.5241358119546424,0.660492650500998,79.52937792079103,-1463349.341671221
1998-01-09,2013-01-09,927.6900024414062,1461.02001953125,1.57490111533624,0.671029432710876,82.07296512370021,-1038293.5830416689
1998-01-12,2013-01-14,939.2100219726562,1470.6800537109375,1.5658692084886572,0.6811329494354805,81.0662870228567,-955527.8467794782
1998-01-13,2013-01-14,952.1199951171875,1470.6800537109375,1.5446372949345795,0.6839449311715472,80.29722933737673,-1041330.7258305764
1998-01-14,2013-01-14,957.9400024414062,1470.6800537109375,1.5352527819725261,0.6891079497557795,80.41185140501571,-1028542.4739323128
1998-01-15,2013-01-15,950.72998046875,1472.3399658203125,1.548641566025284,0.6862820520686679,81.33492868768171,-987414.347506342
1998-01-16,2013-01-16,961.510009765625,1472.6300048828125,1.5315805243065297,0.6904261168858709,81.01821406152395,-1032881.7140745395
1998-01-20,2013-01-22,978.5999755859375,1492.56005859375,1.5251993621807303,0.6984536436182507,80.62074951883112,-966416.6810806016
1998-01-21,2013-01-22,970.8099975585938,1492.56005859375,1.5374378738859926,0.6958185726070624,80.96106663983437,-928284.0280627902
1998-01-22,2013-01-22,963.0399780273438,1492.56005859375,1.549842262676422,0.7042879990288757,82.60767836798097,-743780.605198334
1998-01-23,2013-01-23,957.5900268554688,1494.81005859375,1.5610125593124677,0.7086400146484375,83.54305888366837,-619458.2346285037
1998-01-26,2013-01-28,956.9500122070312,1500.1800537109375,1.5676681483613182,0.7236799926757812,83.59893304718659,-379524.1714270017
1998-01-27,2013-01-28,969.02001953125,1500.1800537109375,1.5481414454539637,0.7243173955205454,82.63034899589812,-490987.7884100396
1998-01-28,2013-01-28,977.4600219726562,1500.1800537109375,1.5347738219342786,0.7185067354099951,81.2597086381764,-648719.6152466978
1998-01-29,2013-01-29,985.489990234375,1507.8399658203125,1.530040873841559,0.7148818969726562,79.89950000566571,-724588.5305775399
1998-01-30,2013-01-30,980.280029296875,1501.9599609375,1.5321743951213718,0.7239977954132848,81.14195521461721,-593213.3015044043
1998-02-02,2013-02-04,1001.27001953125,1495.7099609375,1.49381278951878,0.73300190091594,79.44094668112467,-714674.6304832217
1998-02-03,2013-02-04,1006.0,1495.7099609375,1.486789225583996,0.74509217052511,80.37158658113876,-605898.304992395
1998-02-04,2013-02-04,1006.9000244140625,1495.7099609375,1.4854602489536008,0.7459969302078076,80.39725325635017,-602898.2975598522
1998-02-05,2013-02-05,1003.5399780273438,1511.2900390625,1.5059589773725202,0.7542926029254806,80.32829380880982,-367282.08033766225
1998-02-06,2013-02-06,1012.4600219726562,1512.1199951171875,1.4935108175145564,0.7582163029563578,80.15039297495552,-397211.9559193007
1998-02-09,2013-02-11,1010.739990234375,1517.010009765625,1.5008904608729825,0.764351207710895,80.2867892995144,-271680.93924297765
1998-02-10,2013-02-11,1019.010009765625,1517.010009765625,1.4887096252514156,0.7620631315121836,79.39681562572004,-379518.70346152876
1998-02-11,2013-02-11,1020.010009765625,1517.010009765625,1.4872501203338184,0.7565542320649786,78.74558521148066,-458428.0396931125
1998-02-12,2013-02-12,1024.1400146484375,1519.4300537109375,1.4836155525399728,0.7456645277168111,78.03316641201633,-618749.9222726659
1998-02-13,2013-02-13,1020.0900268554688,1520.3299560546875,1.4903880206938787,0.7367938447416702,77.45165804378014,-688038.0550447274
1998-02-17,2013-02-19,1022.760009765625,1530.93994140625,1.4968711396499352,0.741536742473799,77.3717226638839,-587327.6341840047
1998-02-18,2013-02-19,1032.0799560546875,1530.93994140625,1.4833540099534004,0.7433013437768148,76.8554915370559,-650129.834969643
1998-02-19,2013-02-19,1028.280029296875,1530.93994140625,1.4888356262769078,0.732494332522207,76.01795772904605,-752020.1775737223
1998-02-20,2013-02-20,1034.2099609375,1511.949951171875,1.4619371387617548,0.7322336094174795,75.5939035652116,-922333.7733727894
1998-02-23,2013-02-25,1038.1400146484375,1487.8499755859375,1.433188158236818,0.7223594756349677,75.30773012324933,-1220850.6459327624
1998-02-24,2013-02-25,1030.56005859375,1487.8499755859375,1.443729516954288,0.720163686485292,75.63103205613022,-1183161.0760761923
1998-02-25,2013-02-25,1042.9000244140625,1487.8499755859375,1.4266467933221723,0.7249098057233867,75.22867477097252,-1230066.6818395774
1998-02-26,2013-02-26,1048.6700439453125,1496.93994140625,1.4274651498334536,0.7307417562896049,75.65162780798872,-1154440.8474448621
1998-02-27,2013-02-27,1049.3399658203125,1515.989990234375,1.444708139987085,0.7316344223563992,75.53741056907378,-1036655.2175886319
1998-03-02,2013-03-04,1047.699951171875,1525.199951171875,1.4557602579497173,0.7403376527058104,75.6556528766159,-860644.9583258182
1998-03-03,2013-03-04,1052.02001953125,1525.199951171875,1.449782250200391,0.7383478338068182,75.1424706104286,-922638.4082987588
1998-03-04,2013-03-04,1047.3299560546875,1525.199951171875,1.4562745411363323,0.7318107262128081,74.81069933481348,-962717.0457195579
1998-03-05,2013-03-05,1035.050048828125,1539.7900390625,1.4876479072735056,0.7297895652707436,75.57982024428591,-793519.0824274649
1998-03-06,2013-03-06,1055.68994140625,1541.4599609375,1.460144594050192,0.7378397462797862,74.41066782923718,-864048.9614868565
1998-03-09,2013-03-11,1052.31005859375,1556.219970703125,1.4788606817868613,0.7589866534144146,74.64966520002994,-481746.7926423722
1998-03-10,2013-03-11,1064.25,1556.219970703125,1.4622691761363635,0.7476515243380822,72.70981023528385,-729089.2380575938
1998-03-11,2013-03-11,1068.469970703125,1556.219970703125,1.4564938775762015,0.7498564122556314,72.63622005768784,-738472.4006217737
1998-03-12,2013-03-12,1069.9200439453125,1552.47998046875,1.4510242978008017,0.7501761307173942,73.17382420903874,-769318.2328064223
1998-03-13,2013-03-13,1068.6099853515625,1554.52001953125,1.4547122344358665,0.7457284928508494,72.67747367629879,-800723.3292431748
1998-03-16,2013-03-18,1079.27001953125,1552.0999755859375,1.4381016311933206,0.7404706926596997,71.95963259903142,-969884.4990188177
1998-03-17,2013-03-18,1080.449951171875,1552.0999755859375,1.4365311173391258,0.733407710148738,71.1954096898656,-1065785.782683184
1998-03-18,2013-03-18,1085.52001953125,1552.0999755859375,1.4298216040789062,0.7292007825570627,70.4564026346377,-1158522.7634558962
1998-03-19,2013-03-19,1089.739990234375,1548.3399658203125,1.4208343088219644,0.729358484574714,70.41513492332152,-1212196.705496015
1998-03-20,2013-03-20,1099.1600341796875,1558.7099609375,1.418091917889626,0.7366986704879439,69.84918435385288,-1140889.4690293986
1998-03-23,2013-03-25,1095.550048828125,1551.68994140625,1.4163569643085163,0.721404970721869,70.07934684857935,-1335416.226953419
1998-03-24,2013-03-25,1105.6500244140625,1551.68994140625,1.40341871943481,0.728395328965298,70.11204100143942,-1331373.9343367824
1998-03-25,2013-03-25,1101.9300537109375,1551.68994140625,1.408156476158055,0.7321982084923905,70.71601373467934,-1256698.9754633708
1998-03-26,2013-03-26,1100.800048828125,1563.77001953125,1.4205758994978128,0.726285494395879,69.71835540956239,-1250813.682693936
1998-03-27,2013-03-27,1095.43994140625,1562.8499755859375,1.4266870473790274,0.708876360231273,68.61144078119683,-1423796.7630779552
1998-03-30,2013-04-01,1093.5999755859375,1562.1700439453125,1.4284656902157673,0.7003382049448568,68.72687851778983,-1516530.8548024967
1998-03-31,2013-04-01,1101.75,1562.1700439453125,1.4178988372546517,0.6973507237704581,67.9274778112374,-1615206.8222688665
1998-04-01,2013-04-01,1108.1500244140625,1562.1700439453125,1.4097098854203558,0.69766398628674,67.56550656611071,-1659887.621916797
1998-04-02,2013-04-02,1120.010009765625,1570.25,1.4019963985220032,0.6906495381727108,66.0489134176843,-1788916.3594514644
1998-04-03,2013-04-03,1122.699951171875,1553.68994140625,1.3838870659827742,0.696006258549912,66.7398388818511,-1832114.379253575
1998-04-06,2013-04-08,1121.3800048828125,1563.0699462890625,1.3938807001043396,0.7438932547946677,66.81839655389906,-1207101.1372491787
1998-04-07,2013-04-08,1109.550048828125,1563.0699462890625,1.4087421725049107,0.7536628102884065,68.4176929090721,-996643.3617283455
1998-04-08,2013-04-08,1101.6500244140625,1563.0699462890625,1.4188443803833406,0.7567073253703077,69.1866856795592,-895448.5410530935
1998-04-09,2013-04-09,1110.6700439453125,1568.6099853515625,1.4123096178767545,0.7693204844090333,70.00135596803017,-786321.2598231155
1998-04-13,2013-04-15,1109.68994140625,1552.3599853515625,1.398913270660398,0.7488202974584385,69.71088357246103,-1116906.1556660417
1998-04-14,2013-04-15,1115.75,1552.3599853515625,1.3913152456657518,0.7450166128563261,68.98007949370837,-1210030.7996340673
1998-04-15,2013-04-15,1119.3199462890625,1552.3599853515625,1.386877800666538,0.7362896642045084,67.95463593183558,-1340700.659566563
1998-04-16,2013-04-16,1108.1700439453125,1574.5699462890625,1.420873948805971,0.740535637799104,68.46131580407689,-1077277.8906733533
1998-04-17,2013-04-17,1122.719970703125,1552.010009765625,1.3823660843884775,0.7470014670437237,67.87274868763694,-1243301.8991083074
1998-04-20,2013-04-22,1123.6500244140625,1562.5,1.3905575277451534,0.7556199564921597,67.81656989493734,-1089784.0021478697
1998-04-21,2013-04-22,1126.6700439453125,1562.5,1.3868301623858938,0.7608378905008332,68.10184082384353,-1052303.1092274538
1998-04-22,2013-04-22,1130.5400390625,1562.5,1.3820828506840879,0.7617146200727752,67.94692534979495,-1072656.9893679693
1998-04-23,2013-04-23,1119.5799560546875,1578.780029296875,1.4101538891964205,0.7600808480787062,68.10981615885086,-910873.4250942781
1998-04-24,2013-04-24,1107.9000244140625,1578.7900390625,1.4250293386332202,0.7528965987980858,68.35354016862865,-901810.1857671733
1998-04-27,2013-04-29,1086.5400390625,1593.6099853515625,1.4666831668040305,0.7411131855462929,69.69728321006238,-782424.5762120355
1998-04-28,2013-04-29,1085.1099853515625,1593.6099853515625,1.4686160913312876,0.7392657108580608,69.61516346991134,-793285.0411220174
1998-04-29,2013-04-29,1094.6199951171875,1593.6099853515625,1.4558568201387134,0.7369832318781043,68.79728093875275,-901451.2933994746
1998-04-30,2013-04-30,1111.75,1597.5699462890625,1.436986684316674,0.7290982274368141,67.42244004952138,-1115466.3116101814
1998-05-01,2013-05-01,1121.0,1582.699951171875,1.4118643632220116,0.7389273947448242,67.86311759871194,-1153110.6320990133
1998-05-04,2013-05-06,1122.0699462890625,1617.5,1.4415322372276667,0.7557550709501786,67.79840693510394,-761503.8710692567
1998-05-05,2013-05-06,1115.5,1617.5,1.4500224114746751,0.7471720574127976,67.42320560576864,-812630.382521831
1998-05-06,2013-05-06,1104.9200439453125,1617.5,1.4639068309634695,0.7450986305085366,67.87991079340816,-750397.8124835887
1998-05-07,2013-05-07,1095.1400146484375,1625.9599609375,1.4847050963245705,0.7434592843804829,68.72837920478938,-639625.1541176587
1998-05-08,2013-05-08,1108.1400146484375,1632.68994140625,1.4733606943380961,0.7385568773962954,67.40461664632775,-772397.4871191285
1998-05-11,2013-05-13,1106.6400146484375,1633.77001953125,1.4763337651858484,0.759388976015391,67.49598052584697,-492973.74901189003
1998-05-12,2013-05-13,1115.7900390625,1633.77001953125,1.4642271057590395,0.7592188562209845,66.9274838668384,-573048.3344714469
1998-05-13,2013-05-13,1118.8599853515625,1633.77001953125,1.460209535528161,0.7609235787176382,66.89371135904901,-577805.3009695131
1998-05-14,2013-05-14,1117.3699951171875,1650.3399658203125,1.4769861129546693,0.7593046476564139,66.48530551289325,-489829.0776328859
1998-05-15,2013-05-15,1108.72998046875,1658.780029296875,1.4961082125654925,0.7499120180196048,66.14350644850666,-485867.9952613283
1998-05-18,2013-05-20,1105.8199462890625,1666.2900390625,1.5068366641913782,0.7492373123270224,66.31756721235475,-426264.41969409445
1998-05-19,2013-05-20,1109.52001953125,1666.2900390625,1.5018116029726747,0.7524931660249928,66.38363438022881,-416726.8322590701
1998-05-20,2013-05-20,1119.06005859375,1666.2900390625,1.4890085891872669,0.7570655996783386,66.21764416289747,-440689.50936631486
1998-05-21,2013-05-21,1114.6400146484375,1669.1600341796875,1.4974879891658548,0.7549152811097424,66.11279719402145,-413558.71777935605
1998-05-22,2013-05-22,1110.469970703125,1655.3499755859375,1.4906751368862379,0.7485743389085167,65.3355301170772,-537327.8045656239
1998-05-26,2013-05-28,1094.02001953125,1660.06005859375,1.5173945896392542,0.7444121695998609,66.41913153180334,-421271.85176644055
1998-05-27,2013-05-28,1092.22998046875,1660.06005859375,1.5198814244975272,0.7385624265510617,66.00519432511702,-480968.38621132355
1998-05-28,2013-05-28,1097.5999755859375,1660.06005859375,1.5124454223020107,0.7383495433910473,65.66333243001164,-530270.4785743719
1998-05-29,2013-05-29,1090.8199462890625,1648.3599853515625,1.5111201357833939,0.7280046452237853,66.13343033639666,-671130.983664012
1998-06-01,2013-06-03,1090.97998046875,1640.4200439453125,1.5036206651935908,0.7195065825683024,66.1237293249544,-825785.0858394462
1998-06-02,2013-06-03,1093.219970703125,1640.4200439453125,1.500539770500392,0.7204941431731493,66.07881519313364,-832016.6142516085
1998-06-03,2013-06-03,1082.72998046875,1640.4200439453125,1.5150776957659562,0.7199740117034351,66.67085231938147,-749875.5146976565
1998-06-04,2013-06-04,1094.8299560546875,1631.3800048828125,1.4900761491415786,0.7173524150268337,65.35841500352934,-935645.5391181489
1998-06-05,2013-06-05,1113.8599853515625,1608.9000244140625,1.4444365051018981,0.7037837779761638,63.853404541070645,-1379478.084450094
1998-06-08,2013-06-10,1115.719970703125,1642.81005859375,1.4724214872289627,0.703051171638362,63.746956328067036,-1221608.713229354
1998-06-09,2013-06-10,1118.4100341796875,1642.81005859375,1.4688799352544173,0.6978397690272745,63.12223751032079,-1307636.7613476408
1998-06-10,2013-06-10,1112.280029296875,1642.81005859375,1.4769752358425856,0.6866898306290278,62.45600488824703,-1399381.5438667643
1998-06-11,2013-06-11,1094.5799560546875,1626.1300048828125,1.4856201192867153,0.6666805511244082,63.3779052034523,-1601119.3417533524
1998-06-12,2013-06-12,1098.8399658203125,1612.52001953125,1.4674748550190035,0.6701292696097566,63.573221510489475,-1660786.2085564607
1998-06-15,2013-06-17,1077.010009765625,1639.0400390625,1.521842902295014,0.6614041518831041,64.8617895082288,-1464428.7445019148
1998-06-16,2013-06-17,1087.5899658203125,1639.0400390625,1.5070385812416516,0.6918523645045237,67.187732860009,-1158343.2145482064
1998-06-17,2013-06-17,1107.1099853515625,1639.0400390625,1.4804672171229882,0.6891832649586775,65.74847812677135,-1347743.8065378
1998-06-18,2013-06-18,1106.3699951171875,1651.81005859375,1.4929996889682362,0.6967466689224461,65.93163505107005,-1178743.0912774499
1998-06-19,2013-06-19,1100.6500244140625,1628.9300537109375,1.479970942242161,0.6943924665683346,65.31660504903866,-1285267.8926801886
1998-06-22,2013-06-24,1103.2099609375,1573.0899658203125,1.425920741762984,0.7011573971995352,65.16504154909538,-1521739.4523055512
1998-06-23,2013-06-24,1119.489990234375,1573.0899658203125,1.4051844853842528,0.6897524925027976,63.17283898889033,-1780933.8296539797
1998-06-24,2013-06-24,1132.8800048828125,1573.0899658203125,1.3885759824872506,0.6853899939447379,62.03134229451166,-1929447.6057402422
1998-06-25,2013-06-25,1129.280029296875,1588.030029296875,1.4062322790615824,0.6892346023917295,62.18539271858317,-1780980.9402144714
1998-06-26,2013-06-26,1133.199951171875,1603.260009765625,1.4148076940063818,0.7066858860122737,63.78436998278373,-1521487.1479805228
1998-06-29,2013-07-01,1138.489990234375,1614.9599609375,1.418510461040625,0.7203252134741444,63.48799336842596,-1335230.5463659288
1998-06-30,2013-07-01,1133.8399658203125,1614.9599609375,1.4243279559907787,0.7224139172547762,63.93321492394976,-1274467.2125491663
1998-07-01,2013-07-01,1148.56005859375,1614.9599609375,1.4060735865347702,0.7096054966407631,61.9948283861682,-1539016.0125787798
1998-07-02,2013-07-02,1146.4200439453125,1614.0799560546875,1.407930683504068,0.722514725519641,62.56495790029694,-1373714.4766145637
1998-07-06,2013-07-08,1157.3299560546875,1640.4599609375,1.4174522592759908,0.7277909586751887,62.35532765561503,-1251956.2002074192
1998-07-07,2013-07-08,1154.6600341796875,1640.4599609375,1.4207298359494553,0.7221625698664634,62.016170487032596,-1299537.7281589527
1998-07-08,2013-07-08,1166.3800048828125,1640.4599609375,1.4064541179290182,0.7155019557123787,60.82678510994232,-1466400.7014574595
1998-07-09,2013-07-09,1158.56005859375,1652.3199462890625,1.426184110208869,0.7156207676698065,61.064051594659205,-1345252.9131734408
1998-07-10,2013-07-10,1164.3299560546875,1652.6199951171875,1.4193742817689434,0.7028312768827063,61.25110983102285,-1540516.1827204078
1998-07-13,2013-07-15,1165.18994140625,1682.5,1.4439705838598438,0.712779904973721,61.20590256021681,-1272102.3321489925
1998-07-14,2013-07-15,1177.5799560546875,1682.5,1.428777715983698,0.710701810959853,60.385352154959925,-1389111.9614302502
1998-07-15,2013-07-15,1174.81005859375,1682.5,1.432146403320683,0.7130850209340216,60.73069393422893,-1339866.5850234898
1998-07-16,2013-07-16,1183.989990234375,1676.260009765625,1.415772112595144,0.711283272773203,60.584012110676184,-1460512.6155794542
1998-07-17,2013-07-17,1186.75,1680.9100341796875,1.4163977536799557,0.7107402852268327,60.09395577657946,-1463260.7995852386
1998-07-20,2013-07-22,1184.0999755859375,1695.530029296875,1.431914588510875,0.7083440067956129,60.22844648955049,-1398836.7677137763
1998-07-21,2013-07-22,1165.0699462890625,1695.530029296875,1.455303207071313,0.7040260576158802,60.839066800037486,-1311634.7017538124
1998-07-22,2013-07-22,1164.0799560546875,1695.530029296875,1.456540867728179,0.7046754143175402,60.94696978890965,-1296225.1855760715
1998-07-23,2013-07-23,1139.75,1692.3900146484375,1.4848782756292498,0.702364810643883,61.935999495382646,-1155985.4093996254
1998-07-24,2013-07-24,1140.800048828125,1685.93994140625,1.4778575291420388,0.7126782948132349,62.19069326515197,-1068550.3769872002
1998-07-27,2013-07-29,1147.27001953125,1685.3299560546875,1.468991542848193,0.6955870974837991,61.839972025528745,-1335037.9413671684
1998-07-28,2013-07-29,1130.239990234375,1685.3299560546875,1.4911257525980874,0.6897151141559276,62.24184893096527,-1278727.305644197
1998-07-29,2013-07-29,1125.2099609375,1685.3299560546875,1.4977915363018186,0.6823230398896958,61.85002503184616,-1333629.3230340355
1998-07-30,2013-07-30,1142.949951171875,1685.9599609375,1.4750951773600172,0.6771398883615339,60.44414158230457,-1529787.7540527112
1998-07-31,2013-07-31,1120.6700439453125,1685.72998046875,1.5042161513786405,0.6759223191250053,61.65008107156653,-1378101.8745964053
1998-08-03,2013-08-05,1112.43994140625,1707.1400146484375,1.5345907236038463,0.6786790004850469,62.106183437074115,-1168126.6531517738
1998-08-04,2013-08-05,1072.1199951171875,1707.1400146484375,1.5923031213141767,0.6830204231380183,64.85407922475503,-777359.3217197126
1998-08-05,2013-08-05,1081.4300537109375,1707.1400146484375,1.5785949436030284,0.6792891352167595,63.944506102225,-906706.0980519229
1998-08-06,2013-08-06,1089.6300048828125,1697.3699951171875,1.557748949194673,0.6655358333144612,62.76880334800462,-1208463.9224254154
1998-08-07,2013-08-07,1089.449951171875,1690.9100341796875,1.5520768369036573,0.6559570635382107,62.34848416577492,-1366547.9185579424
1998-08-10,2013-08-12,1083.1400146484375,1689.469970703125,1.559789083456111,0.6602363547227932,62.711701267994414,-1267046.1910934607
1998-08-11,2013-08-12,1068.97998046875,1689.469970703125,1.5804505243983042,0.6653432773276887,64.03389947181087,-1082922.7243929766
1998-08-12,2013-08-12,1084.219970703125,1689.469970703125,1.5582354285611348,0.6721062109667459,63.77555621804657,-1118898.4618765605
1998-08-13,2013-08-13,1074.9100341796875,1694.1600341796875,1.5760947244971788,0.6703981792422528,63.5414515227127,-1039938.43493438
1998-08-14,2013-08-14,1062.75,1685.3900146484375,1.585876278191896,0.6756870037100708,64.97410729229242,-913205.1991492584
1998-08-17,2013-08-19,1083.6700439453125,1646.06005859375,1.518967943970239,0.6737950382913191,63.719794517424575,-1320948.4175283476
1998-08-18,2013-08-19,1101.199951171875,1646.06005859375,1.4947876240296285,0.6782914080799032,63.12389063542457,-1402114.4126361762
1998-08-19,2013-08-19,1098.06005859375,1646.06005859375,1.4990619554105318,0.6821798585041671,63.66729877444819,-1328098.6800896572
1998-08-20,2013-08-20,1091.5999755859375,1652.3499755859375,1.5136955043435272,0.672913333433926,63.348765312613835,-1362391.6728827544
1998-08-21,2013-08-21,1081.239990234375,1642.800048828125,1.5193667119841021,0.678105891802876,64.11980158878156,-1263127.9171366552
1998-08-24,2013-08-26,1088.1400146484375,1656.780029296875,1.5225798215243072,0.6812118655910617,63.71321035012521,-1204548.7425936656
1998-08-25,2013-08-26,1092.8499755859375,1656.780029296875,1.516017812425336,0.6817317692783936,63.48703599706259,-1235771.5531710288
1998-08-26,2013-08-26,1084.18994140625,1656.780029296875,1.528127098419624,0.6922015170644218,64.97693756137686,-1030094.3236726751
1998-08-27,2013-08-27,1042.5899658203125,1630.47998046875,1.5638746141066917,0.6834932424206839,67.66012120625066,-935747.2433656873
1998-08-28,2013-08-28,1027.1400146484375,1634.9599609375,1.5917595825502941,0.7128227022279167,71.01218525284364,-378232.72842782177
1998-08-31,2013-09-03,957.280029296875,1639.77001953125,1.712947068096329,0.7261414764586166,76.19448308599691,547779.4232824189
1998-09-01,2013-09-03,994.260009765625,1639.77001953125,1.6492366216336005,0.7201012720035601,72.75031666779952,70995.45934082102
1998-09-02,2013-09-03,990.47998046875,1639.77001953125,1.655530704169528,0.7431621070842079,75.36663711574872,433178.7811233825
1998-09-03,2013-09-03,982.260009765625,1639.77001953125,1.669384891198525,0.7459463198434563,76.282056796501,559902.4556105342
1998-09-04,2013-09-04,973.8900146484375,1653.0799560546875,1.697399019591991,0.7587339848888769,78.12005286269604,921174.2512511555
1998-09-08,2013-09-09,1023.4600219726562,1671.7099609375,1.6333905819939911,0.7343078021287921,71.94975794651039,171009.081430309
1998-09-09,2013-09-09,1006.2000122070312,1671.7099609375,1.661409203594341,0.7427858604843168,74.02891553694366,464924.32642311463
1998-09-10,2013-09-10,980.1900024414062,1683.989990234375,1.718024042318306,0.7660606589008591,77.93219282690741,1160618.1412626528
1998-09-11,2013-09-11,1009.0599975585938,1689.1300048828125,1.673963896071233,0.7438342659790643,73.84109227491537,558886.4661134109
1998-09-14,2013-09-16,1029.719970703125,1697.5999755859375,1.6486035270606272,0.7381714830403019,72.35956814528146,319753.8971741181
1998-09-15,2013-09-16,1037.6800537109375,1697.5999755859375,1.635957026941978,0.7371280073950635,71.70299266871793,226114.62448731204
1998-09-16,2013-09-16,1045.47998046875,1697.5999755859375,1.6237517765044185,0.7517262671053535,72.57747303050257,350830.9868543516
1998-09-17,2013-09-17,1018.8699951171875,1704.760009765625,1.6731869796298677,0.747289882496391,73.99016449566986,603016.3478897666
1998-09-18,2013-09-18,1020.0900268554688,1725.52001953125,1.6915369958574549,0.7250646090601273,72.37398712316548,400496.21799084125
1998-09-21,2013-09-23,1023.8900146484375,1701.8399658203125,1.6621316171392253,0.7289774831187321,72.10538379305981,274847.3139733891
1998-09-22,2013-09-23,1029.6300048828125,1701.8399658203125,1.6528655514599224,0.7284934539971804,71.65580018629079,210782.70920442138
1998-09-23,2013-09-23,1066.0899658203125,1701.8399658203125,1.596338039361262,0.7317868763324442,69.51806055611743,-93840.15169178927
1998-09-24,2013-09-24,1042.719970703125,1697.4200439453125,1.627877178568577,0.7253195474458789,70.44441456426259,12600.054113956634
1998-09-25,2013-09-25,1044.75,1692.77001953125,1.6202632395608998,0.7336587829020131,71.33985237946129,80348.62156919995
1998-09-28,2013-09-30,1048.68994140625,1681.550048828125,1.6034768547252733,0.7333979493833991,71.07182764955047,-27633.317059090827
1998-09-29,2013-09-30,1049.02001953125,1681.550048828125,1.6029723146556518,0.7219899212944703,69.94428798045689,-185842.82709459262
1998-09-30,2013-09-30,1017.010009765625,1681.550048828125,1.6534252688581172,0.7258778643998353,72.5342659345859,177567.13031728705
1998-10-01,2013-10-01,986.3900146484375,1695.0,1.718387224960018,0.7221681275418654,74.76384418919909,523378.82975770254
1998-10-02,2013-10-02,1002.5999755859375,1693.8699951171875,1.6894773951368385,0.7465091743559618,76.52346131509215,695063.9828548967
1998-10-05,2013-10-07,988.5599975585938,1676.1199951171875,1.6955167104238817,0.7464324355458383,77.61028226485094,732191.901844704
1998-10-06,2013-10-07,984.5900268554688,1676.1199951171875,1.7023532124028216,0.7997533883699179,83.48961317837376,1545204.118486924
1998-10-07,2013-10-07,970.6799926757812,1676.1199951171875,1.726748266951281,0.8124425963718358,86.029698272812,1896455.0079953196
1998-10-08,2013-10-08,959.4400024414062,1655.449951171875,1.725433530975768,0.8309836246408571,89.38124106945152,2158683.441807546
1998-10-09,2013-10-09,984.3900146484375,1656.4000244140625,1.68266642262277,0.8210140109556637,85.5603042449599,1715058.1700977175
1998-10-12,2013-10-14,997.7100219726562,1710.1400146484375,1.7140651862624132,0.8308767686067613,84.41802457039883,2077020.4778531524
1998-10-13,2013-10-14,994.7999877929688,1710.1400146484375,1.7190792477214432,0.8315070973819164,84.72919747550785,2121537.5293510915
1998-10-14,2013-10-14,1005.530029296875,1710.1400146484375,1.7007349008206814,0.8537429590693394,86.06666875609602,2312878.9890263733
1998-10-15,2013-10-15,1047.489990234375,1698.06005859375,1.6210752125791774,0.8551939238690662,82.84847980251992,1756109.5379873244
1998-10-16,2013-10-16,1056.4200439453125,1721.5400390625,1.6295980457103278,0.8539616944604643,81.70146441136971,1800889.3352680658
1998-10-19,2013-10-21,1062.3900146484375,1744.6600341796875,1.6422029670120954,0.8475228700746912,81.24235302834367,1802502.7692648014
1998-10-20,2013-10-21,1063.9300537109375,1744.6600341796875,1.6398258777392332,0.8378327884044657,80.19722161814366,1650671.047221648
1998-10-21,2013-10-21,1069.9200439453125,1744.6600341796875,1.6306452468600199,0.8361917737286481,79.59203600077174,1562752.5581737077
1998-10-22,2013-10-22,1078.47998046875,1754.6700439453125,1.6269843443757421,0.8314947129820015,78.56557877934179,1471988.9062407431
1998-10-23,2013-10-23,1070.6700439453125,1746.3800048828125,1.6311094297992834,0.8237084715826495,78.97138663108659,1393377.3978260448
1998-10-26,2013-10-28,1072.3199462890625,1762.1099853515625,1.6432688690065222,0.8253995562475144,78.84987898186051,1501876.7919179117
1998-10-27,2013-10-28,1065.3399658203125,1762.1099853515625,1.6540353707604845,0.8290446093127986,79.71698494934299,1628362.033649411
1998-10-28,2013-10-28,1068.0899658203125,1762.1099853515625,1.6497767432898127,0.8350012803756395,80.08302892125002,1681757.0764784254
1998-10-29,2013-10-29,1085.9300537109375,1771.949951171875,1.6317348848727493,0.8481817663594238,79.54302932286818,1736385.9479564736
1998-10-30,2013-10-30,1098.6700439453125,1763.31005859375,1.604949610040993,0.8554668039847237,79.04397436271222,1642879.8421263578
1998-11-02,2013-11-04,1111.5999755859375,1767.9300537109375,1.5904372908779894,0.856508880542235,78.12454902305758,1551656.6671798667
1998-11-03,2013-11-04,1110.8399658203125,1767.9300537109375,1.5915254295027002,0.8435425970401969,76.99450011911175,1384565.3096137256
1998-11-04,2013-11-04,1118.6700439453125,1767.9300537109375,1.5803856224448654,0.8351143113941617,75.69167211792,1191926.4789983514
1998-11-05,2013-11-05,1133.8499755859375,1762.969970703125,1.5548529423322326,0.827709153490594,74.14467565813982,913471.7876974554
1998-11-06,2013-11-06,1141.010009765625,1770.489990234375,1.5516866417307342,0.8082752893012575,71.80798678953343,635530.939238355
1998-11-09,2013-11-11,1130.199951171875,1771.8900146484375,1.5677668476371909,0.8122736420271923,72.49481087220059,798904.2272842904
1998-11-10,2013-11-11,1128.260009765625,1771.8900146484375,1.570462481442123,0.815480799022343,72.90618767043577,860183.3532247688
1998-11-11,2013-11-11,1120.969970703125,1771.8900146484375,1.5806757192050602,0.8135401279479383,73.20569118473676,904797.7156564915
1998-11-12,2013-11-12,1117.68994140625,1767.68994140625,1.5815566338390645,0.8108831746230871,72.82885834036327,875240.9915139317
1998-11-13,2013-11-13,1125.719970703125,1782.0,1.5829869295886811,0.820593824449852,73.46955256547969,1015429.2521729819
1998-11-16,2013-11-18,1135.8699951171875,1791.530029296875,1.5772315819576193,0.8259283428811712,72.8130357497917,1046728.6626853677
1998-11-17,2013-11-18,1139.3199462890625,1791.530029296875,1.5724555996163847,0.8175439845675745,71.85563349017461,901477.7076314576
1998-11-18,2013-11-18,1144.47998046875,1791.530029296875,1.565365982691204,0.8332332101277874,72.90440449593162,1060590.5451967083
1998-11-19,2013-11-19,1152.6099853515625,1787.8699951171875,1.551149146579588,0.8327597440937516,72.11937991359947,953909.1227061627
1998-11-20,2013-11-20,1163.550048828125,1781.3699951171875,1.5309784026147417,0.8261088063589273,70.85232718745732,725120.2015206637
1998-11-23,2013-11-25,1188.2099609375,1802.47998046875,1.516970939249314,0.8355317058885464,69.38186976105364,748207.6452287161
1998-11-24,2013-11-25,1182.989990234375,1802.47998046875,1.5236646086173908,0.8323068183306218,69.41904520189647,753966.633259132
1998-11-25,2013-11-25,1186.8699951171875,1802.47998046875,1.5186835861418666,0.8280228530282556,68.835968322437,663639.9903602661
1998-11-27,2013-11-27,1192.3299560546875,1807.22998046875,1.5157129713059556,0.8390247852612273,68.84698889656377,784191.9622695567
1998-11-30,2013-12-02,1163.6300048828125,1800.9000244140625,1.5476569157353661,0.8449597678138878,70.54504172381188,1089362.3829266527
1998-12-01,2013-12-02,1175.280029296875,1800.9000244140625,1.532315686068002,0.8574177096259505,70.87555423280797,1141317.4586454723
1998-12-02,2013-12-02,1171.25,1800.9000244140625,1.5375880678028282,0.8737945330273112,72.47781538042608,1393185.6844462906
1998-12-03,2013-12-03,1150.1400146484375,1795.1500244140625,1.5608099896974585,0.862484195702877,73.26699018333126,1415555.084206256
1998-12-04,2013-12-04,1176.739990234375,1792.81005859375,1.5235396718663996,0.8601763687825563,71.38222426148278,1113148.7360059158
1998-12-07,2013-12-09,1187.699951171875,1808.3699951171875,1.5225815184490934,0.8674170196823634,70.7235171622985,1199647.28267163
1998-12-08,2013-12-09,1181.3800048828125,1808.3699951171875,1.5307267666990603,0.8740245239667918,71.64347658889218,1345330.3808209174
1998-12-09,2013-12-09,1183.489990234375,1808.3699951171875,1.5279977101953037,0.8803580234756399,72.0339761101517,1407169.173313694
1998-12-10,2013-12-10,1165.02001953125,1802.6199951171875,1.5472867117274758,0.8846643650669318,73.8687066409712,1607673.451130412
1998-12-11,2013-12-11,1166.4599609375,1782.219970703125,1.5278878233169102,0.8783890823949788,73.46142004343673,1380838.2569068032
1998-12-14,2013-12-16,1141.199951171875,1786.5400390625,1.5654925652844083,0.882836359224069,75.08745953440268,1719985.4570537382
1998-12-15,2013-12-16,1162.8299560546875,1786.5400390625,1.5363725622652256,0.8835934972170049,73.75394311631055,1511844.2691151379
1998-12-16,2013-12-16,1161.93994140625,1786.5400390625,1.5375493821998418,0.8866351388385697,74.06451829985224,1560320.228443108
1998-12-17,2013-12-17,1179.97998046875,1781.0,1.509347641044294,0.8869836063627965,73.24736624300202,1352740.8859453313
1998-12-18,2013-12-18,1188.030029296875,1810.6500244140625,1.5240776577724047,0.8940717194519193,72.21427443604706,1555142.5278927796
1998-12-21,2013-12-23,1202.8399658203125,1827.989990234375,1.519728344732645,0.8937543298254874,71.32513801651133,1518076.9244729765
1998-12-22,2013-12-23,1203.5699462890625,1827.989990234375,1.5188066101771414,0.9011765041308618,71.87383809306287,1606684.8103591804
1998-12-23,2013-12-23,1228.5400390625,1827.989990234375,1.4879368454521968,0.8960605589906205,70.0132694076446,1306227.3021388352
1998-12-24,2013-12-24,1226.27001953125,1833.3199462890625,1.495037729936398,0.8952789961524276,69.99837597273753,1350275.446012083
1998-12-28,2013-12-30,1225.489990234375,1841.0699462890625,1.5023133285135668,0.9071842290050496,70.5455303864265,1557179.6493654833
1998-12-29,2013-12-30,1241.81005859375,1841.0699462890625,1.482569684106059,0.9139796214554979,70.13989622768443,1490726.2990423366
1998-12-30,2013-12-30,1231.9300537109375,1841.0699462890625,1.4944598037390318,0.924936103398776,71.54997086006242,1721732.9376789462
1998-12-31,2013-12-31,1229.22998046875,1848.3599853515625,1.50367304305962,0.9280804151369717,71.70081303501479,1834090.1772402278
1999-01-04,2014-01-06,1228.0999755859375,1826.77001953125,1.4874766353282285,0.9312779058396367,72.7672872510801,1746954.9879191471
1999-01-05,2014-01-06,1244.780029296875,1826.77001953125,1.4675444468394285,0.9242571980884493,71.25097922639998,1502174.6369315041
1999-01-06,2014-01-06,1272.3399658203125,1826.77001953125,1.4357562197250333,0.9362141889331761,70.60942219660488,1398606.9235277842
1999-01-07,2014-01-07,1269.72998046875,1837.8800048828125,1.4474573595594844,0.9450541074166389,71.08023476147558,1600008.434718892
1999-01-08,2014-01-08,1275.0899658203125,1837.489990234375,1.4410669360512534,0.9311190336660251,69.64994651211885,1378505.15296599
1999-01-11,2014-01-13,1263.8800048828125,1819.199951171875,1.4393771118647867,0.9157726350960148,70.26770545812907,1177845.6069365242
1999-01-12,2014-01-13,1239.510009765625,1819.199951171875,1.4676766922728295,0.908510989554653,71.08109347895167,1307235.4262853898
1999-01-13,2014-01-13,1234.4000244140625,1819.199951171875,1.4737523616263712,0.908510989554653,71.37534440188315,1354043.4352389006
1999-01-14,2014-01-14,1212.18994140625,1838.8800048828125,1.5169899881775502,0.913049975878141,72.30089700393529,1745543.4595173383
1999-01-15,2014-01-15,1243.260009765625,1848.3800048828125,1.4867203886267222,0.9205193710396911,70.80431245679375,1605345.696588709
1999-01-19,2014-01-21,1252.0,1843.800048828125,1.4726837450703874,0.9231443592927139,70.74597289047438,1528557.390566601
1999-01-20,2014-01-21,1256.6199951171875,1843.800048828125,1.4672693861251025,0.9150394923311189,69.86703356610869,1385328.0019558463
1999-01-21,2014-01-21,1235.1600341796875,1843.800048828125,1.4927620695342982,0.9108809757090263,70.75788330502837,1530498.2769820536
1999-01-22,2014-01-22,1225.18994140625,1844.8599853515625,1.505774674606018,0.9196256218915481,71.73492565716585,1742671.2788551142
1999-01-25,2014-01-27,1233.97998046875,1781.56005859375,1.4437511846156463,0.9022763597662554,71.22393454819137,1046578.5364721441
1999-01-26,2014-01-27,1252.31005859375,1781.56005859375,1.4226189803141147,0.8880709729055514,69.07649655900335,713518.553893974
1999-01-27,2014-01-27,1243.1700439453125,1781.56005859375,1.4330783365241075,0.8829535226353257,69.18338438520466,730096.4749849066
1999-01-28,2014-01-28,1265.3699951171875,1792.5,1.4165817167444328,0.8877795312292092,67.96376809958818,664551.9006847637
1999-01-29,2014-01-29,1279.6400146484375,1774.199951171875,1.386483644511,0.9141274211788332,69.83019871858376,747744.6525702286
1999-02-01,2014-02-03,1273.0,1741.8900146484375,1.3683346540836117,0.9037797782260318,70.19443559399201,486988.6529526529
1999-02-02,2014-02-03,1261.989990234375,1741.8900146484375,1.3802724491696927,0.8959340848423278,70.1921619518293,486648.97275778325
1999-02-03,2014-02-03,1272.0699462890625,1741.8900146484375,1.3693350902047128,0.902892352454609,70.17678248776262,484351.29397753533
1999-02-04,2014-02-04,1248.489990234375,1755.199951171875,1.4058582486851792,0.8992660182536028,70.8319386380041,720759.8599644043
1999-02-05,2014-02-05,1239.4000244140625,1751.6400146484375,1.413296740474522,0.8904432306747331,70.80667187779652,671745.1713569234
1999-02-08,2014-02-10,1243.77001953125,1799.8399658203125,1.4470842177870096,0.8962966737178031,70.55789211504995,998702.2180123767
1999-02-09,2014-02-10,1216.1400146484375,1799.8399658203125,1.4799611427477053,0.8935520604370849,71.939957963138,1214141.3454174125
1999-02-10,2014-02-10,1223.550048828125,1799.8399658203125,1.4709982379095474,0.8909019869035826,71.2922114010011,1113169.344467213
1999-02-11,2014-02-11,1254.0400390625,1819.75,1.451109967238698,0.8996928423757005,69.98005495871234,1071091.568689405
1999-02-12,2014-02-12,1230.1300048828125,1819.260009765625,1.4789168645137922,0.8636241083205539,68.51430238452264,830895.631197684
1999-02-16,2014-02-18,1241.8699951171875,1840.760009765625,1.4822485582252303,0.8621061782928487,67.83801912621402,836215.8256026921
1999-02-17,2014-02-18,1224.030029296875,1840.760009765625,1.5038520017544186,0.8552611736514575,68.28026830093165,906859.213597538
1999-02-18,2014-02-18,1237.280029296875,1840.760009765625,1.4877472893599497,0.8436273549701195,66.6302104669075,643284.5537752123
1999-02-19,2014-02-19,1239.219970703125,1828.75,1.4757267016624818,0.8470855939999783,66.81232352331868,600566.7155116466
1999-02-22,2014-02-24,1272.1400146484375,1847.6099853515625,1.4523637053128615,0.8485014347911006,65.08337497901562,450181.1925141695
1999-02-23,2014-02-24,1271.1800537109375,1847.6099853515625,1.4534604912638942,0.8445158924345263,64.82658665985501,408949.7034554868
1999-02-24,2014-02-24,1253.4100341796875,1847.6099853515625,1.4740666940334157,0.8568729395132536,66.70765265992007,710985.0625943714
1999-02-25,2014-02-25,1245.02001953125,1845.1199951171875,1.4820002619812291,0.8573227043030489,67.41082045395973,774284.9657787904
1999-02-26,2014-02-26,1238.3299560546875,1845.1600341796875,1.4900390846219673,0.8532026880666408,67.35105956794283,780669.3877059887
1999-03-01,2014-03-03,1236.1600341796875,1845.72998046875,1.4931157208084076,0.8458048479806571,67.46928579546999,709260.6893698992
1999-03-02,2014-03-03,1225.5,1845.72998046875,1.506103615233578,0.8324058199072149,66.97803987426563,631286.2366876048
1999-03-03,2014-03-03,1227.699951171875,1845.72998046875,1.5034047844564524,0.8212827972666403,65.96462969911126,470429.7280847407
1999-03-04,2014-03-04,1246.6400146484375,1873.9100341796875,1.5031685267283397,0.8327465684201258,65.37540394293748,614911.5066685649
1999-03-05,2014-03-05,1275.469970703125,1873.81005859375,1.4691134261363907,0.8452398336160785,64.73658050667699,530067.0331432819
1999-03-08,2014-03-10,1282.72998046875,1877.1700439453125,1.4634179231230997,0.8524151559802018,64.37018367037642,578287.9538831371
1999-03-09,2014-03-10,1279.8399658203125,1877.1700439453125,1.4667224763075293,0.8620240332294017,65.24279186606846,721688.2090729759
1999-03-10,2014-03-10,1286.8399658203125,1877.1700439453125,1.4587439726809281,0.8668738200992686,65.25295410035953,723358.2220270508
1999-03-11,2014-03-11,1297.6800537109375,1867.6300048828125,1.4392068364941002,0.866750906155362,64.94782661242114,578238.8756546276
1999-03-12,2014-03-12,1294.5899658203125,1868.199951171875,1.4430823662286743,0.8753449049067624,65.78482052643268,711891.8754992667
1999-03-15,2014-03-17,1307.260009765625,1858.8299560546875,1.4219282638256119,0.8674757515590488,65.14723002356567,459980.6934774928
1999-03-16,2014-03-17,1306.3800048828125,1858.8299560546875,1.4228861044313303,0.8612412619497565,64.72259042445496,391800.9411414773
1999-03-17,2014-03-17,1297.8199462890625,1858.8299560546875,1.432271064541546,0.8667376112087183,65.56525959177294,527099.1451932318
1999-03-18,2014-03-18,1316.550048828125,1872.25,1.4220879803745474,0.8655290536074343,64.80895608914187,437679.77302476065
1999-03-19,2014-03-19,1299.2900390625,1860.77001953125,1.4321436812321633,0.8671970137403997,65.13634649253396,531742.1362273423
1999-03-22,2014-03-24,1297.010009765625,1857.43994140625,1.4320937598175492,0.8649881310489229,65.25085044946272,504550.0086311302
1999-03-23,2014-03-24,1262.1400146484375,1857.43994140625,1.471659181904339,0.8651345967534969,67.06493376083026,796594.1541529205
1999-03-24,2014-03-24,1268.5899658203125,1857.43994140625,1.4641767564393176,0.8650613577015912,66.7183037883145,740791.1744875093
1999-03-25,2014-03-25,1289.989990234375,1865.6199951171875,1.4462282724986322,0.8502493854310404,64.4388856154417,427471.8550244379
1999-03-26,2014-03-26,1282.800048828125,1852.56005859375,1.4441534051126028,0.8460893209256222,64.7247343402618,361565.92219836777
1999-03-29,2014-03-31,1310.1700439453125,1872.3399658203125,1.429081648197465,0.8569743838839623,63.37260781970752,385340.37506347336
1999-03-30,2014-03-31,1300.75,1872.3399658203125,1.439431071166875,0.8690241627049208,64.7290780383067,607635.2342061996
1999-03-31,2014-03-31,1286.3699951171875,1872.3399658203125,1.4555221071133142,0.8551284133956243,64.40607588350909,554702.4698011852
1999-04-01,2014-04-01,1293.719970703125,1885.52001953125,1.4574406071095023,0.8603819498591998,64.17308599523976,633543.414638245
1999-04-05,2014-04-07,1321.1199951171875,1845.0400390625,1.3965726397917693,0.8541394033986623,62.72756486647524,115518.27708732104
1999-04-06,2014-04-07,1317.8900146484375,1845.0400390625,1.3999954613471184,0.848304528758359,62.45174167354693,71038.71606418723
1999-04-07,2014-04-07,1326.8900146484375,1845.0400390625,1.3904996033535963,0.8505446442034577,62.19194294648615,29143.278587197885
1999-04-08,2014-04-08,1343.97998046875,1851.9599609375,1.3779669249921254,0.8433700251948623,61.54840813294287,-145086.71789445402
1999-04-09,2014-04-09,1348.3499755859375,1872.1800537109375,1.3884971169279436,0.8523121841172823,61.90711126576644,35511.92793255625
1999-04-12,2014-04-14,1358.6300048828125,1830.6099853515625,1.3473940504570707,0.8506176688875974,61.43869314220831,-280926.26040656073
1999-04-13,2014-04-14,1349.8199462890625,1830.6099853515625,1.356188275617272,0.8574890816966685,62.33924365966983,-138466.9007131718
1999-04-14,2014-04-14,1328.43994140625,1830.6099853515625,1.3780148641222945,0.8558327000066573,63.22017922367319,889.5417580469511
1999-04-15,2014-04-15,1322.8499755859375,1842.97998046875,1.3931889590521618,0.8654179225700716,64.21539353717195,224257.0909752897
1999-04-16,2014-04-16,1319.0,1862.31005859375,1.411910582709439,0.8599882156537924,63.7958715150844,296640.4035857329
1999-04-19,2014-04-21,1289.47998046875,1871.8900146484375,1.4516627190815097,0.8639347133353141,65.25634814261126,635122.5917872107
1999-04-20,2014-04-21,1306.1700439453125,1871.8900146484375,1.433113569956295,0.8575126976558267,63.943629855179715,421182.94740494713
1999-04-21,2014-04-21,1336.1199951171875,1871.8900146484375,1.400989448170229,0.8577276590352748,62.525964165315855,190139.54955921788
1999-04-22,2014-04-22,1358.8199462890625,1879.550048828125,1.3832222981132831,0.8601927876962746,61.68756560840161,89824.92235820275
1999-04-23,2014-04-23,1356.8499755859375,1875.3900146484375,1.3821646080205554,0.8525790845157943,61.31457357108958,-7128.685394603759
1999-04-26,2014-04-28,1360.0400390625,1869.4300537109375,1.3745404547057078,0.852878547779624,61.17075620092968,-58759.75291061541
1999-04-27,2014-04-28,1362.800048828125,1869.4300537109375,1.3717566676919808,0.8608279619848701,61.61586895772947,13578.291070010513
1999-04-28,2014-04-28,1350.9100341796875,1869.4300537109375,1.3838301636763775,0.860033569336797,62.10081905892788,92390.54979095934
1999-04-29,2014-04-29,1342.8299560546875,1878.3299560546875,1.3987846693361907,0.8592108622839033,62.38551651704629,191696.32642595517
1999-04-30,2014-04-30,1335.1800537109375,1883.949951171875,1.4110081602370497,0.846122036970704,61.99508912222358,124145.6371630528
1999-05-03,2014-05-05,1354.6300048828125,1884.6600341796875,1.3912729139221505,0.8454598249628287,61.10495568949514,-25269.795704360586
1999-05-04,2014-05-05,1332.0,1884.6600341796875,1.414909935570336,0.847986732897456,62.32883103129933,174514.75859956443
1999-05-05,2014-05-05,1347.31005859375,1884.6600341796875,1.398831710754683,0.8476348497066261,61.59499169318002,54723.338600263
1999-05-06,2014-05-06,1332.050048828125,1867.719970703125,1.4021394859346743,0.8427364078607233,62.21285773985484,20256.266544357408
1999-05-07,2014-05-07,1345.0,1878.2099609375,1.3964386326672862,0.8422654338018961,61.47122303028938,-26061.51868389547
1999-05-10,2014-05-12,1340.300048828125,1896.6500244140625,1.4150936024156495,0.8448532462743386,61.68678054442243,138233.67367907474
1999-05-11,2014-05-12,1355.6099853515625,1896.6500244140625,1.3991118720788909,0.8449929488193365,61.00018987847469,25392.372056396212
1999-05-12,2014-05-12,1364.0,1896.6500244140625,1.390505883001512,0.8393018279966632,60.216659541028626,-103380.98232095549
1999-05-13,2014-05-13,1367.56005859375,1897.449951171875,1.3874710212895558,0.8323048175063514,59.53181637552736,-207306.04736047983
1999-05-14,2014-05-14,1337.800048828125,1888.530029296875,1.4116683811988002,0.8258841941074437,60.63399325855803,-113383.36356375506
1999-05-17,2014-05-19,1339.489990234375,1885.0799560546875,1.4073117155021433,0.8233290152907228,60.55749556422588,-174388.77546107024
1999-05-18,2014-05-19,1333.3199462890625,1885.0799560546875,1.413824162236004,0.8169014084507042,60.362779097626444,-205982.0288147009
1999-05-19,2014-05-19,1344.22998046875,1885.0799560546875,1.4023492880268422,0.8159819961253789,59.80547678393996,-296405.7792984368
1999-05-20,2014-05-20,1338.8299560546875,1872.8299560546875,1.3988557303973168,0.8174860643602577,60.298767004045956,-302737.84328548703
1999-05-21,2014-05-21,1330.2900390625,1888.030029296875,1.4192619457839684,0.8290688845816631,61.44982898459272,-21873.012643724214
1999-05-24,2014-05-27,1306.6500244140625,1911.9100341796875,1.4632150908480945,0.8336221356092582,62.56158410662026,343636.7857743404
1999-05-25,2014-05-27,1284.4000244140625,1911.9100341796875,1.4885627513530235,0.8338266134983762,63.66096638107553,525403.4577355827
1999-05-26,2014-05-27,1304.760009765625,1911.9100341796875,1.465334636155139,0.8462821358961683,63.603690522464,515933.7378342883
1999-05-27,2014-05-27,1281.4100341796875,1911.9100341796875,1.4920361033411318,0.838764565221784,64.18739255509905,612440.2745998139
1999-05-28,2014-05-28,1301.8399658203125,1909.780029296875,1.4669852512121093,0.8428335205390006,63.64072827306506,484878.4359149276
1999-06-01,2014-06-02,1294.260009765625,1924.969970703125,1.4873131798700279,0.8422004576507437,63.534435685269756,622182.3296152931
1999-06-02,2014-06-02,1294.81005859375,1924.969970703125,1.4866813537066361,0.8419927547094451,63.49178342797081,615051.3926845961
1999-06-03,2014-06-03,1299.5400390625,1924.239990234375,1.4807085063901064,0.8380189637466587,62.888446220860665,522508.1329924315
1999-06-04,2014-06-04,1327.75,1927.8800048828125,1.4519902126776971,0.8599748613370342,63.078209551519905,588764.6937507791
1999-06-07,2014-06-09,1334.52001953125,1951.27001953125,1.4621511786811812,0.8582914744328705,62.75821381941387,641992.0356293772
1999-06-08,2014-06-09,1317.3299560546875,1951.27001953125,1.4812310390140746,0.8582914744328705,63.57715646493176,780861.2063855212
1999-06-09,2014-06-09,1318.6400146484375,1951.27001953125,1.4797594475027955,0.8625537030786768,63.82940007978584,823634.4846059578
1999-06-10,2014-06-10,1302.8199462890625,1950.7900390625,1.497359665561698,0.8673618496508659,65.07000505318115,1013422.4644883852
1999-06-11,2014-06-11,1293.6400146484375,1943.8900146484375,1.5026514274735954,0.8470353890630138,64.19303999716189,793334.9814876891
1999-06-14,2014-06-16,1294.0,1937.780029296875,1.4975116146034582,0.8459558569637392,64.17518176372198,742707.5561577799
1999-06-15,2014-06-16,1301.1600341796875,1937.780029296875,1.489271095325751,0.846588558102153,63.86977135712001,691582.8909435552
1999-06-16,2014-06-16,1330.4100341796875,1937.780029296875,1.4565284232027635,0.8518983206782875,62.857330439369505,522103.718491409
1999-06-17,2014-06-17,1339.9000244140625,1941.989990234375,1.4493543957382986,0.8485507889177678,61.98192145723222,429134.91904542316
1999-06-18,2014-06-18,1342.8399658203125,1956.97998046875,1.457344158857584,0.8361920448549548,61.11533738445004,333894.1423015995
1999-06-21,2014-06-23,1349.0,1962.6099853515625,1.4548628505200611,0.836027936169548,60.836262093722574,314274.7640786744
1999-06-22,2014-06-23,1335.8800048828125,1962.6099853515625,1.4691514044509775,0.836027936169548,61.43374948682687,415573.7086301455
1999-06-23,2014-06-23,1333.06005859375,1962.6099853515625,1.4722592374584587,0.8352053925313127,61.50313528285689,427337.48471282795
1999-06-24,2014-06-24,1315.780029296875,1949.97998046875,1.481995422525738,0.8410498077256546,62.7222469754945,569743.0646040533
1999-06-25,2014-06-25,1315.31005859375,1959.530029296875,1.4897856338085684,0.8409748078092224,62.80685600327328,624356.1463459795
1999-06-28,2014-06-30,1331.3499755859375,1960.22998046875,1.4723626517558146,0.8367616551997805,62.05016784816259,447500.8488782835
1999-06-29,2014-06-30,1351.449951171875,1960.22998046875,1.4504643540583853,0.8377998315727564,61.203143204192926,304885.75219477015
1999-06-30,2014-06-30,1372.7099609375,1960.22998046875,1.4280001138259388,0.8377998315727564,60.25525220082363,145287.60112162866
1999-07-01,2014-07-01,1380.9599609375,1973.3199462890625,1.4289479797440499,0.8394510721235761,59.86557223684083,172030.627370066
1999-07-02,2014-07-02,1391.219970703125,1974.6199951171875,1.4193441991198639,0.8339885594072092,58.86925478951512,37918.66690057283
1999-07-06,2014-07-07,1388.1199951171875,1977.6500244140625,1.424696734699154,0.8319032505260054,58.870540095410206,50579.48229290405
1999-07-07,2014-07-07,1395.8599853515625,1977.6500244140625,1.4167968457925024,0.8306136184695095,58.4533490297187,-20644.79997526342
1999-07-08,2014-07-08,1394.4200439453125,1963.7099609375,1.4082628612978503,0.8298029105264245,58.652493877595745,-90436.33314639702
1999-07-09,2014-07-09,1403.280029296875,1972.8299560546875,1.4058704712296022,0.8367120308103059,58.7240338291293,-24901.909911297727
1999-07-12,2014-07-14,1399.0999755859375,1977.0999755859375,1.4131227289586192,0.8365883635731268,58.89948206000062,25073.225826652255
1999-07-13,2014-07-14,1393.56005859375,1977.0999755859375,1.4187404148056892,0.8408149613983845,59.43238323907319,115776.45708579244
1999-07-14,2014-07-14,1398.1700439453125,1977.0999755859375,1.4140626057235632,0.8389388881158548,59.10425375516518,59926.69425800629
1999-07-15,2014-07-15,1409.6199951171875,1973.280029296875,1.399866656355728,0.8410689282042241,58.69206860973847,-15780.726501280908
1999-07-16,2014-07-16,1418.780029296875,1981.5699462890625,1.3966717217404712,0.8519573851406462,59.08549678101281,90392.60184903815
1999-07-19,2014-07-21,1407.6500244140625,1973.6300048828125,1.4020743584360327,0.8500293465307552,59.55267388915076,106500.8938419479
1999-07-20,2014-07-21,1377.0999755859375,1973.6300048828125,1.433178447369487,0.8566359649662749,61.34693531446247,410999.47492081486
1999-07-21,2014-07-21,1379.2900390625,1973.6300048828125,1.430902818833002,0.8668889498817206,61.98261655199333,518878.9801679258
1999-07-22,2014-07-22,1360.969970703125,1983.530029296875,1.4574384975387176,0.8707629132725146,63.05415577325449,761827.1644341606
1999-07-23,2014-07-23,1356.93994140625,1987.010009765625,1.4643315810325463,0.8708182797096459,63.21429751929023,813413.686547393
1999-07-26,2014-07-28,1347.760009765625,1978.9100341796875,1.4682955569544012,0.8733058497128408,63.644865963028316,873658.9194831303
1999-07-27,2014-07-28,1362.8399658203125,1978.9100341796875,1.4520487245826796,0.877369844496188,63.23352834085177,803382.3160741883
1999-07-28,2014-07-28,1365.4000244140625,1978.9100341796875,1.4493262038931793,0.882541583043803,63.48700563357277,846688.6469647782
1999-07-29,2014-07-29,1341.030029296875,1969.949951171875,1.4689827283023285,0.8903270391661102,65.04103328978972,1090780.3652808052
1999-07-30,2014-07-30,1328.719970703125,1970.0699462890625,1.4826825740013159,0.8920888048826008,65.2848746042362,1216364.7759100627
1999-08-02,2014-08-04,1328.050048828125,1938.989990234375,1.460027799362942,0.8895038246245197,65.31780692154051,1012978.6422955622
1999-08-03,2014-08-04,1322.1800537109375,1938.989990234375,1.466509787976493,0.8954850921660291,66.04895884923486,1136255.2944593946
1999-08-04,2014-08-04,1305.3299560546875,1938.989990234375,1.4854405058586888,0.8959545876027168,66.93664021539038,1285923.7598807379
1999-08-05,2014-08-05,1313.7099609375,1920.2099609375,1.4616696363991826,0.8959737719406727,66.4806137872009,1105557.7352245688
1999-08-06,2014-08-06,1300.2900390625,1920.239990234375,1.4767782052832263,0.8899512015299217,67.02625074806728,1144929.3638088736
1999-08-09,2014-08-11,1297.800048828125,1936.9200439453125,1.4924641478433398,0.8907530393403214,67.15484891691476,1273455.9547663429
1999-08-10,2014-08-11,1281.4300537109375,1936.9200439453125,1.5115300584188103,0.8835148821008588,67.46007403990734,1324694.8754971777
1999-08-11,2014-08-11,1301.9300537109375,1936.9200439453125,1.4877297274338515,0.8868112957141404,66.6455894701926,1187965.2711483384
1999-08-12,2014-08-12,1298.1600341796875,1933.75,1.489608329547708,0.8849454582131903,66.64829878319726,1178523.6263581468
1999-08-13,2014-08-13,1327.6800537109375,1946.719970703125,1.46625684799733,0.8984733647590124,66.08119739945039,1171490.2980029685
1999-08-16,2014-08-18,1330.77001953125,1971.739990234375,1.4816534497289773,0.9002456359737387,65.92776093910575,1311065.4021806712
1999-08-17,2014-08-18,1344.1600341796875,1971.739990234375,1.4668937775982056,0.9153434612582948,66.3656595631349,1386194.6027687718
1999-08-18,2014-08-18,1332.8399658203125,1971.739990234375,1.4793523909832968,0.9195268749687208,67.23520446057721,1535380.3033750318
1999-08-19,2014-08-19,1323.5899658203125,1981.5999755859375,1.4971403733465254,0.923954086908108,67.83273546646609,1730290.437010975
1999-08-20,2014-08-20,1336.6099853515625,1986.510009765625,1.4862301131493658,0.9363521119541831,67.55407689166371,1801062.3009212157
1999-08-23,2014-08-25,1360.219970703125,1997.9200439453125,1.4688212840402186,0.9396839701564264,66.3815086304978,1704331.8766032234
1999-08-24,2014-08-25,1363.5,1997.9200439453125,1.4652878943493308,0.9365550496985147,66.00131892304984,1637297.1465429412
1999-08-25,2014-08-25,1381.7900390625,1997.9200439453125,1.4458926374232925,0.9301930841050754,64.6852849020476,1405255.1327277566
1999-08-26,2014-08-26,1362.010009765625,2000.02001953125,1.4684326878591838,0.9330405039066112,65.81292674231307,1618508.8442804548
1999-08-27,2014-08-27,1348.27001953125,2000.1199951171875,1.4834713864011935,0.9465828355583186,67.58622270618996,1907858.1159506254
1999-08-30,2014-09-02,1324.02001953125,2002.280029296875,1.5122732283200317,0.9589666626598556,68.82409364201264,2297862.2995153693
1999-08-31,2014-09-02,1320.4100341796875,2002.280029296875,1.5164077653657058,0.9644152938313144,69.40436990035055,2401549.208315594
1999-09-01,2014-09-02,1331.0699462890625,2002.280029296875,1.504263569979251,0.9626509312614023,68.72258710363396,2279724.5607465208
1999-09-02,2014-09-02,1319.1099853515625,2002.280029296875,1.5179022610182407,0.9566130121641022,68.9107249901852,2313342.058626897
1999-09-03,2014-09-03,1357.239990234375,2000.719970703125,1.4741092106766105,0.9471730585354815,66.54528213818736,1840085.7717872239
1999-09-07,2014-09-08,1350.449951171875,2001.5400390625,1.4821282620104737,0.957431514175447,66.7833653097205,2033427.8757187687
1999-09-08,2014-09-08,1344.1500244140625,2001.5400390625,1.4890748820504651,0.9829629968713831,68.8856086826731,2412222.713150402
1999-09-09,2014-09-09,1347.6600341796875,1988.43994140625,1.4754759293701258,0.9764722193654504,68.27630657283643,2217655.445557504
1999-09-10,2014-09-10,1351.6600341796875,1995.68994140625,1.4764732927961575,1.0093159495006725,69.9008909188077,2637133.808294356
1999-09-13,2014-09-15,1344.1300048828125,1984.1300048828125,1.4761444188248727,1.0122638340448047,70.29248678720154,2671219.724349729
1999-09-14,2014-09-15,1336.2900390625,1984.1300048828125,1.4848049052844974,1.0209452829782644,71.31127458873434,2854870.7043583025
1999-09-15,2014-09-15,1317.969970703125,1984.1300048828125,1.505444015408255,1.0209452829782644,72.3025167674638,3033556.1943844035
1999-09-16,2014-09-16,1318.47998046875,1998.97998046875,1.516124636005521,1.0001867289552302,70.7970833485549,2859137.638378314
1999-09-17,2014-09-17,1335.4200439453125,2001.5699462890625,1.4988317386458443,1.0359522562322867,71.48716557579156,3167049.6691558952
1999-09-20,2014-09-22,1335.530029296875,1994.2900390625,1.4932573549936923,1.0381861575178997,71.48127836931505,3146366.900001748
1999-09-21,2014-09-22,1307.5799560546875,1994.2900390625,1.5251763609774176,1.0440667835686754,73.42276896587265,3503433.0898840795
1999-09-22,2014-09-22,1310.510009765625,1994.2900390625,1.5217663537107695,1.0469817764934886,73.46314459776372,3510858.7107286975
1999-09-23,2014-09-23,1280.4100341796875,1982.77001953125,1.5485430187225449,1.0421699301648528,74.98797923183004,3685405.3428808455
1999-09-24,2014-09-24,1277.3599853515625,1998.300048828125,1.5643985029624528,1.0293409136853957,73.71607248888085,3655338.7797750616
1999-09-27,2014-09-29,1283.31005859375,1977.800048828125,1.5411708461129001,1.0300376886353484,73.37428756520008,3461695.195917238
1999-09-28,2014-09-29,1282.199951171875,1977.800048828125,1.5425051662344096,1.0211911555719115,72.80708926414674,3357633.529388109
1999-09-29,2014-09-29,1268.3699951171875,1977.800048828125,1.5593242164683907,1.03052282446722,74.273524942536,3626674.780512394
1999-09-30,2014-09-30,1282.7099609375,1972.2900390625,1.5375962603588138,1.0431887442628036,74.16280871181496,3601946.3899880582
1999-10-01,2014-10-01,1282.81005859375,1946.1600341796875,1.5171069334404184,1.025780936161464,73.34763289075698,3196740.2613444296
1999-10-04,2014-10-06,1304.5999755859375,1964.8199462890625,1.5060708133208411,1.0243507477065155,72.12255327848334,3082475.5963809085
1999-10-05,2014-10-06,1301.3499755859375,1964.8199462890625,1.509832084489336,1.0144241196924897,71.60201248078701,2988053.5054645245
1999-10-06,2014-10-06,1325.4000244140625,1964.8199462890625,1.4824354233414754,1.0155596951031953,70.38145693891789,2766654.132249406
1999-10-07,2014-10-07,1317.6400146484375,1935.0999755859375,1.4686105112724934,1.0051339468969431,70.58525412917969,2517754.371429108
1999-10-08,2014-10-08,1336.02001953125,1968.8900146484375,1.4736979879532295,1.0170915378092449,70.40652763540413,2710551.1840301175
1999-10-11,2014-10-13,1335.2099609375,1874.739990234375,1.4040787929098815,1.007083115405306,70.4492425749535,1990923.9019239773
1999-10-12,2014-10-13,1313.0400390625,1874.739990234375,1.4277858515060395,1.0048146454583586,71.4773699637708,2165917.937774336
1999-10-13,2014-10-13,1285.550048828125,1874.739990234375,1.4583173886876988,0.9957496919894406,72.34720683921866,2313969.88836111
1999-10-14,2014-10-14,1283.4200439453125,1877.699951171875,1.4630439660266714,1.0156539775817406,73.7429591508137,2600825.671042169
1999-10-15,2014-10-15,1247.4100341796875,1862.489990234375,1.4930856247754747,1.0055028635925805,76.05891917521402,2731039.868629575
1999-10-18,2014-10-20,1254.1300048828125,1904.010009765625,1.5181918958581475,1.0143263957720126,75.65137473677555,3058709.125160304
1999-10-19,2014-10-20,1261.3199462890625,1904.010009765625,1.5095376992708511,1.0058331239179759,74.59029513770867,2875548.8073066184
1999-10-20,2014-10-20,1289.4300537109375,1904.010009765625,1.4766291543197294,1.0073495376319375,73.07419816487626,2613844.780874298
1999-10-21,2014-10-21,1283.6099853515625,1941.280029296875,1.5123597131921547,1.0109673446636978,73.59274815520226,2965464.4834204596
1999-10-22,2014-10-22,1301.6500244140625,1927.1099853515625,1.4805131557686182,1.0232833880370131,73.36984698657469,2847068.713219028
1999-10-25,2014-10-27,1293.6300048828125,1961.6300048828125,1.5163763962482555,1.0299207646094601,73.82471244548962,3243619.117658603
1999-10-26,2014-10-27,1281.9100341796875,1961.6300048828125,1.530239995459656,1.0338702410452805,74.78534780289823,3415950.148326271
1999-10-27,2014-10-27,1296.7099609375,1961.6300048828125,1.512774686688291,1.0248313112139626,73.28541791188071,3146873.5813908456
1999-10-28,2014-10-28,1342.43994140625,1985.050048828125,1.4786881614597371,1.0395384568434496,71.62618094715049,3035059.216700198
1999-10-29,2014-10-29,1362.9300537109375,1982.300048828125,1.4544400451298207,1.046394964276727,70.5358000035395,2905870.907281882
1999-11-01,2014-11-03,1354.1199951171875,2017.81005859375,1.4901264776162808,1.092559183735439,70.99471393526565,3805875.601038631
1999-11-02,2014-11-03,1347.739990234375,2017.81005859375,1.4971805193988852,1.0840137981141627,70.77288309132024,3762737.614191099
1999-11-03,2014-11-03,1354.9300537109375,2017.81005859375,1.4892355904773755,1.0844274743807414,70.42418484134676,3694928.556381198
1999-11-04,2014-11-04,1362.6400146484375,2012.0999755859375,1.4766188824310003,1.0714757759708442,69.2918056920704,3416728.3571033143
1999-11-05,2014-11-05,1370.22998046875,2023.5699462890625,1.4768104443290664,1.0929932994425307,69.57144758486515,3687940.443282567
1999-11-08,2014-11-10,1377.010009765625,2038.260009765625,1.4802071120111526,1.093927518425642,69.22889636918323,3731149.2029299787
1999-11-09,2014-11-10,1365.280029296875,2038.260009765625,1.4929245034187877,1.0977996717893261,70.07083891546888,3898143.61320761
1999-11-10,2014-11-10,1373.4599609375,2038.260009765625,1.4840330753976578,1.0940318335379429,69.41445428404346,3767953.5367899756
1999-11-11,2014-11-11,1381.4599609375,2039.6800537109375,1.4764670069241455,1.097922191613761,68.67854418570167,3746469.164902576
1999-11-12,2014-11-12,1396.06005859375,2038.25,1.4600016578463877,1.092137592403309,67.69056545304684,3521552.4578840407
1999-11-15,2014-11-17,1394.3900146484375,2041.3199462890625,1.4639519251030588,1.1023058406685087,67.77163761922853,3684368.983591597
1999-11-16,2014-11-17,1420.0699462890625,2041.3199462890625,1.4374784507083296,1.1051255362441406,66.71630930969873,3471278.3383931653
1999-11-17,2014-11-17,1410.7099609375,2041.3199462890625,1.4470160435618424,1.1014731071050987,66.93700872671032,3515841.7038797503
1999-11-18,2014-11-18,1424.93994140625,2051.800048828125,1.4399203708215498,1.098599420128707,65.9695414305983,3414475.4038482513
1999-11-19,2014-11-19,1422.0,2048.719970703125,1.4407313436730838,1.1332054498726618,67.4501118397441,3844826.2966389065
1999-11-22,2014-11-24,1420.93994140625,2069.409912109375,1.4563669102448897,1.136140417737515,67.50043139838381,4031324.3869744507
1999-11-23,2014-11-24,1404.6400146484375,2069.409912109375,1.4732670937238823,1.1312577921504015,67.99027660139228,4133148.5798044233
1999-11-24,2014-11-24,1417.0799560546875,2069.409912109375,1.4603339093658827,1.135595869550589,67.65185503368546,4062800.8398319553
1999-11-26,2014-11-26,1416.6199951171875,2072.830078125,1.4632223781039662,1.15357454001418,69.22679222172283,4313697.97332257
1999-11-29,2014-12-01,1407.8299560546875,2053.43994140625,1.4585852024067056,1.1602235681174662,69.65902212646631,4350576.188928187
1999-11-30,2014-12-01,1388.9100341796875,2053.43994140625,1.4784542489240813,1.1529870183559023,70.16753086107096,4455334.956937176
1999-12-01,2014-12-01,1397.719970703125,2053.43994140625,1.4691354380328874,1.1515281401319453,69.63703591736828,4346046.771788305
1999-12-02,2014-12-02,1409.0400390625,2066.550048828125,1.4666368531323617,1.160603736962241,69.1044850685173,4434522.122101424
1999-12-03,2014-12-03,1433.300048828125,2074.330078125,1.4472406387071466,1.1707462715040615,68.14716144925441,4368101.413117453
1999-12-06,2014-12-08,1423.3299560546875,2060.31005859375,1.4475280660182974,1.1784528693357725,68.6245163443757,4465553.752111388
1999-12-07,2014-12-08,1409.1700439453125,2060.31005859375,1.462073415090072,1.1727255515830661,68.97721470632793,4539900.026371429
1999-12-08,2014-12-08,1403.8800048828125,2060.31005859375,1.4675827360086464,1.1773028646931243,69.5073739044549,4651653.766670254
1999-12-09,2014-12-09,1408.1099853515625,2059.820068359375,1.462826121387883,1.1680728688211572,69.50883925530346,4489670.035582684
1999-12-10,2014-12-10,1417.0400390625,2026.1400146484375,1.429839636704205,1.1372850206163194,68.18322335609125,3789626.5019968217
1999-12-13,2014-12-15,1415.219970703125,1989.6300048828125,1.4058803903779726,1.1375941769512379,68.2709115812715,3562245.0105515993
1999-12-14,2014-12-15,1403.1700439453125,1989.6300048828125,1.4179535926298301,1.135947858959327,68.75754832587214,3658917.0280850716
1999-12-15,2014-12-15,1413.3299560546875,1989.6300048828125,1.4077604428882746,1.1435605901458248,68.7207524135871,3651607.3969956697
1999-12-16,2014-12-16,1418.780029296875,1972.739990234375,1.3904480958983005,1.1301899458954812,68.31080581754799,3326069.486161612
1999-12-17,2014-12-17,1421.030029296875,2012.8900146484375,1.4165006883383138,1.1627287828976107,68.87686298509715,3966611.908837997
1999-12-20,2014-12-22,1418.0899658203125,2078.5400390625,1.4657321391172398,1.1759812438011634,69.01966235193814,4616751.3142459
1999-12-21,2014-12-22,1433.4300537109375,2078.5400390625,1.4500463651375723,1.1829280485072353,68.68438961039521,4545748.383797044
1999-12-22,2014-12-22,1436.1300048828125,2078.5400390625,1.447320250949083,1.1773640169803927,68.23280450250323,4450113.212682812
1999-12-23,2014-12-23,1458.3399658203125,2082.169921875,1.427767167241957,1.1737988990431945,66.6904463276844,4211729.765908377
1999-12-27,2014-12-29,1457.0999755859375,2090.570068359375,1.4347471713591258,1.1789679842061391,67.07336869507022,4344097.914323938
1999-12-28,2014-12-29,1457.6600341796875,2090.570068359375,1.4341959162898117,1.1826667037664675,67.2579431331168,4383570.418289825
1999-12-29,2014-12-29,1463.4599609375,2090.570068359375,1.4285119676387628,1.176897597894436,66.66460184346829,4256680.331793321
1999-12-30,2014-12-30,1464.469970703125,2080.35009765625,1.4205481432012068,1.1690937544169737,66.82725610342814,4083193.598312554
1999-12-31,2014-12-31,1469.25,2058.89990234375,1.401327141292326,1.1602966572540718,65.98985530818267,3788100.077012349
2000-01-03,2015-01-05,1455.219970703125,2020.5799560546875,1.3885048286400268,1.1578922218196543,66.6260750013628,3633626.2200303846
2000-01-04,2015-01-05,1399.4200439453125,2020.5799560546875,1.4438695263776349,1.147324500464844,68.65037544427668,4047856.768583113
2000-01-05,2015-01-05,1402.1099853515625,2020.5799560546875,1.441099469488516,1.1348949847190983,67.77637445751131,3869010.832224819
2000-01-06,2015-01-06,1403.449951171875,2002.6099853515625,1.4269194164561345,1.1266780068165485,67.64737962501727,3633115.5796949444
2000-01-07,2015-01-07,1441.469970703125,2025.9000244140625,1.4054403252159753,1.1251556804557314,65.43447381777648,3409756.1230864306
2000-01-10,2015-01-12,1457.5999755859375,2028.260009765625,1.3915066161758745,1.1160913665000198,64.71036679262322,3169851.4558883472
2000-01-11,2015-01-12,1438.56005859375,2028.260009765625,1.4099237620626908,1.1193643359615566,65.75911093891635,3383291.8257470983
2000-01-12,2015-01-12,1432.25,2028.260009765625,1.4161354580315064,1.1160913665000198,65.85570190754733,3402950.0161098107
2000-01-13,2015-01-13,1449.6800537109375,2023.030029296875,1.3955010446051581,1.1125330678561451,65.14992426414491,3165548.1748167514
2000-01-14,2015-01-14,1465.1500244140625,2011.27001953125,1.3727399829485651,1.1110164236322617,64.59624632081214,2933158.9313478284
2000-01-18,2015-01-20,1455.1400146484375,2022.550048828125,1.389935008636797,1.1271993128181437,65.2877710743125,3285902.510344919
2000-01-19,2015-01-20,1455.9000244140625,2022.550048828125,1.3892094339665355,1.1266641802852557,65.22271063470389,3272662.869234543
2000-01-20,2015-01-20,1445.5699462890625,2022.550048828125,1.3991367584946228,1.1330118477093603,66.05888679656348,3442822.68301186
2000-01-21,2015-01-21,1441.3599853515625,2032.1199951171875,1.4098629181949522,1.1132520785181204,65.53217985659086,3309638.348420182
2000-01-24,2015-01-26,1401.530029296875,2057.090087890625,1.4677459953695275,1.1194861015236233,67.39453299158959,3933668.1354090506
2000-01-25,2015-01-26,1410.030029296875,2057.090087890625,1.4588980696506249,1.1225610398522046,67.17226194902122,3887714.0972136166
2000-01-26,2015-01-26,1404.0899658203125,2057.090087890625,1.4650700011867186,1.128869407130123,67.83551670718374,4024840.5268992553
2000-01-27,2015-01-27,1398.56005859375,2029.550048828125,1.451171178782865,1.1000841043492537,66.7869560036914,3537559.7380554164
2000-01-28,2015-01-28,1360.1600341796875,2002.1600341796875,1.4720032818691002,1.0914424095064494,68.23905872794808,3624025.7383239106
2000-01-31,2015-02-02,1394.4599609375,2020.8499755859375,1.449198996167171,1.0912845672867786,66.56056326593632,3411022.47529127
2000-02-01,2015-02-02,1409.280029296875,2020.8499755859375,1.4339591376982685,1.0876503108960671,65.64127597286792,3225798.9443645193
2000-02-02,2015-02-02,1409.1199951171875,2020.8499755859375,1.434121992866815,1.094229877036452,66.04586234222542,3307317.438596174
2000-02-03,2015-02-03,1424.969970703125,2050.030029296875,1.4386478813201415,1.0976488466893888,65.47575783564608,3391023.991892618
2000-02-04,2015-02-04,1424.3699951171875,2041.510009765625,1.4332722654675574,1.0721023800572371,64.17411015634661,3030491.8680197173
2000-02-07,2015-02-09,1424.239990234375,2046.739990234375,1.4370752150398196,1.0837568728186227,64.17996798067938,3207092.396160854
2000-02-08,2015-02-09,1441.719970703125,2046.739990234375,1.4196515494171746,1.090134251666615,63.77491349641453,3123739.4097465337
2000-02-09,2015-02-09,1411.7099609375,2046.739990234375,1.449830380792354,1.0866373648318968,64.92171184600197,3359730.050429397
2000-02-10,2015-02-10,1416.8299560546875,2068.590087890625,1.460012952895796,1.0970404261128923,64.87141363369028,3582358.607149238
2000-02-11,2015-02-11,1387.1199951171875,2068.530029296875,1.491240870709329,1.1017694921167935,66.09683376961094,3932671.3483994883
2000-02-14,2015-02-17,1389.93994140625,2100.340087890625,1.5111013255476626,1.0929494867208873,65.96273479486041,4005206.9058320373
2000-02-15,2015-02-17,1402.050048828125,2100.340087890625,1.4980492954913782,1.0901509085189185,65.22554278148148,3848686.3081217194
2000-02-16,2015-02-17,1387.6700439453125,2100.340087890625,1.5135731271672523,1.0796847770055404,65.26876010275605,3857862.2091550613
2000-02-17,2015-02-17,1388.260009765625,2100.340087890625,1.5129299073054896,1.0753992045469953,64.98206301626574,3796990.6878622696
2000-02-18,2015-02-18,1346.0899658203125,2099.679931640625,1.5598362553435066,1.0723617877074794,67.12074394618288,4184570.5842381534
2000-02-22,2015-02-23,1352.1700439453125,2109.659912109375,1.5602031131779004,1.068791010138694,66.47658025847646,4140663.4002899188
2000-02-23,2015-02-23,1360.68994140625,2109.659912109375,1.5504339731717847,1.0683108411294135,66.03066169665678,4045809.1785156336
2000-02-24,2015-02-24,1353.4300537109375,2115.47998046875,1.5630508386217419,1.0793644724833058,67.07793378462559,4306621.092217265
2000-02-25,2015-02-25,1333.3599853515625,2113.860107421875,1.5853633907159144,1.0783373805566003,68.06289063640021,4497040.018667399
2000-02-28,2015-03-02,1348.050048828125,2117.389892578125,1.5707056977734586,1.0908793875768341,67.32119103502693,4530059.982636699
2000-02-29,2015-03-02,1366.4200439453125,2117.389892578125,1.549589309641939,1.1240321641682434,68.43457685773795,4770364.150449052
2000-03-01,2015-03-02,1379.18994140625,2117.389892578125,1.535241687174133,1.115064925579434,67.26004378916227,4516862.456916688
2000-03-02,2015-03-02,1381.760009765625,2117.389892578125,1.5323861434789086,1.1163075969511613,67.20975813127151,4506009.208271119
2000-03-03,2015-03-03,1409.1700439453125,2107.780029296875,1.4957598895557238,1.126737621903792,66.8334492290402,4291589.418807361
2000-03-06,2015-03-06,1391.280029296875,2071.260009765625,1.488744153693055,1.1434168090262247,67.6928386837407,4435123.160419921
2000-03-07,2015-03-09,1355.6199951171875,2079.429931640625,1.5339327681286283,1.1328543361543892,68.83174990604634,4735885.848067611
2000-03-08,2015-03-09,1366.699951171875,2079.429931640625,1.5214970409983704,1.139874140421686,68.69678738657257,4706992.317343087
2000-03-09,2015-03-09,1401.68994140625,2079.429931640625,1.483516339964907,1.142986214800422,67.1648023544983,4379016.396573833
2000-03-10,2015-03-10,1395.0699462890625,2044.1600341796875,1.465274224863942,1.151536498062202,68.19616902439203,4308446.036613354
2000-03-13,2015-03-13,1383.6199951171875,2053.39990234375,1.484077932951406,1.1546665023345468,68.76051675584563,4531455.844758855
2000-03-14,2015-03-16,1359.1500244140625,2081.18994140625,1.531243721460008,1.1490910207258471,69.66047448641359,4920885.724199017
2000-03-15,2015-03-16,1392.1400146484375,2081.18994140625,1.4949573458901122,1.148873508768965,67.99683420170626,4564543.239349402
2000-03-16,2015-03-16,1458.469970703125,2081.18994140625,1.42696797548935,1.1378866735240134,64.28370717635089,3769212.1074093175
2000-03-17,2015-03-17,1464.469970703125,2074.280029296875,1.4164032522298606,1.1366448195694618,63.99633781015625,3652354.1137001105
2000-03-20,2015-03-20,1456.6300048828125,2108.10009765625,1.447244729677149,1.122305561621413,64.34078293305976,3773646.8615406347
2000-03-21,2015-03-23,1493.8699951171875,2104.419921875,1.408703520890998,1.118427200348528,62.520061155373604,3360514.2007256574
2000-03-22,2015-03-23,1500.6400146484375,2104.419921875,1.4023482656285244,1.116237894878776,62.11617679074406,3274204.259734497
2000-03-23,2015-03-23,1527.3499755859375,2104.419921875,1.3778243071419705,1.1192635049163921,61.195326866227354,3077418.967687718
2000-03-24,2015-03-24,1527.4599609375,2091.5,1.3692666606568937,1.1320260887514448,61.867477504696026,3144386.538083567
2000-03-27,2015-03-27,1523.8599853515625,2061.02001953125,1.352499599269786,1.1341239920089625,62.013633589061655,3007491.035177875
2000-03-28,2015-03-30,1507.72998046875,2086.239990234375,1.383696031291868,1.13530414840302,62.74228921013428,3321366.360973761
2000-03-29,2015-03-30,1508.52001953125,2086.239990234375,1.3829713647967647,1.1360564292093436,62.75098277517409,3323212.1681053787
2000-03-30,2015-03-30,1487.9200439453125,2086.239990234375,1.4021183454875572,1.1656274432347034,65.27575079317225,3859267.835943375
2000-03-31,2015-03-31,1498.5799560546875,2067.889892578125,1.3798996071068907,1.1407851365673236,63.4253779270794,3348952.7955775056
2000-04-03,2015-04-06,1505.969970703125,2080.6201171875,1.3815814110928624,1.135604965451627,63.114140331986476,3304532.425995866
2000-04-04,2015-04-06,1494.72998046875,2080.6201171875,1.3919705527917583,1.1398301633594432,63.825334630713975,3454452.9914797945
2000-04-05,2015-04-06,1487.3699951171875,2080.6201171875,1.3988584710044332,1.1412455305114557,64.22080925965751,3537819.492184097
2000-04-06,2015-04-06,1501.3399658203125,2080.6201171875,1.3858420907690128,1.133020396711163,63.16469199678397,3315188.774318898
2000-04-07,2015-04-07,1516.3499755859375,2076.330078125,1.3692947614700088,1.1263108378117925,61.748908651382514,3078292.9744219137
2000-04-10,2015-04-10,1504.4599609375,2102.06005859375,1.397219010922602,1.1241478902367328,62.2369212588649,3319373.212215479
2000-04-11,2015-04-13,1500.5899658203125,2092.429931640625,1.3944048536248723,1.1353096747792923,63.0169799265874,3424529.6010583322
2000-04-12,2015-04-13,1467.1700439453125,2092.429931640625,1.426167294156272,1.134880395773666,64.4280412301681,3725128.4914033627
2000-04-13,2015-04-13,1440.510009765625,2092.429931640625,1.4525618825662094,1.1460385229067176,66.26561317148375,4116587.0942910933
2000-04-14,2015-04-14,1356.56005859375,2095.840087890625,1.5449666784847214,1.1413815837240366,70.43365544528785,4953602.441177133
2000-04-17,2015-04-17,1401.43994140625,2081.179931640625,1.4850296970645078,1.138878229735597,68.17807951295885,4341952.576379789
2000-04-18,2015-04-20,1441.6099853515625,2100.39990234375,1.4569820712163906,1.1368145105337673,66.15821661786296,4045579.6940409285
2000-04-19,2015-04-20,1427.469970703125,2100.39990234375,1.4714144223357368,1.1275659892833385,66.26999686638894,4069310.9623421854
2000-04-20,2015-04-20,1434.5400390625,2100.39990234375,1.4641626201778255,1.1266067699120341,65.8872900804747,3988061.2108251946
2000-04-24,2015-04-24,1429.8599853515625,2117.68994140625,1.4810470697140108,1.1224536185206306,65.89740829865453,4097208.3292468823
2000-04-25,2015-04-27,1477.43994140625,2108.919921875,1.4274149918186845,1.122347843750804,63.76921686598394,3585436.05198071
2000-04-26,2015-04-27,1460.989990234375,2108.919921875,1.4434869068039835,1.1198157785894858,64.34173754033306,3707406.2343361354
2000-04-27,2015-04-27,1464.9200439453125,2108.919921875,1.4396143534190928,1.1014886525191427,63.118918477270824,3446896.0540200206
2000-04-28,2015-04-28,1452.4300537109375,2114.760009765625,1.456015044829487,1.0956477767683417,63.4856000966858,3527971.4049376473
2000-05-01,2015-05-01,1468.25,2108.2900390625,1.4359203399029457,1.1074227925653044,62.8015621033887,3484649.3398371157
2000-05-02,2015-05-04,1446.2900390625,2114.489990234375,1.4620096475289348,1.1021381768260767,63.45087991402862,3664134.7702036453
2000-05-03,2015-05-04,1415.0999755859375,2114.489990234375,1.494233641943812,1.1120370229085286,65.43183816694903,4090733.748479865
2000-05-04,2015-05-04,1409.5699462890625,2114.489990234375,1.5000958241207802,1.1060968543819973,65.33765206410982,4070450.789371672
2000-05-05,2015-05-05,1432.6300048828125,2089.4599609375,1.458478430450307,1.0990926257857172,63.97368963496754,3593464.488335896
2000-05-08,2015-05-08,1424.1700439453125,2116.10009765625,1.4858479200939487,1.101008120539818,64.35371090956215,3872691.707722193
2000-05-09,2015-05-11,1412.1400146484375,2105.330078125,1.4908791311668461,1.0985916632868715,64.75949586655122,3889115.4202909423
2000-05-10,2015-05-11,1383.050048828125,2105.330078125,1.5222370874494902,1.108424061159616,66.71338360601429,4308170.139117297
2000-05-11,2015-05-11,1407.81005859375,2105.330078125,1.495464580092571,1.1090380081476467,65.57635694490816,4064309.461687162
2000-05-12,2015-05-12,1420.9599609375,2099.1201171875,1.4772549367278256,1.0920896329025815,64.1346555697535,3680739.917183158
2000-05-15,2015-05-15,1452.3599853515625,2122.72998046875,1.461572889558036,1.0926820182066703,62.74806424873864,3542851.8368122834
2000-05-16,2015-05-18,1466.0400390625,2129.199951171875,1.4523477493380406,1.100908984429619,62.6305745614516,3558694.775265026
2000-05-17,2015-05-18,1447.800048828125,2129.199951171875,1.4706450334045003,1.1055786528339069,63.68862442913686,3787748.6409433326
2000-05-18,2015-05-18,1437.2099609375,2129.199951171875,1.4814814877730085,1.1215040446993587,65.08208189813685,4089413.836205855
2000-05-19,2015-05-19,1406.949951171875,2127.830078125,1.51237083902856,1.1333082985611576,66.76285390709785,4534570.941722765
2000-05-22,2015-05-22,1400.719970703125,2126.06005859375,1.5178337591106974,1.1422130332505012,67.05979496925066,4701686.976653364
2000-05-23,2015-05-26,1373.8599853515625,2104.199951171875,1.531597086753657,1.1423555255211246,67.6087856044163,4836848.788964828
2000-05-24,2015-05-26,1399.050048828125,2104.199951171875,1.5040204980046274,1.1453343565541994,66.56460519858247,4607701.842288352
2000-05-25,2015-05-26,1381.52001953125,2104.199951171875,1.52310492893605,1.148221448606259,67.57916098486729,4830347.622041772
2000-05-26,2015-05-26,1378.02001953125,2104.199951171875,1.5269734266180282,1.1550149904557339,68.15165659484381,4955982.63710131
2000-05-30,2015-06-01,1422.449951171875,2111.72998046875,1.484572429932608,1.1599647245935945,65.31751837230772,4602997.99052466
2000-05-31,2015-06-01,1420.5999755859375,2111.72998046875,1.4865057136142428,1.150663595595118,64.87815021923886,4504768.718864436
2000-06-01,2015-06-01,1448.81005859375,2111.72998046875,1.457561650640696,1.1565262033488484,63.93901081645917,4294805.8918408565
2000-06-02,2015-06-02,1477.260009765625,2109.60009765625,1.428049282936285,1.1718092102109772,63.95171603300075,4190443.044181724
2000-06-05,2015-06-05,1467.6300048828125,2092.830078125,1.4259929758604988,1.1767879578240432,64.37134178037105,4230214.74920292
2000-06-06,2015-06-08,1457.8399658203125,2079.280029296875,1.4262745418197422,1.179797323165047,64.96934416983183,4269422.23783703
2000-06-07,2015-06-08,1471.3599853515625,2079.280029296875,1.4131688030105412,1.176232311097743,64.17783948607796,4095581.5645159944
2000-06-08,2015-06-08,1461.6700439453125,2079.280029296875,1.4225372120814088,1.1657744999426278,64.02891362761173,4062872.507902587
2000-06-09,2015-06-09,1456.949951171875,2080.14990234375,1.4277428683604498,1.1642227840288488,64.2664190699687,4095547.389637867
2000-06-12,2015-06-12,1446.0,2094.110107421875,1.4482089262945195,1.1556179273621654,64.75308169155059,4191926.1572749675
2000-06-13,2015-06-15,1469.43994140625,2084.429931640625,1.418519990443319,1.1581120251700578,63.85768865252038,3930986.8992729164
2000-06-14,2015-06-15,1470.5400390625,2084.429931640625,1.4174588085132946,1.1598533401131053,63.90586065829204,3941495.948308004
2000-06-15,2015-06-15,1478.72998046875,2084.429931640625,1.4096082173027094,1.1605077568381723,63.58777574489792,3872103.5719966358
2000-06-16,2015-06-16,1464.4599609375,2096.2900390625,1.4314423712345967,1.1711480190103662,64.78610648206921,4216134.009942668
2000-06-19,2015-06-19,1486.0,2109.989990234375,1.4199125102519348,1.1705787098346585,63.84701141858936,4094772.1247082357
2000-06-20,2015-06-22,1475.949951171875,2122.85009765625,1.4382940938957647,1.1686937402613564,64.17824675473166,4254246.579538492
2000-06-21,2015-06-22,1479.1300048828125,2122.85009765625,1.4352018353007705,1.180321431584774,64.67742300647018,4365115.631572949
2000-06-22,2015-06-22,1452.1800537109375,2122.85009765625,1.4618367000920205,1.1794187657286521,65.82734332980301,4620517.5576843135
2000-06-23,2015-06-23,1441.47998046875,2124.199951171875,1.4736243166423397,1.1754768661080757,65.83766100415002,4689151.769281885
2000-06-26,2015-06-26,1455.31005859375,2101.489990234375,1.4440152995747322,1.164183306172728,65.21199364901987,4255715.327682314
2000-06-27,2015-06-29,1450.550048828125,2057.639892578125,1.4185238863288154,1.1640728920683905,65.41978297796722,4002728.919971919
2000-06-28,2015-06-29,1454.8199462890625,2057.639892578125,1.4143605178267789,1.1659537994145794,65.33317082238383,3984190.085377848
2000-06-29,2015-06-29,1442.3900146484375,2057.639892578125,1.4265489026417353,1.1571549447881866,65.39890089211576,3998259.229395904
2000-06-30,2015-06-30,1454.5999755859375,2063.110107421875,1.4183350350950057,1.1534967327710688,64.79493318965851,3873660.149553903
2000-07-03,2015-07-06,1469.5400390625,2068.760009765625,1.407760220732332,1.1556173593248569,64.1361961773409,3795536.6222079345
2000-07-05,2015-07-06,1446.22998046875,2068.760009765625,1.4304502310864151,1.1423739678494917,64.42308279379705,3857245.2214020407
2000-07-06,2015-07-06,1456.6700439453125,2068.760009765625,1.4201980869754827,1.136549899728056,63.63526897207133,3687788.4235737566
2000-07-07,2015-07-07,1478.9000244140625,2081.340087890625,1.4073568554542746,1.1440179155029055,63.15291223955985,3653151.548114037
2000-07-10,2015-07-10,1475.6199951171875,2076.6201171875,1.4072865128278393,1.154104791697292,63.29328943898395,3772843.7936825342
2000-07-11,2015-07-13,1480.8800048828125,2099.60009765625,1.4178056903553093,1.1427911110107625,62.45021513321156,3739768.6758658956
2000-07-12,2015-07-13,1492.9200439453125,2099.60009765625,1.406371430386637,1.1436371698724717,61.99243104115002,3639050.887864685
2000-07-13,2015-07-13,1495.8399658203125,2099.60009765625,1.4036261536205432,1.1461831230231228,62.00915757493087,3642730.918500411
2000-07-14,2015-07-14,1509.97998046875,2108.949951171875,1.3966741138628764,1.1395305701699843,61.19575202240179,3496368.162164244
2000-07-17,2015-07-17,1510.489990234375,2126.639892578125,1.4079139261612355,1.1485307458533234,61.175089567603706,3712435.0209113536
2000-07-18,2015-07-20,1493.739990234375,2128.280029296875,1.4247995254936823,1.1492741281979526,61.90111360344319,3885874.7717577987
2000-07-19,2015-07-20,1481.9599609375,2128.280029296875,1.4361251892058593,1.1562232438908067,62.770424482390354,4080881.635125691
2000-07-20,2015-07-20,1495.5699462890625,2128.280029296875,1.4230561630218281,1.1406258357887142,61.36013619230186,3764520.8227225356
2000-07-21,2015-07-21,1480.18994140625,2119.2099609375,1.4317148777028919,1.1350806221843799,61.912477492771714,3780948.184192397
2000-07-24,2015-07-24,1464.2900390625,2079.64990234375,1.4202445190948845,1.1293987789752853,62.58475028008436,3602110.170038642
2000-07-25,2015-07-27,1474.469970703125,2067.639892578125,1.4022936605430745,1.129502311193988,62.15835460549256,3431420.5311155613
2000-07-26,2015-07-27,1452.4200439453125,2067.639892578125,1.4235825932019273,1.1285714405485003,63.05000713536215,3624092.299413193
2000-07-27,2015-07-27,1449.6199951171875,2067.639892578125,1.4263323488518636,1.1241448595395933,62.92401501556343,3596867.429074141
2000-07-28,2015-07-28,1419.8900146484375,2093.25,1.4742339043198958,1.1313374768937197,64.47678111295745,4143419.4368345216
2000-07-31,2015-07-31,1430.8299560546875,2103.840087890625,1.470363462120732,1.134715699768003,63.98379995579443,4148409.4009891828
2000-08-01,2015-08-03,1438.0999755859375,2098.0400390625,1.4588972078993865,1.140458219974089,63.98251248987179,4109119.93293495
2000-08-02,2015-08-03,1438.699951171875,2098.0400390625,1.458288809528052,1.1441428745484727,64.16246208689887,4148801.5638609086
2000-08-03,2015-08-03,1452.56005859375,2098.0400390625,1.4443740392350117,1.1415085430526768,63.40391239989243,3981529.7876742734
2000-08-04,2015-08-04,1462.9300537109375,2093.320068359375,1.4309091969567242,1.1446440308051298,62.96027285136146,3889236.569407334
2000-08-07,2015-08-07,1479.3199462890625,2077.570068359375,1.4044088796146152,1.1477664116484558,62.2627144149246,3669194.725256359
2000-08-08,2015-08-10,1482.800048828125,2104.179931640625,1.4190584450705839,1.1546794021190092,62.49071288238454,3894968.0827327566
2000-08-09,2015-08-10,1472.8699951171875,2104.179931640625,1.4286257026189253,1.1570380918607464,63.04053556431365,4017222.5468632355
2000-08-10,2015-08-10,1460.25,2104.179931640625,1.4409723894131998,1.1489304814150803,63.13979807458041,4039293.817110457
2000-08-11,2015-08-11,1471.8399658203125,2084.070068359375,1.4159624121891834,1.1471154828497814,62.31511507418156,3773830.004198951
2000-08-14,2015-08-14,1491.56005859375,2091.5400390625,1.4022499643992974,1.1413189483009325,61.491239533019055,3571514.575204957
2000-08-15,2015-08-17,1484.4300537109375,2102.43994140625,1.4163280621746677,1.1479520460184802,62.14568411630303,3787434.3889216552
2000-08-16,2015-08-17,1479.8499755859375,2102.43994140625,1.4207115424479444,1.1464713699135174,62.25761642787291,3812267.3185726027
2000-08-17,2015-08-17,1496.0699462890625,2102.43994140625,1.4053085864208839,1.1493304460909306,61.736211909380216,3696590.24958497
2000-08-18,2015-08-18,1491.719970703125,2096.919921875,1.4057061399309503,1.1483933397289685,61.8990846995216,3689294.262684717
2000-08-21,2015-08-21,1499.47998046875,1970.8900146484375,1.3143823460932909,1.0977285257206397,61.57874864435041,2235240.757686695
2000-08-22,2015-08-24,1498.1300048828125,1893.2099609375,1.2637154017121441,1.1112731253979884,62.39472724514373,1908743.5353494617
2000-08-23,2015-08-24,1505.969970703125,1893.2099609375,1.2571365948642228,1.1111693154431312,62.06410673080486,1845640.848846519
2000-08-24,2015-08-24,1508.31005859375,1893.2099609375,1.2551861934160975,1.1131460607536956,62.0780558960665,1848303.2057309481
2000-08-25,2015-08-25,1506.449951171875,1867.6099853515625,1.23974247129733,1.1169321019812775,62.547094373313044,1742325.23395589
2000-08-28,2015-08-28,1514.0899658203125,1988.8699951171875,1.313574516716149,1.1409497787705567,62.23148517701907,2709167.2600054964
2000-08-29,2015-08-31,1509.8399658203125,1972.1800537109375,1.3062179425350093,1.1358127398364315,62.125677387490015,2581088.951537975
2000-08-30,2015-08-31,1502.5899658203125,1972.1800537109375,1.3125204470763656,1.1351738911200198,62.39032214094094,2634682.237337616
2000-08-31,2015-08-31,1517.6800537109375,1972.1800537109375,1.2994702334584187,1.1428881583296358,62.189752017715186,2594064.723494099
2000-09-01,2015-09-01,1520.77001953125,1913.8499755859375,1.2584742932898212,1.130880366972001,62.11615508477563,2068599.2228611847
2000-09-05,2015-09-08,1507.0799560546875,1969.4100341796875,1.3067720967740237,1.1336637075544258,62.638988004331246,2562612.0493356897
2000-09-06,2015-09-08,1492.25,1969.4100341796875,1.3197587764648602,1.142181829792082,63.73682744175909,2782790.1107040076
2000-09-07,2015-09-08,1502.510009765625,1969.4100341796875,1.3107466981114446,1.1317406106535424,62.72292588209671,2579446.2771578124
2000-09-08,2015-09-08,1494.5,1969.4100341796875,1.317771852913809,1.1231668438438733,62.58138033279182,2551058.4969608444
2000-09-11,2015-09-11,1489.260009765625,1961.050048828125,1.3167949424336916,1.1257014840214417,62.801574133503046,2570056.816804059
2000-09-12,2015-09-14,1481.989990234375,1953.030029296875,1.3178429288770066,1.1242294354105393,63.027125498363766,2563610.244837108
2000-09-13,2015-09-14,1484.9100341796875,1953.030029296875,1.3152514188348066,1.120566022779222,62.698207762243136,2498044.9155196375
2000-09-14,2015-09-14,1480.8699951171875,1953.030029296875,1.3188396251774441,1.1221331177812475,62.957179756636016,2549667.501448369
2000-09-15,2015-09-15,1465.81005859375,1978.0899658203125,1.3494858724861167,1.1260776207987502,63.788373124109754,2886427.1282090684
2000-09-18,2015-09-18,1444.510009765625,1958.030029296875,1.3554977231445906,1.1266760592517557,64.72896574930772,2950713.9441560903
2000-09-19,2015-09-21,1459.9000244140625,1966.969970703125,1.3473319664424126,1.1303752610079605,64.25688757312628,2914961.333004908
2000-09-20,2015-09-21,1451.3399658203125,1966.969970703125,1.3552785818802786,1.1299512545789603,64.61163208204538,2986261.2634687345
2000-09-21,2015-09-21,1449.050048828125,1966.969970703125,1.3574203129104145,1.1157222323947482,63.898823003024646,2842994.1050199084
2000-09-22,2015-09-22,1448.719970703125,1942.739990234375,1.3410044932917444,1.1173350745986812,64.2285768566598,2706019.4950580485
2000-09-25,2015-09-25,1439.030029296875,1931.3399658203125,1.342112344079425,1.115101842157647,64.66107036525736,2691099.71281131
2000-09-26,2015-09-28,1427.2099609375,1881.77001953125,1.3184955760084245,1.1175976180750689,65.34250989413945,2495682.9288072246
2000-09-27,2015-09-28,1426.5699462890625,1881.77001953125,1.3190871042995822,1.1132372934438024,65.11677587966072,2452515.0022041188
2000-09-28,2015-09-28,1458.2900390625,1881.77001953125,1.290394893419827,1.1082955644309194,63.41761406452247,2127578.183567948
2000-09-29,2015-09-29,1436.510009765625,1884.0899658203125,1.3115745473487601,1.1007438817356259,63.92980033856137,2242640.9435230396
2000-10-02,2015-10-02,1436.22998046875,1951.3599853515625,1.3586681881648834,1.1062631941442347,63.94226506724801,2745818.289589846
2000-10-03,2015-10-05,1426.4599609375,1987.050048828125,1.3929939172791035,1.1032237003547853,64.20332767880785,3031927.505855216
2000-10-04,2015-10-05,1434.3199462890625,1987.050048828125,1.3853603960323573,1.1043362349931813,63.91588776853953,2973583.239158544
2000-10-05,2015-10-05,1436.280029296875,1987.050048828125,1.383469802752098,1.1078910587330042,64.03412459153961,2997582.8317274544
2000-10-06,2015-10-06,1408.989990234375,1979.9200439453125,1.4052051878778553,1.1162272233678747,65.8863945350241,3301119.857877224
2000-10-09,2015-10-09,1402.030029296875,2014.8900146484375,1.437123294469602,1.1141013760390552,66.2134679376576,3577336.818405967
2000-10-10,2015-10-12,1387.02001953125,2017.4599609375,1.454528364788354,1.1138945977951518,66.91759249672775,3739222.1212017382
2000-10-11,2015-10-12,1364.5899658203125,2017.4599609375,1.478436754974026,1.1137911980224042,68.0112172290356,3963760.28155399
2000-10-12,2015-10-12,1329.780029296875,2017.4599609375,1.5171381104318717,1.1143083100047646,69.82396431227089,4335945.440895287
2000-10-13,2015-10-13,1374.1700439453125,2003.68994140625,1.458109169410762,1.1094430280585803,67.43693380878258,3718003.1622409676
2000-10-16,2015-10-16,1374.6199951171875,2033.1099853515625,1.4790342004142303,1.107432066504619,67.41485983379117,3889645.5604438568
2000-10-17,2015-10-19,1349.969970703125,2033.6600341796875,1.5064483494551113,1.1100036623360205,68.805238054104,4179943.808929125
2000-10-18,2015-10-19,1342.1300048828125,2033.6600341796875,1.5152481702823235,1.1031385242513045,68.7791277563672,4174562.786128927
2000-10-19,2015-10-19,1388.760009765625,2033.6600341796875,1.4643711079518336,1.098070351386786,66.16436690458542,3635691.575147894
2000-10-20,2015-10-20,1396.9300537109375,2030.77001953125,1.4537377974913774,1.109690532426269,66.31975536220189,3679928.1178942597
2000-10-23,2015-10-23,1395.780029296875,2075.14990234375,1.4867313321491697,1.1205206110979486,66.3743981685183,4126943.095108401
2000-10-24,2015-10-26,1398.1300048828125,2071.179931640625,1.481392949444802,1.117724780712191,66.09750259281273,4041095.8891262724
2000-10-25,2015-10-26,1364.9000244140625,2071.179931640625,1.5174590772901195,1.117415002629477,67.687953461837,4378955.449365427
2000-10-26,2015-10-26,1364.43994140625,2071.179931640625,1.5179707576619155,1.1144291795627548,67.52984887303172,4345369.283400856
2000-10-27,2015-10-27,1379.5799560546875,2065.889892578125,1.4974774629852854,1.107427119786823,66.62913017684646,4062783.864049936
2000-10-30,2015-10-30,1398.6600341796875,2079.360107421875,1.4866801485762173,1.110285881033763,65.7201966418144,3997427.018335938
2000-10-31,2015-11-02,1429.4000244140625,2104.050048828125,1.4719812598930198,1.1158244989760753,64.62764188401619,3928168.9354531113
2000-11-01,2015-11-02,1421.219970703125,2104.050048828125,1.4804534781390535,1.1168562210815793,65.05971681762891,4021287.1816508123
2000-11-02,2015-11-02,1428.3199462890625,2104.050048828125,1.4730943541709167,1.1293876153415394,65.46267115402203,4108129.5281598996
2000-11-03,2015-11-03,1426.68994140625,2109.7900390625,1.4788006684780692,1.1310947504405466,65.47012521147622,4184187.947578611
2000-11-06,2015-11-06,1432.18994140625,2099.199951171875,1.4657273385893885,1.1496077553303143,65.21870207390721,4288897.652644351
2000-11-07,2015-11-09,1431.8699951171875,2078.580078125,1.451654190124212,1.147785131268912,65.12985208963791,4129266.567031296
2000-11-08,2015-11-09,1409.280029296875,2078.580078125,1.4749233898972198,1.1440509517027704,65.95855839126841,4309046.066997009
2000-11-09,2015-11-09,1400.1400146484375,2078.580078125,1.484551585111945,1.1413985105169324,66.23521035483644,4369062.928914119
2000-11-10,2015-11-10,1365.97998046875,2081.719970703125,1.52397546118411,1.1379807273148963,67.68446060216908,4706479.887616392
2000-11-13,2015-11-13,1351.260009765625,2023.0400390625,1.4971508254827985,1.1396634122296594,68.42178226485454,4468983.195965668
2000-11-14,2015-11-16,1382.949951171875,2053.18994140625,1.4846451526799154,1.1333762083411112,66.48510044758514,4268969.468071638
2000-11-15,2015-11-16,1389.81005859375,2053.18994140625,1.477316938894317,1.1325432101050086,66.10830635295892,4188102.275335576
2000-11-16,2015-11-16,1372.3199462890625,2053.18994140625,1.4961452298047198,1.1331678637947562,66.98777835112264,4376853.724988805
2000-11-17,2015-11-17,1367.719970703125,2050.43994140625,1.499166485338478,1.123044047954688,66.51599610658319,4277182.385181425
2000-11-20,2015-11-20,1342.6199951171875,2089.169921875,1.5560396310742055,1.118222370479018,67.7594975324679,4755185.794465924
2000-11-21,2015-11-23,1347.3499755859375,2086.590087890625,1.5486622820349298,1.1157861004847187,67.37451307269795,4653235.1964631295
2000-11-22,2015-11-23,1322.3599853515625,2086.590087890625,1.577928938416784,1.1138649987779832,68.52956411957719,4904446.431720294
2000-11-24,2015-11-24,1341.77001953125,2089.139892578125,1.5570029603940398,1.1119633229507455,67.64856273697718,4681679.974599509
2000-11-27,2015-11-27,1348.969970703125,2090.110107421875,1.5494118867097129,1.1183625409118239,67.28749736181551,4694179.739296295
2000-11-28,2015-11-30,1336.0899658203125,2080.409912109375,1.5570881941562043,1.1068091935163853,67.23433304898303,4614428.000899104
2000-11-29,2015-11-30,1341.9300537109375,2080.409912109375,1.5503117367080832,1.1163359247835867,67.51792195260305,4676070.459831348
2000-11-30,2015-11-30,1314.949951171875,2080.409912109375,1.5821209851031417,1.1081032141302505,68.39510757190908,4866740.397278818
2000-12-01,2015-12-01,1315.22998046875,2102.6298828125,1.5986784927630067,1.109942236649989,68.65841750230717,5047257.830864809
2000-12-04,2015-12-04,1324.969970703125,2091.68994140625,1.5786696964130047,1.11323822609202,68.15370242893444,4903052.6365219485
2000-12-05,2015-12-07,1376.5400390625,2077.070068359375,1.508906395322852,1.1190994433644907,65.9458104868771,4319466.284164961
2000-12-06,2015-12-07,1351.4599609375,2077.070068359375,1.5369083275826563,1.1152523770422726,66.93871214418836,4535064.844564628
2000-12-07,2015-12-07,1343.550048828125,2077.070068359375,1.545956602190624,1.1116320746896389,67.11422797867681,4573176.33422165
2000-12-08,2015-12-08,1369.8900146484375,2063.590087890625,1.5063910721476539,1.101658177822676,65.4284855672828,4072797.8099869085
2000-12-11,2015-12-11,1380.199951171875,2012.3699951171875,1.4580278700985037,1.0853275671695466,64.93974222799304,3419072.8926925506
2000-12-12,2015-12-14,1371.1800537109375,2021.93994140625,1.4745984204875993,1.0776966507664363,64.90733531099823,3476159.725792486
2000-12-13,2015-12-14,1359.989990234375,2021.93994140625,1.4867314876764626,1.0799072443052213,65.57563074574406,3614912.2408896005
2000-12-14,2015-12-14,1340.9300537109375,2021.93994140625,1.507863841078557,1.0771214935968598,66.3361559757081,3772813.6464146185
2000-12-15,2015-12-15,1312.1500244140625,2043.4100341796875,1.5572990863542204,1.0801154141467597,67.65272669324445,4263892.099714646
2000-12-18,2015-12-18,1322.739990234375,2005.550048828125,1.5162088268555058,1.075952060718737,67.11109336498508,3834000.7395138196
2000-12-19,2015-12-21,1305.5999755859375,2021.1500244140625,1.5480622412749316,1.073664646443894,67.84758534968898,4094605.447109497
2000-12-20,2015-12-21,1264.739990234375,2021.1500244140625,1.598075525420457,1.081134605493409,70.52683492513374,4651190.703100524
2000-12-21,2015-12-21,1274.8599853515625,2021.1500244140625,1.5853898056551667,1.07452125888794,69.53899321469385,4445977.222309906
2000-12-22,2015-12-22,1305.949951171875,2038.969970703125,1.561292581598158,1.0641870676768799,67.32841869358295,4089582.5331872506
2000-12-26,2015-12-28,1315.18994140625,2056.5,1.5636524696965928,1.0532994593386198,66.54528561921438,3966511.6718433117
2000-12-27,2015-12-28,1328.9200439453125,2056.5,1.5474971646109272,1.0502661865809473,65.66809874583518,3782407.8605599348
2000-12-28,2015-12-28,1334.219970703125,2056.5,1.5413500360935524,1.0521944515130222,65.5273313432027,3752863.6253284337
2000-12-29,2015-12-29,1320.280029296875,2078.360107421875,1.5741812807156685,1.0535751549037167,66.20761073938354,4064235.071017072
2001-01-02,2016-01-04,1283.27001953125,2012.6600341796875,1.568383897034287,1.0494290821484225,68.45214769657142,3957297.07145857
2001-01-03,2016-01-04,1347.56005859375,2012.6600341796875,1.493558688790468,1.0290895566998954,63.92298874668682,3033807.903118555
2001-01-04,2016-01-04,1333.3399658203125,2012.6600341796875,1.50948751689254,1.025908166590602,64.40500548728899,3132090.4416273907
2001-01-05,2016-01-05,1298.3499755859375,2016.7099609375,1.5532868632183483,1.0173571169895024,65.79041238976963,3400498.333782203
2001-01-08,2016-01-08,1295.8599853515625,1922.030029296875,1.4832081019736363,1.0049543164992452,65.91682842716398,2639918.139246094
2001-01-09,2016-01-11,1300.800048828125,1923.6700439453125,1.4788360791332407,1.0103048914477006,66.01611669098688,2669758.750892092
2001-01-10,2016-01-11,1313.27001953125,1923.6700439453125,1.4647939992050794,0.9977949102861913,64.57959501996292,2394062.6947684707
2001-01-11,2016-01-11,1326.8199462890625,1923.6700439453125,1.449835035511457,0.9930784191240396,63.6179419279751,2209503.0252779634
2001-01-12,2016-01-12,1318.550048828125,1938.6800537109375,1.4703120715318765,1.0010194779331865,64.43028086221028,2480957.4686265863
2001-01-16,2016-01-19,1326.6500244140625,1881.3299560546875,1.4181056958752998,0.9865318809079473,63.25235474600484,1863574.945974565
2001-01-17,2016-01-19,1329.469970703125,1881.3299560546875,1.4150977438472694,0.9971586167927307,63.79808708802217,1965932.1873130621
2001-01-18,2016-01-19,1347.969970703125,1881.3299560546875,1.3956764593749462,1.0037138666284362,63.33614840647691,1879291.236300828
2001-01-19,2016-01-19,1342.5400390625,1881.3299560546875,1.4013213023936524,1.0081897077956958,63.87588872937758,1980524.6180114308
2001-01-22,2016-01-22,1342.9000244140625,1906.9000244140625,1.4199865885370624,1.0138752783410643,63.85876579852452,2208565.2444416652
2001-01-23,2016-01-25,1360.4000244140625,1877.0799560546875,1.379800001740785,1.0027819787620695,62.34757383833482,1733255.1248321873
2001-01-24,2016-01-25,1364.300048828125,1877.0799560546875,1.3758556687489811,1.0137883214004382,62.85170421454367,1828127.9475594014
2001-01-25,2016-01-25,1357.510009765625,1877.0799560546875,1.3827374697434214,1.0077394914226863,62.789193710438084,1816364.0304171783
2001-01-26,2016-01-26,1354.949951171875,1903.6300048828125,1.4049448861460845,1.0236056696197118,63.816224010570366,2195168.992160748
2001-01-29,2016-01-29,1364.1700439453125,1940.239990234375,1.4222860257384131,1.0448767379466948,63.38490570942497,2602243.183846123
2001-01-30,2016-02-01,1373.72998046875,1939.3800048828125,1.4117621602908084,1.035653034126109,62.388163547191404,2398572.0852462593
2001-01-31,2016-02-01,1366.010009765625,1939.3800048828125,1.4197406981048142,1.046958917474698,63.42566876669993,2604758.36356435
2001-02-01,2016-02-01,1373.469970703125,1939.3800048828125,1.4120294190996978,1.045057504179078,62.96661054919402,2513528.4558789544
2001-02-02,2016-02-02,1349.469970703125,1903.030029296875,1.410205540405856,1.0445878075570636,64.58355361402153,2491748.1958145606
2001-02-05,2016-02-05,1354.31005859375,1880.050048828125,1.3881976559933977,1.0080878631783696,64.35274230622888,1867125.7697726577
2001-02-06,2016-02-08,1352.260009765625,1853.43994140625,1.370623939199008,0.9957644251117415,63.66242507669941,1573661.3791403538
2001-02-07,2016-02-08,1340.8900146484375,1853.43994140625,1.3822460613163683,0.9910718890834679,63.89969388717677,1616796.224616128
2001-02-08,2016-02-08,1332.530029296875,1853.43994140625,1.390917953559545,0.9844085044049202,63.868266461229986,1611082.8012665156
2001-02-09,2016-02-09,1314.760009765625,1852.2099609375,1.4087817907297646,0.9879159811280446,65.23114012882692,1802108.2214653292
2001-02-12,2016-02-12,1330.31005859375,1864.780029296875,1.4017634590150396,0.9804631225751236,64.46865065686895,1654720.1666067787
2001-02-13,2016-02-16,1318.800048828125,1895.5799560546875,1.4373520517678813,0.9818400846370958,65.26078367053654,1967398.81416596
2001-02-14,2016-02-16,1315.9200439453125,1895.5799560546875,1.4404978211073323,0.9866804975009147,65.72604843869313,2052718.18548733
2001-02-15,2016-02-16,1326.6099853515625,1895.5799560546875,1.4288901613780205,0.9858278657764564,65.14008314248585,1945264.9801078932
2001-02-16,2016-02-16,1301.530029296875,1895.5799560546875,1.4564242955490898,0.986509879221485,66.44123960510287,2183868.586009691
2001-02-20,2016-02-22,1278.93994140625,1945.5,1.5211816732072956,0.9707914239497158,67.19064417308323,2522841.039810154
2001-02-21,2016-02-22,1255.27001953125,1945.5,1.5498657418158521,0.9654815708819381,68.08318375239125,2689190.557826699
2001-02-22,2016-02-22,1252.8199462890625,1945.5,1.5528967316993179,0.9759913664914619,68.95890252132236,2852405.0510625816
2001-02-23,2016-02-23,1245.8599853515625,1921.27001953125,1.5421235468840402,0.9614987681898048,68.98061274177746,2573719.073352219
2001-02-26,2016-02-26,1267.6500244140625,1948.050048828125,1.5367412229795516,0.9662255046015688,67.7948830709298,2591431.019459009
2001-02-27,2016-02-29,1257.93994140625,1932.22998046875,1.5360272115286455,0.95774768625725,67.71875932760551,2475152.786735361
2001-02-28,2016-02-29,1239.93994140625,1932.22998046875,1.5583254607294565,0.9568510664270279,68.63750423444051,2644404.013405859
2001-03-01,2016-03-01,1241.22998046875,1978.3499755859375,1.5938625449884916,0.9569928381744259,67.67345230304804,2934671.5441900585
2001-03-02,2016-03-02,1234.1800537109375,1986.449951171875,1.6095301047841515,0.955905697853087,68.26070493338462,3046980.3032880123
2001-03-05,2016-03-07,1241.4100341796875,2001.760009765625,1.6124889880468622,0.9557877539666104,67.86315412433417,3069352.4949766
2001-03-06,2016-03-07,1253.800048828125,2001.760009765625,1.5965544200102617,0.949230310119704,66.73153967645754,2851421.744504676
2001-03-07,2016-03-07,1261.8900146484375,2001.760009765625,1.5863189236213389,0.9468536452008071,66.13771434812583,2737060.5327903884
2001-03-08,2016-03-08,1264.739990234375,1979.260009765625,1.5649540815095433,0.9424460665825183,66.14324448675723,2507023.2608878585
2001-03-09,2016-03-09,1233.4200439453125,1989.260009765625,1.612800132064195,0.9468522512677705,67.78311227289224,2949667.536346695
2001-03-12,2016-03-14,1180.1600341796875,2019.6400146484375,1.7113272405062085,0.9516762916996704,70.84212894609118,3810778.6868588277
2001-03-13,2016-03-14,1197.6600341796875,2019.6400146484375,1.6863216246768626,0.942145357710434,69.10788665409196,3472685.565710274
2001-03-14,2016-03-14,1166.7099609375,2019.6400146484375,1.7310557741579344,0.9331093026017806,70.26076443124796,3697440.8076852267
2001-03-15,2016-03-15,1173.56005859375,2015.9300537109375,1.7177902732362758,0.9201513589471286,69.32216772101604,3403717.4205023176
2001-03-16,2016-03-16,1150.530029296875,2027.219970703125,1.7619878830472793,0.9226841384384264,71.12640306323074,3786430.1449354505
2001-03-19,2016-03-21,1170.81005859375,2051.60009765625,1.752291144577635,0.9176677801920186,69.89439661836283,3636019.1391069703
2001-03-20,2016-03-21,1142.6199951171875,2051.60009765625,1.7955226640733144,0.911550991700382,71.14141016124955,3879304.743679473
2001-03-21,2016-03-21,1122.1400146484375,2051.60009765625,1.828292433096247,0.906100500996488,72.00665597900456,4048109.5277791447
2001-03-22,2016-03-22,1117.5799560546875,2049.800048828125,1.8341417432578044,0.9138809511357256,72.84788336587229,4214067.46317561
2001-03-23,2016-03-23,1139.8299560546875,2036.7099609375,1.7868542146296964,0.9201047655235316,71.81760142188563,3941909.3029374927
2001-03-26,2016-03-28,1152.68994140625,2037.050048828125,1.7672142140348515,0.9279960299170185,71.01636835035985,3906926.7289240174
2001-03-27,2016-03-28,1182.1700439453125,2037.050048828125,1.7231447026265194,0.927161213098099,69.18312091325728,3547927.270404904
2001-03-28,2016-03-28,1153.2900390625,2037.050048828125,1.7662946698854924,0.9165911880123262,70.10709653432106,3728866.7011295515
2001-03-29,2016-03-29,1147.949951171875,2055.010009765625,1.790156450346799,0.8926562410567065,69.01038532381266,3550991.9003375173
2001-03-30,2016-03-30,1160.3299560546875,2063.949951171875,1.7787612397680777,0.8951326249274622,68.65481020698287,3502086.8058655662
2001-04-02,2016-04-04,1145.8699951171875,2066.1298828125,1.8031102058843926,0.8862423411283262,69.52117888579876,3550977.334287074
2001-04-03,2016-04-04,1106.4599609375,2066.1298828125,1.8673336187076075,0.8866661267047413,72.03182113196574,4040348.439863393
2001-04-04,2016-04-04,1103.25,2066.1298828125,1.8727667190686608,0.8953001616564664,72.94486202157294,4218317.176853152
2001-04-05,2016-04-05,1151.43994140625,2045.1700439453125,1.776184732177653,0.8920875725965574,70.1913644922588,3436664.5262729153
2001-04-06,2016-04-06,1128.4300537109375,2066.659912109375,1.831447066934268,0.8816830020251437,71.22544398348421,3693128.7432498806
2001-04-09,2016-04-11,1137.5899658203125,2041.989990234375,1.7950140662166465,0.8674650529943074,70.65193434781379,3204309.523205756
2001-04-10,2016-04-11,1168.3800048828125,2041.989990234375,1.7477104894817033,0.8652397158371591,68.61359135835859,2823358.71137486
2001-04-11,2016-04-11,1165.8900146484375,2041.989990234375,1.7514430731702568,0.8739271279771318,69.45051325741437,2979773.0530895316
2001-04-12,2016-04-12,1183.5,2061.719970703125,1.7420532071847274,0.879676108418206,68.41711864725673,2995113.128887509
2001-04-16,2016-04-18,1179.6800537109375,2094.340087890625,1.7753458501755857,0.8840411774596094,68.70542136100626,3309180.527475933
2001-04-17,2016-04-18,1191.81005859375,2094.340087890625,1.757276734483845,0.8940409675973361,68.77539967355999,3322736.2844502195
2001-04-18,2016-04-18,1238.1600341796875,2094.340087890625,1.6914938538443285,0.8996453313157767,66.61580776284346,2904393.7717920295
2001-04-19,2016-04-19,1253.68994140625,2100.800048828125,1.6756934704857576,0.8929943286900031,65.20439599970318,2689342.8137011966
2001-04-20,2016-04-20,1242.97998046875,2102.39990234375,1.6914189571668703,0.8981029819765384,65.78235213671,2881700.110043248
2001-04-23,2016-04-25,1224.3599853515625,2087.7900390625,1.7052093044865497,0.9087162617639584,66.78276630430544,3140196.0814402015
2001-04-24,2016-04-25,1209.469970703125,2087.7900390625,1.7262024602799886,0.9102793424560289,67.72122873136577,3324848.215352209
2001-04-25,2016-04-25,1228.75,2087.7900390625,1.6991170206002035,0.9022976637092671,66.07414228065815,3000767.0171166975
2001-04-26,2016-04-26,1234.52001953125,2091.699951171875,1.6943426741399448,0.8968715236870807,65.31458138442812,2886273.2604173706
2001-04-27,2016-04-27,1253.050048828125,2095.14990234375,1.6720400787687386,0.9132748840033384,65.35523021864206,2949233.132205119
2001-04-30,2016-05-02,1249.4599609375,2081.429931640625,1.665863650467741,0.8713127769333995,65.54301616451656,2308620.64222676
2001-05-01,2016-05-02,1266.43994140625,2081.429931640625,1.6435283376560386,0.8754711165295389,64.97284853105512,2201546.273156875
2001-05-02,2016-05-02,1267.4300537109375,2081.429931640625,1.6422444185747045,0.8769142183917138,65.02910769231411,2212111.436527579
2001-05-03,2016-05-03,1248.5799560546875,2063.3701171875,1.6525734753162455,0.8796174256178061,66.03808293380904,2326802.972496511
2001-05-04,2016-05-04,1266.6099853515625,2051.1201171875,1.6193778202515807,0.8815962998442668,65.09803936572082,2106365.952373501
2001-05-07,2016-05-09,1263.510009765625,2058.68994140625,1.6293420119308173,0.8932305604560324,65.2577550238212,2341606.1056081196
2001-05-08,2016-05-09,1261.199951171875,2058.68994140625,1.6323263725893484,0.8857084739114748,64.8267272877187,2260089.747320474
2001-05-09,2016-05-09,1255.5400390625,2058.68994140625,1.6396848187680693,0.8841903709590813,65.00734915150899,2294249.1188181136
2001-05-10,2016-05-10,1255.1800537109375,2084.389892578125,1.6606301911949846,0.8923265325920782,65.10569825275971,2565870.7460187576
2001-05-11,2016-05-11,1245.6700439453125,2064.4599609375,1.657308828266351,0.8799919123461813,65.16078119881998,2367387.7363389935
2001-05-14,2016-05-16,1248.9200439453125,2066.659912109375,1.6547575820633316,0.885389647183843,64.99121666991132,2424092.3653065017
2001-05-15,2016-05-16,1249.43994140625,2066.659912109375,1.6540690301474918,0.88517405550259,64.94835481344296,2415898.6478936393
2001-05-16,2016-05-16,1284.989990234375,2066.659912109375,1.6083081796866199,0.8897227013757242,63.47603495011755,2134441.5693758433
2001-05-17,2016-05-17,1288.489990234375,2047.2099609375,1.5888442878513278,0.8821147685518722,62.83719955407478,1885084.735340117
2001-05-18,2016-05-18,1291.9599609375,2047.6300048828125,1.5849020610491418,0.897490207741846,63.07185358143035,2062240.9985821
2001-05-21,2016-05-23,1312.8299560546875,2048.0400390625,1.5600192771478674,0.8912483658846703,62.069203337043646,1790292.0751761496
2001-05-22,2016-05-23,1309.3800048828125,2048.0400390625,1.5641296120493275,0.9099334719318884,63.53745844808503,2069192.9740010705
2001-05-23,2016-05-23,1289.050048828125,2048.0400390625,1.5887979221011415,0.911677914782265,64.66325423434502,2283042.3618356646
2001-05-24,2016-05-24,1293.1700439453125,2076.06005859375,1.6054037659733675,0.9135915209770079,64.12584225041867,2437474.11550476
2001-05-25,2016-05-25,1277.8900146484375,2090.5400390625,1.6359311169965063,0.9171331192747767,65.17907506009423,2723108.8379572458
2001-05-29,2016-05-31,1267.9300537109375,2096.949951171875,1.6538372483833697,0.9188807366787125,65.48381129469163,2886879.523917425
2001-05-30,2016-05-31,1248.0799560546875,2096.949951171875,1.6801407161449458,0.9282059469346606,67.20042740864095,3224700.80542053
2001-05-31,2016-05-31,1255.8199462890625,2096.949951171875,1.6697855113452726,0.9283617063911236,66.79745847396738,3145398.5777348196
2001-06-01,2016-06-01,1260.6700439453125,2099.330078125,1.6652494347807858,0.9109418963013054,66.00340885455422,2863697.652879353
2001-06-04,2016-06-06,1267.1099853515625,2109.409912109375,1.664740974734024,0.8939757302980472,65.6679540869729,2620258.482909024
2001-06-05,2016-06-06,1283.5699462890625,2109.409912109375,1.643393036902978,0.8953166961669922,64.92309482179672,2477109.262096347
2001-06-06,2016-06-06,1270.030029296875,2109.409912109375,1.6609134142105322,0.892861313929703,65.43529835124315,2575546.026684914
2001-06-07,2016-06-07,1276.9599609375,2112.1298828125,1.6540298422997124,0.8874968900037001,64.80015885994476,2448184.971801308
2001-06-08,2016-06-08,1264.9599609375,2119.1201171875,1.6752467924889545,0.8782694289450363,65.02211249988994,2476777.011265236
2001-06-11,2016-06-13,1254.3900146484375,2079.06005859375,1.6574271433246694,0.873712751480415,65.57001245819583,2280017.148470979
2001-06-12,2016-06-13,1255.8499755859375,2079.06005859375,1.6555003376288877,0.8705622098608771,65.25761987262081,2221511.9543418456
2001-06-13,2016-06-13,1241.5999755859375,2079.06005859375,1.6745007244483854,0.8757295569026395,66.39838142687378,2435154.9128127466
2001-06-14,2016-06-14,1219.8699951171875,2075.320068359375,1.7012633122105838,0.8634084448149892,66.71762574465279,2456145.7380282404
2001-06-15,2016-06-15,1214.3599853515625,2071.5,1.7058368399715442,0.8619706501921451,67.05855241795665,2468833.3398104426
2001-06-18,2016-06-20,1208.4300537109375,2083.25,1.7239309744098137,0.8454722713141856,67.38761791126892,2359903.893716247
2001-06-19,2016-06-20,1212.5799560546875,2083.25,1.7180310375393053,0.8381690094087241,66.5768844149835,2211203.161918624
2001-06-20,2016-06-20,1223.1400146484375,2083.25,1.7031983052232829,0.8334590812547975,65.6312026351168,2037750.8827687423
2001-06-21,2016-06-21,1237.0400390625,2088.89990234375,1.6886275596437754,0.8409930816237946,64.95109092963052,2042652.3264453425
2001-06-22,2016-06-22,1225.3499755859375,2085.449951171875,1.7019218939263905,0.8454516283561508,65.9309569711335,2201809.557986832
2001-06-25,2016-06-27,1218.5999755859375,2000.5400390625,1.641670834681072,0.8225238121184224,66.29615799564621,1450657.2350131068
2001-06-26,2016-06-27,1216.760009765625,2000.5400390625,1.6441533441322158,0.8196103321482856,66.16122582144772,1427351.7807690827
2001-06-27,2016-06-27,1211.0699462890625,2000.5400390625,1.651878196789968,0.8154745510955255,66.13665590723771,1423108.070810339
2001-06-28,2016-06-28,1226.199951171875,2036.0899658203125,1.6604877237798195,0.8249076015977974,65.50423123390233,1615471.0595851569
2001-06-29,2016-06-29,1224.3800048828125,2070.77001953125,1.6912804940239505,0.8265219231130041,65.68073243072455,1854025.846646709
2001-07-02,2016-07-05,1236.719970703125,2088.550048828125,1.6887816953749848,0.8133574594404264,65.02537146587538,1647985.445261404
2001-07-03,2016-07-05,1234.449951171875,2088.550048828125,1.6918871816920926,0.812834514122596,65.10306135526595,1661902.0239823768
2001-07-05,2016-07-05,1219.239990234375,2088.550048828125,1.7129933938819069,0.8038547058150455,65.18701902867312,1676941.3499534405
2001-07-06,2016-07-06,1190.5899658203125,2099.72998046875,1.7636046336255178,0.8074559290848156,67.04875471355695,2075799.9924905677
2001-07-09,2016-07-11,1198.780029296875,2137.159912109375,1.7827790419255578,0.8184242422175393,66.59067771551871,2372910.092919917
2001-07-10,2016-07-11,1181.52001953125,2137.159912109375,1.8088224293967194,0.8250100977283288,68.10713768643242,2654676.6032381416
2001-07-11,2016-07-11,1180.1800537109375,2137.159912109375,1.8108761501173714,0.8272734755324093,68.37152690944845,2703801.5588346203
2001-07-12,2016-07-12,1208.1400146484375,2152.139892578125,1.781366287420243,0.8389876356881639,66.29173696918272,2673735.5773116043
2001-07-13,2016-07-13,1215.6800537109375,2152.429931640625,1.770556261962349,0.8339422584449998,65.91224633835105,2521073.512584857
2001-07-16,2016-07-18,1202.449951171875,2166.889892578125,1.8020624396602396,0.8505288551885933,66.6374538838181,2997347.7600763384
2001-07-17,2016-07-18,1214.43994140625,2166.889892578125,1.7842709373252283,0.8554642340163019,66.3624126335216,2943702.15133651
2001-07-18,2016-07-18,1207.7099609375,2166.889892578125,1.794213811812937,0.8603177669482724,67.1108277507855,3089677.289656423
2001-07-19,2016-07-19,1215.02001953125,2163.780029296875,1.7808595698132224,0.8638857277415242,66.98939462181876,3046133.723215731
2001-07-20,2016-07-20,1210.8499755859375,2173.02001953125,1.794623663827315,0.8631562400524548,66.49486022907794,3135864.406536374
2001-07-23,2016-07-25,1191.030029296875,2168.47998046875,1.8206761602383048,0.8500644567139963,67.60140206750421,3124428.931723243
2001-07-24,2016-07-25,1171.6500244140625,2168.47998046875,1.8507915634220196,0.8543983425623467,69.069935188144,3409536.310952933
2001-07-25,2016-07-25,1190.489990234375,2168.47998046875,1.8215020691117574,0.8533624465566222,67.8944596440023,3181324.398651748
2001-07-26,2016-07-26,1202.9300537109375,2169.179931640625,1.8032469343906474,0.8492548177624616,67.33383575007473,2986408.923563565
2001-07-27,2016-07-27,1205.8199462890625,2166.580078125,1.796769148489124,0.8395407935802989,66.33958858548688,2791749.252890771
2001-07-30,2016-08-01,1204.52001953125,2170.840087890625,1.8022449213716076,0.8188064907648076,66.41118275154989,2513849.839528013
2001-07-31,2016-08-01,1211.22998046875,2170.840087890625,1.7922608611871569,0.8228877052972005,66.37246120516915,2506553.5439812858
2001-08-01,2016-08-01,1215.9300537109375,2170.840087890625,1.7853330306832746,0.8273440037966906,66.47395082626323,2525677.2190315137
2001-08-02,2016-08-02,1220.75,2157.030029296875,1.766971148307905,0.8177022818865024,66.27577298064674,2252381.7631914136
2001-08-03,2016-08-03,1214.3499755859375,2163.7900390625,1.7818504406181974,0.8201440594702547,66.64663712235851,2392451.9756937507
2001-08-06,2016-08-08,1200.47998046875,2180.889892578125,1.8166816007431923,0.8278407578120408,67.41665290479841,2753267.6595694553
2001-08-07,2016-08-08,1204.4000244140625,2180.889892578125,1.8107687216621589,0.8278407578120408,67.19722726823613,2711758.718471444
2001-08-08,2016-08-08,1183.530029296875,2180.889892578125,1.8426992459783829,0.8387012363235001,69.27927049665257,3105620.6713673463
2001-08-09,2016-08-09,1183.4300537109375,2181.739990234375,1.843573249971969,0.8357113855343673,69.29080582592042,3065094.9149780883
2001-08-10,2016-08-10,1190.1600341796875,2175.489990234375,1.8278970287670782,0.8301157491166047,68.96684942247023,2867264.6241886322
2001-08-13,2016-08-15,1191.2900390625,2190.14990234375,1.8384690801807717,0.8309939780199795,68.90143052862896,2955377.1077641724
2001-08-14,2016-08-15,1186.72998046875,2190.14990234375,1.8455334729798063,0.8444407238232984,70.28540115022986,3215601.912551879
2001-08-15,2016-08-15,1178.02001953125,2190.14990234375,1.8591788475846447,0.8419126641477716,70.59309840351752,3273457.5175920185
2001-08-16,2016-08-16,1181.6600341796875,2178.14990234375,1.84329658221523,0.8336799643305659,70.41077245061047,3031380.7571724625
2001-08-17,2016-08-17,1161.969970703125,2182.219970703125,1.878034739041175,0.8341487937727525,71.85501064828884,3284432.2957487484
2001-08-20,2016-08-22,1171.4100341796875,2182.639892578125,1.8632586616919151,0.8370293250441301,71.27595135919547,3225426.147018637
2001-08-21,2016-08-22,1157.260009765625,2182.639892578125,1.886041057463107,0.8325112188594682,71.75801851052861,3314874.879533347
2001-08-22,2016-08-22,1165.31005859375,2182.639892578125,1.873012145121315,0.8361915085582984,71.57733868263882,3281349.2979810177
2001-08-23,2016-08-23,1162.0899658203125,2186.89990234375,1.8818679849800013,0.8360642957381649,71.72183278134366,3342115.115412595
2001-08-24,2016-08-24,1184.9300537109375,2175.43994140625,1.8359226644587634,0.8377937407560653,70.31592187940765,3043295.9024279597
2001-08-27,2016-08-29,1179.2099609375,2180.3798828125,1.8490175244780378,0.8482669634684721,70.65700922595639,3300544.877938523
2001-08-28,2016-08-29,1161.510009765625,2180.3798828125,1.877194225172857,0.8472785869264589,71.65015104220431,3487494.8697634023
2001-08-29,2016-08-29,1148.56005859375,2180.3798828125,1.8983594862963178,0.8524574884682306,72.90089447928023,3722936.043935038
2001-08-30,2016-08-30,1129.030029296875,2176.1201171875,1.9274244800580904,0.8662568102384869,74.58661340321761,4158586.055959499
2001-08-31,2016-08-31,1133.5799560546875,2170.949951171875,1.9151273269930167,0.8651758846982527,73.88282783644252,4050698.385659537
2001-09-04,2016-09-06,1132.93994140625,2186.47998046875,1.9299169360688302,0.8408564131368395,73.10413592286838,3761200.1157261464
2001-09-05,2016-09-06,1131.739990234375,2186.47998046875,1.9319631711661494,0.8394658465057198,73.06062194669525,3753008.998679345
2001-09-06,2016-09-06,1106.4000244140625,2186.47998046875,1.9762110739528285,0.8460416793823242,75.3193523992064,4178194.8157620593
2001-09-07,2016-09-07,1085.780029296875,2186.159912109375,2.0134464192761765,0.8515554509209441,77.01930490694298,4539479.599041583
2001-09-10,2016-09-12,1092.5400390625,2159.0400390625,1.9761655974779242,0.850903143440654,76.54275371916285,4259336.3998755105
2001-09-17,2016-09-19,1038.77001953125,2139.1201171875,2.0592817245079793,0.8685485145485836,82.09764426037424,5167209.982639667
2001-09-18,2016-09-19,1032.739990234375,2139.1201171875,2.0713055923224566,0.8667744737990359,82.40833489890224,5224608.830032285
2001-09-19,2016-09-19,1016.0999755859375,2139.1201171875,2.1052260295095166,0.8747401907106175,84.52762380066527,5616138.9412370995
2001-09-20,2016-09-20,984.5399780273438,2139.760009765625,2.173360206309669,0.8709752145116991,87.11749029200112,6052155.55372688
2001-09-21,2016-09-21,965.7999877929688,2163.1201171875,2.239718517837869,0.8543357664593747,88.11259062667752,6226239.478285496
2001-09-24,2016-09-26,1003.4500122070312,2146.10009765625,2.1387214824344114,0.8540464584735589,84.80655530062856,5489292.465587956
2001-09-25,2016-09-26,1012.27001953125,2146.10009765625,2.120086593743081,0.8513658253988298,83.80376077062336,5306139.433336128
2001-09-26,2016-09-26,1007.0399780273438,2146.10009765625,2.131097220052944,0.8387013044313226,82.98589389952303,5156762.075424572
2001-09-27,2016-09-27,1018.6099853515625,2159.929931640625,2.1204680522498,0.8408771300348782,82.16688911527666,5120290.2041027825
2001-09-28,2016-09-28,1040.93994140625,2171.3701171875,2.0859706029284495,0.8368708817495092,79.65095868667407,4803434.729942912
2001-10-01,2016-10-03,1038.550048828125,2161.199951171875,2.080978142180554,0.8441837395533088,79.83425003139126,4897052.676754864
2001-10-02,2016-10-03,1051.3299560546875,2161.199951171875,2.055681890091083,0.8443937617900339,78.8834097361739,4719626.096565725
2001-10-03,2016-10-03,1072.280029296875,2161.199951171875,2.015518234158512,0.8451647738945642,77.41281633948319,4445213.707297018
2001-10-04,2016-10-04,1069.6300048828125,2150.489990234375,2.0104989392757173,0.8539885134137256,77.60460775550975,4559676.64315407
2001-10-05,2016-10-05,1071.3800048828125,2159.72998046875,2.0158393573015965,0.8607321273811868,77.65188567439701,4713628.483016506
2001-10-08,2016-10-10,1062.43994140625,2163.659912109375,2.0365009143439634,0.8627038371793226,78.305299349795,4898487.859337284
2001-10-09,2016-10-10,1056.75,2163.659912109375,2.047466204976934,0.8622733806267815,78.68764292275397,4971233.141292965
2001-10-10,2016-10-10,1080.989990234375,2163.659912109375,2.001554067711821,0.8541762544713499,76.20081833163592,4498086.032646214
2001-10-11,2016-10-11,1097.4300537109375,2136.72998046875,1.947030677028974,0.8525161015342623,75.1707470912181,4075740.019914061
2001-10-12,2016-10-12,1091.6500244140625,2139.179931640625,1.9595840093429382,0.8600973343925276,75.53760407638956,4292471.695450625
2001-10-15,2016-10-17,1089.97998046875,2126.5,1.9509532634585551,0.8563618438159027,75.6533411730259,4167721.9994212985
2001-10-16,2016-10-17,1097.5400390625,2126.5,1.9375147368805061,0.8567150377743769,75.16321417145957,4075935.133237555
2001-10-17,2016-10-17,1077.0899658203125,2126.5,1.9743011888338,0.8572808192838648,76.64087472720712,4352658.984937129
2001-10-18,2016-10-18,1068.6099853515625,2139.60009765625,2.0022273111666107,0.8571841168054842,77.22993523762632,4554032.770625127
2001-10-19,2016-10-19,1073.47998046875,2144.2900390625,1.997512834963318,0.8439392460818161,76.03866842132825,4295409.956290844
2001-10-22,2016-10-24,1089.9000244140625,2151.330078125,1.9738783649276175,0.8515304654839808,74.8930970395013,4253332.933354459
2001-10-23,2016-10-24,1084.780029296875,2151.330078125,1.9831947676243946,0.849450380419846,75.06277157137363,4285624.6623480115
2001-10-24,2016-10-24,1085.199951171875,2151.330078125,1.9824273635488492,0.8489664833761711,74.99098213600426,4271962.004988853
2001-10-25,2016-10-25,1100.0899658203125,2143.159912109375,1.9481678578090371,0.8491968857141595,74.1146801422604,4029126.0988948112
2001-10-26,2016-10-26,1104.6099853515625,2139.429931640625,1.9368192936982296,0.8562315852303372,74.13174613168906,4062942.4431745065
2001-10-29,2016-10-31,1078.300048828125,2126.14990234375,1.9717609255924706,0.8583360410852757,75.94052054212888,4351835.798800487
2001-10-30,2016-10-31,1059.7900390625,2126.14990234375,2.006199175286231,0.8563725358505182,77.09012386926157,4569096.861366028
2001-10-31,2016-10-31,1059.780029296875,2126.14990234375,2.0062181241086154,0.859391642582292,77.36263267600933,4620597.715195453
2001-11-01,2016-11-01,1084.0999755859375,2111.719970703125,1.9479015019456822,0.8558789715335515,75.84477310943683,4137584.081455735
2001-11-02,2016-11-02,1087.199951171875,2097.93994140625,1.92967258611897,0.8531649741210078,75.90938527363404,3960870.445744815
2001-11-05,2016-11-07,1102.8399658203125,2131.52001953125,1.9327555090423174,0.8619130570128662,74.8328701540986,4126553.934500399
2001-11-06,2016-11-07,1118.8599853515625,2131.52001953125,1.9050820008202318,0.8619841563499406,73.76748551804737,3925436.250638027
2001-11-07,2016-11-07,1115.800048828125,2131.52001953125,1.9103064404504109,0.8694472290378865,74.61021482655202,4084522.2379088663
2001-11-08,2016-11-08,1118.5400390625,2139.56005859375,1.9128149050319325,0.8736482924041896,74.36554024538246,4171160.991955326
2001-11-09,2016-11-09,1120.31005859375,2163.260009765625,1.9309475918488317,0.8717921135107142,73.51425201073864,4275103.800855167
2001-11-12,2016-11-14,1118.3299560546875,2164.199951171875,1.9352069927616635,0.8911382400817556,73.64441552489262,4624073.367575582
2001-11-13,2016-11-14,1139.0899658203125,2164.199951171875,1.8999376836871111,0.890331642934539,72.23679687794446,4344552.942030491
2001-11-14,2016-11-14,1141.2099609375,2164.199951171875,1.8964082204417427,0.8836423534149969,71.56087919615868,4210331.362587912
2001-11-15,2016-11-15,1142.239990234375,2180.389892578125,1.908871963177137,0.8874257310716415,71.25195273075693,4364968.186330464
2001-11-16,2016-11-16,1138.6500244140625,2176.93994140625,1.911860444148746,0.8875336863258804,71.6515443069154,4389207.844801041
2001-11-19,2016-11-21,1151.06005859375,2198.179931640625,1.9097004671729652,0.9027494639909943,70.879040641935,4619359.500089366
2001-11-20,2016-11-21,1142.6600341796875,2198.179931640625,1.9237392276686147,0.8984977682085271,71.06381863742425,4657471.414687784
2001-11-21,2016-11-21,1137.030029296875,2198.179931640625,1.9332646236264768,0.8926987031075365,70.9547615503496,4634977.532892303
2001-11-23,2016-11-23,1150.3399658203125,2204.719970703125,1.916581216171977,0.9081390628688689,70.1224668710529,4759628.84592389
2001-11-26,2016-11-28,1157.4200439453125,2201.719970703125,1.9022652858145552,0.9009437875423195,69.69351927647655,4533313.096022088
2001-11-27,2016-11-28,1149.5,2201.719970703125,1.9153718753398217,0.9069427613278231,70.64096166435695,4730884.9363661595
2001-11-28,2016-11-28,1128.52001953125,2201.719970703125,1.950979984934292,0.9011618544562213,71.49558629665653,4909101.325633432
2001-11-29,2016-11-29,1140.199951171875,2204.659912109375,1.9335730630785144,0.9110571405510641,71.04408061433638,4938330.229188532
2001-11-30,2016-11-30,1139.449951171875,2198.81005859375,1.92971183713016,0.9239084969232287,70.69570128863369,5118798.341713294
2001-12-03,2016-12-05,1129.9000244140625,2204.7099609375,1.9512433961410052,0.9172144314662929,71.29322209119209,5176728.947027686
2001-12-04,2016-12-05,1144.800048828125,2204.7099609375,1.9258471933106154,0.9170666527384339,70.35397563118363,4976784.428883028
2001-12-05,2016-12-05,1170.3499755859375,2204.7099609375,1.8838039961796116,0.9141950716378996,68.60258918577316,4603953.51194826
2001-12-06,2016-12-06,1167.0999755859375,2212.22998046875,1.8954931254780547,0.9088533261187758,68.27832022568414,4608709.965036514
2001-12-07,2016-12-07,1158.31005859375,2241.35009765625,1.935017382459208,0.9037033758387756,68.61056083904478,4828821.162281629
2001-12-10,2016-12-12,1139.9300537109375,2256.9599609375,1.979910919613159,0.9139473673041372,69.71682384099728,5344851.478606316
2001-12-11,2016-12-12,1136.760009765625,2256.9599609375,1.9854322298009373,0.9133666552022762,69.86681994134828,5377866.004447391
2001-12-12,2016-12-12,1137.0699462890625,2256.9599609375,1.9848910511647122,0.9118458325159198,69.73147432593696,5348076.087862778
2001-12-13,2016-12-13,1119.3800048828125,2271.719970703125,2.0294448362430333,0.9046399979490425,70.13830993641939,5568575.926771103
2001-12-14,2016-12-14,1123.0899658203125,2253.280029296875,2.0063219313432863,0.9138546979191489,69.42153878516228,5547967.4067684775
2001-12-17,2016-12-19,1134.3599853515625,2262.530029296875,1.9945432301154984,0.9124981099015935,68.73182642920702,5433743.546026051
2001-12-18,2016-12-19,1142.9200439453125,2262.530029296875,1.9796048212495385,0.911716187701299,68.15859447576265,5305024.2114546
2001-12-19,2016-12-19,1149.56005859375,2262.530029296875,1.9681703555920467,0.9058591743648559,67.32956843319819,5118866.269804449
2001-12-20,2016-12-20,1139.9300537109375,2270.760009765625,1.9920169683862397,0.9102316602316602,67.74106618971433,5375909.816675812
2001-12-21,2016-12-21,1144.8900146484375,2265.179931640625,1.9785131345880382,0.8987695131157944,66.75172375808407,5079367.390935272
2001-12-24,2016-12-27,1144.6500244140625,2268.8798828125,1.9821603410823514,0.8978219172874551,66.7657190942025,5091236.941358525
2001-12-26,2016-12-27,1149.3699951171875,2268.8798828125,1.9740204568165793,0.8912829491913918,66.00727325879302,4919803.367892453
2001-12-27,2016-12-27,1157.1300048828125,2268.8798828125,1.9607821707486353,0.896451740718657,65.94483856498753,4905691.084367871
2001-12-28,2016-12-28,1161.02001953125,2249.919921875,1.9378821071348815,0.8874934016981404,65.28550281510594,4584392.306817296
2001-12-31,2017-01-03,1148.0799560546875,2257.830078125,1.9666139681454824,0.8918290238306837,66.02133880463919,4872931.363126011
2002-01-02,2017-01-03,1154.6700439453125,2257.830078125,1.9553898448862292,0.8933864791832226,65.75917200318983,4813871.839125985
2002-01-03,2017-01-03,1165.27001953125,2257.830078125,1.9376024786368837,0.8980231471932715,65.4991731881525,4755300.707419814
2002-01-04,2017-01-04,1172.510009765625,2270.75,1.9366572405244575,0.8810788487489158,64.16424883459659,4469828.766533553
2002-01-07,2017-01-09,1164.8900146484375,2268.89990234375,1.9477374462931605,0.8725925534766494,64.58397194722468,4412448.506150557
2002-01-08,2017-01-09,1160.7099609375,2268.89990234375,1.9547518145800784,0.8724612492877931,64.80680425662855,4462175.382463062
2002-01-09,2017-01-09,1155.1400146484375,2268.89990234375,1.9641773928455601,0.8778097050190824,65.51849617733167,4620995.33190437
2002-01-10,2017-01-10,1156.550048828125,2268.89990234375,1.9617827215023804,0.8768218463839959,65.42871957108574,4586735.879650032
2002-01-11,2017-01-11,1145.5999755859375,2275.320068359375,1.9861383701545752,0.8771376200428995,66.52225563292072,4773149.472461309
2002-01-14,2017-01-17,1138.4100341796875,2267.889892578125,1.9921555717947577,0.860219458176941,66.94239521870443,4532099.566142946
2002-01-15,2017-01-17,1146.18994140625,2267.889892578125,1.9786335673088105,0.8539072264718688,66.00013083809644,4327549.374117559
2002-01-16,2017-01-17,1127.5699462890625,2267.889892578125,2.0113075025118943,0.8522310377716384,66.95832106782998,4535556.807617676
2002-01-17,2017-01-17,1138.8800048828125,2267.889892578125,1.9913334880363314,0.8511386103755167,66.2083895467276,4372758.934956498
2002-01-18,2017-01-18,1127.5799560546875,2271.889892578125,2.0148370679869894,0.8586113863030739,66.35156703133867,4670078.168050222
2002-01-22,2017-01-23,1119.31005859375,2265.199951171875,2.0237466230025385,0.8383260224681787,66.40953743095075,4386824.194894672
2002-01-23,2017-01-23,1128.1800537109375,2265.199951171875,2.007835490195845,0.836336623468322,65.73105644942287,4239839.484890174
2002-01-24,2017-01-24,1132.1500244140625,2280.070068359375,2.013929266608824,0.8460794779328202,65.6466105761945,4449447.006681463
2002-01-25,2017-01-25,1133.280029296875,2298.3701171875,2.02806901892861,0.8490182643493677,66.1266806554684,4601437.573899066
2002-01-28,2017-01-30,1133.06005859375,2280.89990234375,2.0130441321659447,0.8516936409363663,66.13951839723575,4538933.595739214
2002-01-29,2017-01-30,1100.6400146484375,2280.89990234375,2.072339613304271,0.8553473748956104,68.37979320592852,5031395.704159299
2002-01-30,2017-01-30,1113.5699462890625,2280.89990234375,2.048277173737293,0.8426633472265591,66.58358224401312,4636548.681803017
2002-01-31,2017-01-31,1130.199951171875,2278.8701171875,2.01634243111106,0.8470547787062978,66.4762695901558,4483437.130302013
2002-02-01,2017-02-01,1122.199951171875,2279.550048828125,2.0313225343199033,0.8468684187207776,66.59990829876925,4587829.4136356935
2002-02-04,2017-02-06,1094.43994140625,2292.56005859375,2.094733545312711,0.8357772864604935,68.28918702007397,4846196.491686246
2002-02-05,2017-02-06,1090.02001953125,2292.56005859375,2.103227479784856,0.836777940659478,68.64818520809987,4924243.366633302
2002-02-06,2017-02-06,1083.510009765625,2292.56005859375,2.115864217156292,0.8348414037083813,68.90081581078714,4979165.730348158
2002-02-07,2017-02-07,1080.1700439453125,2293.080078125,2.122888049875502,0.8345362929062096,68.74435109437289,5023398.006414992
2002-02-08,2017-02-08,1096.219970703125,2294.669921875,2.093256812684391,0.8435202113420445,68.73309705587798,4973173.558163479
2002-02-11,2017-02-13,1111.93994140625,2328.25,2.0938630885544995,0.8567284567905634,67.76138785485136,5212035.345146403
2002-02-12,2017-02-13,1107.5,2328.25,2.102257336343115,0.8549248257974037,67.88981483053004,5240866.450221749
2002-02-13,2017-02-13,1118.510009765625,2328.25,2.0815638480409007,0.861075344212505,67.70515074557062,5199410.442954022
2002-02-14,2017-02-14,1116.47998046875,2337.580078125,2.093705322995201,0.8620635467185489,67.55201393468002,5305611.669729865
2002-02-15,2017-02-15,1104.1800537109375,2349.25,2.127596846279392,0.8552840734356968,67.87958398963124,5431053.433229335
2002-02-19,2017-02-21,1083.3399658203125,2365.3798828125,2.1834142166272046,0.8497345824011655,69.00435391192565,5733135.373031639
2002-02-20,2017-02-21,1097.97998046875,2365.3798828125,2.154301467138473,0.8470119322141356,67.86612807716347,5473617.529182942
2002-02-21,2017-02-21,1080.949951171875,2365.3798828125,2.1882418147557656,0.8475803310785157,68.98159775027897,5727946.921123012
2002-02-22,2017-02-22,1089.8399658203125,2362.820068359375,2.168043146207161,0.843123670938757,68.21036878266924,5500833.647638571
2002-02-25,2017-02-27,1109.4300537109375,2369.75,2.136006674844811,0.8381281531795438,67.00592410854595,5181297.354726975
2002-02-26,2017-02-27,1109.3800048828125,2369.75,2.136103039147821,0.8400015029145401,67.15872268447652,5215916.392482842
2002-02-27,2017-02-27,1109.8900146484375,2369.75,2.135121470347338,0.8447849323753049,67.51012520606113,5295532.430054908
2002-02-28,2017-02-28,1106.72998046875,2363.639892578125,2.1356969941096353,0.848162295731156,67.77398096472369,5360821.803526138
2002-03-01,2017-03-01,1131.780029296875,2395.9599609375,2.1169837768086475,0.8631145147758209,66.82528456311996,5494651.126615917
2002-03-04,2017-03-06,1153.8399658203125,2375.31005859375,2.0586130910321208,0.8615716137132913,65.54767104712856,5040489.272183696
2002-03-05,2017-03-06,1146.1400146484375,2375.31005859375,2.0724431816668956,0.8713247287025,66.73502477129456,5312938.020786311
2002-03-06,2017-03-06,1162.77001953125,2375.31005859375,2.0428029779709265,0.8926265269175878,67.38875374688817,5462941.880378238
2002-03-07,2017-03-07,1157.5400390625,2368.389892578125,2.0460544021408547,0.8857565450740518,67.16692856016672,5368355.543762146
2002-03-08,2017-03-08,1164.31005859375,2362.97998046875,2.029510921964163,0.8867007997767294,66.5641908999319,5260344.760967237
2002-03-11,2017-03-13,1168.260009765625,2373.469970703125,2.0316281913812047,0.8906068511407728,66.339133719465,5343559.243101824
2002-03-12,2017-03-13,1165.5799560546875,2373.469970703125,2.0362995763387723,0.888334882292291,66.32204677673437,5339607.209010161
2002-03-13,2017-03-13,1154.0899658203125,2373.469970703125,2.0565727464895622,0.8890909161742928,67.03934819897123,5505511.649574526
2002-03-14,2017-03-14,1153.0400390625,2365.449951171875,2.051489862481399,0.8887605725458405,67.2252235230281,5461442.424288107
2002-03-15,2017-03-15,1166.1600341796875,2385.260009765625,2.045396806488476,0.8578063770428397,64.86499685578588,4878621.517121653
2002-03-18,2017-03-20,1165.550048828125,2373.469970703125,2.0363518264097493,0.8515355570768176,64.89894365880043,4704540.368964754
2002-03-19,2017-03-20,1170.2900390625,2373.469970703125,2.028104052397534,0.8570460054501813,65.05435782565938,4739753.48279448
2002-03-20,2017-03-20,1151.8499755859375,2373.469970703125,2.0605721413465834,0.8521156424705539,65.71558646068611,4889571.994602378
2002-03-21,2017-03-21,1153.5899658203125,2344.02001953125,2.031935166724884,0.8392174778242366,65.22642399429249,4460397.088516006
2002-03-22,2017-03-22,1148.699951171875,2348.449951171875,2.0444415870097714,0.8368575425576082,65.41549005451961,4508485.953216227
2002-03-25,2017-03-27,1131.8699951171875,2341.590087890625,2.0687800701424104,0.8323640081082094,66.38816344250833,4602374.0427424535
2002-03-26,2017-03-27,1138.489990234375,2341.590087890625,2.0567507031033045,0.8345589338413695,66.17618136635909,4555747.63517555
2002-03-27,2017-03-27,1144.5799560546875,2341.590087890625,2.04580735098837,0.8344331730557026,65.81415868459554,4476119.124053294
2002-03-28,2017-03-28,1147.3900146484375,2358.570068359375,2.0555957767176887,0.8381763412412652,65.67771292648143,4610630.81625794
2002-04-01,2017-04-03,1146.5400390625,2358.840087890625,2.057355179518541,0.8315856348930544,65.51410711719748,4508152.271600532
2002-04-02,2017-04-03,1136.760009765625,2358.840087890625,2.075055480159762,0.8342174216936484,66.28687446035586,4679282.227855694
2002-04-03,2017-04-03,1125.4000244140625,2358.840087890625,2.0960014543439796,0.8366129985785907,67.14825967412676,4870036.683587458
2002-04-04,2017-04-04,1126.3399658203125,2360.159912109375,2.0954241026069536,0.8426757408226012,67.4900334024598,4973670.731855681
2002-04-05,2017-04-05,1122.72998046875,2352.949951171875,2.0957398413726307,0.8448603280575566,68.17345217020294,5014751.17519756
2002-04-08,2017-04-10,1125.2900390625,2357.159912109375,2.0947132119583753,0.8474321319630126,68.01835612737355,5053079.360357079
2002-04-09,2017-04-10,1117.800048828125,2357.159912109375,2.1087491582958555,0.8468486937186288,68.42698061171428,5143511.666304718
2002-04-10,2017-04-10,1130.469970703125,2357.159912109375,2.0851150169369634,0.8417623652109351,67.25369553992938,4883853.034378554
2002-04-11,2017-04-11,1103.68994140625,2353.780029296875,2.1326460820127084,0.8307080011136417,68.68189651051253,5023220.26963131
2002-04-12,2017-04-12,1111.010009765625,2344.929931640625,2.1106289871639445,0.8302355870050534,68.61949470965823,4859667.630995322
2002-04-15,2017-04-17,1102.550048828125,2349.010009765625,2.1305246072614423,0.8318365558805899,69.14601796854495,5028665.172916777
2002-04-16,2017-04-17,1128.3699951171875,2349.010009765625,2.08177284040743,0.8348278657950361,67.80674444217448,4737578.368584393
2002-04-17,2017-04-17,1126.0699462890625,2349.010009765625,2.0860249556492767,0.8395167999301221,68.3268672880591,4850625.400492153
2002-04-18,2017-04-18,1124.469970703125,2342.18994140625,2.082927959331534,0.8328985165801014,68.24555993634496,4711677.3113494385
2002-04-19,2017-04-19,1125.1700439453125,2338.169921875,2.0780591648853424,0.8357060831168752,68.24499597951625,4726763.890253931
2002-04-22,2017-04-24,1107.8299560546875,2374.14990234375,2.143063463276264,0.8419028060917522,69.31318719596837,5300049.695735162
2002-04-23,2017-04-24,1100.9599609375,2374.14990234375,2.156436188943775,0.8458648585907386,70.07392986512019,5467974.460337043
2002-04-24,2017-04-24,1093.1400146484375,2374.14990234375,2.1718625889907575,0.8520438691396309,71.09076382052828,5692428.286216795
2002-04-25,2017-04-25,1091.47998046875,2388.610107421875,2.188414034306022,0.8687685642681586,71.67792316927756,6122390.70179865
2002-04-26,2017-04-26,1076.3199462890625,2387.449951171875,2.2181600920835187,0.86509766551091,72.28598577160678,6272484.99547498
2002-04-29,2017-05-01,1065.449951171875,2388.330078125,2.2416163945552823,0.8699291801282674,73.02346603664806,6536402.904113706
2002-04-30,2017-05-01,1076.9200439453125,2388.330078125,2.2177413184504555,0.8787488080569862,72.97815618816512,6526142.340616727
2002-05-01,2017-05-01,1086.4599609375,2388.330078125,2.1982679196609545,0.8748298145354504,72.01474835577244,6307975.483548773
2002-05-02,2017-05-02,1084.56005859375,2391.169921875,2.2047372138850583,0.8823404288705664,72.6582220042458,6496388.044616117
2002-05-03,2017-05-03,1073.4300537109375,2388.1298828125,2.224765250941629,0.8800858564414001,72.69552205587156,6603707.977051132
2002-05-06,2017-05-08,1052.6700439453125,2399.3798828125,2.2793275980570704,0.883574005070943,74.12917142822467,7078335.132520474
2002-05-07,2017-05-08,1049.489990234375,2399.3798828125,2.28623417577967,0.8789783955837879,73.96706387979629,7040987.796967809
2002-05-08,2017-05-08,1088.8499755859375,2399.3798828125,2.2035908863581812,0.8817162822878393,71.51535435532884,6476147.8547462905
2002-05-09,2017-05-09,1073.010009765625,2396.919921875,2.233828109766239,0.8912596873784265,73.05461765475528,6883009.594667552
2002-05-10,2017-05-10,1054.989990234375,2399.6298828125,2.274552275400643,0.8896428901769656,73.75895513801558,7159612.926038264
2002-05-13,2017-05-15,1074.56005859375,2402.320068359375,2.2356312698828873,0.8843047478690117,72.41564465236803,6764784.857827013
2002-05-14,2017-05-15,1097.280029296875,2402.320068359375,2.1893409195634,0.8902624123194907,71.39399765413901,6528265.633173615
2002-05-15,2017-05-15,1091.0699462890625,2402.320068359375,2.2018020719296,0.8876200841563402,71.58724768656545,6573004.518437288
2002-05-16,2017-05-16,1098.22998046875,2400.669921875,2.1859446241399625,0.8945128519825369,72.30652668807737,6581415.148930022
2002-05-17,2017-05-17,1106.5899658203125,2357.030029296875,2.1299940376285758,0.8940144547254063,72.70129265411887,6148001.48484808
2002-05-20,2017-05-22,1091.8800048828125,2394.02001953125,2.1925669568316635,0.8921238625726956,73.6807346901168,6587230.245012796
2002-05-21,2017-05-22,1079.8800048828125,2394.02001953125,2.216931518970987,0.8917651805473077,74.46954766327404,6764810.211621998
2002-05-22,2017-05-22,1086.02001953125,2394.02001953125,2.204397687405948,0.8869151397503968,73.6457928485434,6579364.031764513
2002-05-23,2017-05-23,1097.0799560546875,2398.419921875,2.186185162383409,0.897810773635308,73.09628020140133,6644379.419731589
2002-05-24,2017-05-24,1083.8199462890625,2404.389892578125,2.2184403422456085,0.8958470880306142,74.11539049552833,6853010.558436718
2002-05-28,2017-05-30,1074.550048828125,2412.909912109375,2.245507237881408,0.8913469903280627,74.83892963565455,6972941.482721624
2002-05-29,2017-05-30,1067.6600341796875,2412.909912109375,2.2599983467239926,0.8980635110323322,75.8894627535558,7211194.9855791
2002-05-30,2017-05-30,1064.6600341796875,2412.909912109375,2.2663665720940713,0.8934305905886994,75.7107032376482,7170653.587970256
2002-05-31,2017-05-31,1067.1400146484375,2411.800048828125,2.260059613285776,0.8922928183415145,75.46784004634294,7101064.477408916
2002-06-03,2017-06-05,1040.6800537109375,2436.10009765625,2.3408732481894083,0.8889506187631373,77.38665850792786,7646207.72615594
2002-06-04,2017-06-05,1040.68994140625,2436.10009765625,2.3408510073273394,0.8892370832712814,77.41086087851087,7651726.507648869
2002-06-05,2017-06-05,1049.9000244140625,2436.10009765625,2.3203162596513036,0.8893086872505825,76.73796493254858,7498288.410314269
2002-06-06,2017-06-06,1029.1500244140625,2429.330078125,2.360520838065488,0.8809347987793951,78.16552575812314,7633862.771724296
2002-06-07,2017-06-07,1027.530029296875,2433.139892578125,2.3679501554257154,0.8772350143416542,77.68259711420599,7615069.726948091
2002-06-10,2017-06-12,1030.739990234375,2429.389892578125,2.3569376521674665,0.8774026076842035,77.44067567463571,7536497.893523747
2002-06-11,2017-06-12,1013.5999755859375,2429.389892578125,2.3967935586953364,0.8753065457628185,78.56207100440727,7790438.689714234
2002-06-12,2017-06-12,1020.260009765625,2429.389892578125,2.3811478146009137,0.8794383510545796,78.41765933551233,7757736.561209873
2002-06-13,2017-06-13,1009.5599975585938,2440.35009765625,2.417241276950075,0.8866108333225261,79.79783714359105,8173931.528577697
2002-06-14,2017-06-14,1007.27001953125,2437.919921875,2.4203241182632707,0.8807822087876551,79.89557662279216,8077481.025903317
2002-06-17,2017-06-19,1036.1700439453125,2453.4599609375,2.36781595383295,0.898704286183459,77.66719323295527,8045154.619195538
2002-06-18,2017-06-19,1037.1400146484375,2453.4599609375,2.365601487055879,0.9016066201412811,77.84514497215045,8086499.832211027
2002-06-19,2017-06-19,1019.989990234375,2453.4599609375,2.4053765080319462,0.9046010472387154,79.41691391393337,8451683.797273993
2002-06-20,2017-06-20,1006.2899780273438,2437.030029296875,2.4217969795090752,0.9194318523482456,82.06700541332948,8882223.358834404
2002-06-21,2017-06-21,989.1400146484375,2435.610107421875,2.4623512054433925,0.9187783421927301,83.44855194233799,9184770.04751651
2002-06-24,2017-06-26,992.719970703125,2439.070068359375,2.4569567857407235,0.9233016945946165,83.14761899286859,9236984.84519489
2002-06-25,2017-06-26,976.1400146484375,2439.070068359375,2.4986887452184,0.9327718763921005,85.42721942807523,9764391.878088174
2002-06-26,2017-06-26,973.530029296875,2439.070068359375,2.5053876048599917,0.9357369989316677,85.92853211386783,9880375.289953802
2002-06-27,2017-06-27,990.6400146484375,2419.3798828125,2.442239206005725,0.9386546744564966,84.45853838683357,9439715.213357508
2002-06-28,2017-06-28,989.8200073242188,2440.68994140625,2.465791682675893,0.9362833023071289,84.19039089602605,9577602.833797373
2002-07-01,2017-07-03,968.6500244140625,2429.010009765625,2.507623959680315,0.9448833465576172,86.03038376398305,10092614.768533181
2002-07-02,2017-07-03,948.0900268554688,2429.010009765625,2.5620035449818253,0.9456713940278068,87.96931965588706,10545458.17376299
2002-07-03,2017-07-03,953.989990234375,2429.010009765625,2.5461588010675764,0.943546669839391,87.22884611617232,10372518.696698736
2002-07-05,2017-07-05,989.030029296875,2432.5400390625,2.459520911404329,0.9587243672759326,85.64218758602321,9995862.29890658
2002-07-08,2017-07-10,976.97998046875,2427.429931640625,2.4846260723540685,0.9654836775155806,86.69849637718582,10342382.981141992
2002-07-09,2017-07-10,952.8300170898438,2427.429931640625,2.5476001890185405,0.967943262080517,89.12237775606843,10911107.069453442
2002-07-10,2017-07-10,920.469970703125,2427.429931640625,2.6371636326021255,0.9739810458796314,92.83103120404942,11781281.892958395
2002-07-11,2017-07-11,927.3699951171875,2425.530029296875,2.615493322048199,0.9734531671716258,92.28226569178278,11590590.988383198
2002-07-12,2017-07-12,921.3900146484375,2443.25,2.6517001065311505,0.9772785883547954,93.58598956753906,11975493.768496681
2002-07-15,2017-07-17,917.9299926757812,2459.139892578125,2.6790059287742536,0.9707769259007317,93.93875021684799,12054081.347244982
2002-07-16,2017-07-17,900.9400024414062,2459.139892578125,2.729526811901171,0.9677727113357992,95.41406409456101,12400442.057779182
2002-07-17,2017-07-17,906.0399780273438,2459.139892578125,2.7141626773823324,0.9661117520044101,94.71415678839571,12236124.216312602
2002-07-18,2017-07-18,881.5599975585938,2460.610107421875,2.791199821040346,0.9663071723219525,97.87340177176091,12871886.326738715
2002-07-19,2017-07-19,847.75,2473.830078125,2.9181127432910645,0.9531992526482683,100.50208850620591,13587483.673690695
2002-07-22,2017-07-24,819.8499755859375,2469.909912109375,3.0126364403977184,0.9477038396128009,103.92223951735086,14211138.793901602
2002-07-23,2017-07-24,797.7000122070312,2469.909912109375,3.0962891742671133,0.953308210210612,107.43950028788653,15030567.715807837
2002-07-24,2017-07-24,843.4299926757812,2469.909912109375,2.9284112890906178,0.9537169242713072,101.65779699875502,13683583.456726804
2002-07-25,2017-07-25,838.6799926757812,2477.1298828125,2.9536055521120725,0.9430243455226142,100.39150688417132,13619530.074201554
2002-07-26,2017-07-26,852.8400268554688,2477.830078125,2.9053867080571716,0.9243719616009569,97.53392391498377,12774379.929346588
2002-07-29,2017-07-31,898.9600219726562,2470.300048828125,2.7479531775032195,0.917975378797975,92.53007059028498,11391252.484638996
2002-07-30,2017-07-31,902.780029296875,2470.300048828125,2.7363255374092668,0.9213474894336261,92.47700420887709,11378984.512120433
2002-07-31,2017-07-31,911.6199951171875,2470.300048828125,2.709791428511363,0.9257528899187992,92.01814479973117,11272904.64626304
2002-08-01,2017-08-01,884.6599731445312,2476.35009765625,2.799211191678587,0.9297971064057431,95.17368346512933,12070882.99372641
2002-08-02,2017-08-02,864.239990234375,2477.570068359375,2.8667616592093568,0.9156498398022664,95.65856617589384,12259574.761973653
2002-08-05,2017-08-07,834.5999755859375,2480.909912109375,2.9725736696405156,0.9155919381469035,99.05578806139829,13079714.853750799
2002-08-06,2017-08-07,859.5700073242188,2480.909912109375,2.886222054015442,0.9209213207442193,96.73809689738971,12539699.452013552
2002-08-07,2017-08-07,876.77001953125,2480.909912109375,2.8296016707274627,0.9145334549584418,94.18249068215313,11944250.524894077
2002-08-08,2017-08-08,905.4600219726562,2474.919921875,2.7333287630778904,0.9140888349112996,91.6904125185086,11187324.981917575
2002-08-09,2017-08-09,908.6400146484375,2474.02001953125,2.722772472758064,0.9308043684041764,93.08515789238083,11491444.98018143
2002-08-12,2017-08-14,903.7999877929688,2465.840087890625,2.728302855936162,0.9298147347138345,93.58364723751222,11512201.34387165
2002-08-13,2017-08-14,884.2100219726562,2465.840087890625,2.788749309117059,0.9380663616037366,96.50593075121373,12183950.663184613
2002-08-14,2017-08-14,919.6199951171875,2465.840087890625,2.681368501101808,0.9368672459302309,92.6713573606009,11302492.018627208
2002-08-15,2017-08-15,930.25,2464.610107421875,2.6494061891124696,0.9407621892494846,91.44095495511863,11136070.693451326
2002-08-16,2017-08-16,928.77001953125,2468.110107421875,2.6573964011753195,0.9272443993599361,90.76058607339127,10895194.285289671
2002-08-19,2017-08-21,950.7000122070312,2428.3701171875,2.5542969243790026,0.9183511992452796,88.6669929711692,9891889.138847243
2002-08-20,2017-08-21,937.4299926757812,2428.3701171875,2.590454899203736,0.9196690957802028,90.05118467308378,10202423.949589621
2002-08-21,2017-08-21,949.3599853515625,2428.3701171875,2.5579023285758535,0.9094582136364201,87.93231542560734,9727068.794777738
2002-08-22,2017-08-22,962.7000122070312,2452.510009765625,2.5475329580012573,0.9175600482299727,86.85886900584107,9822122.653117951
2002-08-23,2017-08-23,940.8599853515625,2444.0400390625,2.597666047142241,0.9217943483331598,89.95830627314982,10305477.71183533
2002-08-26,2017-08-28,947.9500122070312,2444.239990234375,2.5784481868866265,0.920330072851515,89.28547880425813,10123238.497136798
2002-08-27,2017-08-28,934.8200073242188,2444.239990234375,2.6146637546094498,0.9141404144720798,89.93061554752528,10268639.97475548
2002-08-28,2017-08-28,917.8699951171875,2444.239990234375,2.662947915540382,0.9200185909601456,92.18029321700885,10775674.275192497
2002-08-29,2017-08-29,917.7999877929688,2446.300048828125,2.6653955996564527,0.9270455174585451,92.00050728375113,10953597.003921285
2002-08-30,2017-08-30,916.0700073242188,2457.590087890625,2.6827535758637997,0.942893705896125,93.18135835321233,11450596.390571497
2002-09-03,2017-09-05,878.02001953125,2457.85009765625,2.79930985966405,0.9213709582155541,96.6256187736836,11871639.809642952
2002-09-04,2017-09-05,893.4000244140625,2457.85009765625,2.7511193535821024,0.9175565800562369,94.56906196453835,11406129.002586221
2002-09-05,2017-09-05,879.1500244140625,2457.85009765625,2.7957118004908916,0.9171691074800666,96.06133390714237,11743911.41309908
2002-09-06,2017-09-06,893.9199829101562,2465.5400390625,2.758121628555539,0.9170153829643785,93.99784375412409,11447954.873284196
2002-09-09,2017-09-11,902.9600219726562,2488.110107421875,2.755504171697671,0.9192084251695266,93.05677863645514,11478844.873817068
2002-09-10,2017-09-11,909.5800170898438,2488.110107421875,2.7354493949663277,0.9095784459670812,91.41170102660863,11099137.266214151
2002-09-11,2017-09-11,909.4500122070312,2488.110107421875,2.735840424460262,0.9110176130491617,91.56942372035525,11135541.93572564
2002-09-12,2017-09-12,886.9099731445312,2496.47998046875,2.814806526098137,0.9062402401863673,92.70000649551388,11631555.190613516
2002-09-13,2017-09-13,889.8099975585938,2498.3701171875,2.8077568515102946,0.9052670194303327,92.05729126536707,11554206.85461543
2002-09-16,2017-09-18,891.0999755859375,2503.8701171875,2.8098644212632764,0.9133027565936954,91.92402688848162,11761858.695119653
2002-09-17,2017-09-18,873.52001953125,2503.8701171875,2.8664141189702,0.9180403869814948,94.26047611573786,12314983.701202728
2002-09-18,2017-09-18,869.4600219726562,2503.8701171875,2.879799017678405,0.9179647870713609,94.69283273857275,12417338.70076608
2002-09-19,2017-09-19,843.3200073242188,2506.64990234375,2.9723591051718703,0.9049310638123038,96.1710834550328,12809335.13839912
2002-09-20,2017-09-20,845.3900146484375,2508.239990234375,2.966961930911199,0.9122638819325712,95.88116709449189,12952410.729260486
2002-09-23,2017-09-25,833.7000122070312,2496.659912109375,2.994674194018584,0.9059009410617072,97.22559681862286,13005206.88613379
2002-09-24,2017-09-25,819.2899780273438,2496.659912109375,3.0473458470964587,0.9108476313496369,99.47588364903818,13537662.492278557
2002-09-25,2017-09-25,839.6599731445312,2496.659912109375,2.9734178023984756,0.9151735921496456,97.52360434896616,13075720.46602945
2002-09-26,2017-09-26,854.9500122070312,2496.840087890625,2.920451549494803,0.9171386600907632,95.45899284589919,12713332.49777181
2002-09-27,2017-09-27,827.3699951171875,2507.0400390625,3.030131686981719,0.9205546657015213,98.58475653219148,13654127.790956046
2002-09-30,2017-10-02,815.280029296875,2529.1201171875,3.102148987224302,0.9198205387161595,100.04669144295578,14197004.590102661
2002-10-01,2017-10-02,847.9099731445312,2529.1201171875,2.9827696303748943,0.9186216575487034,96.07123402438341,13235511.91085899
2002-10-02,2017-10-02,827.9099731445312,2529.1201171875,3.054825040434659,0.9213234905003131,98.68143643255175,13866807.946146253
2002-10-03,2017-10-03,818.9500122070312,2534.580078125,3.0949142686919653,0.915974045195494,99.11329381472115,14039622.486085238
2002-10-04,2017-10-04,800.5800170898438,2537.739990234375,3.1698767594265114,0.909276244212931,100.66846884736437,14441850.019959573
2002-10-07,2017-10-09,785.280029296875,2544.72998046875,3.240538260914713,0.9079464496199875,102.62984095290565,14950154.571092457
2002-10-08,2017-10-09,798.5499877929688,2544.72998046875,3.18668839693038,0.915844201080346,101.80227105904109,14748965.55453948
2002-10-09,2017-10-09,776.760009765625,2544.72998046875,3.2760826361755955,0.9115462454043993,104.16691974632508,15323831.009910688
2002-10-10,2017-10-10,803.9199829101562,2550.639892578125,3.1727534416359657,0.9058619921111246,100.29873619323982,14372170.8664388
2002-10-11,2017-10-11,835.3200073242188,2555.239990234375,3.0589953165608676,0.9021423460299937,96.05600736680114,13401825.312476832
2002-10-14,2017-10-16,841.4400024414062,2557.639892578125,3.039598646554989,0.9002246823988218,95.35736896791865,13204008.238301959
2002-10-15,2017-10-16,881.27001953125,2557.639892578125,2.902220472606728,0.9010922638332942,91.13532855074041,12176628.166022412
2002-10-16,2017-10-16,860.02001953125,2557.639892578125,2.9739306463728075,0.8968425344787956,92.94673416747136,12617410.785220645
2002-10-17,2017-10-17,879.2000122070312,2559.360107421875,2.91101009086338,0.894483859436202,90.66541618891182,12080661.06711358
2002-10-18,2017-10-18,884.3900146484375,2561.260009765625,2.896075223987888,0.9030925446658558,90.35662920871961,12178795.041515661
2002-10-21,2017-10-23,899.719970703125,2564.97998046875,2.850864784588738,0.9057055848704606,88.81708001550022,11895734.452314358
2002-10-22,2017-10-23,890.1599731445312,2564.97998046875,2.8814820457584043,0.910215221598319,90.21792574726764,12241079.583522059
2002-10-23,2017-10-23,896.1400146484375,2564.97998046875,2.862253597140187,0.9093388710920012,89.52960982655085,12071391.696725007
2002-10-24,2017-10-24,882.5,2569.1298828125,2.911195334631728,0.9176612774888926,91.25750927200039,12654245.628685815
2002-10-25,2017-10-25,897.6500244140625,2557.14990234375,2.8487159057483673,0.9237614770626936,90.62229788436771,12315408.428765334
2002-10-28,2017-10-30,890.22998046875,2572.830078125,2.890073502995572,0.9191897983954377,91.37763240182932,12527341.16320389
2002-10-29,2017-10-30,882.1500244140625,2572.830078125,2.916544813150023,0.9194889963257968,92.24461178487707,12741077.718091797
2002-10-30,2017-10-30,890.7100219726562,2572.830078125,2.888515919498639,0.922793017667672,91.68639190927219,12603459.690010995
2002-10-31,2017-10-31,885.760009765625,2575.260009765625,2.9074015324388456,0.9304134269846965,92.42521177971723,12939124.390576031
2002-11-01,2017-11-01,900.9600219726562,2579.360107421875,2.8629018430522075,0.9348292511397231,90.89568062891054,12695230.793509204
2002-11-04,2017-11-06,908.3499755859375,2591.1298828125,2.8525677904500117,0.9317091405656736,90.156191575628,12537834.348097868
2002-11-05,2017-11-06,915.3900146484375,2591.1298828125,2.8306293944091614,0.9352322424668589,89.80111118321344,12449069.029547518
2002-11-06,2017-11-06,923.760009765625,2591.1298828125,2.8049816569456363,0.9390920535716366,89.35470362218604,12337473.148151683
2002-11-07,2017-11-07,902.6500244140625,2590.639892578125,2.870038024160901,0.9497495637525156,92.49032328246027,13114931.224671558
2002-11-08,2017-11-08,894.739990234375,2594.3798828125,2.899590843293937,0.9522484330853503,93.41717921272175,13414389.498737581
2002-11-11,2017-11-13,876.1900024414062,2584.840087890625,2.95009082583487,0.9493898333662172,95.3949323589812,13750667.294462781
2002-11-12,2017-11-13,882.9500122070312,2584.840087890625,2.9275044477654304,0.9459110372456514,94.3176990417677,13482466.358805437
2002-11-13,2017-11-13,882.530029296875,2584.840087890625,2.9288976035750376,0.9419106271983779,93.96350887580809,13394282.924081448
2002-11-14,2017-11-14,904.27001953125,2578.8701171875,2.8518805904063025,0.94140794694613,91.80345205269745,12766960.277143274
2002-11-15,2017-11-15,909.8300170898438,2564.6201171875,2.8187903993216454,0.9282311707202107,89.96532882895076,12187827.672958832
2002-11-18,2017-11-20,900.3599853515625,2582.139892578125,2.8678972128796683,0.921265484074068,90.91158869524457,12404963.17555323
2002-11-19,2017-11-20,896.739990234375,2582.139892578125,2.8794744526819285,0.9170618383763197,90.86208876687562,12392764.025937479
2002-11-20,2017-11-20,914.1500244140625,2582.139892578125,2.8246347137967693,0.917660017139856,89.1897541617879,11980620.802153364
2002-11-21,2017-11-21,933.760009765625,2599.030029296875,2.7834025896538823,0.9137129418983274,87.10362055276278,11566598.61440701
2002-11-22,2017-11-22,930.5499877929688,2597.080078125,2.7909087230065124,0.9160056502222613,88.43263044569612,11679019.592802202
2002-11-25,2017-11-27,932.8699951171875,2601.419921875,2.7886199958100364,0.9148288449635039,88.21270231915351,11633412.883180548
2002-11-26,2017-11-27,913.3099975585938,2601.419921875,2.8483427629490117,0.9085485257797589,89.48336717752181,11945032.602274686
2002-11-27,2017-11-27,938.8699951171875,2601.419921875,2.770798870348708,0.9098870346314439,87.1754942320899,11379046.446110759
2002-11-29,2017-11-29,936.3099975585938,2626.070068359375,2.8047015146765397,0.9018600265686487,85.99905989342096,11449720.587967295
2002-12-02,2017-12-04,934.530029296875,2639.43994140625,2.824350056885942,0.9058619722823039,86.16285944223065,11695836.733784935
2002-12-03,2017-12-04,920.75,2639.43994140625,2.866619539947054,0.9039694922299105,87.26967973419923,11974534.452310521
2002-12-04,2017-12-04,917.5800170898438,2639.43994140625,2.8765229105330574,0.9020848478486068,87.38859901970912,12004478.368048957
2002-12-05,2017-12-05,906.5499877929688,2629.570068359375,2.900634387256643,0.9104922275232268,89.30401247936172,12395722.946822377
2002-12-06,2017-12-06,912.22998046875,2629.27001953125,2.882244692484452,0.9061572145370752,88.46149209700174,12147782.651882708
2002-12-09,2017-12-11,892.0,2659.989990234375,2.9820515585587164,0.9162363023983708,90.46774126444437,13169597.817517167
2002-12-10,2017-12-11,904.4500122070312,2659.989990234375,2.9410027689020537,0.9177174247920047,89.36665764570168,12887600.453007396
2002-12-11,2017-12-11,904.9600219726562,2659.989990234375,2.939345303272135,0.9270084732496853,90.22053880557864,13106287.05645065
2002-12-12,2017-12-12,901.5800170898438,2664.110107421875,2.954934733381954,0.9428298420760316,92.10029796625308,13625285.495205259
2002-12-13,2017-12-13,889.47998046875,2662.85009765625,2.993715604765996,0.9273309910678624,92.4397608509753,13541881.394140437
2002-12-16,2017-12-18,910.4000244140625,2690.159912109375,2.9549207381016647,0.9255714376854066,90.31559146670797,13192717.199678808
2002-12-17,2017-12-18,902.989990234375,2690.159912109375,2.9791691394177384,0.9327036085537213,91.75838640861232,13563221.72189134
2002-12-18,2017-12-18,891.1199951171875,2690.159912109375,3.0188525976859077,0.9339417732806992,93.10406847932296,13908788.010057377
2002-12-19,2017-12-19,884.25,2681.469970703125,3.032479469271275,0.9387088828185605,93.9599442111842,14139298.717248416
2002-12-20,2017-12-20,895.760009765625,2679.25,2.9910355126268966,0.941634752227709,92.8297375994461,13883606.102935266
2002-12-23,2017-12-26,897.3800048828125,2680.5,2.9870288901188995,0.9413188168868581,92.66215672977816,13843610.327238426
2002-12-24,2017-12-26,892.469970703125,2680.5,3.003462399847684,0.9407712225304076,93.11774805891305,13960842.02682037
2002-12-26,2017-12-26,889.6599731445312,2680.5,3.0129488578942,0.9444602232040274,93.77815256117681,14130775.77503056
2002-12-27,2017-12-27,875.4000244140625,2682.6201171875,3.0644505853002193,0.9538079678133383,96.23714659754555,14786169.826746985
2002-12-30,2018-01-02,879.3900146484375,2695.81005859375,3.0655454504694153,0.9456108355659115,95.80049702373633,14581934.196613457
2002-12-31,2018-01-02,879.8200073242188,2695.81005859375,3.064047232561203,0.9455311613306214,95.74560873035185,14567850.131727993
2003-01-02,2018-01-02,909.030029296875,2695.81005859375,2.9655896633898116,0.9379460601097097,91.92560260017909,13587655.432954142
2003-01-03,2018-01-03,908.5900268554688,2713.06005859375,2.986011268452237,0.9366744394851053,91.54935871226084,13717885.256353037
2003-01-06,2018-01-08,929.010009765625,2747.7099609375,2.957675301723288,0.9411162676052941,89.53707001710268,13604218.569527633
2003-01-07,2018-01-08,922.9299926757812,2747.7099609375,2.977159679220384,0.9498866447868964,90.96682011458334,13981136.574486822
2003-01-08,2018-01-08,909.9299926757812,2747.7099609375,3.0196938039787655,0.9477383267161424,92.05777101592592,14268738.609252919
2003-01-09,2018-01-09,927.5700073242188,2751.2900390625,2.9661265643972317,0.9451382595899824,90.36762069152633,13772829.445807159
2003-01-10,2018-01-10,927.5700073242188,2748.22998046875,2.9628275588563158,0.9444406800350901,91.36319851084053,13728862.135869939
2003-01-13,2018-01-16,926.260009765625,2776.419921875,2.9974520033284473,0.9354915295617056,91.49241230149615,13778691.335555356
2003-01-14,2018-01-16,931.6599731445312,2776.419921875,2.980078571481449,0.9346202685448676,90.87739948410896,13618850.75878852
2003-01-15,2018-01-16,918.219970703125,2776.419921875,3.023698035830088,0.936920733103096,92.43453239395515,14023546.42589645
2003-01-16,2018-01-16,914.5999755859375,2776.419921875,3.0356658604722675,0.9372389338798756,92.83190636383591,14126823.110125098
2003-01-17,2018-01-17,901.780029296875,2802.56005859375,3.107808963987513,0.9425862897666681,93.84883611212862,14841126.46326958
2003-01-21,2018-01-22,887.6199951171875,2832.969970703125,3.1916473111098673,0.9376880754764665,95.20096960572045,15378686.417916045
2003-01-22,2018-01-22,878.3599853515625,2832.969970703125,3.2252948881422827,0.9394344805091,96.38379204133423,15694003.3711555
2003-01-23,2018-01-23,887.3400268554688,2839.1298828125,3.199596318080827,0.9346150966817411,95.65942819401317,15358515.867964756
2003-01-24,2018-01-24,861.4000244140625,2837.5400390625,3.2941025756211677,0.9211829804331231,97.81773029818578,15732316.017367382
2003-01-27,2018-01-29,847.47998046875,2853.530029296875,3.3670766213481027,0.9178126240507855,99.42440790209608,16206129.23978183
2003-01-28,2018-01-29,858.5399780273438,2853.530029296875,3.323700820378096,0.9181994860014466,98.18495755286374,15879436.863899037
2003-01-29,2018-01-29,864.3599853515625,2853.530029296875,3.301321298597892,0.9150369763499667,97.18795076317606,15616647.38056389
2003-01-30,2018-01-30,844.6099853515625,2822.429931640625,3.341696144482367,0.906780076203594,98.73891990733765,15695955.948924446
2003-01-31,2018-01-31,855.7000122070312,2823.81005859375,3.3000000213983247,0.9112232955267453,97.51617874246932,15499672.867369013
2003-02-03,2018-02-05,860.3200073242188,2648.93994140625,3.079017015592868,0.9103388230512639,96.99250817128474,13769005.197579227
2003-02-04,2018-02-05,848.2000122070312,2648.93994140625,3.123013326200812,0.9080656049187813,98.13277956828469,14048440.354716107
2003-02-05,2018-02-05,843.5900268554688,2648.93994140625,3.1400797272110115,0.9099591440161657,98.87479709209629,14230279.330866989
2003-02-06,2018-02-06,838.1500244140625,2695.139892578125,3.2155817145769996,0.9118865229431414,99.24337155406567,14865442.933455002
2003-02-07,2018-02-07,829.6900024414062,2681.659912109375,3.2321227256185447,0.9028193625522435,99.65022446028341,14744834.860508544
2003-02-10,2018-02-12,835.969970703125,2656.0,3.1771476166375545,0.8986358427765623,98.90163268209146,14211237.19735035
2003-02-11,2018-02-12,829.2000122070312,2656.0,3.2030872659187333,0.8958951756908322,99.40501602031196,14334466.036676249
2003-02-12,2018-02-12,818.6799926757812,2656.0,3.244246865394994,0.903266024993574,101.51071801627718,14849944.387323126
2003-02-13,2018-02-13,817.3699951171875,2662.93994140625,3.2579369897526766,0.8957938254797925,101.69876301106433,14748369.836608246
2003-02-14,2018-02-14,834.8900146484375,2698.6298828125,3.2323178328451583,0.8953880810323217,100.61849372265031,14542636.746688368
2003-02-18,2018-02-20,851.1699829101562,2716.260009765625,3.1912074724236783,0.9047943750251115,98.99338200214628,14485038.118578166
2003-02-19,2018-02-20,845.1300048828125,2716.260009765625,3.214014404969881,0.9077007095014271,100.02112230380618,14739239.560666448
2003-02-20,2018-02-20,837.0999755859375,2716.260009765625,3.2448454055494964,0.9053283547047718,100.71667101066188,14911276.683312897
2003-02-21,2018-02-21,848.1699829101562,2701.330078125,3.1848923359165173,0.9156734304742027,100.37535825329007,14730404.546998836
2003-02-24,2018-02-26,832.5800170898438,2779.60009765625,3.3385380871521724,0.911535851172115,102.25487538347546,15806311.890874773
2003-02-25,2018-02-26,838.5700073242188,2779.60009765625,3.314690572496907,0.914416291680187,101.84527434896017,15702939.880416732
2003-02-26,2018-02-26,827.5499877929688,2779.60009765625,3.3588304497101062,0.909599873221512,102.6579073530608,15908026.050420795
2003-02-27,2018-02-27,837.280029296875,2744.280029296875,3.277613144077313,0.9096960439821138,101.13841849529098,15284236.908185309
2003-02-28,2018-02-28,841.1500244140625,2713.830078125,3.2263329957285913,0.9103636669394769,101.4895485589313,14906916.135718934
2003-03-03,2018-03-05,834.8099975585938,2720.93994140625,3.2593523668423394,0.9070343226362456,102.26031851292656,15069801.07415349
2003-03-04,2018-03-05,821.989990234375,2720.93994140625,3.3101862233509984,0.905874321516304,103.72238188425237,15428235.68896756
2003-03-05,2018-03-05,829.8499755859375,2720.93994140625,3.278833549986018,0.905797077883433,102.73120707505302,15185242.554800868
2003-03-06,2018-03-06,822.0999755859375,2728.1201171875,3.318477312011936,0.9016403230404841,103.92114791974396,15372778.663530052
2003-03-07,2018-03-07,828.8900146484375,2726.800048828125,3.289700684818432,0.9066427127656144,103.00825218061058,15292305.13803939
2003-03-10,2018-03-12,807.47998046875,2783.02001953125,3.4465498672990997,0.9072745871271037,105.73947803551843,16516681.074710168
2003-03-11,2018-03-12,800.72998046875,2783.02001953125,3.4756036209635375,0.9044174318518559,106.2950436667343,16656002.328538116
2003-03-12,2018-03-12,804.1900024414062,2783.02001953125,3.4606498602101468,0.8954997375426638,104.79413395008582,16279613.632303653
2003-03-13,2018-03-13,831.9000244140625,2765.31005859375,3.3240894067066034,0.9003212213634908,101.61179120115818,15378505.029132662
2003-03-14,2018-03-14,833.27001953125,2749.47998046875,3.299626670854485,0.8950674548487473,101.18812767643634,15044734.02405388
2003-03-17,2018-03-19,862.7899780273438,2712.919921875,3.1443572491161014,0.8937268428413538,97.72602287065801,13830466.12511143
2003-03-18,2018-03-19,866.4500122070312,2712.919921875,3.131074942182319,0.8828586069688668,96.12982631410426,13441233.995811358
2003-03-19,2018-03-19,874.02001953125,2712.919921875,3.1039562724546967,0.8810972527711571,95.10710918310443,13191844.68035626
2003-03-20,2018-03-20,875.6699829101562,2716.93994140625,3.1026984987847963,0.8765766719294372,94.0213025915492,13063506.492073217
2003-03-21,2018-03-21,895.7899780273438,2711.929931640625,3.0274171381250303,0.8834041999780617,93.09757838574514,12679191.966396233
2003-03-24,2018-03-26,864.22998046875,2658.550048828125,3.0762066914019264,0.8798265096987665,96.49732083042575,12951359.105541091
2003-03-25,2018-03-26,874.739990234375,2658.550048828125,3.0392460371176147,0.8793131942674113,95.28228174764256,12662368.716209665
2003-03-26,2018-03-26,869.9500122070312,2658.550048828125,3.055980241995148,0.8793865043471714,95.81489724530428,12789048.394430911
2003-03-27,2018-03-27,868.52001953125,2612.6201171875,3.0081288380635836,0.8811643429684284,96.17306430771757,12477561.787408642
2003-03-28,2018-03-28,863.5,2605.0,3.0167921250723797,0.9068002006092245,98.31713916269696,13198122.931717446
2003-03-31,2018-04-02,848.1799926757812,2581.8798828125,3.0440235623424208,0.8982002103637606,100.09296422939893,13185529.282328792
2003-04-01,2018-04-02,858.47998046875,2581.8798828125,3.0075015627070694,0.8880225293191217,97.77149017234888,12647783.146600984
2003-04-02,2018-04-02,880.9000244140625,2581.8798828125,2.9309567615574283,0.8910890306556685,95.61210899618668,12147584.197783032
2003-04-03,2018-04-03,876.4500122070312,2614.449951171875,2.982999503403853,0.8873363878050279,95.12016770960972,12445915.555400327
2003-04-04,2018-04-04,878.8499755859375,2644.68994140625,3.009262120810791,0.8919388763828398,95.05059230868919,12760980.378112506
2003-04-07,2018-04-09,879.9299926757812,2613.159912109375,2.9697361538535705,0.8917300256095533,94.9339281820568,12456760.562569825
2003-04-08,2018-04-09,878.2899780273438,2613.159912109375,2.9752814873039797,0.8889823361220948,94.81813023451717,12429368.387492571
2003-04-09,2018-04-09,865.989990234375,2613.159912109375,3.017540550788744,0.8929981573678448,96.59927635377258,12850701.12588261
2003-04-10,2018-04-10,871.5800170898438,2656.8701171875,3.0483375766904786,0.8887570689171989,95.19927140322159,12974283.711306889
2003-04-11,2018-04-11,868.2999877929688,2642.18994140625,3.0429459617086105,0.8879478393168689,95.7256859519269,12912767.43494865
2003-04-14,2018-04-16,885.22998046875,2677.840087890625,3.0250219117891217,0.8897514736254153,93.89493552796128,12824070.127914838
2003-04-15,2018-04-16,890.8099975585938,2677.840087890625,3.0060732313620986,0.8953328856264654,93.89209294861277,12823379.151026364
2003-04-16,2018-04-16,879.9099731445312,2677.840087890625,3.0433114405111663,0.8946593920140996,94.98369305908497,13088726.342895277
2003-04-17,2018-04-17,893.5800170898438,2706.389892578125,3.0287045824862204,0.8932142644272675,93.40572430630742,12940792.511693593
2003-04-21,2018-04-23,892.010009765625,2670.2900390625,2.993565105580056,0.9073245941008813,93.5232858300935,13032826.871960685
2003-04-22,2018-04-23,911.3699951171875,2670.2900390625,2.929973614853475,0.9028056817868045,91.08069984439318,12431269.09274919
2003-04-23,2018-04-23,919.02001953125,2670.2900390625,2.905584190020684,0.908157979683361,90.8580125974628,12376425.887021158
2003-04-24,2018-04-24,911.4299926757812,2634.56005859375,2.8905786289292434,0.9054843382808414,91.30966536707284,12195328.781508977
2003-04-25,2018-04-25,898.8099975585938,2639.39990234375,2.9365493369155438,0.9124311518119653,92.82347650308756,12721304.315716665
2003-04-28,2018-04-30,914.8400268554688,2648.050048828125,2.894549835046164,0.9120890830150176,91.19700301690136,12387940.344606698
2003-04-29,2018-04-30,917.8400268554688,2648.050048828125,2.885088873167122,0.9200723643129002,91.69453654713303,12510079.78587982
2003-04-30,2018-04-30,916.9199829101562,2648.050048828125,2.8879837915884883,0.9229463981720885,92.0732574950269,12603051.941852199
2003-05-01,2018-05-01,916.2999877929688,2654.800048828125,2.8973044681824853,0.9230614364003461,91.68660462841072,12678827.404280366
2003-05-02,2018-05-02,930.0800170898438,2635.669921875,2.833809858770893,0.9339825401764617,91.43433477729963,12444261.328706041
2003-05-05,2018-05-07,926.5499877929688,2672.6298828125,2.884496161052976,0.9264648710457754,91.78268714334192,12661819.405719185
2003-05-06,2018-05-07,934.3900146484375,2672.6298828125,2.8602937113129063,0.9357756614577688,91.92724042491815,12697510.672378965
2003-05-07,2018-05-07,929.6199951171875,2672.6298828125,2.874970307061424,0.9305005046947362,91.87806139202598,12685368.008041743
2003-05-08,2018-05-08,920.27001953125,2671.919921875,2.903408635691482,0.9290498806375196,92.59800667134496,12874049.065735856
2003-05-09,2018-05-09,933.4099731445312,2697.7900390625,2.8902519971733454,0.9407125398645186,91.74793440750163,13056240.599488009
2003-05-12,2018-05-14,945.1099853515625,2730.1298828125,2.8886901261517672,0.9397191569940224,90.61213860682732,13019447.17739322
2003-05-13,2018-05-14,942.2999877929688,2730.1298828125,2.8973043809614616,0.9442475146037485,91.32029730935994,13199350.467358533
2003-05-14,2018-05-14,939.280029296875,2730.1298828125,2.9066197488050682,0.9424633043030165,91.44079912407761,13229963.19983922
2003-05-15,2018-05-15,946.6699829101562,2711.449951171875,2.864197661403198,0.9507542025625584,91.05545283165566,13092294.730895031
2003-05-16,2018-05-16,944.2999877929688,2722.4599609375,2.88304563817741,0.9461505635901273,90.79093888286856,13131703.76594137
2003-05-19,2018-05-21,920.77001953125,2733.010009765625,2.9681787545134872,0.9514574537628208,93.11107079968869,13948332.384697936
2003-05-20,2018-05-21,919.72998046875,2733.010009765625,2.971535198159701,0.9436904614466772,92.4554124738151,13779695.901582032
2003-05-21,2018-05-21,923.4199829101562,2733.010009765625,2.9596608914099405,0.9465074356176706,92.36084128598978,13755372.024511293
2003-05-22,2018-05-22,931.8699951171875,2724.43994140625,2.9236266385673653,0.9467806824638737,91.75810943894423,13472921.740642508
2003-05-23,2018-05-23,933.219970703125,2733.2900390625,2.928880783598245,0.9368892849064002,91.37535205792591,13269433.954373954
2003-05-27,2018-05-29,951.47998046875,2689.860107421875,2.827027538820844,0.9143314584737633,88.65408984145786,11919445.003827915
2003-05-28,2018-05-29,953.219970703125,2689.860107421875,2.821867134652823,0.9172717176267876,88.77683106966117,11949792.386629047
2003-05-29,2018-05-29,949.6400146484375,2689.860107421875,2.8325050186703407,0.9085833564091069,88.2674416555023,11823847.455389496
2003-05-30,2018-05-30,963.5900268554688,2724.010009765625,2.8269387746311803,0.9124727089371243,87.10640898543488,11874198.004706675
2003-06-02,2018-06-04,967.0,2746.8701171875,2.840610255623061,0.9229729561848365,86.79924195817854,12232918.653611708
2003-06-03,2018-06-04,971.5599975585938,2746.8701171875,2.827277907787511,0.925380760263407,86.61722603013891,12186296.756571217
2003-06-04,2018-06-04,986.239990234375,2746.8701171875,2.7851944196003653,0.9341063225981731,86.1325160346641,12062142.240277447
2003-06-05,2018-06-05,990.1400146484375,2748.800048828125,2.776173074677851,0.9260642645467372,85.13514255858212,11801356.458042867
2003-06-06,2018-06-06,987.760009765625,2772.35009765625,2.806704128783338,0.935880017962501,86.036515665461,12274740.872710776
2003-06-09,2018-06-11,975.9299926757812,2782.0,2.8506143072541295,0.9380980989599982,87.0794321229032,12676841.714027742
2003-06-10,2018-06-11,984.8400268554688,2782.0,2.8248242599183833,0.9379386464187679,86.27694066077383,12467860.426254967
2003-06-11,2018-06-11,997.47998046875,2782.0,2.7890284060564734,0.9384968458532179,85.23434472565778,12196352.19043016
2003-06-12,2018-06-12,998.510009765625,2786.85009765625,2.791008673323558,0.9408978963564393,85.31324804712506,12268939.5264742
2003-06-13,2018-06-13,988.6099853515625,2775.6298828125,2.8076085857310558,0.9335422151229607,85.65681032511836,12226259.252967272
2003-06-16,2018-06-18,1010.739990234375,2773.75,2.7442764972194382,0.932661562399779,83.7813669380397,11704400.623095157
2003-06-17,2018-06-18,1011.6599731445312,2773.75,2.7417809082417133,0.933847703988296,83.81163255950075,11712241.234883979
2003-06-18,2018-06-18,1010.0900268554688,2773.75,2.7460423588529195,0.9298269592730092,83.58048039702352,11652358.956488937
2003-06-19,2018-06-19,994.7000122070312,2762.590087890625,2.7773097959062203,0.9302036460935863,84.95970690240884,11907772.163139237
2003-06-20,2018-06-20,995.6900024414062,2767.320068359375,2.779298839572535,0.9358208877970446,85.17034172677438,12055851.69561752
2003-06-23,2018-06-25,981.6400146484375,2717.070068359375,2.767888459938607,0.9298083399273163,86.38936524224579,11824176.963854892
2003-06-24,2018-06-25,983.4500122070312,2717.070068359375,2.762794279967318,0.9297294789957458,86.22305576348796,11782162.909405021
2003-06-25,2018-06-25,975.3200073242188,2717.070068359375,2.785824188938389,0.9193610244653042,85.97220269795925,11718790.969135836
2003-06-26,2018-06-26,985.8200073242188,2723.06005859375,2.762228437607864,0.9210825838403639,84.86438278601794,11575159.494858671
2003-06-27,2018-06-27,976.219970703125,2699.6298828125,2.7653909608795284,0.9243122971522536,85.90735595221146,11675599.710952904
2003-06-30,2018-07-02,974.5,2726.7099609375,2.798060503783992,0.9298138559507071,86.0589805139567,12062207.614233423
2003-07-01,2018-07-02,982.3200073242188,2726.7099609375,2.7757858341548958,0.9383918812136542,86.16150550873586,12088491.07363484
2003-07-02,2018-07-02,993.75,2726.7099609375,2.7438590801886793,0.9382330872067506,85.1560737724163,11830737.105645135
2003-07-03,2018-07-03,985.7000122070312,2713.219970703125,2.752581857666909,0.9330515965763472,85.73543719829229,11779191.606587112
2003-07-07,2018-07-09,1004.4199829101562,2784.169921875,2.7719180912831756,0.938291779532241,84.19445812844558,12055360.288823728
2003-07-08,2018-07-09,1007.8400268554688,2784.169921875,2.76251175552315,0.9417961567693279,84.22213577634297,12062610.6531576
2003-07-09,2018-07-09,1002.2100219726562,2784.169921875,2.778030413620192,0.9429166708270544,84.79602846780826,12212946.08328864
2003-07-10,2018-07-10,988.7000122070312,2793.840087890625,2.82577126873303,0.9399626650792315,85.77975621125799,12523893.297779024
2003-07-11,2018-07-11,998.1400146484375,2774.02001953125,2.7791892708642774,0.9499236348491269,85.00453471538268,12387349.028478995
2003-07-14,2018-07-16,1003.8599853515625,2798.429931640625,2.787669567943367,0.9534532493413773,84.52018086594173,12539098.91283534
2003-07-15,2018-07-16,1000.4199829101562,2798.429931640625,2.7972551322897163,0.9521606824746364,84.69583306501181,12585940.297325242
2003-07-16,2018-07-16,994.0900268554688,2798.429931640625,2.815066901428124,0.9457498808107757,84.6612616697708,12576721.101520065
2003-07-17,2018-07-17,981.72998046875,2809.550048828125,2.8618358456228865,0.9543320620252648,86.01672359420432,13160081.647639783
2003-07-18,2018-07-18,993.3200073242188,2815.6201171875,2.8345549233143394,0.9476642879134349,84.58451885847612,12779030.890651658
2003-07-21,2018-07-23,978.7999877929688,2806.97998046875,2.8677768854472743,0.9364812823742071,85.83928886377186,12774052.302092636
2003-07-22,2018-07-23,988.1099853515625,2806.97998046875,2.840756618272658,0.9388476915298041,85.24537380710869,12616480.486872766
2003-07-23,2018-07-23,988.6099853515625,2806.97998046875,2.83931987544163,0.9370323828841408,85.03751725197583,12561333.990197558
2003-07-24,2018-07-24,981.5999755859375,2820.39990234375,2.873268105635592,0.9366873973852557,85.78182159720568,12822682.122314706
2003-07-25,2018-07-25,998.6799926757812,2846.070068359375,2.849831867296999,0.925095989843265,83.56883279894168,12356400.9127507
2003-07-28,2018-07-30,996.52001953125,2802.60009765625,2.812387150008844,0.9263395391303191,83.74996958598832,12092311.5310315
2003-07-29,2018-07-30,989.280029296875,2802.60009765625,2.832969447132357,0.9227968442164901,84.0402514132163,12168884.652080016
2003-07-30,2018-07-30,987.489990234375,2802.60009765625,2.8381048166281353,0.9206536624385206,83.99705650634787,12157490.315535076
2003-07-31,2018-07-31,990.3099975585938,2816.2900390625,2.843846922686316,0.9307250579666968,84.05767422230096,12445199.739868574
2003-08-01,2018-08-01,980.1500244140625,2813.360107421875,2.8703362111363644,0.930942463103224,85.09190690972622,12659559.47255554
2003-08-04,2018-08-06,982.8200073242188,2850.39990234375,2.9002257596526952,0.9286071302831409,84.8607415533553,12838084.31227993
2003-08-05,2018-08-06,965.4600219726562,2850.39990234375,2.9523748653203987,0.9262895105216462,86.17102289021689,13190712.808051884
2003-08-06,2018-08-06,967.0800170898438,2850.39990234375,2.9474292219595535,0.934766146984759,86.81391936391529,13363731.846085623
2003-08-07,2018-08-07,974.1199951171875,2858.449951171875,2.934392031269208,0.9354364644425216,86.24444126278789,13277068.363519233
2003-08-08,2018-08-08,977.5900268554688,2857.699951171875,2.9232089860449957,0.9350084293231472,86.24989086323865,13177748.36146205
2003-08-11,2018-08-13,980.5900268554688,2821.929931640625,2.8777877138827512,0.9330607465137494,85.98601945367571,12770078.382247586
2003-08-12,2018-08-13,990.3499755859375,2821.929931640625,2.8494269714815097,0.9283641438417407,84.7100738785277,12432193.445345087
2003-08-13,2018-08-13,984.030029296875,2821.929931640625,2.867727455082845,0.9301588801995891,85.41894085248708,12619909.502701802
2003-08-14,2018-08-14,990.510009765625,2839.9599609375,2.8671693702615815,0.9338202363978805,84.7461543088607,12704528.207026068
2003-08-15,2018-08-15,990.6699829101562,2818.3701171875,2.844913206018777,0.9325798826307378,85.1326548643345,12498362.825515557
2003-08-18,2018-08-20,999.739990234375,2857.050048828125,2.857793102943026,0.9272834471608287,84.36030024144031,12471866.353244934
2003-08-19,2018-08-20,1002.3499755859375,2857.050048828125,2.850351791706282,0.9312891777107422,84.50411269550725,12510175.062892424
2003-08-20,2018-08-20,1000.2999877929688,2857.050048828125,2.856193225726047,0.9331069875100151,84.84257715671549,12600335.103999749
2003-08-21,2018-08-21,1003.27001953125,2862.9599609375,2.8536285398771692,0.9373904561071489,84.83621216844102,12683696.064553501
2003-08-22,2018-08-22,993.0599975585938,2861.820068359375,2.8818199055395124,0.9427791522539625,85.84726994616106,13039479.289141793
2003-08-25,2018-08-27,993.7100219726562,2896.739990234375,2.915075752666691,0.9474594897372614,85.79111390454759,13421049.250216555
2003-08-26,2018-08-27,996.72998046875,2896.739990234375,2.9062434631213496,0.9460078129206013,85.4001292962082,13314310.109631643
2003-08-27,2018-08-27,996.7899780273438,2896.739990234375,2.906068534082826,0.9472979997160762,85.5114526088206,13344701.471495686
2003-08-28,2018-08-28,1002.8400268554688,2897.52001953125,2.8893142893555903,0.950996690426203,85.30824033380024,13300736.211080011
2003-08-29,2018-08-29,1008.010009765625,2914.0400390625,2.89088402975289,0.9593953593573172,85.19869631139674,13519286.127521675
2003-09-02,2018-09-04,1021.989990234375,2896.719970703125,2.834391724363968,0.9616167286136711,84.41749062615536,13113075.25958475
2003-09-03,2018-09-04,1026.27001953125,2896.719970703125,2.822570976034363,0.9538810439936946,83.38916918091427,12831526.130623337
2003-09-04,2018-09-04,1027.969970703125,2896.719970703125,2.8179032980134493,0.9543710733915869,83.29403672029426,12805479.351624928
2003-09-05,2018-09-05,1021.3900146484375,2888.60009765625,2.8281068506925893,0.9541049552856468,83.81627915946582,12881675.247539755
2003-09-08,2018-09-10,1031.6400146484375,2877.1298828125,2.788889381915812,0.9515281649480226,82.98351109193668,12503433.628531363
2003-09-09,2018-09-10,1023.1699829101562,2877.1298828125,2.811976436827446,0.9494149048795606,83.48464257824766,12639330.254173927
2003-09-10,2018-09-10,1010.9199829101562,2877.1298828125,2.8460510539420207,0.9493337964317529,84.48906384930238,12911708.791920103
2003-09-11,2018-09-11,1016.4199829101562,2887.889892578125,2.8412368323472763,0.9517097761842526,83.89573680589754,12930198.735901294
2003-09-12,2018-09-12,1018.6300048828125,2888.919921875,2.8360836692684637,0.9572252249223469,84.49184127574043,13021256.623255566
2003-09-15,2018-09-17,1014.8099975585938,2888.800048828125,2.8466412981522975,0.9612703338889306,84.80989042118296,13204602.728040727
2003-09-16,2018-09-17,1029.3199462890625,2888.800048828125,2.806513231617555,0.9619326660433136,83.67196801780466,12893258.883890023
2003-09-17,2018-09-17,1025.969970703125,2888.800048828125,2.8156769996380615,0.9692788265868402,84.58625084299464,13143413.313217118
2003-09-18,2018-09-18,1039.5799560546875,2904.31005859375,2.7937341824248945,0.9856640928595942,84.44622436729539,13351235.81381851
2003-09-19,2018-09-19,1036.300048828125,2907.949951171875,2.8060887910410313,1.000418675524294,85.95096791000711,13805595.597128373
2003-09-22,2018-09-24,1022.8200073242188,2919.3701171875,2.854236421151765,1.0045961208261818,87.08374064267866,14315169.014451673
2003-09-23,2018-09-24,1029.030029296875,2919.3701171875,2.8370115876815314,1.0080078981860057,86.85217123441883,14250511.143087167
2003-09-24,2018-09-24,1009.3800048828125,2919.3701171875,2.892240883577275,1.006119577591522,88.37708969388352,14676292.693138883
2003-09-25,2018-09-25,1003.27001953125,2915.56005859375,2.906057194807799,1.0114513322648038,89.24170622764056,14925564.372845044
2003-09-26,2018-09-26,996.8499755859375,2905.969970703125,2.9151527731091407,1.0127055571319208,90.13927308569923,15034583.184073005
2003-09-29,2018-10-01,1006.5800170898438,2924.590087890625,2.9054720322642633,1.0238655603210611,89.26794755433066,15226412.122640863
2003-09-30,2018-10-01,995.969970703125,2924.590087890625,2.9364239624874955,1.0244178342767705,90.26758121440955,15508900.645920351
2003-10-01,2018-10-01,1018.219970703125,2924.590087890625,2.8722576378766846,1.0277441717572304,88.58176531928149,15032502.47951784
2003-10-02,2018-10-02,1020.239990234375,2923.429931640625,2.865433583885532,1.024970724495748,88.45425156551944,14905637.34926222
2003-10-03,2018-10-03,1029.8499755859375,2925.510009765625,2.8407147440103047,1.0416340300833173,88.34639132505768,15092194.04758229
2003-10-06,2018-10-08,1034.3499755859375,2884.429931640625,2.788640208558671,1.0289964184675906,87.96203518801852,14333366.673773464
2003-10-07,2018-10-08,1039.25,2884.429931640625,2.775491875526221,1.0326607340088003,87.85905849281043,14304879.72849081
2003-10-08,2018-10-08,1033.780029296875,2884.429931640625,2.790177648916732,1.0366361292745327,88.66395857790863,14527543.163512308
2003-10-09,2018-10-09,1038.72998046875,2880.340087890625,2.772944020149305,1.0408806525409482,88.6803724481146,14475856.064173453
2003-10-10,2018-10-10,1038.06005859375,2785.679931640625,2.6835440864706412,1.0303520721145036,88.54999450210937,13447159.381695893
2003-10-13,2018-10-15,1045.3499755859375,2750.7900390625,2.6314536789658725,1.0280448798305502,87.93247680501734,12940541.040339658
2003-10-14,2018-10-15,1049.47998046875,2750.7900390625,2.6210981536149554,1.0212857386199163,87.01057807987287,12700028.589108363
2003-10-15,2018-10-15,1046.760009765625,2750.7900390625,2.6279089890703946,1.018866783622455,87.0300486912694,12705108.240859935
2003-10-16,2018-10-16,1050.0699462890625,2809.919921875,2.675935952462244,1.0278316535403391,87.12877279700844,13323491.002196398
2003-10-17,2018-10-17,1039.3199462890625,2809.2099609375,2.7029308645214667,1.0280029286402297,87.82106994054948,13562704.76254835
2003-10-20,2018-10-22,1044.6800537109375,2755.8798828125,2.6380133065841522,1.0291804152685942,87.3704722986081,13023129.025404936
2003-10-21,2018-10-22,1046.030029296875,2755.8798828125,2.634608764210105,1.0348476939391615,87.73820734199651,13120031.458553728
2003-10-22,2018-10-22,1030.3599853515625,2755.8798828125,2.6746767362789075,1.0304972187084305,88.69809911171785,13372974.031522635
2003-10-23,2018-10-23,1033.77001953125,2740.68994140625,2.651160209355831,1.029424121472418,88.55928876760562,13143346.924501467
2003-10-24,2018-10-24,1028.9100341796875,2656.10009765625,2.5814697198223575,1.0357096574871025,89.86613577271844,12672578.451922983
2003-10-27,2018-10-29,1031.1300048828125,2641.25,2.5615101757223884,1.038594506821906,89.67265853156186,12559940.972272871
2003-10-28,2018-10-29,1046.7900390625,2641.25,2.523189848429863,1.0379227151225567,88.2740157962466,12208068.973976929
2003-10-29,2018-10-29,1048.1099853515625,2641.25,2.5200122476784323,1.0342909675484473,87.8543605998032,12102491.681907032
2003-10-30,2018-10-30,1046.93994140625,2682.6298828125,2.562353174919653,1.0277454723011363,86.83314802851231,12331629.491181778
2003-10-31,2018-10-31,1050.7099609375,2711.739990234375,2.58086445455872,1.0301323120136043,86.87698817779511,12545198.23697922
2003-11-03,2018-11-05,1059.02001953125,2738.31005859375,2.585701882959491,1.0337380104294622,86.19527031704536,12666516.954060107
2003-11-04,2018-11-05,1053.25,2738.31005859375,2.5998671337230004,1.0308210592399634,86.4229198462656,12726381.281820491
2003-11-05,2018-11-05,1051.81005859375,2738.31005859375,2.603426385040297,1.0279205235494628,86.29772324692448,12693458.699976752
2003-11-06,2018-11-06,1058.050048828125,2755.449951171875,2.6042718434952636,1.0368882929095689,86.44789706057597,12898874.601909727
2003-11-07,2018-11-07,1053.2099609375,2813.889892578125,2.6717273828984496,1.043918365125284,87.29229807978658,13651273.588102007
2003-11-10,2018-11-12,1047.1099853515625,2726.219970703125,2.603566013925279,1.0452882472600078,87.80082239392374,13078124.581127847
2003-11-11,2018-11-12,1046.5699462890625,2726.219970703125,2.6049094763037877,1.0461538353537634,87.91887248040422,13109153.613981161
2003-11-12,2018-11-12,1058.530029296875,2726.219970703125,2.575477213919011,1.0524483979471893,87.44851639017924,12985522.238422938
2003-11-13,2018-11-13,1058.4100341796875,2722.179931640625,2.5719521203806703,1.0506832710841447,87.24038683749347,12915563.927425332
2003-11-14,2018-11-14,1050.3499755859375,2701.580078125,2.5720761088397457,1.0509347173466708,88.10509360428357,12922152.985151041
2003-11-17,2018-11-19,1043.6300048828125,2690.72998046875,2.578241299962325,1.0405608304080025,88.67240543419149,12750287.38052692
2003-11-18,2018-11-19,1034.1500244140625,2690.72998046875,2.601875856448668,1.0305471557553016,88.6241117153609,12737896.874408465
2003-11-19,2018-11-19,1042.43994140625,2690.72998046875,2.581184654953799,1.0315871632427251,88.0080622604442,12579839.78696007
2003-11-20,2018-11-20,1033.6500244140625,2641.889892578125,2.5558843227191073,1.0363494522270116,88.96049999189141,12461733.414991098
2003-11-21,2018-11-21,1035.280029296875,2649.929931640625,2.5596262428054004,1.033098739915548,88.29270765719889,12424059.558902796
2003-11-24,2018-11-26,1052.0799560546875,2673.449951171875,2.541109100868478,1.0375136765961073,86.88282334816564,12356972.581010532
2003-11-25,2018-11-26,1053.8900146484375,2673.449951171875,2.536744739975261,1.0408436004248673,87.01197536867173,12390206.401804615
2003-11-26,2018-11-26,1058.449951171875,2673.449951171875,2.5258161221623507,1.0386529929595656,86.45477627875296,12246826.107571332
2003-11-28,2018-11-28,1058.199951171875,2743.7900390625,2.5928842994407284,1.0443759477538406,86.91262387839419,12963382.060025051
2003-12-01,2018-12-03,1070.1199951171875,2790.3701171875,2.6075301180424444,1.044670233412593,85.94450600305308,13099597.142948102
2003-12-02,2018-12-03,1066.6199951171875,2790.3701171875,2.616086450620989,1.048818049723926,86.56888229849453,13267412.883139703
2003-12-03,2018-12-03,1064.72998046875,2790.3701171875,2.620730296294496,1.0491087236319216,86.74658639244308,13315175.016774148
2003-12-04,2018-12-04,1069.719970703125,2700.06005859375,2.524081191845942,1.0471937801649784,86.8634145935172,12414354.017731398
2003-12-05,2018-12-06,1061.5,2695.949951171875,2.539755017590085,1.0522831902539806,87.96929222562687,12663152.024925152
2003-12-08,2018-12-10,1069.300048828125,2637.719970703125,2.466772514967968,1.0568774267089374,87.32759696386432,12108006.073355366
2003-12-09,2018-12-10,1060.1800537109375,2637.719970703125,2.4879924513485614,1.0442978651421768,87.03045122460372,12032780.142073145
2003-12-10,2018-12-10,1059.050048828125,2637.719970703125,2.4906471357249376,1.0481662922507384,87.44604635852285,12137992.92776955
2003-12-11,2018-12-11,1071.2099609375,2636.780029296875,2.461496929126034,1.0529717901579252,86.69426110501729,11979200.300847039
2003-12-12,2018-12-12,1074.1400146484375,2651.070068359375,2.468086126767246,1.0537159465271069,86.59448505412429,12053611.293820702
2003-12-15,2018-12-17,1068.0400390625,2545.93994140625,2.383749530252644,1.0494744687791997,87.089058502111,11214282.626259474
2003-12-16,2018-12-17,1075.1300048828125,2545.93994140625,2.3680298474078523,1.0507450667380203,86.6194913455628,11099899.366842553
2003-12-17,2018-12-17,1076.47998046875,2545.93994140625,2.3650601846748955,1.0481096217471688,86.29388112607005,11020583.005624224
2003-12-18,2018-12-18,1089.1800537109375,2546.159912109375,2.3376850351182727,1.0446941141179216,85.24016826576492,10709565.957284661
2003-12-19,2018-12-19,1088.6600341796875,2506.9599609375,2.3027941526543785,1.0463557976616116,85.50315560292803,10432916.265585894
2003-12-22,2018-12-24,1092.93994140625,2351.10009765625,2.1511704427520204,1.0268174317780652,85.16832881172485,8731126.94323299
2003-12-23,2018-12-24,1096.02001953125,2351.10009765625,2.145125139832553,1.0284448518765814,85.06359082626523,8708091.848746639
2003-12-24,2018-12-24,1094.0400390625,2351.10009765625,2.149007361440761,1.0286366953252741,85.23343414669694,8745445.602657903
2003-12-26,2018-12-26,1095.8900146484375,2467.699951171875,2.2517770197618923,1.0396971039043512,85.31229784976445,9853088.070799194
2003-12-29,2018-12-31,1109.47998046875,2506.85009765625,2.259482047253451,1.0249625859367917,84.26731170108172,9638701.08601994
2003-12-30,2018-12-31,1109.6400146484375,2506.85009765625,2.2591561808903267,1.020763460855275,83.90997719456735,9555423.413818296
2003-12-31,2018-12-31,1111.9200439453125,2506.85009765625,2.2545237054648726,1.0217147636103632,83.81595671165667,9533511.71255986
2004-01-02,2019-01-02,1108.47998046875,2510.030029296875,2.2643891396536024,1.011399778752593,84.92292629652175,9420918.68277403
2004-01-05,2019-01-07,1122.219970703125,2549.68994140625,2.2720054962208045,1.022460640893539,83.88316563600019,9699346.940210728
2004-01-06,2019-01-07,1123.6700439453125,2549.68994140625,2.2690735195307385,1.0229421454348837,83.81436801183159,9683190.322170816
2004-01-07,2019-01-07,1126.3299560546875,2549.68994140625,2.2637149333551534,1.0230385154722859,83.62431153166605,9638556.950115416
2004-01-08,2019-01-08,1131.9200439453125,2574.409912109375,2.274374348152947,1.0206042325744074,82.89121895571279,9684082.010836557
2004-01-09,2019-01-09,1121.8599853515625,2584.9599609375,2.3041734215410483,1.0183453046511948,83.9021884600482,9897846.688192869
2004-01-12,2019-01-14,1127.22998046875,2582.610107421875,2.2911119755242106,1.0189194481988588,83.50248799948695,9796208.502837613
2004-01-13,2019-01-14,1121.219970703125,2582.610107421875,2.303392888910373,1.0189194481988588,83.95008149714485,9902320.960279655
2004-01-14,2019-01-14,1130.52001953125,2582.610107421875,2.2844443820576554,1.0186318191350274,83.23597590209843,9733025.606437398
2004-01-15,2019-01-15,1132.050048828125,2610.300048828125,2.3058168245567003,1.0177423624579187,82.7497115390461,9900248.881317805
2004-01-16,2019-01-16,1139.8299560546875,2616.10009765625,2.2951669972873856,1.019037407135295,81.99288273552767,9833541.49927786
2004-01-20,2019-01-22,1138.77001953125,2632.89990234375,2.312055864824687,1.023827411820169,82.21519097410928,10073399.53912902
2004-01-21,2019-01-22,1147.6199951171875,2632.89990234375,2.294226236512109,1.0303873192026467,82.10389124058312,10046224.950185077
2004-01-22,2019-01-22,1143.93994140625,2632.89990234375,2.3016067601478407,1.0244028417511344,81.88962689171699,9993910.848243311
2004-01-23,2019-01-23,1141.550048828125,2638.699951171875,2.311506143669015,1.0365615792117593,82.93116657315824,10318236.529260736
2004-01-26,2019-01-28,1155.3699951171875,2643.85009765625,2.288314660091279,1.0343084411961314,81.93918627890272,10070660.47350386
2004-01-27,2019-01-28,1144.050048828125,2643.85009765625,2.310956675684252,1.02943560378935,82.36009199172345,10173759.564879118
2004-01-28,2019-01-28,1128.47998046875,2643.85009765625,2.3428418256547565,1.031573921489924,83.6698822818631,10494587.210340533
2004-01-29,2019-01-29,1134.1099853515625,2640.0,2.327816555800474,1.0349697176835393,83.40415107811168,10430182.577523507
2004-01-30,2019-01-30,1131.1300048828125,2681.050048828125,2.370240412025749,1.0332891016049868,83.82209789355701,10768737.60868572
2004-02-02,2019-02-04,1135.260009765625,2724.8701171875,2.400216773028102,1.0425808027161714,83.51715834613172,11220521.005691558
2004-02-03,2019-02-04,1136.030029296875,2724.8701171875,2.3985898672713857,1.042778584328724,83.47638185426891,11210160.27959349
2004-02-04,2019-02-04,1126.52001953125,2724.8701171875,2.4188386091188425,1.0409030591676738,84.02967734297314,11350744.786692522
2004-02-05,2019-02-05,1128.5899658203125,2737.699951171875,2.4257702390451303,1.042588952810041,84.02668763280568,11446609.02784684
2004-02-06,2019-02-06,1142.760009765625,2731.610107421875,2.3903620043390528,1.0416177033167127,82.8825874851373,11113871.87134791
2004-02-09,2019-02-11,1139.81005859375,2709.800048828125,2.3774137001136513,1.0456525820347777,83.09709654674487,11080845.604272127
2004-02-10,2019-02-11,1145.5400390625,2709.800048828125,2.3655218992134066,1.0480349854176727,82.86982615334384,11023189.533569176
2004-02-11,2019-02-11,1157.760009765625,2709.800048828125,2.3405541960088017,1.048433032538606,82.02629049207599,10809193.54844012
2004-02-12,2019-02-12,1152.1099853515625,2744.72998046875,2.382350656939411,1.050522838361119,82.50691182842715,11223012.804363474
2004-02-13,2019-02-13,1145.81005859375,2753.030029296875,2.402693193910047,1.0503076969978142,82.63848076093551,11399849.4751461
2004-02-17,2019-02-19,1156.989990234375,2779.760009765625,2.402579134848453,1.0397969005458094,81.27814015738488,11184687.983962731
2004-02-18,2019-02-19,1151.8199462890625,2779.760009765625,2.413363320127825,1.034253061534408,81.20767198372369,11166320.85266616
2004-02-19,2019-02-19,1147.06005859375,2779.760009765625,2.4233779120279895,1.0148875786450895,80.01780243542913,10856188.078055069
2004-02-20,2019-02-20,1144.1099853515625,2784.699951171875,2.433944277058461,1.0237061230476119,80.78020956422247,11129138.233250607
2004-02-23,2019-02-25,1140.989990234375,2796.110107421875,2.4506000327378117,1.0263031492759478,81.00110007295865,11327696.344699446
2004-02-24,2019-02-25,1139.0899658203125,2796.110107421875,2.4546876816777714,1.0190510817258884,80.56288646465576,11212314.124413785
2004-02-25,2019-02-25,1143.6700439453125,2796.110107421875,2.4448573451973514,1.0143039296189074,79.86646311371273,11028944.938774422
2004-02-26,2019-02-26,1144.9100341796875,2793.89990234375,2.440278990432241,1.0119542311749141,79.94792433067838,10940941.508736508
2004-02-27,2019-02-27,1144.93994140625,2792.3798828125,2.438887649759877,1.0064638944709643,79.29262334357841,10815452.031069847
2004-03-01,2019-03-01,1155.969970703125,2803.68994140625,2.425400323938251,1.0147707569571385,78.53602933104212,10871190.73604578
2004-03-02,2019-03-04,1149.0999755859375,2792.81005859375,2.430432615029574,1.0151394043016453,79.03426513148247,10922092.736299176
2004-03-03,2019-03-04,1151.030029296875,2792.81005859375,2.4263572517736853,1.0047370824920998,78.0932192571444,10672977.380835844
2004-03-04,2019-03-04,1154.8699951171875,2792.81005859375,2.4182895654071928,0.9980089323861259,77.31235088210447,10466264.50091914
2004-03-05,2019-03-05,1156.8599853515625,2789.64990234375,2.4113980409617097,1.003642546503816,77.553279099783,10523140.565544246
2004-03-08,2019-03-08,1147.199951171875,2743.070068359375,2.391100231095115,0.9989413581841958,78.20631898710644,10255064.377191845
2004-03-09,2019-03-11,1140.5799560546875,2783.300048828125,2.4402498343524055,1.004076142857713,79.0645645991894,10777667.518103046
2004-03-10,2019-03-11,1123.8900146484375,2783.300048828125,2.476487923685989,1.0046196970959014,80.28212269482464,11097634.084963046
2004-03-11,2019-03-11,1106.780029296875,2783.300048828125,2.5147725610809264,1.0062539659578007,81.65584203352492,11458638.83882968
2004-03-12,2019-03-12,1120.5699462890625,2791.52001953125,2.4911608853831857,1.0238800542107402,82.09024227548312,11629511.511329923
2004-03-15,2019-03-15,1104.489990234375,2822.47998046875,2.555459990968152,1.0244963852137547,83.28537079632042,12201144.75762848
2004-03-16,2019-03-18,1110.699951171875,2832.93994140625,2.5505897775697908,1.0287548392848271,83.16397054035939,12250939.770461226
2004-03-17,2019-03-18,1123.75,2832.93994140625,2.52096991448832,1.0429160047178079,83.32967826530474,12295275.708046962
2004-03-18,2019-03-18,1122.3199462890625,2832.93994140625,2.5241821200570587,1.0441871111448098,83.53754812269297,12350892.336820055
2004-03-19,2019-03-19,1109.780029296875,2832.570068359375,2.5523707343643682,1.043471325847389,84.40234651697057,12585001.717565896
2004-03-22,2019-03-22,1095.4000244140625,2800.7099609375,2.5567919467918765,1.0309853745881852,85.51034918995217,12353408.073501721
2004-03-23,2019-03-25,1093.949951171875,2798.360107421875,2.558033029229701,1.0344736768324763,85.91340120953433,12439927.225588286
2004-03-24,2019-03-25,1091.3299560546875,2798.360107421875,2.564174191221089,1.0371054710444954,86.3387527684601,12551025.818976598
2004-03-25,2019-03-25,1109.18994140625,2798.360107421875,2.522886300135454,1.0366170698540838,84.90853646554058,12177464.194101684
2004-03-26,2019-03-26,1108.06005859375,2818.4599609375,2.5435985523333775,1.0445389708967134,85.26815841409768,12530408.664659176
2004-03-29,2019-03-29,1122.469970703125,2834.39990234375,2.525145417091432,1.0530139857821066,84.17351294424539,12548433.974005772
2004-03-30,2019-04-01,1127.0,2867.18994140625,2.544090453776619,1.069484669207065,85.1464786597304,13072941.453068383
2004-03-31,2019-04-01,1126.2099609375,2867.18994140625,2.545875139498404,1.0743300433192824,85.59224173587796,13193734.062695783
2004-04-01,2019-04-01,1132.1700439453125,2867.18994140625,2.532472888449559,1.0653952370582176,84.43356674515505,12879757.012265768
2004-04-02,2019-04-02,1141.81005859375,2867.239990234375,2.511135690787012,1.0524300118848593,82.8103622697727,12410897.9103475
2004-04-05,2019-04-05,1150.5699462890625,2892.739990234375,2.5141800370888707,1.0538577820580104,82.17988389179052,12468507.91548691
2004-04-06,2019-04-08,1148.1600341796875,2895.77001953125,2.5220961654532394,1.0592662990751625,82.77501571578658,12654926.074854322
2004-04-07,2019-04-08,1140.530029296875,2895.77001953125,2.5389686769724618,1.0473219620319683,82.38915116907545,12549317.725462241
2004-04-08,2019-04-08,1139.3199462890625,2895.77001953125,2.541665340770353,1.047518794016461,82.49215803190582,12577509.962485032
2004-04-12,2019-04-12,1145.199951171875,2907.409912109375,2.5387792840317913,1.047959194095383,81.74592392722386,12561354.544230474
2004-04-13,2019-04-15,1129.43994140625,2905.580078125,2.572584846350752,1.03011873267379,81.47553074951739,12472575.296926014
2004-04-14,2019-04-15,1128.1700439453125,2905.580078125,2.5754806145746647,1.0344977519690233,81.9139828422094,12593509.123026613
2004-04-15,2019-04-15,1128.8399658203125,2905.580078125,2.5739521686881055,1.038432259966728,82.17672890873057,12665979.725053381
2004-04-16,2019-04-16,1134.6099853515625,2907.06005859375,2.562166820427716,1.0278358769900162,80.88841168444905,12331969.59776948
2004-04-19,2019-04-22,1135.8199462890625,2907.969970703125,2.5602385133348027,1.027248548044845,80.80224325717819,12302410.985599753
2004-04-20,2019-04-22,1118.1500244140625,2907.969970703125,2.6006974978397657,1.023584841484762,81.78640919812061,12574052.86592561
2004-04-21,2019-04-22,1124.0899658203125,2907.969970703125,2.5869548337983903,1.0233041110356635,81.33191924436755,12448608.059830744
2004-04-22,2019-04-22,1139.9300537109375,2907.969970703125,2.551007372107171,1.0253664080202296,80.36339114390324,12181282.415431155
2004-04-23,2019-04-23,1140.5999755859375,2933.679931640625,2.5720497934725666,1.0215212046251465,80.05219050767353,12280380.860695941
2004-04-26,2019-04-26,1135.530029296875,2939.8798828125,2.5889935157706803,1.0196950819592192,80.40960977068238,12387063.94056809
2004-04-27,2019-04-29,1138.1099853515625,2943.030029296875,2.5858924595831327,1.0150609467425666,79.86272761979504,12258630.040726833
2004-04-28,2019-04-29,1122.4100341796875,2943.030029296875,2.6220631851779426,1.0158919461757425,81.04612036952993,12588454.756138865
2004-04-29,2019-04-29,1113.8900146484375,2943.030029296875,2.6421190517860462,1.0118419785631785,81.34046220075305,12670491.096769452
2004-04-30,2019-04-30,1107.300048828125,2945.830078125,2.660372029462677,1.0168415658595364,82.43702052687945,12939899.774561647
2004-05-03,2019-05-03,1117.489990234375,2945.639892578125,2.6359429778519323,1.0114559307937676,81.68531051943808,12608868.541387785
2004-05-04,2019-05-06,1119.550048828125,2932.469970703125,2.6193290543577317,1.0182411378047997,82.08196910895421,12617080.899120398
2004-05-05,2019-05-06,1121.530029296875,2932.469970703125,2.6147048176156185,1.0097047791337515,81.25014527274598,12387877.97914213
2004-05-06,2019-05-06,1113.989990234375,2932.469970703125,2.6324024420418315,0.9865996145834409,79.92824803861754,12023638.950654391
2004-05-07,2019-05-07,1098.699951171875,2884.050048828125,2.624966029853731,0.9762440357780361,80.58850551222021,11730911.012884278
2004-05-10,2019-05-10,1087.1199951171875,2881.39990234375,2.6504892884737585,0.966477748973335,81.44693085306204,11722698.051793423
2004-05-11,2019-05-13,1095.449951171875,2811.8701171875,2.5668631544320735,0.9662211042678955,80.80613341545721,11031734.341397822
2004-05-12,2019-05-13,1097.280029296875,2811.8701171875,2.562582059375778,0.9525613301073136,79.53088577310623,10699820.55589934
2004-05-13,2019-05-13,1096.43994140625,2811.8701171875,2.564545499483636,0.9565682126436804,79.92661944544665,10802819.735724192
2004-05-14,2019-05-14,1095.699951171875,2834.409912109375,2.586848625007158,0.961267430448728,79.9946221748961,11086820.244509466
2004-05-17,2019-05-17,1084.0999755859375,2859.530029296875,2.6376995606437017,0.9647646877719172,80.85057244252114,11579559.653153412
2004-05-18,2019-05-20,1091.489990234375,2840.22998046875,2.602158522643775,0.9753655399478416,81.18554027823906,11522712.780931385
2004-05-19,2019-05-20,1088.6800537109375,2840.22998046875,2.6088748211996524,0.9764037648993313,81.48172488827315,11601232.875397082
2004-05-20,2019-05-20,1089.18994140625,2840.22998046875,2.607653516155077,0.9797935132894359,81.72632542114,11666077.760297935
2004-05-21,2019-05-21,1093.56005859375,2864.360107421875,2.619298396016094,0.9844379044650485,81.78557708084769,11865990.57273049
2004-05-24,2019-05-24,1095.4100341796875,2826.06005859375,2.5799106913513743,0.9794204908032392,81.64745408018092,11427411.514280003
2004-05-25,2019-05-28,1113.050048828125,2802.389892578125,2.5177573061774012,0.9775254789446854,80.31755689552264,10870737.852662385
2004-05-26,2019-05-28,1114.93994140625,2802.389892578125,2.513489550875297,0.9844782657047415,80.75171516357982,10983555.07157971
2004-05-27,2019-05-28,1121.280029296875,2802.389892578125,2.499277450197191,0.9943257202656197,81.09828738216687,11073612.814876797
2004-05-28,2019-05-28,1120.6800537109375,2802.389892578125,2.5006154819107356,0.9902735236789685,80.81102626143337,10998967.223329613
2004-06-01,2019-06-03,1121.199951171875,2744.449951171875,2.4477792282307753,0.983404660243992,81.1926795905202,10412695.602464173
2004-06-02,2019-06-03,1124.989990234375,2744.449951171875,2.4395327736205985,0.9718153730510247,79.96552434559442,10104175.836914249
2004-06-03,2019-06-03,1116.6400146484375,2744.449951171875,2.4577750350778325,0.970941923000992,80.49107902542741,10236305.823952317
2004-06-04,2019-06-04,1122.5,2803.27001953125,2.497345228981069,0.988350214637237,81.33557991514832,10930774.357375378
2004-06-07,2019-06-07,1140.4200439453125,2873.340087890625,2.5195454106104895,0.9893088867645432,80.05750945844665,11137321.48194563
2004-06-08,2019-06-10,1142.1800537109375,2886.72998046875,2.52738609038897,0.9816016102798265,79.31141484970594,11037915.451937014
2004-06-09,2019-06-10,1131.3299560546875,2886.72998046875,2.551625160298688,0.9916628945603958,80.89278421420708,11457384.894661017
2004-06-10,2019-06-10,1136.469970703125,2886.72998046875,2.540084696371478,0.9839190398808891,79.8980917403835,11193535.659281302
2004-06-14,2019-06-14,1125.2900390625,2886.97998046875,2.5655429980291538,0.9920390990941236,81.22290024168822,11582608.81855363
2004-06-15,2019-06-17,1132.010009765625,2889.669921875,2.5526893728380426,0.9859115730344242,80.24202417692985,11341836.437964749
2004-06-16,2019-06-17,1133.56005859375,2889.669921875,2.549198783044465,0.9905000880743194,80.50524233752674,11411844.13017568
2004-06-17,2019-06-17,1132.050048828125,2889.669921875,2.552599087704936,0.9983351751855489,81.25029072489593,11610003.398772178
2004-06-18,2019-06-18,1135.02001953125,2917.75,2.5706595036138626,0.9943492592660913,80.68886426390316,11676011.005107272
2004-06-21,2019-06-21,1130.300048828125,2950.4599609375,2.61033339244432,0.982938007869337,81.02580937488402,11757949.27138136
2004-06-22,2019-06-24,1134.4100341796875,2945.35009765625,2.596371690053047,0.9918399813978425,81.46340286002179,11837570.90951956
2004-06-23,2019-06-24,1144.06005859375,2945.35009765625,2.574471572127604,1.0012781139516491,81.54491707180107,11859422.1005743
2004-06-24,2019-06-24,1140.6500244140625,2945.35009765625,2.582168092416637,0.9974628717566121,81.47705457654098,11841230.470955223
2004-06-25,2019-06-25,1134.4300537109375,2917.3798828125,2.571670129215277,0.9905351506415772,81.47702178620841,11601355.506986083
2004-06-28,2019-06-28,1133.3499755859375,2941.760009765625,2.595632481700762,1.0016267202983213,81.55466907152814,12046769.125843767
2004-06-29,2019-07-01,1136.199951171875,2964.330078125,2.6089862748784616,0.9953705757379093,80.84199080277267,12021781.285993295
2004-06-30,2019-07-01,1140.8399658203125,2964.330078125,2.598375027993975,0.9990411735495569,80.81009698888066,12013093.244210415
2004-07-01,2019-07-01,1128.93994140625,2964.330078125,2.6257641964837553,1.000979079772133,81.8203118080636,12288281.046724956
2004-07-02,2019-07-02,1125.3800048828125,2973.010009765625,2.6417832171055937,0.985330378363844,81.2164070706556,12073688.098222895
2004-07-06,2019-07-08,1116.2099609375,2975.949951171875,2.6661202240771864,1.001852230321951,82.5551811201805,12650576.018928643
2004-07-07,2019-07-08,1118.3299560546875,2975.949951171875,2.661066114754372,0.9988149030358963,82.14887389558791,12539097.943866618
2004-07-08,2019-07-08,1109.1099853515625,2975.949951171875,2.683187411957676,1.0050009277563763,83.34478035427497,12867217.509307168
2004-07-09,2019-07-09,1112.81005859375,2979.6298828125,2.6775727446046242,1.0046486390024056,82.88378239301335,12811368.020150322
2004-07-12,2019-07-12,1114.3499755859375,3013.77001953125,2.7045094320090746,0.9951023958776217,82.76924553504226,12821917.155150462
2004-07-13,2019-07-15,1115.1400146484375,3014.300048828125,2.703068681270865,0.9884470767816244,82.15743160978076,12657206.052181404
2004-07-14,2019-07-15,1111.469970703125,3014.300048828125,2.711994141345316,0.9829536975141144,81.97060860697133,12605684.392034516
2004-07-15,2019-07-15,1106.68994140625,3014.300048828125,2.7237078209980936,0.9922652129862634,83.10451817016656,12918391.619055409
2004-07-16,2019-07-16,1101.3900146484375,3004.0400390625,2.727498886960026,0.9973361464601866,83.68915147441986,13067577.785270961
2004-07-19,2019-07-19,1100.9000244140625,2976.610107421875,2.703796931066589,0.9945985939100849,83.72639996750388,12804353.467269326
2004-07-20,2019-07-22,1108.6700439453125,2985.030029296875,2.692442215426286,0.9821060947590637,82.09534862950548,12423357.953041254
2004-07-21,2019-07-22,1093.8800048828125,2985.030029296875,2.7288459574838484,0.9830903537582518,83.28872411985273,12749314.127649967
2004-07-22,2019-07-22,1096.8399658203125,2985.030029296875,2.721481822614304,0.9796096035755574,82.76986101345,12607592.905221127
2004-07-23,2019-07-23,1086.199951171875,3005.469970703125,2.7669583003208533,0.976118370664592,83.03037790077629,12903452.459795387
2004-07-26,2019-07-26,1084.0699462890625,3025.860107421875,2.7912037574511293,0.98183621943675,83.19351784479542,13239481.93269661
2004-07-27,2019-07-29,1094.8299560546875,3020.969970703125,2.7593051815913463,0.9741923697042785,81.73457267779173,12795037.574458193
2004-07-28,2019-07-29,1095.4200439453125,3020.969970703125,2.7578187813897106,0.9710641041991137,81.42822381925315,12709599.631706499
2004-07-29,2019-07-29,1100.4300537109375,3020.969970703125,2.7452630546717853,0.9776041371926267,81.60341475563135,12758458.808999665
2004-07-30,2019-07-30,1101.719970703125,3013.179931640625,2.734978045026808,0.9811296426830177,82.03087684835899,12754960.911894672
2004-08-02,2019-08-02,1106.6199951171875,2932.050048828125,2.6495545551005795,0.9542973417369521,81.66765071740393,11441365.126741493
2004-08-03,2019-08-05,1099.68994140625,2844.739990234375,2.5868564248178973,0.9512883091832066,81.92317370374927,10867976.407460932
2004-08-04,2019-08-05,1098.6300048828125,2844.739990234375,2.589352172788886,0.944903823886675,81.45186115003342,10747920.764999507
2004-08-05,2019-08-05,1080.699951171875,2844.739990234375,2.632312500014119,0.9555062915406234,83.73235014011736,11328820.994947117
2004-08-06,2019-08-06,1063.969970703125,2881.77001953125,2.708506911738149,0.9560959972912288,84.50603667425216,11959745.391723044
2004-08-09,2019-08-09,1065.219970703125,2918.64990234375,2.739950416454568,0.9472936571895347,84.40687166726013,12010159.276420085
2004-08-10,2019-08-12,1079.0400390625,2882.699951171875,2.671541228142419,0.9512278771843843,83.67187179635621,11549753.28585492
2004-08-11,2019-08-12,1075.7900390625,2882.699951171875,2.679612049284274,0.9501984516484702,83.83382365224327,11591464.107707292
2004-08-12,2019-08-12,1063.22998046875,2882.699951171875,2.711266615996822,0.9517434924433154,84.96208800112302,11882049.436296098
2004-08-13,2019-08-13,1064.800048828125,2926.320068359375,2.7482343483924163,0.9694406484437353,85.41550560507272,12592840.752861949
2004-08-16,2019-08-16,1079.3399658203125,2888.679931640625,2.676339265770809,0.9692951382957036,84.26486317481712,11998499.176528241
2004-08-17,2019-08-19,1081.7099609375,2923.64990234375,2.7028039011583767,0.9739010984222568,84.47977930407133,12321596.075580722
2004-08-18,2019-08-19,1095.1700439453125,2923.64990234375,2.6695853475058553,0.9745244778964526,83.49489827548925,12061366.743974831
2004-08-19,2019-08-19,1091.22998046875,2923.64990234375,2.6792243199621986,0.9767573723892696,83.98836994447818,12191753.865729336
2004-08-20,2019-08-20,1098.3499755859375,2900.510009765625,2.640788523000866,0.9688576872077682,83.0026979629073,11696489.251579229
2004-08-23,2019-08-23,1095.6800537109375,2847.110107421875,2.5984867551244117,0.9661591254205939,83.20495656771135,11289478.33754303
2004-08-24,2019-08-26,1096.18994140625,2878.3798828125,2.6258039543037253,0.9625612924152938,82.85655539448095,11433176.662054477
2004-08-25,2019-08-26,1104.9599609375,2878.3798828125,2.6049630616211172,0.966776082565609,82.55885289472178,11356167.543829678
2004-08-26,2019-08-26,1105.0899658203125,2878.3798828125,2.6046566088181495,0.9664234295734413,82.5190288868045,11345865.944963804
2004-08-27,2019-08-27,1107.77001953125,2869.159912109375,2.590032101900946,0.9685627987166235,82.68887621263175,11273002.126928512
2004-08-30,2019-08-30,1099.1500244140625,2926.4599609375,2.6624754546109792,0.9727306272289091,83.33735703268957,11962109.63265625
2004-08-31,2019-09-03,1104.239990234375,2906.27001953125,2.631918826734752,0.9680047500933792,82.80909242760586,11604580.173662394
2004-09-01,2019-09-03,1105.9100341796875,2906.27001953125,2.6279443442133026,0.9667671238450699,82.57832743237748,11544374.455974512
2004-09-02,2019-09-03,1118.31005859375,2906.27001953125,2.598805221501647,0.9587989905788279,80.98961688133181,11129885.859775782
2004-09-03,2019-09-03,1113.6300048828125,2906.27001953125,2.6097267555547567,0.9679162238509084,82.10334537904014,11420453.428083176
2004-09-07,2019-09-09,1121.300048828125,2978.429931640625,2.656229199983888,0.9828495456978801,81.66119961279755,12138512.657776192
2004-09-08,2019-09-09,1116.27001953125,2978.429931640625,2.668198446188981,0.9812322752055627,81.89419520635428,12201678.223817587
2004-09-09,2019-09-09,1118.3800048828125,2978.429931640625,2.6631645045842127,0.9795309015537981,81.5979602843428,12121368.350809082
2004-09-10,2019-09-10,1123.9200439453125,2979.389892578125,2.6508913233004816,0.9822895524448434,81.22539711375013,12081435.38109947
2004-09-13,2019-09-13,1125.8199462890625,3007.389892578125,2.671288515087257,0.9874110115829029,81.08832339884829,12367354.212854598
2004-09-14,2019-09-16,1128.3299560546875,2997.9599609375,2.656988715800962,0.983103130458143,80.55495404847287,12150556.476333123
2004-09-15,2019-09-16,1120.3699951171875,2997.9599609375,2.6758659853470297,0.9867804261519021,81.43073418965648,12391373.663895115
2004-09-16,2019-09-16,1123.5,2997.9599609375,2.6684111801846906,0.9859708853394469,81.13725443864372,12310674.222423684
2004-09-17,2019-09-17,1128.550048828125,3005.699951171875,2.6633288920530935,0.9845782400047147,80.71531658120459,12236728.107814576
2004-09-20,2019-09-20,1122.199951171875,2992.070068359375,2.666253964130776,0.980269626614175,81.17205349525501,12163733.156397298
2004-09-21,2019-09-23,1129.300048828125,2991.780029296875,2.649233950181306,0.9730018073939319,80.06367709091988,11858975.896319382
2004-09-22,2019-09-23,1113.56005859375,2991.780029296875,2.686680440994821,0.9717717219524499,81.09271557800967,12139923.86552316
2004-09-23,2019-09-23,1108.3599853515625,2991.780029296875,2.6992854928337273,0.9735299214926061,81.6205840116978,12284042.444480173
2004-09-24,2019-09-24,1110.1099853515625,2966.60009765625,2.6723479085874113,0.9627437280083435,80.92818820629648,11817226.874653352
2004-09-27,2019-09-27,1103.52001953125,2961.7900390625,2.6839477187922705,0.9708831427047058,81.41147259148221,12097180.574725881
2004-09-28,2019-09-30,1110.06005859375,2976.739990234375,2.6816026459013207,0.9734192353796105,81.1432341808178,12135544.103960931
2004-09-29,2019-09-30,1114.800048828125,2976.739990234375,2.6702008071882637,0.981731453911125,81.48817524742515,12229642.623329038
2004-09-30,2019-09-30,1114.5799560546875,2976.739990234375,2.6707280837628122,0.978177018107036,81.20917387827134,12153532.185110524
2004-10-01,2019-10-01,1131.5,2940.25,2.598541758727353,0.9700792533772402,79.57704024049842,11376311.489010882
2004-10-04,2019-10-04,1135.1700439453125,2952.010009765625,2.6005002735148284,0.9657032397655098,79.31976492189901,11295921.851944208
2004-10-05,2019-10-07,1134.47998046875,2938.7900390625,2.5904291742973165,0.9632746809619259,79.16841693043267,11160100.212890044
2004-10-06,2019-10-07,1142.050048828125,2938.7900390625,2.5732585380807413,0.9652686424401977,78.80644075709006,11063351.377943167
2004-10-07,2019-10-07,1130.6500244140625,2938.7900390625,2.599203976124682,0.9794611821980237,80.77141373659722,11588548.505460944
2004-10-08,2019-10-08,1122.1400146484375,2893.06005859375,2.5781631711084962,0.9752986260689466,81.2578102176704,11322781.907819964
2004-10-11,2019-10-11,1124.3900146484375,2970.27001953125,2.6416723564198166,0.9883104066557095,81.09520643196626,12139518.541391041
2004-10-12,2019-10-14,1121.8399658203125,2966.14990234375,2.64400448612547,0.9883104066557095,81.27954354102725,12159063.822520914
2004-10-13,2019-10-14,1113.6500244140625,2966.14990234375,2.6634488729117254,0.9884906427721316,81.89221670847641,12326095.565421872
2004-10-14,2019-10-14,1103.2900390625,2966.14990234375,2.688458879647078,0.9910212834082472,82.87281283990289,12593433.33964828
2004-10-15,2019-10-15,1108.199951171875,2995.679931640625,2.7031944266671544,1.004310132674011,83.28234856072902,13021890.29189697
2004-10-18,2019-10-18,1114.02001953125,2986.199951171875,2.6805621971034133,1.0023165616448397,82.84724959190018,12783825.582051046
2004-10-19,2019-10-21,1103.22998046875,3006.719970703125,2.7253791357497406,1.002779269294231,83.6961489890694,13175447.361557437
2004-10-20,2019-10-21,1103.6600341796875,3006.719970703125,2.724317160707841,1.0110882992467065,84.35677196595826,13358373.735251438
2004-10-21,2019-10-21,1106.489990234375,3006.719970703125,2.717349453894514,1.0100539556872092,84.0549450113287,13274797.910272557
2004-10-22,2019-10-22,1095.739990234375,2995.989990234375,2.734216161622013,1.0169010254841657,85.54792494746543,13578022.81414187
2004-10-25,2019-10-25,1094.800048828125,3022.550048828125,2.7608238162424867,1.02140979167133,85.62137218284231,13913027.421830837
2004-10-26,2019-10-28,1111.0899658203125,3039.419921875,2.7355299889068934,1.02169709637338,84.38979044863065,13700608.236087892
2004-10-27,2019-10-28,1125.4000244140625,3039.419921875,2.7007462732706697,1.02169709637338,83.31672947490006,13399242.423747063
2004-10-28,2019-10-28,1127.43994140625,3039.419921875,2.695859717444414,1.0306847865025246,83.89757811797563,13562371.945230793
2004-10-29,2019-10-29,1130.199951171875,3036.889892578125,2.6870377134853465,1.0264353809989595,83.416535435518,13388438.511615189
2004-11-01,2019-11-01,1130.510009765625,3066.909912109375,2.7128551588368515,1.024738385564872,83.39365725359195,13574118.597456623
2004-11-02,2019-11-04,1130.56005859375,3078.27001953125,2.722783275538819,1.024255535534666,83.35067268823772,13649243.140430052
2004-11-03,2019-11-04,1143.199951171875,3078.27001953125,2.6926785785599163,1.024641764403898,82.46018108871478,13396582.283925645
2004-11-04,2019-11-04,1161.6700439453125,3078.27001953125,2.649866057556843,1.0303725703408275,81.60296260320841,13153362.070646284
2004-11-05,2019-11-05,1166.1700439453125,3074.6201171875,2.6365109729500857,1.0321135103843455,81.08821543230417,13075594.489486888
2004-11-08,2019-11-08,1164.8900146484375,3093.080078125,2.655255036294983,1.0311300219091681,81.17731851506687,13217503.798193851
2004-11-09,2019-11-11,1164.0799560546875,3087.010009765625,2.6518882948798064,1.0193699034546742,80.30733016471922,12923603.376253292
2004-11-10,2019-11-11,1162.9100341796875,3087.010009765625,2.654556172905663,1.0221409777368002,80.60665029228117,13009043.844423333
2004-11-11,2019-11-11,1173.47998046875,3087.010009765625,2.6306456532241054,1.0321059937721322,80.65936662305892,13024091.639633577
2004-11-12,2019-11-12,1184.1700439453125,3091.840087890625,2.6109764418541674,1.0338929814924578,80.10560875808348,12891507.449277475
2004-11-15,2019-11-15,1183.81005859375,3120.4599609375,2.6359464833778317,1.0307532199852218,80.12996810992509,13040247.55981958
2004-11-16,2019-11-18,1175.4300537109375,3122.030029296875,2.6560747017147874,1.044324837832293,81.763808433512,13521864.552536614
2004-11-17,2019-11-18,1181.93994140625,3122.030029296875,2.641445575976003,1.0418216623594359,81.11856696030094,13336241.074040119
2004-11-18,2019-11-18,1183.550048828125,3122.030029296875,2.6378521401677166,1.0541521210056886,81.96698387570964,13580314.193317
2004-11-19,2019-11-19,1170.3399658203125,3120.179931640625,2.666045783930513,1.0495015752746486,82.69162509074857,13727203.239910189
2004-11-22,2019-11-22,1177.239990234375,3110.2900390625,2.642018674920546,1.0547952659803437,82.20695396447204,13631968.947152985
2004-11-23,2019-11-25,1176.93994140625,3133.639892578125,2.662531691153195,1.0598210875760157,82.61970612829082,13928925.332648024
2004-11-24,2019-11-25,1181.760009765625,3133.639892578125,2.65167196950556,1.063129148790389,82.53955576714918,13905711.597123899
2004-11-26,2019-11-26,1182.6500244140625,3140.52001953125,2.655493979368244,1.0602235034431258,82.17285451108425,13874737.26390882
2004-11-29,2019-11-29,1178.5699462890625,3140.97998046875,2.665077274674011,1.0594946701376828,82.45732779772723,13944426.224828048
2004-11-30,2019-12-02,1173.8199462890625,3113.8701171875,2.65276640342648,1.063525518504463,83.10597947309202,13924494.804447107
2004-12-01,2019-12-02,1191.3699951171875,3113.8701171875,2.613688551793021,1.0574394256775232,81.41317332842904,13437170.88299524
2004-12-02,2019-12-02,1190.3299560546875,3113.8701171875,2.615972236394292,1.0679009411754155,82.2904521324043,13689721.329074197
2004-12-03,2019-12-03,1191.1700439453125,3093.199951171875,2.5967744629698615,1.0563192614544388,81.6168284261644,13260834.046890844
2004-12-06,2019-12-06,1190.25,3145.909912109375,2.6430665088085488,1.055629011161939,81.67991691079294,13660028.369892284
2004-12-07,2019-12-09,1177.0699462890625,3135.9599609375,2.6642086741099895,1.0437566279586548,81.66559591223046,13581060.716634208
2004-12-08,2019-12-09,1182.81005859375,3135.9599609375,2.6512794156196655,1.0372755102777083,80.76464261730416,13320909.12999371
2004-12-09,2019-12-09,1189.239990234375,3135.9599609375,2.6369445920831054,1.0339173890993514,80.06791053850344,13119726.719335932
2004-12-10,2019-12-10,1188.0,3132.52001953125,2.636801363241793,1.033878356407901,80.01434089061604,13117598.169429522
2004-12-13,2019-12-13,1198.6800537109375,3168.800048828125,2.643574521005822,1.0415969541599566,79.30142550029862,13350012.15460002
2004-12-14,2019-12-16,1203.3800048828125,3191.449951171875,2.6520716134739706,1.0510886944741082,79.71153002515484,13638529.913997514
2004-12-15,2019-12-16,1205.719970703125,3191.449951171875,2.646924682943384,1.0477719877643714,79.30579089466292,13518207.589606225
2004-12-16,2019-12-16,1203.2099609375,3191.449951171875,2.6524464181506664,1.0520978856798062,79.79934023857425,13664570.116161665
2004-12-17,2019-12-17,1194.199951171875,3192.52001953125,2.673354672639546,1.0500095458864545,80.28577976906813,13803766.410883056
2004-12-20,2019-12-20,1194.6500244140625,3221.219970703125,2.696371242517682,1.048724837811366,80.2555328511727,13979332.669023221
2004-12-21,2019-12-23,1205.449951171875,3224.010009765625,2.674528300931459,1.0501344080114499,79.64340694897962,13817048.365192307
2004-12-22,2019-12-23,1209.5699462890625,3224.010009765625,2.665418415575574,1.0563206234721871,79.83970000310146,13875749.032866733
2004-12-23,2019-12-23,1210.1300048828125,3224.010009765625,2.664184836965376,1.0553015163909056,79.72575815548744,13841675.170391455
2004-12-27,2019-12-27,1204.9200439453125,3240.02001953125,2.6889917184233547,1.0550731516888325,80.42742202692968,14058463.562043399
2004-12-28,2019-12-30,1213.5400390625,3221.2900390625,2.6544571545830937,1.0474600590856,79.2799134699103,13578112.950868715
2004-12-29,2019-12-30,1213.449951171875,3221.2900390625,2.6546542244709617,1.0579438074465735,80.07934971864968,13815867.980419166
2004-12-30,2019-12-30,1213.550048828125,3221.2900390625,2.654435259734995,1.0620719815608457,80.38519421230811,13906827.161645025
2004-12-31,2019-12-31,1211.9200439453125,3230.780029296875,2.665835956289096,1.0416044045459902,79.08155757885719,13546810.098398896
2005-01-03,2020-01-03,1202.0799560546875,3234.85009765625,2.6910440369318356,1.0389687754916404,79.72891008913237,13709322.972126877
2005-01-04,2020-01-06,1188.050048828125,3246.280029296875,2.7324438330682765,1.0430674291509818,80.98868266643711,14169044.432907691
2005-01-05,2020-01-06,1183.739990234375,3246.280029296875,2.742392802539455,1.0335208204861428,80.53962395118857,14035034.103507381
2005-01-06,2020-01-06,1187.8900146484375,3246.280029296875,2.732811951666779,1.0335208204861428,80.25824991691339,13951065.068417966
2005-01-07,2020-01-07,1186.18994140625,3237.179931640625,2.7290569736267436,1.0444401542521666,81.51569529434784,14170855.10150022
2005-01-10,2020-01-10,1190.25,3265.35009765625,2.7434153309441296,1.063546690316659,81.237637324001,14742522.504903896
2005-01-11,2020-01-13,1182.989990234375,3288.1298828125,2.77950778109378,1.0737211454875752,82.51812475341217,15307850.042592801
2005-01-12,2020-01-13,1187.699951171875,3288.1298828125,2.7684853228866273,1.0735115923088614,82.17484881159481,15202569.21992864
2005-01-13,2020-01-13,1177.449951171875,3288.1298828125,2.79258568870799,1.0785643571726593,83.28034623169191,15541619.131858848
2005-01-14,2020-01-14,1184.52001953125,3283.14990234375,2.7717133085205186,1.0742616270485532,82.55659975192039,15249583.70747827
2005-01-18,2020-01-21,1195.97998046875,3320.7900390625,2.7766267774490307,1.0680011001866758,81.24908827310423,15146935.042486005
2005-01-19,2020-01-21,1184.6300048828125,3320.7900390625,2.803229721832855,1.0632484687147965,81.66251363702153,15274891.933970105
2005-01-20,2020-01-21,1175.4100341796875,3320.7900390625,2.8252183854973314,1.071123637828532,82.9126728993501,15661821.49134393
2005-01-21,2020-01-21,1167.8699951171875,3320.7900390625,2.843458649461477,1.0566045056556317,82.31683499816394,15477407.151251704
2005-01-24,2020-01-24,1163.75,3295.469970703125,2.8317679662325457,1.0471063418959023,82.60825923726577,15144575.423943566
2005-01-25,2020-01-27,1168.4100341796875,3243.6298828125,2.7761058086853683,1.056757528780849,83.03715235893836,14877527.654893927
2005-01-26,2020-01-27,1174.0699462890625,3243.6298828125,2.7627228625217706,1.0590179852686292,82.8136142860343,14810556.73365431
2005-01-27,2020-01-27,1174.550048828125,3243.6298828125,2.761593587304979,1.060254985006714,82.87645583442978,14829383.756422713
2005-01-28,2020-01-28,1171.3599853515625,3276.239990234375,2.7969539946774526,1.052991165832444,82.37249377364836,14975023.347945835
2005-01-31,2020-01-31,1181.27001953125,3225.52001953125,2.730552681605512,1.047973756767186,81.68144582079599,14265923.239203304
2005-02-01,2020-02-03,1189.4100341796875,3248.919921875,2.7315390222983242,1.0477715191459083,81.10678415056829,14270004.147678679
2005-02-02,2020-02-03,1193.18994140625,3248.919921875,2.722885777972568,1.039747276121346,80.2306662547489,14007838.840693776
2005-02-03,2020-02-03,1189.8900146484375,3248.919921875,2.7304371680393666,1.0439446227985285,80.77795098263036,14171605.691454202
2005-02-04,2020-02-04,1203.030029296875,3297.590087890625,2.7410704700513087,1.0353514288533152,78.63347396294802,14065996.011364527
2005-02-07,2020-02-07,1201.719970703125,3327.7099609375,2.7691226259562454,1.03836912109533,78.7191964780372,14383149.70366834
2005-02-08,2020-02-10,1202.300048828125,3352.090087890625,2.7880645028317916,1.0395492248060896,78.7706375286689,14577840.881486835
2005-02-09,2020-02-10,1191.989990234375,3352.090087890625,2.8121797291531956,1.0372897293223184,79.27926874121113,14736542.872500569
2005-02-10,2020-02-10,1197.010009765625,3352.090087890625,2.800386012266485,1.0379763483719342,78.99904510627486,14649108.11093489
2005-02-11,2020-02-11,1205.300048828125,3357.75,2.7858208445810932,1.0506264860170096,79.35618405123633,14819748.755936652
2005-02-14,2020-02-14,1206.1400146484375,3380.159912109375,2.802460635629119,1.0505021389304312,79.30091975237886,14965042.764132224
2005-02-15,2020-02-18,1210.1199951171875,3370.2900390625,2.7850874728634847,1.0420837620407255,78.34322189417674,14611456.777712975
2005-02-16,2020-02-18,1210.3399658203125,3370.2900390625,2.7845813029715774,1.0420837620407255,78.32898356933265,14606983.820027363
2005-02-17,2020-02-18,1200.75,3370.2900390625,2.8068207695711016,1.0406040100006249,78.84245450840072,14768290.28047081
2005-02-18,2020-02-18,1201.5899658203125,3370.2900390625,2.8048586746991013,1.054581168359424,79.84559384256417,15083425.652336631
2005-02-22,2020-02-24,1184.1600341796875,3225.889892578125,2.7242009521228447,1.0552784296796438,80.38842710172798,14378223.46449012
2005-02-23,2020-02-24,1190.800048828125,3225.889892578125,2.709010547784867,1.0507772725905287,79.59919883367508,14138885.741676621
2005-02-24,2020-02-24,1200.199951171875,3225.889892578125,2.687793720894895,1.0533732849539044,79.17089684517151,14009000.856967878
2005-02-25,2020-02-25,1211.3699951171875,3128.2099609375,2.5823736542482862,1.0558736843950574,79.03414440091913,13122080.063068943
2005-02-28,2020-02-28,1203.5999755859375,2954.219970703125,2.4544865658251194,1.0386500974765658,79.54436113246386,11618510.988001056
2005-03-01,2020-03-02,1210.4100341796875,3090.22998046875,2.55304392165176,1.0354777416030234,78.85523942662684,12417898.907660868
2005-03-02,2020-03-02,1210.0799560546875,3090.22998046875,2.553740325179878,1.0303637436450999,78.48719406907168,12313266.626038253
2005-03-03,2020-03-03,1210.469970703125,3003.3701171875,2.4811603673595752,1.021442901310408,78.83628228729236,11491403.703258337
2005-03-04,2020-03-04,1222.1199951171875,3130.1201171875,2.5612215901003705,1.0297121762204096,78.2490445935504,12364482.566115577
2005-03-07,2020-03-09,1225.31005859375,2746.56005859375,2.2415224941072394,0.986057184781864,78.04532520229665,8743084.174195867
2005-03-08,2020-03-09,1219.4300537109375,2746.56005859375,2.2523309559539646,0.9913661897311037,78.8438822000137,8934862.746292368
2005-03-09,2020-03-09,1207.010009765625,2746.56005859375,2.275507275310063,0.9921293101986425,79.71649581851412,9144426.489677496
2005-03-10,2020-03-10,1209.25,2882.22998046875,2.383485615438288,1.0090891538130773,79.45415490471603,10395667.614214076
2005-03-11,2020-03-11,1200.0799560546875,2741.3798828125,2.284331030596411,1.0000956775984586,79.7089922228017,9372980.522381708
2005-03-14,2020-03-16,1206.8299560546875,2386.1298828125,1.9771881455554228,1.015639966729593,79.26316661596738,7028783.844098069
2005-03-15,2020-03-16,1197.75,2386.1298828125,1.9921769006992278,1.0190517378235775,80.13233025825504,7215513.701376868
2005-03-16,2020-03-16,1188.0699462890625,2386.1298828125,2.0084085876135314,1.0157371500207724,80.52246191916711,7299329.022011214
2005-03-17,2020-03-17,1190.2099609375,2529.18994140625,2.124994769338065,1.0254703451457676,80.23950920903606,8478930.133750558
2005-03-18,2020-03-18,1189.6500244140625,2398.10009765625,2.0158030079790774,1.0261363842434794,79.60069694609984,7540785.108416539
2005-03-21,2020-03-23,1183.780029296875,2237.39990234375,1.8900470078657174,1.0494981541705588,79.99541191918135,6820935.17450958
2005-03-22,2020-03-23,1171.7099609375,2237.39990234375,1.9095168402883407,1.0464262075996287,80.58290043699297,6944468.587699103
2005-03-23,2020-03-23,1172.530029296875,2237.39990234375,1.9081813228147684,1.0414114394463936,80.14063490805363,6851471.756834291
2005-03-24,2020-03-24,1171.4200439453125,2447.330078125,2.0891994214837366,1.0447536866201108,80.26182267670086,8509285.804324161
2005-03-28,2020-03-30,1174.280029296875,2626.64990234375,2.236817315130968,1.0065685439208731,79.3427389090468,9092804.358263023
2005-03-29,2020-03-30,1165.3599853515625,2626.64990234375,2.2539386415875176,1.0046964092676036,79.80135348982355,9203164.028057821
2005-03-30,2020-03-30,1181.4100341796875,2626.64990234375,2.2233177528135397,1.0083535960197831,79.0037498582061,9011231.025702445
2005-03-31,2020-03-31,1180.5899658203125,2584.590087890625,2.189236028357032,0.9985881439524826,78.67676999573749,8538510.806118485
2005-04-01,2020-04-01,1172.9200439453125,2470.5,2.1062816794314987,0.9906438266343883,78.74508728206457,7694155.515638733
2005-04-04,2020-04-06,1176.1199951171875,2663.679931640625,2.264802862547387,1.007804574184008,78.53084006632659,9355419.244562479
2005-04-05,2020-04-06,1181.3900146484375,2663.679931640625,2.2546998862465357,1.004002553895586,77.88558266847483,9196383.28562548
2005-04-06,2020-04-06,1184.0699462890625,2663.679931640625,2.2495967742351186,1.0048347135425375,77.7737112566313,9168810.44830598
2005-04-07,2020-04-07,1191.1400146484375,2659.409912109375,2.232659367836194,1.0045395460228255,77.61943771041635,9018898.443657327
2005-04-08,2020-04-08,1181.199951171875,2749.97998046875,2.328124021458416,1.0104081074841527,78.53401598986223,9947973.677606437
2005-04-11,2020-04-13,1181.2099609375,2761.6298828125,2.337966978047371,0.9983580524293676,78.53335047981774,9793406.787027204
2005-04-12,2020-04-13,1187.760009765625,2761.6298828125,2.32507397126246,1.0028233451795585,78.44958276728208,9772294.12088337
2005-04-13,2020-04-13,1173.7900390625,2761.6298828125,2.352746054156499,0.9937488279404623,78.66492110315485,9826567.61428114
2005-04-14,2020-04-14,1162.050048828125,2846.06005859375,2.4491716698982744,0.994373755335919,79.89491600956606,10652124.421685088
2005-04-15,2020-04-15,1142.6199951171875,2783.360107421875,2.4359455631059674,1.0070091759782738,81.8998314545409,10801605.65028119
2005-04-18,2020-04-20,1145.97998046875,2823.159912109375,2.4635333602901106,1.0075706354416003,81.65970314630454,11048919.24523706
2005-04-19,2020-04-20,1152.780029296875,2823.159912109375,2.449001405611901,1.0076649532600508,81.18560576810607,10926714.08107918
2005-04-20,2020-04-20,1137.5,2823.159912109375,2.4818988238324176,1.0084199878567075,82.33782024549393,11223713.317584824
2005-04-21,2020-04-21,1159.949951171875,2736.56005859375,2.3592052879773444,1.0167154674295054,81.36915397699822,10340471.500445837
2005-04-22,2020-04-22,1152.1199951171875,2799.31005859375,2.4297035642620015,1.0159536444557014,81.79090875743168,10932593.300180217
2005-04-25,2020-04-27,1162.0999755859375,2878.47998046875,2.4769641519159347,1.0109592381706105,81.08849787276668,11234851.036133248
2005-04-26,2020-04-27,1151.8299560546875,2878.47998046875,2.4990494172666606,1.0127725556714244,81.95824634760197,11462614.279830405
2005-04-27,2020-04-27,1156.3800048828125,2878.47998046875,2.489216320166704,1.011721955913698,81.55107750077813,11355987.9390339
2005-04-28,2020-04-28,1143.219970703125,2863.389892578125,2.5046709871740855,1.0199808481422443,83.58550266025043,11663995.392672013
2005-04-29,2020-04-29,1156.8499755859375,2939.510009765625,2.540960428578287,1.0165919502069074,82.42741475108937,11904856.900289595
2005-05-02,2020-05-04,1162.1600341796875,2842.739990234375,2.4460830751600637,1.01742152952951,82.05079329691198,11104155.509653885
2005-05-03,2020-05-04,1161.1700439453125,2842.739990234375,2.4481685564119315,1.020828568915472,82.39574589574204,11192880.225121602
2005-05-04,2020-05-04,1175.6500244140625,2842.739990234375,2.4180155073370417,1.020926192854825,81.38869522233834,10933858.305117652
2005-05-05,2020-05-05,1172.6300048828125,2868.43994140625,2.446159427493849,1.0131531720585678,81.16340649188118,11016273.87460756
2005-05-06,2020-05-06,1171.3499755859375,2848.419921875,2.4317411373574767,1.0069315647066492,80.95162366924924,10764101.783239553
2005-05-09,2020-05-11,1178.8399658203125,2930.18994140625,2.485655412409806,1.019969683537834,80.43728169890592,11499286.033940146
2005-05-10,2020-05-11,1166.219970703125,2930.18994140625,2.5125533904548134,1.0171725947242538,81.08474398455414,11672339.82916218
2005-05-11,2020-05-11,1171.1099853515625,2930.18994140625,2.5020621274325645,1.006983731505307,79.93734940433762,11365664.071940478
2005-05-12,2020-05-12,1159.3599853515625,2870.1201171875,2.475607363934653,0.9983971943507073,80.37879814129616,10959502.506034294
2005-05-13,2020-05-13,1154.050048828125,2820.0,2.4435681995452074,0.9953737164056838,80.65843279126099,10625594.98941106
2005-05-16,2020-05-18,1165.68994140625,2953.909912109375,2.5340442661329607,0.9995438555251325,79.85302522972916,11478893.427139267
2005-05-17,2020-05-18,1173.800048828125,2953.909912109375,2.516535857242842,1.0034669148721145,79.61254438688324,11414208.809619822
2005-05-18,2020-05-18,1185.56005859375,2953.909912109375,2.4915734050733374,0.9979646675360111,78.39063370788166,11085538.866605723
2005-05-19,2020-05-19,1191.0799560546875,2922.93994140625,2.4540249599096144,0.9968561815766244,77.63053047738362,10744708.384727847
2005-05-20,2020-05-20,1189.280029296875,2971.610107421875,2.49866308541206,1.0000093603505196,78.15269902809356,11188861.297606662
2005-05-23,2020-05-26,1193.8599853515625,2991.77001953125,2.505963895464883,0.9990798491792249,77.85288503692568,11231020.100587338
2005-05-24,2020-05-26,1194.0699462890625,2991.77001953125,2.5055232558436717,0.9982447716364505,77.77413403664163,11209544.15824841
2005-05-25,2020-05-26,1190.010009765625,2991.77001953125,2.51407130610648,0.9950106315751709,77.78664032808928,11212954.710406922
2005-05-26,2020-05-26,1197.6199951171875,2991.77001953125,2.4980962506713196,0.995471327771087,77.3281508687221,11087921.464392785
2005-05-27,2020-05-27,1198.780029296875,3036.1298828125,2.532683068296769,0.9944464483726129,76.9540023658677,11357877.944387551
2005-05-31,2020-06-01,1191.5,3055.72998046875,2.564607621039656,0.9897661779529182,77.23892807329577,11525308.76805494
2005-06-01,2020-06-01,1202.219970703125,3055.72998046875,2.5417394943802085,0.9938822422227378,76.86854641815904,11422089.061519448
2005-06-02,2020-06-02,1204.2900390625,3080.820068359375,2.558204392986337,1.0108602631446515,77.14276821090023,11929171.166594326
2005-06-03,2020-06-03,1196.02001953125,3122.8701171875,2.61105170999682,1.0222170435798497,78.41193168036972,12633642.02563747
2005-06-06,2020-06-08,1197.510009765625,3232.389892578125,2.6992591846566394,1.0166838542102303,78.31436839362517,13271606.602009758
2005-06-07,2020-06-08,1197.260009765625,3232.389892578125,2.6998228172766714,1.0110893056126784,77.89968750308566,13148381.570027096
2005-06-08,2020-06-08,1194.6700439453125,3232.389892578125,2.705675854986192,1.0086434052482538,77.8797152002191,13142446.674748229
2005-06-09,2020-06-09,1200.9300537109375,3207.179931640625,2.670580123905026,0.9921490617249257,76.63948009180486,12468723.024361793
2005-06-10,2020-06-10,1198.1099853515625,3190.139892578125,2.662643606665242,0.9778884946570179,76.2932269053942,12079957.28983846
2005-06-13,2020-06-15,1200.8199462890625,3066.590087890625,2.5537467939031324,0.9823034313375772,76.12105149695903,11272539.941787895
2005-06-14,2020-06-15,1203.9100341796875,3066.590087890625,2.5471920665401866,0.9843729842415297,76.08563382354245,11262642.234680826
2005-06-15,2020-06-15,1206.5799560546875,3066.590087890625,2.54155563624466,0.9862701706145773,76.06358711319764,11256481.13315671
2005-06-16,2020-06-16,1210.9599609375,3124.739990234375,2.5803825816134056,0.9896803176100178,76.08874447686868,11655832.67281683
2005-06-17,2020-06-17,1216.9599609375,3113.489990234375,2.5584161272124843,0.9860159909739361,75.79740739744663,11391980.526215557
2005-06-20,2020-06-22,1216.0999755859375,3117.860107421875,2.5638189047077624,0.9860990339150186,75.85100879647372,11438960.846154472
2005-06-21,2020-06-22,1213.6099853515625,3117.860107421875,2.5690791482064834,0.9829256875521689,75.76203848636759,11413813.771315245
2005-06-22,2020-06-22,1213.8800048828125,3117.860107421875,2.568507673641821,0.9814818368993445,75.63392122423775,11377601.979143992
2005-06-23,2020-06-23,1200.72998046875,3131.2900390625,2.607821983290601,0.9767091677917871,76.42715438285734,11599269.259134587
2005-06-24,2020-06-24,1191.5699462890625,3050.330078125,2.55992532173602,0.9751662748640808,76.45340074385878,11169072.082585607
2005-06-27,2020-06-29,1190.68994140625,3053.239990234375,2.5642611766992696,0.9801402899531428,76.50990526583598,11313086.678722769
2005-06-28,2020-06-29,1201.5699462890625,3053.239990234375,2.541042241996834,0.9741940778656928,75.35716216430606,10991971.21588377
2005-06-29,2020-06-29,1199.8499755859375,3053.239990234375,2.544684795899878,0.970503299165997,75.17928246367777,10942419.913151091
2005-06-30,2020-06-30,1191.3299560546875,3100.2900390625,2.6023773038744795,0.9664310048112161,75.12063994781877,11327353.59553757
2005-07-01,2020-07-01,1194.43994140625,3115.860107421875,2.6086369012019803,0.9624921055774122,75.05266120126643,11291519.753186557
2005-07-05,2020-07-06,1204.989990234375,3179.719970703125,2.6387936800077965,0.9564276272576211,73.93161803017821,11401952.71107039
2005-07-06,2020-07-06,1194.93994140625,3179.719970703125,2.660987268499128,0.9585625103541783,74.71983418734796,11630127.954238512
2005-07-07,2020-07-07,1197.8699951171875,3145.320068359375,2.6257607930580718,0.9582932556792468,74.3644323629409,11337790.324443305
2005-07-08,2020-07-08,1211.8599853515625,3169.93994140625,2.6157641804524516,0.9668619143523448,74.36714515179987,11446621.830295544
2005-07-11,2020-07-13,1219.43994140625,3155.219970703125,2.587433676368306,0.9667988632092042,73.90488401615661,11212956.905268926
2005-07-12,2020-07-13,1222.2099609375,3155.219970703125,2.58156951059612,0.9577359068888303,73.04615754194063,10966476.203303747
2005-07-13,2020-07-13,1223.2900390625,3155.219970703125,2.579290168275391,0.9554328655402777,72.80616596915101,10897591.29861868
2005-07-14,2020-07-14,1226.5,3197.52001953125,2.607028144746229,0.9557526389947394,72.66091936909055,11129395.76825003
2005-07-15,2020-07-15,1227.9200439453125,3226.56005859375,2.6276629936154463,0.9470061857562247,72.13332699927709,11101743.164629914
2005-07-18,2020-07-20,1221.1300048828125,3251.840087890625,2.662976157237814,0.9494773932393293,72.5344211547517,11441134.39707684
2005-07-19,2020-07-20,1229.3499755859375,3251.840087890625,2.645170335925472,0.9509092162988443,72.15807572253371,11329886.897428414
2005-07-20,2020-07-20,1235.199951171875,3251.840087890625,2.6326426622713974,0.9707144693404806,73.31210015340267,11671015.87489666
2005-07-21,2020-07-21,1227.0400390625,3257.300048828125,2.6545996423367018,0.959856224646659,73.22275910709985,11607328.24064143
2005-07-22,2020-07-22,1233.6800537109375,3276.02001953125,2.6554859257689283,0.9525820017493833,72.04541112717902,11450737.477707656
2005-07-25,2020-07-27,1229.030029296875,3239.409912109375,2.635745128182615,0.93557016788126,72.31799431284308,10911039.862319868
2005-07-26,2020-07-27,1231.1600341796875,3239.409912109375,2.631185079255573,0.9360694036778229,72.23140174501944,10886001.271928273
2005-07-27,2020-07-27,1236.7900390625,3239.409912109375,2.6192076341145842,0.9375701855729484,72.01787646145802,10824259.57460118
2005-07-28,2020-07-28,1243.719970703125,3218.43994140625,2.5877528842660107,0.9347829951628934,71.50831518158226,10513013.083274666
2005-07-29,2020-07-29,1234.1800537109375,3258.43994140625,2.640165777763755,0.9429212519631701,72.74033137332606,11110692.206343003
2005-08-01,2020-08-03,1235.3499755859375,3294.610107421875,2.66694473026497,0.9518807735010215,72.6714436034226,11527441.739942709
2005-08-02,2020-08-03,1244.1199951171875,3294.610107421875,2.6481449702217392,0.9543654386637531,72.34752474806174,11431487.346559478
2005-08-03,2020-08-03,1245.0400390625,3294.610107421875,2.6461880775357844,0.9532499827321764,72.20956547329504,11390619.70856082
2005-08-04,2020-08-04,1235.8599853515625,3306.510009765625,2.6754729896243297,0.9446690118978971,72.37505615625916,11432660.887968034
2005-08-05,2020-08-05,1226.4200439453125,3327.77001953125,2.713401526630332,0.9442923828637436,72.9451899755542,11727832.45474199
2005-08-08,2020-08-10,1223.1300048828125,3360.469970703125,2.747434824824766,0.9482196987174044,73.14140176292186,12091857.04921206
2005-08-09,2020-08-10,1231.3800048828125,3360.469970703125,2.729027560442589,0.9579032562448472,73.39331065939022,12167944.397773448
2005-08-10,2020-08-10,1229.1300048828125,3360.469970703125,2.734023217522477,0.9661987211826911,74.16441303986177,12400850.56512995
2005-08-11,2020-08-11,1237.81005859375,3333.68994140625,2.693216069995089,0.9742181021660671,73.88681354213523,12249653.114718363
2005-08-12,2020-08-12,1230.3900146484375,3380.35009765625,2.7473809584045803,0.9746532854324297,74.1560611646851,12707268.080721065
2005-08-15,2020-08-17,1233.8699951171875,3381.989990234375,2.7409613683921124,0.9671077027579495,73.94691300036165,12478825.147792164
2005-08-16,2020-08-17,1219.3399658203125,3381.989990234375,2.773623505368445,0.9649067293483191,74.6577910543285,12694922.112873659
2005-08-17,2020-08-17,1220.239990234375,3381.989990234375,2.7715777365932635,0.9595781606473119,74.19074137573244,12552945.55652381
2005-08-18,2020-08-18,1219.02001953125,3389.780029296875,2.7807418869136766,0.9527707053362654,74.27843664871017,12466991.787920091
2005-08-19,2020-08-19,1219.7099609375,3374.85009765625,2.766928372924211,0.9655834861735455,74.62834874129844,12656018.91983916
2005-08-22,2020-08-24,1221.72998046875,3431.280029296875,2.808542054423819,0.9648006155739373,74.50495754647443,12978112.713214353
2005-08-23,2020-08-24,1217.5899658203125,3431.280029296875,2.8180915789538057,0.9615621245388744,74.50735031051681,12978850.666817345
2005-08-24,2020-08-24,1209.5899658203125,3431.280029296875,2.8367299053856403,0.9629599028771905,75.10915209247126,13164452.667437736
2005-08-25,2020-08-25,1212.3699951171875,3443.6201171875,2.840403615279707,0.9659131739471422,74.87569711327237,13265586.140842441
2005-08-26,2020-08-26,1205.0999755859375,3478.72998046875,2.8866733473937214,0.9506601190678887,74.52237837733266,13271199.534656169
2005-08-29,2020-08-31,1212.280029296875,3500.31005859375,2.8873774821020004,0.9519892164827538,74.08099959810258,13309418.883910429
2005-08-30,2020-08-31,1208.4100341796875,3500.31005859375,2.8966244565900907,0.9580117156884276,74.78840185192236,13532001.402277661
2005-08-31,2020-08-31,1220.3299560546875,3500.31005859375,2.86833084874046,0.9646373500000208,74.57007103203988,13463304.103867572
2005-09-01,2020-09-01,1221.5899658203125,3526.64990234375,2.886934242272989,0.964444451547301,74.55421316116303,13610759.797268974
2005-09-02,2020-09-02,1218.02001953125,3580.840087890625,2.939886069580939,0.9689626821612771,74.90234134375304,14156466.277628042
2005-09-06,2020-09-08,1233.3900146484375,3331.840087890625,2.701367814170544,0.9630828273650291,73.68659078600672,12061915.274861693
2005-09-07,2020-09-08,1236.3599853515625,3331.840087890625,2.6948786173658044,0.9588996495421708,73.19029067589906,11913322.011646446
2005-09-08,2020-09-08,1231.6700439453125,3331.840087890625,2.7051401503750157,0.9666849084497039,74.06547501746908,12175353.985003391
2005-09-09,2020-09-09,1241.47998046875,3398.9599609375,2.737829054363118,0.95954298334482,72.75677361412272,12277508.305875331
2005-09-12,2020-09-14,1240.56005859375,3383.5400390625,2.7274294506127723,0.9548820992874293,72.81072549427428,12085087.784216423
2005-09-13,2020-09-14,1231.199951171875,3383.5400390625,2.748164533179192,0.9569565960869985,73.52364874925433,12301333.022301324
2005-09-14,2020-09-14,1227.1600341796875,3383.5400390625,2.7572117285617725,0.9558318064771629,73.67899208726664,12348452.059138348
2005-09-15,2020-09-15,1227.72998046875,3401.199951171875,2.7703159532467305,0.9466492723050305,73.1684647067668,12238949.08854237
2005-09-16,2020-09-16,1237.9100341796875,3385.489990234375,2.734843322017178,0.9383886863083373,72.15194295030543,11762614.353113908
2005-09-19,2020-09-21,1231.02001953125,3281.06005859375,2.665318196728529,0.9350661244862885,72.55577711705614,11134269.45713594
2005-09-20,2020-09-21,1221.3399658203125,3281.06005859375,2.68644288274807,0.9350661244862885,73.13083716518958,11301774.713012092
2005-09-21,2020-09-21,1210.199951171875,3281.06005859375,2.7111718649604932,0.9378303772931498,74.02219426193109,11561411.944030562
2005-09-22,2020-09-22,1214.6199951171875,3315.570068359375,2.7297180037279776,0.9338015064662305,73.19547831578325,11615645.369245823
2005-09-23,2020-09-23,1215.2900390625,3236.919921875,2.663495805801245,0.9298366521367963,72.65773429581346,11001703.875435412
2005-09-26,2020-09-28,1215.6300048828125,3351.60009765625,2.7570889861174055,0.9309757055825745,72.63741467048115,11766318.688454982
2005-09-27,2020-09-28,1215.6600341796875,3351.60009765625,2.757020880363044,0.9337790739316754,72.85434187344408,11831322.4699539
2005-09-28,2020-09-28,1216.8900146484375,3351.60009765625,2.7542342013748344,0.9313869390423493,72.59425579385561,11753385.823661692
2005-09-29,2020-09-29,1227.6800537109375,3335.469970703125,2.7168886230748157,0.9312885802702618,71.79133418370003,11456158.315583348
2005-09-30,2020-09-30,1228.81005859375,3363.0,2.736794003662874,0.9221775059558984,71.16706888532397,11401907.685837287
2005-10-03,2020-10-05,1226.699951171875,3408.60009765625,2.778674682753505,0.924416284590898,71.28948688990982,11782170.031174839
2005-10-04,2020-10-05,1214.469970703125,3408.60009765625,2.8066565496739453,0.9264417365999981,72.16516028970112,12049727.951958958
2005-10-05,2020-10-05,1196.3900146484375,3408.60009765625,2.849071001865455,0.9326539981286645,73.74694362376255,12533034.467942335
2005-10-06,2020-10-06,1191.489990234375,3360.969970703125,2.820812594524606,0.928458433143088,73.76386716047553,12209181.409638088
2005-10-07,2020-10-07,1195.9000244140625,3419.43994140625,2.859302509908069,0.9250545047127744,72.99784177811408,12429690.457236975
2005-10-10,2020-10-12,1187.3299560546875,3534.219970703125,2.9766114740731275,0.9195896471483382,73.52473532689982,13211974.086792305
2005-10-11,2020-10-12,1184.8699951171875,3534.219970703125,2.9827913486437634,0.9210369358879386,73.79333983246204,13296773.315174224
2005-10-12,2020-10-12,1177.6800537109375,3534.219970703125,3.001001808230168,0.9201519374416325,74.17252216266766,13416482.28636289
2005-10-13,2020-10-13,1176.8399658203125,3511.929931640625,2.984203488698351,0.9247698237486154,74.50532097522117,13402267.314639937
2005-10-14,2020-10-14,1186.5699462890625,3488.669921875,2.9401300216524433,0.9080145013183586,72.78394618933153,12638892.297177527
2005-10-17,2020-10-19,1190.0999755859375,3426.919921875,2.879522722608056,0.9108731357351573,72.56805721558038,12242021.482147165
2005-10-18,2020-10-19,1178.1400146484375,3426.919921875,2.90875437491834,0.9130021146605835,73.4760710884297,12520326.632387105
2005-10-19,2020-10-19,1195.760009765625,3426.919921875,2.8658927325615227,0.9146648465334455,72.52521283913515,12228889.732754273
2005-10-20,2020-10-20,1177.800048828125,3443.1201171875,2.923348594367354,0.9100689903954547,73.25630179147305,12560606.704646897
2005-10-21,2020-10-21,1179.5899658203125,3435.56005859375,2.9125036310431707,0.9093562848354998,73.64713796808094,12459309.523080323
2005-10-24,2020-10-26,1199.3800048828125,3400.969970703125,2.8356066941731473,0.910711494888087,72.43194367494942,11898918.30437599
2005-10-25,2020-10-26,1196.5400390625,3400.969970703125,2.8423369546144195,0.9044258253844843,72.10275260678388,11799391.383758772
2005-10-26,2020-10-26,1191.3800048828125,3400.969970703125,2.854647515288503,0.908737865618692,72.76029368193281,11998190.94036156
2005-10-27,2020-10-27,1178.9000244140625,3390.679931640625,2.876138655884635,0.9046032572900261,73.39693275030326,12062962.082582869
2005-10-28,2020-10-28,1198.4100341796875,3271.030029296875,2.7294748341588257,0.8934138449200786,71.46616357452633,10678909.14056269
2005-10-31,2020-11-02,1207.010009765625,3310.239990234375,2.742512459260509,0.8969252874107739,70.95696542621862,10859348.018358815
2005-11-01,2020-11-02,1202.760009765625,3310.239990234375,2.752203235356505,0.8966181141940048,71.18330791182215,10925886.329998624
2005-11-02,2020-11-02,1214.760009765625,3310.239990234375,2.725015611003733,0.8934055398698018,70.22759437488267,10644933.485508583
2005-11-03,2020-11-03,1219.93994140625,3369.159912109375,2.761742441374347,0.8836615651847332,69.28514083006235,10694979.098279037
2005-11-04,2020-11-04,1220.1400146484375,3443.43994140625,2.8221678660366027,0.8895911599883363,69.81073770971442,11289680.966136545
2005-11-07,2020-11-09,1222.81005859375,3550.5,2.9035580587905274,0.8955451420025913,69.6583037840776,12050266.823333375
2005-11-08,2020-11-09,1218.5899658203125,3550.5,2.9136133560807114,0.8929590873548842,69.69768907496436,12062734.198015066
2005-11-09,2020-11-09,1220.6500244140625,3550.5,2.9086961282815804,0.8912936745812258,69.45029188780627,11984420.864330003
2005-11-10,2020-11-10,1230.9599609375,3545.530029296875,2.880296794216277,0.891731627582394,68.82193336968936,11780470.824963536
2005-11-11,2020-11-11,1234.719970703125,3572.659912109375,2.8934981185044606,0.8869583699530367,68.14474126275701,11763176.937039591
2005-11-14,2020-11-16,1233.760009765625,3626.909912109375,2.9397207588195147,0.8796045579165417,68.1977631545273,11927514.281336728
2005-11-15,2020-11-16,1229.010009765625,3626.909912109375,2.951082483698432,0.8777582007184186,68.31763505894713,11966056.497012358
2005-11-16,2020-11-16,1231.2099609375,3626.909912109375,2.945809429082005,0.8799007029240469,68.36202087913615,11980327.796554517
2005-11-17,2020-11-17,1242.800048828125,3609.530029296875,2.9043529831692667,0.8748089928583893,67.56526064137117,11545594.836786069
2005-11-18,2020-11-18,1248.27001953125,3567.7900390625,2.858187718393073,0.8740871332566243,67.39935367997057,11185627.324994102
2005-11-21,2020-11-23,1254.8499755859375,3577.590087890625,2.8510102063954785,0.8793959363043767,67.04593710113096,11260774.378067803
2005-11-22,2020-11-23,1261.22998046875,3577.590087890625,2.8365882061897816,0.8801364065822221,66.7629498897887,11171036.990354791
2005-11-23,2020-11-23,1265.6099853515625,3577.590087890625,2.826771382415127,0.8775501720280815,66.3363971474752,11035773.885582397
2005-11-25,2020-11-25,1268.25,3629.64990234375,2.861935661221171,0.8718162966670472,65.8445155839565,11158296.627464883
2005-11-28,2020-11-30,1257.4599609375,3621.6298828125,2.880115467145683,0.870972890196862,66.40951559769259,11272101.136574356
2005-11-29,2020-11-30,1257.47998046875,3621.6298828125,2.880069614676861,0.8711911337922525,66.42509860060139,11277092.638332862
2005-11-30,2020-11-30,1249.47998046875,3621.6298828125,2.8985097315875548,0.8661988242584452,66.467313900155,11290614.919191761
2005-12-01,2020-12-01,1264.6700439453125,3662.449951171875,2.8959727232459445,0.8659941946925256,65.6471649116414,11266954.402384205
2005-12-02,2020-12-02,1265.0799560546875,3669.010009765625,2.900219857413518,0.865578388456678,65.50081783587396,11287917.505368419
2005-12-05,2020-12-07,1262.0899658203125,3691.9599609375,2.9252747909598193,0.8617666625426127,65.65599441676497,11377268.409944091
2005-12-06,2020-12-07,1263.699951171875,3691.9599609375,2.921547917695028,0.8592745777704038,65.38272279843149,11288292.516945614
2005-12-07,2020-12-07,1257.3699951171875,3691.9599609375,2.9362558159290315,0.8638425253416434,66.06120561219163,11509203.179408766
2005-12-08,2020-12-08,1255.8399658203125,3702.25,2.948026898938271,0.8631880194220708,66.00462587569886,11579068.72082693
2005-12-09,2020-12-09,1259.3699951171875,3672.820068359375,2.916394770877172,0.8686438052196015,66.14860168128621,11482453.971001059
2005-12-12,2020-12-14,1260.4300537109375,3647.489990234375,2.8938456199893796,0.8664611907944149,66.09296876974912,11262793.737467773
2005-12-13,2020-12-14,1267.4300537109375,3647.489990234375,2.877862947588157,0.8848149675541427,67.12021735895938,11593270.265849711
2005-12-14,2020-12-14,1272.739990234375,3647.489990234375,2.8658563557531416,0.8941712724304495,67.54697702373001,11730563.277442224
2005-12-15,2020-12-15,1270.93994140625,3694.6201171875,2.9069981962322577,0.8961778211045521,68.04040514618528,12091988.384172365
2005-12-16,2020-12-16,1267.3199462890625,3701.169921875,2.9204700302498052,0.8825912688462936,67.30354313683296,11857889.844826352
2005-12-19,2020-12-21,1259.9200439453125,3694.919921875,2.9326622269653964,0.8814397664692009,67.69883778191326,11920504.119820729
2005-12-20,2020-12-21,1259.6199951171875,3694.919921875,2.9333608042092463,0.8796390311968063,67.57662591527787,11880932.602585796
2005-12-21,2020-12-21,1262.7900390625,3694.919921875,2.925997044305261,0.8857461040519429,67.87497168847113,11977535.291268306
2005-12-22,2020-12-22,1268.1199951171875,3687.260009765625,2.907658600103442,0.8897730838686564,67.76975799681394,11939085.928146683
2005-12-23,2020-12-23,1268.6600341796875,3690.010009765625,2.9085885188710754,0.8826457741432587,67.18660371621664,11770308.53437875
2005-12-27,2020-12-28,1256.5400390625,3735.360107421875,2.9727346453749406,0.8808104138253027,67.60415834919847,12204164.569413174
2005-12-28,2020-12-28,1258.1700439453125,3735.360107421875,2.9688833599222426,0.8801375531745691,67.46499806694167,12158458.241811326
2005-12-29,2020-12-29,1254.4200439453125,3727.0400390625,2.971126025171345,0.8777673771936206,67.56917416362344,12115479.58665552
2005-12-30,2020-12-30,1248.2900390625,3732.0400390625,2.9897218773494054,0.8891274289750293,69.07189609713531,12541906.797820471
2006-01-03,2021-01-04,1268.800048828125,3700.64990234375,2.916653341684297,0.8873257521669135,67.81502678889773,11946423.339466963
2006-01-04,2021-01-04,1273.4599609375,3700.64990234375,2.905980569361123,0.8890086206896551,67.69501923583059,11907586.275054332
2006-01-05,2021-01-05,1273.47998046875,3726.860107421875,2.9265164467289626,0.8976134448087102,68.64672460360994,12275946.716639955
2006-01-06,2021-01-06,1285.449951171875,3748.139892578125,2.9158193900596046,0.9001660534930895,67.97184250631419,12257639.448251974
2006-01-09,2021-01-11,1290.1500244140625,3799.610107421875,2.9450916835408463,0.9098121549023778,67.72421809664044,12721992.189172886
2006-01-10,2021-01-11,1289.68994140625,3799.610107421875,2.946142313305834,0.911165553590422,67.84915764950632,12763910.362968361
2006-01-11,2021-01-11,1294.1800537109375,3799.610107421875,2.935920775881885,0.9083835021111453,67.40731305609066,12615668.128763558
2006-01-12,2021-01-12,1286.06005859375,3801.18994140625,2.9556861796661997,0.9083522832475811,68.07640119574785,12767140.3780392
2006-01-13,2021-01-13,1287.6099853515625,3809.840087890625,2.9588463364163844,0.898360503597469,67.19147735693232,12540778.607532654
2006-01-17,2021-01-19,1282.9300537109375,3798.909912109375,2.961120055704396,0.9014142048256085,67.62673148468485,12634779.36984237
2006-01-18,2021-01-19,1277.9300537109375,3798.909912109375,2.972705666540864,0.8995411530201569,67.75025466274121,12676122.782735255
2006-01-19,2021-01-19,1285.0400390625,3798.909912109375,2.956258012692637,0.9013360475366824,67.50983708280812,12595654.619348567
2006-01-20,2021-01-20,1261.489990234375,3851.85009765625,3.0534131285025943,0.9001651554333272,68.90763025483955,13307925.357007535
2006-01-23,2021-01-25,1263.8199462890625,3855.360107421875,3.050561212253626,0.9019471602092592,68.7805933689304,13332253.790262992
2006-01-24,2021-01-25,1266.8599853515625,3855.360107421875,3.043240888496439,0.8962598699569434,68.18288295761616,13129494.111598078
2006-01-25,2021-01-25,1264.6800537109375,3855.360107421875,3.0484865291495127,0.8922521396452768,67.99499670331849,13065757.968098108
2006-01-26,2021-01-26,1273.8299560546875,3849.6201171875,3.0220832057604947,0.8824786667769701,66.86832424287273,12615515.16645687
2006-01-27,2021-01-27,1283.719970703125,3750.77001953125,2.921797670154544,0.8877589285574923,66.40406663701964,11995864.698122125
2006-01-30,2021-02-01,1285.18994140625,3773.860107421875,2.936422069482221,0.8940499436266361,66.32811519250555,12262611.718605317
2006-01-31,2021-02-01,1280.0799560546875,3773.860107421875,2.9481440511366372,0.8890480259289468,66.22032666455623,12226433.181969816
2006-02-01,2021-02-01,1282.4599609375,3773.860107421875,2.942672849344255,0.8849596864889515,65.79348124836638,12083165.22181565
2006-02-02,2021-02-02,1270.8399658203125,3826.31005859375,3.0108512177014446,0.8834048315006915,66.18564582418941,12555108.347248225
2006-02-03,2021-02-03,1264.030029296875,3830.169921875,3.0301257352292152,0.8918287586237332,67.19786146428972,12915955.754389565
2006-02-06,2021-02-08,1265.02001953125,3915.590087890625,3.0952791477098813,0.8936549399858351,67.14527318458394,13456625.528361967
2006-02-07,2021-02-08,1254.780029296875,3915.590087890625,3.1205390558253896,0.8879230397610002,67.25904714130053,13496371.484719086
2006-02-08,2021-02-08,1265.6500244140625,3915.590087890625,3.093738405056613,0.88627748206456,66.5578165760307,13251402.598624025
2006-02-09,2021-02-09,1263.780029296875,3911.22998046875,3.094866107865961,0.8875073862612886,67.15411458226971,13292156.1762721
2006-02-10,2021-02-10,1266.989990234375,3909.8798828125,3.085959567911999,0.8895833267105949,67.1149854096654,13279450.153828796
2006-02-13,2021-02-16,1262.8599853515625,3932.590087890625,3.114034915593471,0.9022363792761509,67.33447547243324,13825370.579325128
2006-02-14,2021-02-16,1275.530029296875,3932.590087890625,3.083102708337201,0.8996353623011403,66.47344397770313,13520706.52278527
2006-02-15,2021-02-16,1280.0,3932.590087890625,3.0723360061645506,0.9033117457277241,66.51200460491707,13534350.666096661
2006-02-16,2021-02-16,1289.3800048828125,3932.590087890625,3.049985320850423,0.898112386781244,65.64809145383322,13228666.97540909
2006-02-17,2021-02-17,1287.239990234375,3931.330078125,3.054077023670777,0.8911983566727222,65.40016758929073,13080765.84100923
2006-02-21,2021-02-22,1283.030029296875,3876.5,3.021363422120678,0.886614288597158,65.82256231055878,12716088.159702554
2006-02-22,2021-02-22,1292.6700439453125,3876.5,2.9988317731636074,0.8967626328977382,66.07949238101156,12804757.54488612
2006-02-23,2021-02-23,1287.7900390625,3881.3701171875,3.0139774337850165,0.9010869602124842,66.46046931754007,13030456.878366932
2006-02-24,2021-02-24,1289.4300537109375,3925.429931640625,3.0443139744907963,0.9149667450251624,66.97784255301832,13620582.487671413
2006-02-27,2021-03-01,1294.1199951171875,3901.820068359375,3.0150373095858476,0.9227998711456618,66.73511223567843,13593700.825858347
2006-02-28,2021-03-01,1280.6600341796875,3901.820068359375,3.0467258790180347,0.9206531119463462,67.27962874009418,13786210.571770772
2006-03-01,2021-03-01,1291.239990234375,3901.820068359375,3.021762102993069,0.9224015996438211,66.85509295930865,13636119.115172137
2006-03-02,2021-03-02,1289.1400146484375,3870.2900390625,3.0022262865821987,0.9170861599209128,66.63610564886393,13347985.495662466
2006-03-03,2021-03-03,1287.22998046875,3819.719970703125,2.9673951264809406,0.9090430645225759,65.9643353821124,12874714.855929011
2006-03-06,2021-03-08,1278.260009765625,3821.35009765625,2.9894935838264334,0.9250149112332198,66.42722880857353,13449965.684800139
2006-03-07,2021-03-08,1275.8800048828125,3821.35009765625,2.9950701343636426,0.924622332990112,66.52289659052241,13483738.073684629
2006-03-08,2021-03-08,1278.469970703125,3821.35009765625,2.9890026244062717,0.9216497952908175,66.17470334802893,13360819.810577776
2006-03-09,2021-03-09,1272.22998046875,3875.43994140625,3.0461787576947006,0.9124117939412093,66.05221912347653,13569052.723778047
2006-03-10,2021-03-10,1281.4200439453125,3898.81005859375,3.042569902832065,0.9214139949468876,66.31409181031593,13773395.827344611
2006-03-13,2021-03-15,1284.1300048828125,3968.93994140625,3.0907617813731005,0.9273793542023552,66.17414601220483,14306297.477530347
2006-03-14,2021-03-15,1297.47998046875,3968.93994140625,3.0589604472913425,0.9286419826662384,65.5824390069444,14088958.722803602
2006-03-15,2021-03-15,1303.02001953125,3968.93994140625,3.0459546913439146,0.9337269443027423,65.66118542000173,14117882.915353168
2006-03-16,2021-03-16,1305.3299560546875,3962.7099609375,3.035791787782644,0.9406349399008304,66.09350380756945,14215249.08322803
2006-03-17,2021-03-17,1307.25,3974.1201171875,3.0400612868139225,0.9289455528609903,65.25888179663325,13947955.980634337
2006-03-20,2021-03-22,1305.0799560546875,3940.590087890625,3.019424265623692,0.9279645098429732,65.367392114843,13760269.377415337
2006-03-21,2021-03-22,1297.22998046875,3940.590087890625,3.0376958189531704,0.9307435477042783,65.95989696901398,13975637.843053304
2006-03-22,2021-03-22,1305.0400390625,3940.590087890625,3.0195166201348287,0.9231604793872967,65.03097709948659,13637986.521562189
2006-03-23,2021-03-23,1301.6700439453125,3910.52001953125,3.0042329373107584,0.9239676412327958,65.41029079265134,13538902.89639159
2006-03-24,2021-03-24,1302.949951171875,3889.139892578125,2.9848728180850133,0.9238281160157742,65.17401274241301,13383679.984022904
2006-03-27,2021-03-29,1301.6099853515625,3971.090087890625,3.0509062872762462,0.9327105684669795,65.24110730255796,14130794.318380836
2006-03-28,2021-03-29,1293.22998046875,3971.090087890625,3.070675864204173,0.9326314143324953,65.65829081287868,14285098.405126072
2006-03-29,2021-03-29,1302.8900146484375,3971.090087890625,3.0479089126814403,0.9362884734550915,65.42703184416138,14199562.41655803
2006-03-30,2021-03-30,1300.25,3958.550048828125,3.0444530273625263,0.9366932600559027,65.30934567998631,14182573.993316025
2006-03-31,2021-03-31,1294.8699951171875,3972.889892578125,3.068176656775936,0.9430347215400983,65.75939075827486,14536007.570464285
2006-04-03,2021-04-05,1297.81005859375,4077.909912109375,3.1421469460084315,0.9382918809835267,65.61041920290035,15001168.211157667
2006-04-04,2021-04-05,1305.9300537109375,4077.909912109375,3.1226097450790458,0.9382918809835267,65.20246758095068,14845716.268519768
2006-04-05,2021-04-05,1311.56005859375,4077.909912109375,3.109205625308303,0.9355833073147096,64.73516690115905,14667649.079762308
2006-04-06,2021-04-06,1309.0400390625,4073.93994140625,3.112158390757779,0.9285605653856351,64.60745837620074,14505737.665481545
2006-04-07,2021-04-07,1295.5,4079.949951171875,3.1493245474117137,0.9292953068799894,65.29927639227267,14818013.384454012
2006-04-10,2021-04-12,1296.6199951171875,4127.990234375,3.1836546173282754,0.9252516825683921,65.24287214816827,14979381.591068752
2006-04-11,2021-04-12,1286.5699462890625,4127.990234375,3.208523754407315,0.9236888537004205,65.64145563426455,15131986.29204645
2006-04-12,2021-04-12,1288.1199951171875,4127.990234375,3.2046628031726607,0.9226758875027957,65.49056723817336,15074216.014627226
2006-04-13,2021-04-13,1289.1199951171875,4141.58984375,3.2127264020705137,0.9177957812688337,65.36256949402585,15004354.739862364
2006-04-17,2021-04-19,1285.3299560546875,4163.259765625,3.2390591583223505,0.9248631255387264,66.56488375252292,15403420.476712774
2006-04-18,2021-04-19,1307.280029296875,4163.259765625,3.1846732699375995,0.9210804278337681,65.17953685599201,14874725.048511863
2006-04-19,2021-04-19,1309.9300537109375,4163.259765625,3.1782305885957687,0.9206881543402877,65.01997409563201,14813830.479704084
2006-04-20,2021-04-20,1311.4599609375,4134.93994140625,3.1529288461466862,0.9275433310729174,65.40649941805646,14799574.496529877
2006-04-21,2021-04-21,1311.280029296875,4173.419921875,3.182706842651177,0.9402053609060037,66.36616378803473,15375535.342336228
2006-04-24,2021-04-26,1308.1099853515625,4187.6201171875,3.201275247556536,0.9416238798248565,66.52699403781938,15562088.417047612
2006-04-25,2021-04-26,1301.739990234375,4187.6201171875,3.2169405170025773,0.9428546659537211,66.93992254392275,15720750.553156346
2006-04-26,2021-04-26,1305.4100341796875,4187.6201171875,3.2078963755008805,0.9476440987021009,67.09080665023089,15778725.709285952
2006-04-27,2021-04-27,1309.719970703125,4186.72021484375,3.1966529552085117,0.9554559856930419,67.08153165424872,15900134.97801251
2006-04-28,2021-04-28,1310.6099853515625,4183.18017578125,3.1917810962344677,0.9571718125371088,67.3080002951416,15907102.96744553
2006-05-01,2021-05-03,1305.18994140625,4192.66015625,3.2122988564658295,0.9623059050678805,67.58750928298878,16213496.06340048
2006-05-02,2021-05-03,1313.2099609375,4192.66015625,3.192680744864943,0.95866945345067,66.92089349410617,15954952.280043859
2006-05-03,2021-05-03,1308.1199951171875,4192.66015625,3.2051036387333887,0.9603996906731701,67.30253724821382,16102971.006463183
2006-05-04,2021-05-04,1312.25,4164.66015625,3.1736789150314344,0.9712953513832413,67.70166407232686,16140274.81256179
2006-05-05,2021-05-05,1325.760009765625,4167.58984375,3.143547710785732,0.9838663153612678,67.94742049830585,16227204.364603937
2006-05-08,2021-05-10,1324.6600341796875,4188.43017578125,3.1618906494563253,0.9804882413788909,68.00384290235448,16289667.187654875
2006-05-09,2021-05-10,1325.1400146484375,4188.43017578125,3.1607453774554153,0.9820806638254636,68.08961698695052,16322826.668665282
2006-05-10,2021-05-10,1322.8499755859375,4188.43017578125,3.166217071536056,0.9857272557049451,68.46075286124973,16466304.422278937
2006-05-11,2021-05-11,1305.9200439453125,4152.10009765625,3.179444344167005,0.9885877523971853,69.63205019587743,16653994.578850579
2006-05-12,2021-05-12,1291.239990234375,4063.0400390625,3.1466188081156092,0.9991253583316483,70.55843269721734,16659989.14274487
2006-05-15,2021-05-17,1294.5,4163.2900390625,3.2161375350038623,0.9952805634018591,70.38074155805927,17144133.82788401
2006-05-16,2021-05-17,1292.0799560546875,4163.2900390625,3.222161306313375,0.9849607173212771,69.78143417832919,16912995.602294102
2006-05-17,2021-05-17,1270.3199462890625,4163.2900390625,3.277355481368738,0.9850495515064959,70.9831602197755,17376471.99898087
2006-05-18,2021-05-18,1261.81005859375,4127.830078125,3.2713561363786754,0.9749954562536298,70.97548635020895,17047446.487056293
2006-05-19,2021-05-19,1267.030029296875,4115.68017578125,3.248289370114774,0.9744337722423657,70.38053155887549,16841259.488888483
2006-05-22,2021-05-24,1262.0699462890625,4197.0498046875,3.3255286816933793,0.9706705771112448,70.65713530789309,17373379.322710946
2006-05-23,2021-05-24,1256.5799560546875,4197.0498046875,3.340057896407223,0.9655047009698886,70.58815811488856,17346656.772178702
2006-05-24,2021-05-24,1258.5699462890625,4197.0498046875,3.334776757591144,0.9739709721204207,71.09453887381596,17542834.448154952
2006-05-25,2021-05-25,1272.8800048828125,4188.1298828125,3.290278633293544,0.9658411050099284,69.73990214450046,16948476.25623233
2006-05-26,2021-05-26,1280.1600341796875,4195.990234375,3.2777075696350297,0.9734284144771416,69.65245871341713,17056404.0286986
2006-05-30,2021-06-01,1259.8699951171875,4202.0400390625,3.335296542776737,0.9730116182669389,70.53520824600147,17519993.78941247
2006-05-31,2021-06-01,1270.0899658203125,4202.0400390625,3.308458575490383,0.9734441051567665,69.99873544949709,17310683.738515634
2006-06-01,2021-06-01,1285.7099609375,4202.0400390625,3.268264357226028,0.979978456333104,69.61249177849464,17159987.034110714
2006-06-02,2021-06-02,1288.219970703125,4208.1201171875,3.2666161159500273,0.9680254804197175,68.56555813775017,16815181.544709403
2006-06-05,2021-06-07,1265.2900390625,4226.52001953125,3.3403566684701276,0.965190174533651,69.80812190768613,17340193.61596838
2006-06-06,2021-06-07,1263.8499755859375,4226.52001953125,3.344162757586619,0.9633606786670278,69.75519262976573,17319463.983559553
2006-06-07,2021-06-07,1256.1500244140625,4226.52001953125,3.3646618137851263,0.9590907483804403,69.87170508590154,17365095.824416663
2006-06-08,2021-06-08,1257.9300537109375,4227.259765625,3.360488727616004,0.9605914588405342,69.75752602156625,17373921.403475985
2006-06-09,2021-06-09,1252.300048828125,4219.5498046875,3.3694399426368005,0.951145458540589,69.29283991433374,17176937.193760883
2006-06-12,2021-06-14,1237.43994140625,4255.14990234375,3.43867185789083,0.95488547731748,70.1249603350821,17844400.699695103
2006-06-13,2021-06-14,1223.68994140625,4255.14990234375,3.477310516627915,0.9580445741029683,71.1475247725935,18250428.65041726
2006-06-14,2021-06-14,1230.0400390625,4255.14990234375,3.4593588559823623,0.9592555801692001,70.86969374429003,18140110.748746805
2006-06-15,2021-06-15,1256.1600341796875,4246.58984375,3.3806121260044373,0.9560882422905942,69.13990927859784,17408746.525943384
2006-06-16,2021-06-16,1251.5400390625,4223.7001953125,3.3748022943607756,0.9640556585903761,69.54008504922416,17589656.667299423
2006-06-19,2021-06-21,1240.1300048828125,4224.7900390625,3.4067315704225107,0.9606092174372765,70.17990082994548,17751120.102043025
2006-06-20,2021-06-21,1240.1199951171875,4224.7900390625,3.406759068232966,0.9611529710391278,70.2201930033944,17767052.768395215
2006-06-21,2021-06-21,1252.199951171875,4224.7900390625,3.373894109410177,0.9508442350815697,68.79690663933863,17204245.03624667
2006-06-22,2021-06-22,1245.5999755859375,4246.43994140625,3.4091522355792434,0.9494937228361576,68.88844660745461,17449494.133982927
2006-06-23,2021-06-23,1244.5,4241.83984375,3.408469139212535,0.954367274147588,69.07974196668839,17584858.28392664
2006-06-26,2021-06-28,1250.56005859375,4290.60986328125,3.4309506639017595,0.950851075621979,68.74499012403797,17664500.135420375
2006-06-27,2021-06-28,1239.199951171875,4290.60986328125,3.4624031894318157,0.9501975547790847,69.32751386370109,17898920.535302885
2006-06-28,2021-06-28,1246.0,4290.60986328125,3.443507113387841,0.9605123348723088,69.69762984485811,18047863.368698664
2006-06-29,2021-06-29,1272.8699951171875,4291.7998046875,3.3717503131907614,0.9654555482971869,68.6196349918672,17604732.401466932
2006-06-30,2021-06-30,1270.199951171875,4297.5,3.3833255906167885,0.9654980613469735,68.40241678558883,17700719.65251904
2006-07-03,2021-07-06,1280.18994140625,4343.5400390625,3.3928871791409736,0.9609626500059791,67.86863702869974,17648513.009031508
2006-07-05,2021-07-06,1270.9100341796875,4343.5400390625,3.417661299578967,0.9595869800936087,68.2663319374464,17810527.060580205
2006-07-06,2021-07-06,1274.0799560546875,4343.5400390625,3.409158128907933,0.9705335053004409,68.87329797321169,18057794.562486872
2006-07-07,2021-07-07,1265.47998046875,4358.1298828125,3.4438552565629625,0.9679352509389896,69.13508145635899,18267477.088610873
2006-07-10,2021-07-12,1267.3399658203125,4384.6298828125,3.4597108913664347,0.9652230446423029,69.03361678053724,18318049.92764525
2006-07-11,2021-07-12,1272.4300537109375,4384.6298828125,3.445871048098155,0.9567687042242935,68.15521918855855,17957725.378157225
2006-07-12,2021-07-12,1258.5999755859375,4384.6298828125,3.483735871495825,0.9565198582549205,68.88621895359258,18257586.356166515
2006-07-13,2021-07-13,1242.280029296875,4369.2099609375,3.5170894306418607,0.952748100242671,69.34626742998918,18415634.318666134
2006-07-14,2021-07-14,1236.199951171875,4374.2998046875,3.538505078034354,0.9373902620238228,68.9449086407964,18127822.51526021
2006-07-17,2021-07-19,1234.489990234375,4258.490234375,3.4495947865616157,0.9335548868374772,69.04040807906475,17308873.87871921
2006-07-18,2021-07-19,1236.8599853515625,4258.490234375,3.4429848849581592,0.9375502427914533,69.20302471712637,17373196.749672126
2006-07-19,2021-07-19,1259.81005859375,4258.490234375,3.3802637193804403,0.936508186041639,67.86683126674853,16844666.582640804
2006-07-20,2021-07-20,1249.1300048828125,4323.06005859375,3.4608567896816465,0.9466069201602804,68.94222922302853,17781081.968032952
2006-07-21,2021-07-21,1240.2900390625,4358.68994140625,3.514250541511129,0.9411437969897268,68.82313405792533,18046880.032829173
2006-07-24,2021-07-26,1260.9100341796875,4422.2998046875,3.50722865613844,0.9415450321505873,67.69765115291601,18002772.32697223
2006-07-25,2021-07-26,1268.8800048828125,4422.2998046875,3.4851993787197566,0.948018937685321,67.73498894893038,18018216.907148566
2006-07-26,2021-07-26,1268.4000244140625,4422.2998046875,3.4865182273473874,0.9529330622300216,68.1118628902779,18174108.802890785
2006-07-27,2021-07-27,1263.199951171875,4401.4599609375,3.4843731246618956,0.9569984469254716,68.9942761021837,18276896.39151123
2006-07-28,2021-07-28,1278.550048828125,4400.64013671875,3.4418990017263895,0.959244074565612,68.27304471464788,17997747.96815116
2006-07-31,2021-08-02,1276.6600341796875,4387.16015625,3.4364357297899994,0.9538145907911288,68.37411865066017,17795087.134024337
2006-08-01,2021-08-02,1270.9200439453125,4387.16015625,3.4519560669064235,0.9538145907911288,68.6829238939235,17920621.017507385
2006-08-02,2021-08-02,1277.4100341796875,4387.16015625,3.4344181107574405,0.9498348080909517,68.04885157573761,17662861.273308042
2006-08-03,2021-08-03,1280.27001953125,4423.14990234375,3.454857049580224,0.9520527089314763,68.22896619604393,17892466.990442336
2006-08-04,2021-08-04,1279.3599853515625,4402.66015625,3.441298935920814,0.9467455874943616,67.56338601995695,17628133.26241597
2006-08-07,2021-08-09,1275.77001953125,4432.35009765625,3.4742547871479275,0.953461815438428,67.7535066865371,18090587.46598956
2006-08-08,2021-08-09,1271.47998046875,4432.35009765625,3.485977102071397,0.9561893132129657,68.17658191527184,18265994.353376966
2006-08-09,2021-08-09,1265.949951171875,4432.35009765625,3.5012048411181467,0.9578499153187584,68.59331524194886,18438771.889706902
2006-08-10,2021-08-10,1271.81005859375,4436.75,3.488531931337096,0.9511351972291676,67.61962002676063,18137195.495565698
2006-08-11,2021-08-11,1266.739990234375,4442.41015625,3.506962905172083,0.9519923945585322,68.089353971698,18311345.076368656
2006-08-14,2021-08-16,1268.2099609375,4479.7099609375,3.5323093958558407,0.9427030771846758,68.01043221692869,18237712.586113147
2006-08-15,2021-08-16,1285.5799560546875,4479.7099609375,3.4845829229364065,0.9432319056769147,67.12915188097699,17871807.826751783
2006-08-16,2021-08-16,1295.4300537109375,4479.7099609375,3.4580871025068123,0.9430284351282597,66.60434932770028,17653911.495544564
2006-08-17,2021-08-17,1297.47998046875,4448.080078125,3.428245633907977,0.946160540206225,66.57379489871315,17506327.88315428
2006-08-18,2021-08-18,1302.300048828125,4400.27001953125,3.3788450084839003,0.9430926566275967,65.92875326034371,17022062.00245612
2006-08-21,2021-08-23,1297.52001953125,4479.52978515625,3.45237816582942,0.941684556145714,66.17163303664553,17568914.182243247
2006-08-22,2021-08-23,1298.8199462890625,4479.52978515625,3.448922845660776,0.9423318324509176,66.1508432261263,17560252.57793083
2006-08-23,2021-08-23,1292.989990234375,4479.52978515625,3.464473676508713,0.9417654324748463,66.40917038628403,17667878.746161968
2006-08-24,2021-08-24,1296.06005859375,4486.22998046875,3.4614367989523536,0.9357837400467667,65.79986086782861,17468045.20062952
2006-08-25,2021-08-25,1295.0899658203125,4496.18994140625,3.4717201584975252,0.942341769412839,66.16229962134685,17742717.856709335
2006-08-28,2021-08-30,1301.780029296875,4528.7900390625,3.478921121188667,0.9420675936691945,65.82228059028118,17792172.641242653
2006-08-29,2021-08-30,1304.280029296875,4528.7900390625,3.4722528424390027,0.9395317330207338,65.5192736437404,17664233.875003662
2006-08-30,2021-08-30,1305.3699951171875,4528.7900390625,3.4693535595292544,0.9368098131591452,65.27490839331617,17561055.419830028
2006-08-31,2021-08-31,1303.8199462890625,4522.68017578125,3.468791982093632,0.9401674530257139,65.51999695022015,17655360.33803078
2006-09-01,2021-09-01,1311.010009765625,4524.08984375,3.450843098107841,0.9477145769708525,65.65986869147333,17733113.322648175
2006-09-05,2021-09-07,1313.25,4520.02978515625,3.4418654370121837,0.9462594365977403,65.32855630984928,17618492.065829817
2006-09-06,2021-09-07,1300.260009765625,4520.02978515625,3.4762507123256032,0.9472345869722129,66.04920404831172,17923155.2173096
2006-09-07,2021-09-07,1294.02001953125,4520.02978515625,3.493013799580628,0.9431038948076408,66.0782891332744,17935451.313131247
2006-09-08,2021-09-08,1298.9200439453125,4514.06982421875,3.4752484152202388,0.935477869672561,65.34292393312856,17568632.504770905
2006-09-11,2021-09-13,1299.5400390625,4468.72998046875,3.438701268252214,0.9335766727279191,65.31174960023881,17223270.1266511
2006-09-12,2021-09-13,1313.0,4468.72998046875,3.403450099366908,0.9365177194884947,64.84586145509988,17029078.43983285
2006-09-13,2021-09-13,1318.0699462890625,4468.72998046875,3.3903587537597373,0.9355618234363294,64.53049927378581,16897629.04669623
2006-09-14,2021-09-14,1316.280029296875,4443.0498046875,3.3754594051395506,0.9340172012416942,64.67325723856021,16735211.002264006
2006-09-15,2021-09-15,1319.6600341796875,4480.7001953125,3.395344315399946,0.930127590596304,64.43630367394591,16780717.063739814
2006-09-18,2021-09-20,1321.1800537109375,4357.72998046875,3.2983619213965083,0.9305867166660168,64.36216961490464,16028611.986056857
2006-09-19,2021-09-20,1317.6400146484375,4357.72998046875,3.3072234692503977,0.9316958735991315,64.61200703365783,16129648.375464382
2006-09-20,2021-09-20,1325.1800537109375,4357.72998046875,3.2884059553007012,0.9405035741313433,64.85170444525787,16226584.059235282
2006-09-21,2021-09-21,1318.030029296875,4354.18994140625,3.3035589816789415,0.9352956720607642,65.01354540457105,16201541.464315891
2006-09-22,2021-09-22,1314.780029296875,4395.64013671875,3.343251371919205,0.9375277374800489,64.92944397228999,16579634.785720246
2006-09-25,2021-09-27,1326.3699951171875,4443.10986328125,3.349826880612368,0.947276741210337,64.36208340235774,16908847.012403112
2006-09-26,2021-09-27,1336.3499755859375,4443.10986328125,3.32481007554411,0.9448569020812967,63.71823515224123,16639663.462932216
2006-09-27,2021-09-27,1336.5899658203125,4443.10986328125,3.324213092198666,0.942529463375505,63.54986717505599,16569271.270815898
2006-09-28,2021-09-28,1338.8800048828125,4352.6298828125,3.250948454632774,0.9454730480123441,63.31747444076178,16064841.543941028
2006-09-29,2021-09-29,1335.8499755859375,4359.4599609375,3.2634352963365747,0.9482083364301156,63.41270955421394,16240652.372718576
2006-10-02,2021-10-04,1331.3199462890625,4300.4599609375,3.2302227371599552,0.9400084663333991,63.62848145252849,15748983.394699074
2006-10-03,2021-10-04,1334.1099853515625,4300.4599609375,3.2234673363937456,0.941843512194566,63.61936763734541,15745295.243254088
2006-10-04,2021-10-04,1350.199951171875,4300.4599609375,3.185054152316488,0.9416037654315593,62.84523156557846,15432020.175200852
2006-10-05,2021-10-05,1353.219970703125,4345.72021484375,3.211392315312742,0.9367868037183954,62.093785712176896,15511146.712804
2006-10-06,2021-10-06,1349.5899658203125,4363.5498046875,3.233241143753786,0.9310019530281244,61.91742332196583,15526104.38889921
2006-10-09,2021-10-11,1350.6600341796875,4361.18994140625,3.228932396785534,0.947505659089295,61.86836887901631,15943980.975178542
2006-10-10,2021-10-11,1353.4200439453125,4361.18994140625,3.222347682019753,0.9469517497176251,61.706107283984096,15875937.937826937
2006-10-11,2021-10-11,1349.949951171875,4361.18994140625,3.230630837550944,0.9498073638549597,62.051283333544234,16020684.615735762
2006-10-12,2021-10-12,1362.8299560546875,4350.64990234375,3.192364449442119,0.9491555070290901,61.35177820905044,15694826.523918314
2006-10-13,2021-10-13,1365.6199951171875,4363.7998046875,3.1954715223051715,0.9554010119000288,61.74788367724823,15889073.03570057
2006-10-16,2021-10-18,1369.06005859375,4486.4599609375,3.277036630186869,0.9636985175080425,61.59272858521281,16780478.9029638
2006-10-17,2021-10-18,1364.050048828125,4486.4599609375,3.2890728348214804,0.9610242635536272,61.64740509489261,16804252.21432054
2006-10-18,2021-10-18,1365.800048828125,4486.4599609375,3.2848585448411307,0.966224254663361,61.901555834355875,16914756.79290813
2006-10-19,2021-10-19,1366.9599609375,4519.6298828125,3.3063366974646495,0.9648163585733135,61.61980414266272,17051265.573000543
2006-10-20,2021-10-20,1368.5999755859375,4536.18994140625,3.3144746619363157,0.9585135197682771,61.22622059577639,16940695.206872553
2006-10-23,2021-10-25,1377.02001953125,4566.47998046875,3.316204496448222,0.9532847568349379,60.85184153032364,16807715.430658124
2006-10-24,2021-10-25,1377.3800048828125,4566.47998046875,3.3153377893395994,0.9564906427986061,61.04052816538051,16890839.580905117
2006-10-25,2021-10-25,1382.219970703125,4566.47998046875,3.3037288400237883,0.9610153913596557,61.11453489369089,16923442.559921127
2006-10-26,2021-10-26,1389.0799560546875,4574.7900390625,3.2933957610733766,0.9711515713710446,61.226480115199095,17122317.25299149
2006-10-27,2021-10-27,1377.3399658203125,4551.68017578125,3.304688957508303,0.9741929967005923,62.166037878752995,17300553.031992577
2006-10-30,2021-11-01,1377.9300537109375,4613.669921875,3.3482613355081496,0.9769158393323604,62.13941575373178,17737821.63883965
2006-10-31,2021-11-01,1377.93994140625,4613.669921875,3.3482373093609152,0.9733322008349247,61.91102432344507,17635872.164737105
2006-11-01,2021-11-01,1367.81005859375,4613.669921875,3.373034064845472,0.9743296606040017,62.4334475938043,17869071.709944185
2006-11-02,2021-11-02,1367.3399658203125,4630.64990234375,3.3866119751467,0.9659433356775065,61.98906529644995,17740414.271949664
2006-11-03,2021-11-03,1364.300048828125,4660.56982421875,3.416088585661181,0.9700655093741833,62.33324386766394,18101275.974014018
2006-11-06,2021-11-08,1379.780029296875,4701.7001953125,3.407572290858891,0.96312612747519,61.633916890075355,17830697.750895094
2006-11-07,2021-11-08,1382.8399658203125,4701.7001953125,3.4000320438550613,0.9611643557904598,61.37227082805788,17712551.88515842
2006-11-08,2021-11-08,1385.719970703125,4701.7001953125,3.392965602514064,0.9614907625644222,61.26551645489492,17664347.116696548
2006-11-09,2021-11-09,1378.3299560546875,4685.25,3.3992223555896546,0.9607897020829118,61.735509199400326,17695152.83520793
2006-11-10,2021-11-10,1380.9000244140625,4646.7099609375,3.364986515160047,0.9683329205041459,61.56298592900482,17631462.822903328
2006-11-13,2021-11-15,1384.4200439453125,4682.7998046875,3.382499282040502,0.9702627429149528,61.40645618659037,17830622.505428046
2006-11-14,2021-11-15,1393.219970703125,4682.7998046875,3.361134568236344,0.9682050088516642,60.88918931391602,17596186.910834864
2006-11-15,2021-11-15,1396.5699462890625,4682.7998046875,3.3530721587776835,0.9654204246801553,60.56843448321718,17450814.466887824
2006-11-16,2021-11-16,1399.760009765625,4700.89990234375,3.3583613401920704,0.977573578642317,60.78000456962845,17840224.260223236
2006-11-17,2021-11-17,1401.199951171875,4688.669921875,3.3461819049834345,0.9688613766338044,60.55269089542537,17492044.73076111
2006-11-20,2021-11-22,1400.5,4682.93994140625,3.343762899968761,0.9739521493388268,60.5829543205967,17616519.73681795
2006-11-21,2021-11-22,1402.81005859375,4682.93994140625,3.338256603392674,0.9831277733413827,61.05300358189264,17830789.98572595
2006-11-22,2021-11-22,1406.0899658203125,4682.93994140625,3.3304696393834403,0.9871861207480953,61.16202732315893,17880488.062292654
2006-11-24,2021-11-24,1400.949951171875,4701.4599609375,3.3559085797496153,0.9944678508959295,61.50808747887165,18300670.27754576
2006-11-27,2021-11-29,1381.9599609375,4655.27001953125,3.3685997793837585,0.9806462547332815,62.353291401976975,18012872.34231139
2006-11-28,2021-11-29,1386.719970703125,4655.27001953125,3.3570368335943366,0.9774456802902983,61.93645313743064,17825603.365332305
2006-11-29,2021-11-29,1399.47998046875,4655.27001953125,3.326428448066822,0.9837828540306491,61.76963408318836,17750658.14967997
2006-11-30,2021-11-30,1400.6300048828125,4567.0,3.260675541776724,0.9832422138366346,61.95994159537895,17187166.94877988
2006-12-01,2021-12-01,1396.7099609375,4513.0400390625,3.2311934226009646,0.9820096283691626,62.28519170775731,16907574.68195433
2006-12-04,2021-12-06,1409.1199951171875,4591.669921875,3.2585371989509953,0.9870204714680548,61.73664980879904,17273739.981992755
2006-12-05,2021-12-06,1414.760009765625,4591.669921875,3.2455468702678942,0.9838536288879098,61.293241839468386,17077853.200009592
2006-12-06,2021-12-06,1412.9000244140625,4591.669921875,3.2498194086868892,0.9853917038782425,61.469877062675735,17155886.31590328
2006-12-07,2021-12-07,1407.2900390625,4686.75,3.3303369383060444,0.9762232404516281,61.10461503736175,17569771.65417131
2006-12-08,2021-12-08,1409.8399658203125,4701.2099609375,3.3345699334052505,0.9741559647026412,60.77980993000298,17546357.294124026
2006-12-11,2021-12-13,1413.0400390625,4668.97021484375,3.304202347968455,0.9732391298122881,60.64216355194897,17269806.07145737
2006-12-12,2021-12-13,1411.56005859375,4668.97021484375,3.30766670990617,0.9674361329030112,60.343783470756186,17135629.345675766
2006-12-13,2021-12-13,1413.2099609375,4668.97021484375,3.303805056501606,0.9644786125904833,60.08907315093413,17021090.209551502
2006-12-14,2021-12-14,1425.489990234375,4634.08984375,3.2508750503313433,0.9626999132192706,59.37479133648013,16539153.252568934
2006-12-15,2021-12-15,1427.0899658203125,4709.85009765625,3.3003175766490362,0.967172269475563,59.37858297075872,17067953.43226882
2006-12-18,2021-12-20,1422.47998046875,4568.02001953125,3.211307070926896,0.9631556690615547,59.57101759300313,16228543.416706704
2006-12-19,2021-12-20,1425.550048828125,4568.02001953125,3.2043911915168435,0.9604698840698186,59.2769676841906,16099076.083234899
2006-12-20,2021-12-20,1423.530029296875,4568.02001953125,3.208938291092837,0.9608758279124903,59.386172006769975,16147157.691234853
2006-12-21,2021-12-21,1418.300048828125,4649.22998046875,3.2780299093342,0.958013323324949,59.25451195271113,16630560.856350627
2006-12-22,2021-12-22,1410.760009765625,4696.56005859375,3.3290992274256537,0.9580339117356187,59.50619277280263,17046026.821848184
2006-12-26,2021-12-27,1416.9000244140625,4791.18994140625,3.381459424695524,0.9665067193853112,59.4229280877778,17714363.60491867
2006-12-27,2021-12-27,1426.8399658203125,4791.18994140625,3.3579028175396815,0.9654905846165298,58.94692510916138,17492359.74124314
2006-12-28,2021-12-28,1424.72998046875,4786.35009765625,3.3594787526556398,0.9646411109957603,58.99204613973232,17481062.362464722
2006-12-29,2021-12-29,1418.300048828125,4793.06005859375,3.3794400998251612,0.9673314506070707,59.33429388224747,17721448.12515033
2007-01-03,2022-01-03,1416.5999755859375,4796.56005859375,3.38596649813564,0.9705293373104031,59.405501454682714,17866804.887090065
2007-01-04,2022-01-04,1418.3399658203125,4793.5400390625,3.3796834007212815,0.9788019311771933,59.40260910543236,18052184.622056834
2007-01-05,2022-01-05,1409.7099609375,4700.580078125,3.3344306335176714,0.9734115287630725,59.46066702328394,17524156.910067745
2007-01-08,2022-01-10,1412.8399658203125,4670.2900390625,3.3056044223316343,0.9662866465134691,59.32893789428091,17086488.773377787
2007-01-09,2022-01-10,1412.1099853515625,4670.2900390625,3.3073132316246405,0.9645887190807956,59.255302807812356,17052870.845706284
2007-01-10,2022-01-10,1414.8499755859375,4670.2900390625,3.300908308054622,0.958254338766164,58.752177870556594,16823170.324371006
2007-01-11,2022-01-11,1423.8199462890625,4713.06982421875,3.3101585888739242,0.9586949156777521,58.38204306831757,16910705.13435922
2007-01-12,2022-01-12,1430.72998046875,4726.35009765625,3.3034535951415207,0.9493749663265094,57.86438447034524,16595112.915100697
2007-01-16,2022-01-18,1431.9000244140625,4577.10986328125,3.1965289372449144,0.9497098179906837,57.89858759628483,15743371.280835122
2007-01-17,2022-01-18,1430.6199951171875,4577.10986328125,3.1993889914185925,0.9446973349530015,57.64453467421371,15630412.071131058
2007-01-18,2022-01-18,1426.3699951171875,4577.10986328125,3.2089218638570736,0.9450870532113294,57.840142936854576,15717385.110367788
2007-01-19,2022-01-19,1430.5,4532.759765625,3.168654152831178,0.939735370112474,57.45038398067166,15250865.32842711
2007-01-22,2022-01-24,1422.949951171875,4410.1298828125,3.099286717133321,0.9369740409350121,57.7552107273126,14625506.170645863
2007-01-23,2022-01-24,1427.989990234375,4410.1298828125,3.0883478966744495,0.9431750841944225,57.932249892631866,14700991.637725178
2007-01-24,2022-01-24,1440.1300048828125,4410.1298828125,3.0623137271356033,0.9374362688058581,57.09437092309744,14343739.13228558
2007-01-25,2022-01-25,1423.9000244140625,4356.4501953125,3.059519713896478,0.9379375386308388,57.84502729275616,14334533.545882128
2007-01-26,2022-01-26,1422.1800537109375,4349.93017578125,3.058635342572022,0.9428090103851433,57.78647652237058,14453851.984695304
2007-01-29,2022-01-31,1420.6199951171875,4515.5498046875,3.1785768327968738,0.9460963338966135,57.84993493462095,15501394.25463121
2007-01-30,2022-01-31,1428.8199462890625,4515.5498046875,3.1603350837978614,0.9534620194971032,57.965732970145226,15552440.316500662
2007-01-31,2022-01-31,1438.239990234375,4515.5498046875,3.1396358294498876,0.9529884047100647,57.55746984121411,15372469.863253515
2007-02-01,2022-02-01,1445.93994140625,4546.5400390625,3.144349159233238,0.9472137592886605,57.0949948552682,15256584.279131697
2007-02-02,2022-02-02,1448.3900146484375,4589.3798828125,3.1686077896128437,0.9527863463265849,57.51118318458277,15601172.905084867
2007-02-05,2022-02-07,1446.989990234375,4483.8701171875,3.0987568313870844,0.9584589805502239,57.566827702570755,15185865.539194927
2007-02-06,2022-02-07,1448.0,4483.8701171875,3.0965953847979972,0.9542066128759075,57.271446701495826,15056634.409518246
2007-02-07,2022-02-07,1450.02001953125,4483.8701171875,3.0922815249385365,0.9499133670358627,56.93434049435028,14909148.22790229
2007-02-08,2022-02-08,1448.31005859375,4521.5400390625,3.121942026317715,0.9492317730591415,56.729922981653914,15130026.871449426
2007-02-09,2022-02-09,1438.06005859375,4587.18017578125,3.1898390810373813,0.9532613224665889,57.34157404719733,15785561.872768167
2007-02-12,2022-02-14,1433.3699951171875,4401.669921875,3.070853957365791,0.9527171296363578,57.529198751944534,14809555.822893009
2007-02-13,2022-02-14,1444.260009765625,4401.669921875,3.0476990930388665,0.9603192208238909,57.5510028537176,14818958.875461835
2007-02-14,2022-02-14,1455.300048828125,4401.669921875,3.0245789694155705,0.9677192704869917,57.55452925238791,14820479.640335374
2007-02-15,2022-02-15,1456.81005859375,4471.06982421875,3.0690822031628797,0.9683862204999096,57.48524106777891,15203042.640255222
2007-02-16,2022-02-16,1455.5400390625,4475.009765625,3.0744669645139497,0.9614381670992205,57.24536334019647,15066115.809276477
2007-02-20,2022-02-22,1459.6800537109375,4304.759765625,2.9491118650837422,0.9516785046134684,56.6464050517502,13800022.015062217
2007-02-21,2022-02-22,1457.6300048828125,4304.759765625,2.9532595728715703,0.9473701761065747,56.469270331478924,13725598.753105225
2007-02-22,2022-02-22,1456.3800048828125,4304.759765625,2.9557943333418546,0.9504996626659546,56.704434829695614,13824403.262051644
2007-02-23,2022-02-23,1451.18994140625,4225.5,2.911748406900722,0.972969821218,58.35292513033685,14024207.41206105
2007-02-26,2022-02-28,1449.3699951171875,4373.93994140625,3.017821505993436,0.9744940850062784,58.42619778666662,14938401.27701651
2007-02-27,2022-02-28,1399.0400390625,4373.93994140625,3.12638653596879,0.9692411326203098,60.20178608001814,15696286.182073232
2007-02-28,2022-02-28,1406.8199462890625,4373.93994140625,3.1090971896893524,0.9775569294629689,60.38251874162365,15773429.378271595
2007-03-01,2022-03-01,1403.1700439453125,4306.259765625,3.0689507549042525,0.979887343551518,60.81337861952535,15501276.50301094
2007-03-02,2022-03-02,1387.1700439453125,4386.5400390625,3.162222294381837,0.9892019044348747,61.73078959196495,16526087.158398945
2007-03-05,2022-03-07,1374.1199951171875,4201.08984375,3.057294747677202,0.9879517237937024,62.31704830389436,15613497.544639295
2007-03-06,2022-03-07,1395.4100341796875,4201.08984375,3.0106490141585325,0.9972599071995526,61.94443957801113,15460348.238866977
2007-03-07,2022-03-07,1391.969970703125,4201.08984375,3.0180894215899685,0.9848314092693072,61.32362725180753,15205182.51093721
2007-03-08,2022-03-08,1401.8900146484375,4170.7001953125,2.9750552124150893,0.9780425999031882,60.28758645946401,14674516.63115476
2007-03-09,2022-03-09,1402.8399658203125,4277.8798828125,3.049442550142207,0.999043267848243,61.44110550726615,15834532.427472983
2007-03-12,2022-03-14,1406.5999755859375,4173.10986328125,2.9668064380158166,1.0189450589542048,61.27686609255844,15635148.212345002
2007-03-13,2022-03-14,1377.949951171875,4173.10986328125,3.02849160793702,1.0081698803142822,61.88945502649922,15891424.505768588
2007-03-14,2022-03-14,1387.1700439453125,4173.10986328125,3.008362155379539,1.0091165239397892,61.535821078092084,15743481.909183437
2007-03-15,2022-03-15,1392.280029296875,4262.4501953125,3.061489144152351,1.0132945175734551,61.52529790910311,16306572.602424322
2007-03-16,2022-03-16,1386.949951171875,4357.85986328125,3.1420455075535823,1.0138166545550706,61.4930959908208,17012684.39058742
2007-03-19,2022-03-21,1402.06005859375,4461.18017578125,3.1818752331164486,1.0199914863114672,60.830380238788806,17521718.297449104
2007-03-20,2022-03-21,1410.93994140625,4461.18017578125,3.1618498030007562,1.0186014652907722,60.3651620170923,17311237.863262914
2007-03-21,2022-03-21,1435.0400390625,4461.18017578125,3.1087496197637123,1.0127360951712243,59.00962739415853,16697948.222652815
2007-03-22,2022-03-22,1434.5400390625,4511.60986328125,3.1449870623546174,1.0278694892086564,59.050193234895275,17412755.360570315
2007-03-23,2022-03-23,1436.1099853515625,4456.240234375,3.1029936981352466,1.028679396189955,59.13592335369874,17068038.59844593
2007-03-26,2022-03-28,1437.5,4575.52001953125,3.182970448369565,1.0501911139032643,59.078740884334906,18346327.340288565
2007-03-27,2022-03-28,1428.6099853515625,4575.52001953125,3.202777571518425,1.058098748660515,59.89399257613218,18737489.89681044
2007-03-28,2022-03-28,1417.22998046875,4575.52001953125,3.2284950802535892,1.0481437543953245,59.80689626368652,18695700.573853295
2007-03-29,2022-03-29,1422.530029296875,4631.60009765625,3.2558891568324553,1.0451150373614326,59.670051130386284,18855563.526839145
2007-03-30,2022-03-30,1420.8599853515625,4602.4501953125,3.239200373549628,1.0265079574640887,59.2074618134747,18196550.854604017
2007-04-02,2022-04-04,1424.550048828125,4582.64013671875,3.21690356929794,1.033137000675651,59.05409458530494,18183297.85080085
2007-04-03,2022-04-04,1437.77001953125,4582.64013671875,3.1873248673058354,1.034006917394988,58.560372740125445,17947671.34740843
2007-04-04,2022-04-04,1439.3699951171875,4582.64013671875,3.1837818992090705,1.034686387612988,58.53371679347684,17934949.918197326
2007-04-05,2022-04-05,1443.760009765625,4525.1201171875,3.1342606018863846,1.0385151469464193,58.17047889920621,17602205.888868764
2007-04-09,2022-04-11,1444.6099853515625,4412.52978515625,3.054478253576802,1.0533243555156864,58.11184883707159,17283181.745268736
2007-04-10,2022-04-11,1448.3900146484375,4412.52978515625,3.046506631866892,1.0518232807368375,57.877589603745896,17173198.37068619
2007-04-11,2022-04-11,1438.8699951171875,4412.52978515625,3.066663284473366,1.0543865556476497,58.402505946017804,17419643.600942396
2007-04-12,2022-04-12,1447.800048828125,4397.4501953125,3.037332536956242,1.051882888829237,57.93031058046993,17092905.68565665
2007-04-13,2022-04-13,1452.8499755859375,4446.58984375,3.0605980785845976,1.0540311233124413,57.86484502703309,17356188.54900103
2007-04-16,2022-04-18,1468.3299560546875,4391.68994140625,2.990942140284634,1.0684993933043738,57.25480048823437,17100552.432326198
2007-04-17,2022-04-18,1471.47998046875,4391.68994140625,2.9845393751175924,1.0730097327760215,57.37340012055664,17156689.48156567
2007-04-18,2022-04-18,1472.5,4391.68994140625,2.982471946625637,1.0748245206998217,57.43062559898348,17183776.154916145
2007-04-19,2022-04-19,1470.72998046875,4462.2099609375,3.0340103351366428,1.0899459679943502,57.301065427594466,18042574.172267944
2007-04-20,2022-04-20,1484.3499755859375,4459.4501953125,3.004311832559677,1.0804608107802671,56.86154194551532,17526429.36280664
2007-04-23,2022-04-25,1480.9300537109375,4296.1201171875,2.900960856606438,1.0781904091533157,56.99285269220347,16523643.706380669
2007-04-24,2022-04-25,1480.4100341796875,4296.1201171875,2.901979869089465,1.0763734661898832,56.916795564463314,16488247.826683167
2007-04-25,2022-04-25,1495.4200439453125,4296.1201171875,2.8728517680244554,1.0687191884923224,55.94482085378347,16035904.950341918
2007-04-26,2022-04-26,1494.25,4175.2001953125,2.7941778118203113,1.0651656784787544,56.012055357601085,15238704.344007483
2007-04-27,2022-04-27,1494.0699462890625,4183.9599609375,2.8003775668800017,1.071736176308043,55.86917277274675,15450735.219932817
2007-04-30,2022-05-02,1482.3699951171875,4155.3798828125,2.8032002108110667,1.0860767629154884,56.31013325873022,15817280.379259199
2007-05-01,2022-05-02,1486.300048828125,4155.3798828125,2.7957880281904144,1.0828228657315495,55.99297914465926,15671870.375543106
2007-05-02,2022-05-02,1495.9200439453125,4155.3798828125,2.7778088138007537,1.081023586340265,55.540455524357554,15464395.654609907
2007-05-03,2022-05-03,1502.3900146484375,4175.47998046875,2.77922506124072,1.081865809812961,55.342657879319546,15497227.88658854
2007-05-04,2022-05-04,1505.6199951171875,4300.169921875,2.85607918055067,1.0769481582028329,55.35279825623181,16083201.327728236
2007-05-07,2022-05-09,1509.47998046875,3991.239990234375,2.6441158822092796,1.0865655573174569,55.2112521653915,14363084.495956358
2007-05-08,2022-05-09,1507.719970703125,3991.239990234375,2.6472024432846513,1.085479962025167,55.220475683927795,14367154.560529003
2007-05-09,2022-05-09,1512.5799560546875,3991.239990234375,2.638696866408873,1.0879255915009154,55.1670640658001,14343585.601042034
2007-05-10,2022-05-10,1491.469970703125,4001.050048828125,2.6826219283127144,1.0845411038938286,55.7849620943979,14671828.578478292
2007-05-11,2022-05-11,1505.8499755859375,3935.179931640625,2.6132616100149133,1.0799784178633685,55.23846043069976,13932816.859118434
2007-05-14,2022-05-16,1503.1500244140625,4008.010009765625,2.6664071747116345,1.0723923044528196,55.33767949968829,14248004.854243642
2007-05-15,2022-05-16,1501.18994140625,4008.010009765625,2.6698886657947454,1.067950653137342,55.180435412099094,14179103.240846831
2007-05-16,2022-05-16,1514.1400146484375,4008.010009765625,2.64705375393981,1.0629230838325727,54.45094046287938,13859451.2924863
2007-05-17,2022-05-17,1512.75,4088.85009765625,2.702925200896546,1.0693374967922007,54.60497059573784,14510076.99555092
2007-05-18,2022-05-18,1522.75,3923.679931640625,2.5767065714271054,1.051578445467579,53.98771946845679,12977485.090046845
2007-05-21,2022-05-23,1525.0999755859375,3973.75,2.605566889785898,1.0510194123058045,53.90453159571253,13222491.712798495
2007-05-22,2022-05-23,1524.1199951171875,3973.75,2.607242220252129,1.0520573091102143,53.99245692293106,13260370.628025724
2007-05-23,2022-05-23,1522.280029296875,3973.75,2.6103935698581244,1.0534616495907745,54.12987614246623,13319571.897239394
2007-05-24,2022-05-24,1507.510009765625,3941.47998046875,2.6145630575823096,1.0411382635370527,54.47975532556276,13083591.521441083
2007-05-25,2022-05-25,1515.72998046875,3978.72998046875,2.624959611367125,1.04574392842236,54.26006551067103,13277901.683980431
2007-05-29,2022-05-31,1518.1099853515625,4132.14990234375,2.721904171776349,1.0587712501766324,54.17499972353887,14438290.526251152
2007-05-30,2022-05-31,1530.22998046875,4132.14990234375,2.7003456703141855,1.0573798146335986,53.67528061945483,14212867.71666289
2007-05-31,2022-05-31,1530.6199951171875,4132.14990234375,2.6996575998782664,1.054089865936174,53.494640129763766,14131380.964648083
2007-06-01,2022-06-01,1536.3399658203125,4101.22998046875,2.66948076058084,1.072375127292811,53.642461010287164,14275566.853276834
2007-06-04,2022-06-06,1539.1800537109375,4121.43017578125,2.6776790446605325,1.0893027761842162,53.543480190225644,14734491.280830063
2007-06-05,2022-06-06,1530.949951171875,4121.43017578125,2.6920737497829212,1.0922733041872519,53.97811796979947,14935272.85742901
2007-06-06,2022-06-06,1517.3800048828125,4121.43017578125,2.7161489953200935,1.09344803008183,54.51941681861279,15185326.675535904
2007-06-07,2022-06-07,1490.719970703125,4160.68017578125,2.7910541601041206,1.0915044049081624,55.11599743231767,15833878.277570825
2007-06-08,2022-06-08,1507.6700439453125,4115.77001953125,2.729887773561508,1.1053279858568268,54.536678636326286,15587733.085022993
2007-06-11,2022-06-13,1509.1199951171875,3749.6298828125,2.4846466118960477,1.103642518272249,54.48428020455494,13253530.739165913
2007-06-12,2022-06-13,1493.0,3749.6298828125,2.5114734647103147,1.095088573367954,54.64570172429637,13322424.377058856
2007-06-13,2022-06-13,1515.6700439453125,3749.6298828125,2.473909079216315,1.0916595836251248,53.65981019927845,12901652.389314566
2007-06-14,2022-06-14,1522.969970703125,3735.47998046875,2.4527601018581824,1.096385775321753,53.21002889375667,12804172.504890306
2007-06-15,2022-06-15,1532.9100341796875,3789.989990234375,2.4724151487875985,1.0866553839158117,52.85642639862965,12782904.213338885
2007-06-18,2022-06-21,1531.050048828125,3764.7900390625,2.45895948466485,1.1041079177934272,52.920638655382874,13022832.277958471
2007-06-19,2022-06-21,1533.699951171875,3764.7900390625,2.4547109336385424,1.1036607746427525,52.80780837519991,12973746.086209286
2007-06-20,2022-06-21,1512.8399658203125,3764.7900390625,2.4885580260441524,1.1012526227970925,53.41914181456185,13239703.330829686
2007-06-21,2022-06-21,1522.18994140625,3764.7900390625,2.473272182829208,1.1016977484250225,53.11247676396001,13106290.390152719
2007-06-22,2022-06-22,1502.56005859375,3759.889892578125,2.502322533514578,1.1055266666373165,54.09060439554439,13458938.773499884
2007-06-25,2022-06-27,1497.739990234375,3900.110107421875,2.603996777045102,1.100739568846201,54.26468027819851,14306413.016160112
2007-06-26,2022-06-27,1492.8900146484375,3900.110107421875,2.6124564228800984,1.0997563611895957,54.39234279579572,14363596.028452683
2007-06-27,2022-06-27,1506.3399658203125,3900.110107421875,2.5891300741648844,1.0996670471865277,53.90230138788044,14144095.078760462
2007-06-28,2022-06-28,1505.7099609375,3821.550048828125,2.5380386315892562,1.1046361889007303,53.924854677657486,13774607.044467807
2007-06-29,2022-06-29,1503.3499755859375,3818.830078125,2.540213616351438,1.1152854017732439,54.313799275377804,14024375.62819617
2007-07-02,2022-07-05,1519.4300537109375,3831.389892578125,2.5215967547967324,1.1065648301050286,53.73899812972415,13661831.213111522
2007-07-03,2022-07-05,1524.8699951171875,3831.389892578125,2.5126010117889948,1.1048507422767466,53.46433973228374,13540896.307964789
2007-07-05,2022-07-05,1525.4000244140625,3831.389892578125,2.5117279607031873,1.0985813507071105,53.14248861131205,13399181.96335049
2007-07-06,2022-07-06,1530.43994140625,3845.080078125,2.512401809503178,1.1209992776953026,53.87145547610368,13883077.204459518
2007-07-09,2022-07-11,1531.8499755859375,3854.429931640625,2.516192834201204,1.1327232208033817,53.821867987288556,14169272.43518323
2007-07-10,2022-07-11,1510.1199951171875,3854.429931640625,2.552399772272081,1.1236444283984703,54.15875119510122,14320553.361188732
2007-07-11,2022-07-11,1518.760009765625,3854.429931640625,2.5378795246494805,1.1224509703885375,53.79345312057928,14156512.442258645
2007-07-12,2022-07-12,1547.699951171875,3818.800048828125,2.4674033529151673,1.1216242511348802,53.004106759776164,13468395.233910698
2007-07-13,2022-07-13,1552.5,3801.780029296875,2.4488116130736715,1.128098409683978,52.796916660067055,13426004.124028077
2007-07-16,2022-07-18,1549.52001953125,3830.85009765625,2.4722817707222213,1.133024622182377,52.898453767348066,13753803.89082383
2007-07-17,2022-07-18,1549.3699951171875,3830.85009765625,2.4725211600386654,1.1339540785559754,52.9469743847787,13775591.847730432
2007-07-18,2022-07-18,1546.1700439453125,3830.85009765625,2.477638286071817,1.1320132225592752,52.96574269233642,13784019.668684322
2007-07-19,2022-07-19,1553.0799560546875,3936.68994140625,2.534763214256324,1.1395316078834605,53.09490152950427,14493994.953712627
2007-07-20,2022-07-20,1534.0999755859375,3959.89990234375,2.5812528292566443,1.1522354805527617,54.27091800101547,15221310.078364061
2007-07-23,2022-07-25,1541.5699462890625,3966.840087890625,2.5732469016016974,1.1358837654031384,54.007937934184774,14786271.541579943
2007-07-24,2022-07-25,1511.0400390625,3966.840087890625,2.6252382368052842,1.1325834367654863,54.939053390163146,15213595.401945919
2007-07-25,2022-07-25,1518.0899658203125,3966.840087890625,2.6130467740408982,1.151705223790959,55.6071664322734,15520217.574827177
2007-07-26,2022-07-26,1482.6600341796875,3921.050048828125,2.644604938715791,1.1513954461570035,56.69665887327672,15821481.986567874
2007-07-27,2022-07-27,1458.949951171875,4023.610107421875,2.757880833533723,1.1493919484566808,57.88080414019344,16880633.490869287
2007-07-30,2022-08-01,1473.9100341796875,4118.6298828125,2.7943563632123216,1.111062390305708,57.29331805595754,16327892.127145972
2007-07-31,2022-08-01,1455.27001953125,4118.6298828125,2.830148238839643,1.1058329342190134,57.75404950041137,16539611.192837315
2007-08-01,2022-08-01,1465.81005859375,4118.6298828125,2.8097978033823687,1.1043478839988785,57.26176217816584,16313391.313182538
2007-08-02,2022-08-02,1472.199951171875,4091.18994140625,2.778963508421293,1.1299474480535123,57.54452331353568,16627901.504391547
2007-08-03,2022-08-03,1433.06005859375,4155.169921875,2.899508570458962,1.127626280925859,58.73800020313063,17725886.318147607
2007-08-06,2022-08-08,1467.6700439453125,4140.06005859375,2.8208384273243468,1.135016775034464,57.352865080289504,17150406.966043737
2007-08-07,2022-08-08,1476.7099609375,4140.06005859375,2.8035702122340957,1.1265769369826941,56.577912516087494,16783550.35882788
2007-08-08,2022-08-08,1497.489990234375,4140.06005859375,2.7646662652788625,1.139910349938892,56.453131391813386,16724479.930506997
2007-08-09,2022-08-09,1453.0899658203125,4122.47021484375,2.837037149669183,1.1407222514818607,58.07008881268556,17443581.513622478
2007-08-10,2022-08-10,1453.6400146484375,4210.240234375,2.8963431055475213,1.1312383231341672,58.586973183595845,17784332.616137855
2007-08-13,2022-08-15,1452.9200439453125,4297.14013671875,2.9575888601895377,1.1339039980185146,58.616004997461125,18438713.1443822
2007-08-14,2022-08-15,1426.5400390625,4297.14013671875,3.0122814775971967,1.1446269405124327,60.264511702063174,19238518.748513684
2007-08-15,2022-08-15,1406.699951171875,4297.14013671875,3.0547666779535647,1.167306752770154,62.32541366313945,20238406.060729545
2007-08-16,2022-08-16,1411.27001953125,4305.2001953125,3.050585738895284,1.1752909654078911,62.02027329019928,20403563.276906643
2007-08-17,2022-08-17,1445.93994140625,4274.0400390625,2.9558904327006688,1.182163805872114,60.586215309288846,19632059.87745709
2007-08-20,2022-08-22,1445.550048828125,4137.990234375,2.86257140507143,1.204958417962355,60.60255657378185,19249890.258021556
2007-08-21,2022-08-22,1447.1199951171875,4137.990234375,2.859465868993059,1.1896384879915562,59.76714083256988,18846675.936188053
2007-08-22,2022-08-22,1464.0699462890625,4137.990234375,2.826361025211568,1.1855370559282246,58.87153039938019,18414408.580390215
2007-08-23,2022-08-23,1462.5,4128.72998046875,2.823063234508547,1.174884043099328,58.75242308794627,18126226.109580286
2007-08-24,2022-08-24,1479.3699951171875,4140.77001953125,2.7990090600717106,1.1988892604758383,59.118719672983026,18456352.129761737
2007-08-27,2022-08-29,1466.7900390625,4030.610107421875,2.7479121074465724,1.2121392118329417,59.62575263318151,18245625.09658301
2007-08-28,2022-08-29,1432.3599853515625,4030.610107421875,2.813964470274273,1.1964433479238483,60.26834766590316,18550032.12847146
2007-08-29,2022-08-29,1463.760009765625,4030.610107421875,2.753600372008558,1.195411334513606,58.92462357882294,17913489.60916086
2007-08-30,2022-08-30,1457.6400146484375,3986.159912109375,2.7346669081877404,1.1983587937555873,59.258915258131225,17789910.925314665
2007-08-31,2022-08-31,1473.989990234375,3955.0,2.6831932551801976,1.1983483121900518,58.36464824273228,17266592.921139326
2007-09-04,2022-09-06,1489.4200439453125,3908.18994140625,2.6239676022177583,1.2434937244718987,58.32194709835843,17669283.85095904
2007-09-05,2022-09-06,1472.2900390625,3908.18994140625,2.6544973053643974,1.2405841211002249,58.86246634157545,17925718.711445685
2007-09-06,2022-09-06,1478.550048828125,3908.18994140625,2.643258471029654,1.262465841318551,59.647084021943776,18297959.529743116
2007-09-07,2022-09-07,1453.550048828125,3979.8701171875,2.7380344559832213,1.2614038446245055,60.2109919537731,19287945.766888782
2007-09-10,2022-09-12,1451.699951171875,4110.41015625,2.831446093892818,1.2478995628222136,60.28772696709609,19962895.70629538
2007-09-11,2022-09-12,1471.489990234375,4110.41015625,2.793366032748415,1.2494304528759548,59.54988325334898,19596188.660686962
2007-09-12,2022-09-12,1471.56005859375,4110.41015625,2.793233026573162,1.2443058842015136,59.30281415392247,19473395.74692518
2007-09-13,2022-09-13,1483.949951171875,3932.68994140625,2.6501499853823276,1.252854453250234,58.46583045973164,18155738.749002635
2007-09-14,2022-09-14,1484.25,3946.010009765625,2.658588519296362,1.2330515023278505,58.1262121749267,17798937.294858817
2007-09-17,2022-09-19,1476.6500244140625,3899.889892578125,2.641038721497742,1.2356397435691533,58.42537432311937,17673398.024823476
2007-09-18,2022-09-19,1519.780029296875,3899.889892578125,2.5660883926619342,1.2345746449858845,56.71838181470255,16864874.610843092
2007-09-19,2022-09-19,1529.030029296875,3899.889892578125,2.550564617996084,1.2493284016458301,57.048970307582806,17021459.092361458
2007-09-20,2022-09-20,1518.75,3855.929931640625,2.538883905606996,1.2435226951026992,57.01733588945519,16772714.738115804
2007-09-21,2022-09-21,1525.75,3789.929931640625,2.4839783264890216,1.2586428541200725,57.1616386322342,16512224.517200131
2007-09-24,2022-09-26,1517.72998046875,3655.0400390625,2.408228134186058,1.2598900664567751,57.46369332191437,15729190.93011291
2007-09-25,2022-09-26,1517.2099609375,3655.0400390625,2.4090535477397026,1.2513773092400267,57.094988184464526,15564104.345350305
2007-09-26,2022-09-26,1525.4200439453125,3655.0400390625,2.396087591460504,1.25018603045023,56.73363235215513,15402308.389230428
2007-09-27,2022-09-27,1531.3800048828125,3647.2900390625,2.3817014897890125,1.2610336147512091,56.91178278776512,15468879.818100777
2007-09-28,2022-09-28,1526.75,3719.0400390625,2.4359194622973637,1.2479301368734885,56.60583240240133,15777989.97181917
2007-10-01,2022-10-03,1547.0400390625,3678.429931640625,2.3777212216625876,1.2489758736138137,55.86342462909894,15183195.411506426
2007-10-02,2022-10-03,1546.6300048828125,3678.429931640625,2.378351590249497,1.2398678810861703,55.470750149070106,15006178.011851216
2007-10-03,2022-10-03,1539.5899658203125,3678.429931640625,2.389227010635077,1.2414654466626627,55.79620036463473,15152890.756902147
2007-10-04,2022-10-04,1542.8399658203125,3790.929931640625,2.4571115706255546,1.2302105231207279,55.45477237033163,15633043.050441377
2007-10-05,2022-10-05,1557.5899658203125,3783.280029296875,2.428931947635135,1.2326051891600232,54.7843225897273,15388391.761103414
2007-10-08,2022-10-10,1552.5799560546875,3612.389892578125,2.326701358271872,1.2430582211525691,54.96110574998087,14526070.133285617
2007-10-09,2022-10-10,1565.1500244140625,3612.389892578125,2.308015101574993,1.2435038814840131,54.53924723506111,14337818.252577247
2007-10-10,2022-10-10,1562.469970703125,3612.389892578125,2.3119739644996304,1.2411518493887221,54.52946112800812,14333451.259871433
2007-10-11,2022-10-11,1554.4100341796875,3588.840087890625,2.3088117092505596,1.240496637979606,54.709662046892504,14287340.422691703
2007-10-12,2022-10-12,1561.800048828125,3577.030029296875,2.290325212872704,1.2548058529863853,54.753447504930676,14370786.330370044
2007-10-15,2022-10-17,1548.7099609375,3677.949951171875,2.3748474820588457,1.2739096111840371,55.216237477380005,15654891.955523457
2007-10-16,2022-10-17,1538.530029296875,3677.949951171875,2.390561042771936,1.2788307646482053,55.79629803671152,15924403.093137765
2007-10-17,2022-10-17,1541.239990234375,3677.949951171875,2.3863577213647127,1.2902389937921468,56.195065433690765,16109680.738849841
2007-10-18,2022-10-18,1540.0799560546875,3719.97998046875,2.4154460071011115,1.302452887688597,56.67920312213853,16678119.237000149
2007-10-19,2022-10-19,1500.6300048828125,3695.159912109375,2.462405722986952,1.3043792299266752,58.01730615600583,17237004.26847811
2007-10-22,2022-10-24,1506.3299560546875,3797.340087890625,2.520921842274484,1.296247541503016,57.79776872273384,17710424.518333815
2007-10-23,2022-10-24,1519.5899658203125,3797.340087890625,2.498924165928357,1.303967358646557,57.6346344555798,17632211.813998953
2007-10-24,2022-10-24,1515.8800048828125,3797.340087890625,2.505040026690097,1.3064503106908196,57.885703009918686,17752583.523455597
2007-10-25,2022-10-25,1514.4000244140625,3859.110107421875,2.5482765750185497,1.295683363223646,57.81696148315503,17998921.095461696
2007-10-26,2022-10-26,1535.280029296875,3830.60009765625,2.4950497789061856,1.2731660937419822,56.74742812894609,16937676.380351126
2007-10-29,2022-10-31,1540.97998046875,3871.97998046875,2.5126737722387116,1.2958442332598001,56.53752431866682,17611166.775102433
2007-10-30,2022-10-31,1531.02001953125,3871.97998046875,2.5290198240871,1.2889938495403255,56.60450011351685,17643875.668245256
2007-10-31,2022-10-31,1549.3800048828125,3871.97998046875,2.49905121291507,1.299467068857386,56.38821083647587,17538246.718764123
2007-11-01,2022-11-01,1508.43994140625,3856.10009765625,2.556349770254282,1.2893566223170427,57.787357253398014,17950474.36440136
2007-11-02,2022-11-02,1509.6500244140625,3759.68994140625,2.4904381019471655,1.2892685857499457,57.74607164424271,17227953.80936731
2007-11-05,2022-11-07,1502.1700439453125,3806.800048828125,2.534200481611198,1.2782145766730213,58.033615314672666,17468856.924445257
2007-11-06,2022-11-07,1520.27001953125,3806.800048828125,2.5040288895533758,1.3020512576610679,58.412031142905825,17647971.22203502
2007-11-07,2022-11-07,1475.6199951171875,3806.800048828125,2.579797008325172,1.3008960527985785,60.12609826957252,18459284.878887247
2007-11-08,2022-11-08,1474.77001953125,3828.110107421875,2.595733610477534,1.3129856620336906,61.27523978948346,18901205.390375234
2007-11-09,2022-11-09,1453.699951171875,3748.570068359375,2.578640843550645,1.315538963799985,61.8948955071597,18766725.228297208
2007-11-12,2022-11-14,1439.1800537109375,3957.25,2.7496559515233683,1.2607072724729056,62.51935353366033,19396015.441415623
2007-11-13,2022-11-14,1481.050048828125,3957.25,2.6719218591776546,1.2592343823162602,60.68092469978574,18531603.39404177
2007-11-14,2022-11-14,1470.5799560546875,3957.25,2.690945149705848,1.2682386064063296,61.54994638667246,18940209.265388362
2007-11-15,2022-11-15,1451.1500244140625,3991.72998046875,2.7507355637336732,1.2521624809376855,62.09304429077593,19208239.519692607
2007-11-16,2022-11-16,1458.739990234375,3958.7900390625,2.7138421278396865,1.269795886579859,62.479321879086314,19222296.840027556
2007-11-19,2022-11-21,1433.27001953125,3949.93994140625,2.7558937866418747,1.2950966607839947,63.58961266597649,20266382.167908523
2007-11-20,2022-11-21,1439.699951171875,3949.93994140625,2.743585521546424,1.3114721661587092,64.10606219258025,20512193.67842569
2007-11-21,2022-11-21,1416.77001953125,3949.93994140625,2.7879895021445473,1.3097797953741352,65.05953295004312,20966011.670412555
2007-11-23,2022-11-23,1440.699951171875,4027.260009765625,2.7953495844084846,1.280128639441977,63.796602514677126,20344891.87094993
2007-11-26,2022-11-28,1407.219970703125,3963.93994140625,2.8168587882004306,1.2749907192064531,65.31442421322564,20455655.528055415
2007-11-27,2022-11-28,1428.22998046875,3963.93994140625,2.775421322625696,1.261540517420879,63.674732211599064,19691078.70792424
2007-11-28,2022-11-28,1469.02001953125,3963.93994140625,2.6983566518522357,1.2638392077329919,62.01948832254809,18919250.152331658
2007-11-29,2022-11-29,1469.719970703125,3957.6298828125,2.692778190201185,1.241454835944469,60.88061110652089,18348322.053856958
2007-11-30,2022-11-30,1481.1400146484375,4080.110107421875,2.7547092557554915,1.2503094189618162,61.455999721731146,19207146.117685832
2007-12-03,2022-12-05,1472.4200439453125,3998.840087890625,2.715828342825213,1.2438739490137554,61.81995464023989,18646696.105371915
2007-12-04,2022-12-05,1462.7900390625,3998.840087890625,2.7337074912360464,1.2320979919373722,61.63782224300221,18562297.929006796
2007-12-05,2022-12-05,1485.010009765625,3998.840087890625,2.6928034569421864,1.2271191814733966,60.470198511798586,18021233.763109814
2007-12-06,2022-12-06,1507.3399658203125,3941.260009765625,2.614712075003428,1.2259179392572854,59.414322330091444,17181982.280509625
2007-12-07,2022-12-07,1504.6600341796875,3933.919921875,2.614490870038759,1.229987374480184,59.938850220590936,17269905.651934944
2007-12-10,2022-12-12,1515.9599609375,3990.56005859375,2.6323650765326994,1.240115451017435,59.49206756478695,17682422.402996056
2007-12-11,2022-12-12,1477.6500244140625,3990.56005859375,2.7006124540052303,1.2278239166501406,60.429524694140994,18118633.234149605
2007-12-12,2022-12-12,1486.5899658203125,3990.56005859375,2.68437171671055,1.2243255346078745,59.89497460576338,17869900.21901421
2007-12-13,2022-12-13,1488.4100341796875,4019.64990234375,2.70063343436079,1.1971039826637742,59.319959431292304,17415323.059100345
2007-12-14,2022-12-14,1467.949951171875,3995.320068359375,2.7217004674920164,1.1993620649732362,60.365276414721805,17681300.40404511
2007-12-17,2022-12-19,1445.9000244140625,3817.659912109375,2.640334634240321,1.2139565526764573,61.285844850426145,17180532.978594504
2007-12-18,2022-12-19,1454.97998046875,3817.659912109375,2.6238573474251115,1.2092417160393119,60.66684388639439,16906003.417034086
2007-12-19,2022-12-19,1453.0,3817.659912109375,2.62743283696447,1.21063088267696,60.81930217619839,16973619.317312397
2007-12-20,2022-12-20,1460.1199951171875,3821.6201171875,2.6173329109713213,1.1564401118968914,60.050433993867415,15667168.722409576
2007-12-21,2022-12-21,1484.4599609375,3878.43994140625,2.6126942076341684,1.1591068183406374,58.98823740614812,15680761.364210602
2007-12-24,2022-12-27,1496.449951171875,3829.25,2.558889455007367,1.168879124332545,58.51560657082426,15363955.306870097
2007-12-26,2022-12-27,1497.6600341796875,3829.25,2.556821917263348,1.1725755158620907,58.65322363339233,15423606.282549798
2007-12-27,2022-12-27,1476.27001953125,3829.25,2.5938682960017543,1.1879148275245626,60.28146641004291,16129378.288274694
2007-12-28,2022-12-28,1478.489990234375,3783.219970703125,2.558840435641635,1.198658531102064,60.487011076480826,16009651.783883316
2007-12-31,2023-01-03,1468.3599853515625,3824.139892578125,2.60436128110814,1.1737435293939449,60.90430228821647,15922106.672152739
2008-01-02,2023-01-03,1447.1600341796875,3824.139892578125,2.642513476227812,1.1985024065231984,63.10004258485578,16856658.289286047
2008-01-03,2023-01-03,1447.1600341796875,3824.139892578125,2.642513476227812,1.2082114003229727,63.61121212351287,17074222.415477306
2008-01-04,2023-01-04,1411.6300048828125,3852.969970703125,2.729447487922292,1.228367060178814,65.79982352233382,18431433.51880518
2008-01-07,2023-01-09,1416.1800537109375,3892.090087890625,2.748301727377002,1.22356492128387,65.58841508657447,18515912.975405656
2008-01-08,2023-01-09,1390.18994140625,3892.090087890625,2.7996822390712826,1.198844259182509,65.4647054582328,18462127.669092726
2008-01-09,2023-01-09,1409.1300048828125,3892.090087890625,2.7620518152363824,1.2016876537649726,64.73797772632275,18146167.834835306
2008-01-10,2023-01-10,1420.3299560546875,3919.25,2.7593940290372188,1.2123806813029767,64.6165344926867,18369297.38945568
2008-01-11,2023-01-11,1401.02001953125,3969.610107421875,2.8333714380112984,1.2353844426801077,66.8507724540479,19682569.396356184
2008-01-14,2023-01-17,1416.25,3990.969970703125,2.817984092288173,1.2014705431547423,66.13187680794304,18710946.96512534
2008-01-15,2023-01-17,1380.949951171875,3990.969970703125,2.8900178223811697,1.1950347421919265,67.45905230052033,19287136.043978523
2008-01-16,2023-01-17,1373.199951171875,3990.969970703125,2.906328366307668,1.2056485340197494,68.4422985727417,19714009.330175877
2008-01-17,2023-01-17,1333.25,3990.969970703125,2.993414566437746,1.2007956909169,70.20938547918638,20481184.570053644
2008-01-18,2023-01-18,1325.18994140625,3928.860107421875,2.9647524363584377,1.2006258583603515,70.48466501541793,20185055.560420167
2008-01-22,2023-01-23,1310.5,4019.81005859375,3.067386538415681,1.223391101846092,71.48173596969889,21822161.606731553
2008-01-23,2023-01-23,1338.5999755859375,4019.81005859375,3.0029957656574604,1.2188240621772504,69.71994016062484,21037847.261341527
2008-01-24,2023-01-24,1352.0699462890625,4016.949951171875,2.9709631237621497,1.2194662424304337,69.25156230487215,20722948.72919703
2008-01-25,2023-01-25,1330.6099853515625,4016.219970703125,3.0183299501108083,1.207371061344708,70.21067003960977,20903191.115800273
2008-01-28,2023-01-30,1353.9599609375,4017.77001953125,2.967421589593604,1.218974241313955,68.9998384946636,20673944.8774682
2008-01-29,2023-01-30,1362.300048828125,4017.77001953125,2.949254845132985,1.2282688485647466,69.10031586910273,20718612.191366576
2008-01-30,2023-01-30,1355.81005859375,4017.77001953125,2.9633723352801296,1.22802613227946,69.41736502398606,20859556.699535117
2008-01-31,2023-01-31,1378.550048828125,4076.60009765625,2.9571651033792192,1.2215754201557125,68.1062657440007,20633153.72678478
2008-02-01,2023-02-01,1395.4200439453125,4119.2099609375,2.951949829594776,1.207366833650464,67.26963117486738,20223451.983872347
2008-02-04,2023-02-06,1380.8199462890625,4111.080078125,2.9772745455868304,1.244924043725983,67.98090652042745,21430956.052550875
2008-02-05,2023-02-06,1336.6400146484375,4111.080078125,3.075682332618401,1.246691149866256,70.32756274728051,22515932.004063085
2008-02-06,2023-02-06,1326.449951171875,4111.080078125,3.099310361836868,1.2358867217960523,70.25365876288119,22481762.514354005
2008-02-07,2023-02-07,1336.9100341796875,4164.0,3.1146448852521194,1.216280026401926,69.42579386708427,22124617.48050477
2008-02-08,2023-02-08,1331.2900390625,4117.85986328125,3.0931350362848535,1.2240264383335366,69.9786792162757,22105950.443626635
2008-02-11,2023-02-13,1339.1300048828125,4137.2900390625,3.089535761260577,1.2328769343223827,69.5689875125533,22300467.363933183
2008-02-12,2023-02-13,1348.8599853515625,4137.2900390625,3.0672494432282904,1.22215149747709,68.46630166910448,21788496.881502874
2008-02-13,2023-02-13,1367.2099609375,4137.2900390625,3.026082428645815,1.2277298867354494,67.85569617655386,21504996.380926944
2008-02-14,2023-02-14,1348.8599853515625,4136.1298828125,3.066389341911179,1.2336826859884262,68.77242772412639,22079428.207937453
2008-02-15,2023-02-15,1349.989990234375,4147.60009765625,3.0723191487784107,1.240761695235658,68.63845864310224,22325894.962110966
2008-02-19,2023-02-21,1348.780029296875,3997.340087890625,2.96367087372613,1.2491993902133336,68.61737337738981,21394790.39317441
2008-02-20,2023-02-21,1360.030029296875,3997.340087890625,2.9391557552278598,1.2566427085265957,68.45525159423883,21320614.143783472
2008-02-21,2023-02-21,1342.530029296875,3997.340087890625,2.9774679155476003,1.259221894304809,69.48990381395589,21794002.84942799
2008-02-22,2023-02-22,1353.1099853515625,3991.050048828125,2.9495385386511486,1.2569353400453527,68.84380383525941,21438575.836957887
2008-02-25,2023-02-27,1371.800048828125,3982.239990234375,2.902930345888416,1.2698370123930223,67.9058427492045,21259386.411715753
2008-02-26,2023-02-27,1381.2900390625,3982.239990234375,2.882986105464986,1.2815361269430228,68.06062761127377,21330639.187886685
2008-02-27,2023-02-27,1380.02001953125,3982.239990234375,2.885639290643782,1.2988757056372322,69.04499191343913,21783775.808323465
2008-02-28,2023-02-28,1367.6800537109375,3970.14990234375,2.902835273185062,1.313944411804689,70.46016958442401,22344112.293812104
2008-02-29,2023-02-28,1330.6300048828125,3970.14990234375,2.9836617901107663,1.3190287663667188,72.70230159666913,23373342.99264992
2008-03-03,2023-03-03,1331.3399658203125,4045.639892578125,3.038772962911379,1.3156524069495463,72.66353178916307,23902776.80477771
2008-03-04,2023-03-06,1326.75,4048.419921875,3.051381135764085,1.3088152066874934,72.5359901205189,23866525.390405066
2008-03-05,2023-03-06,1333.699951171875,4048.419921875,3.0354802954875995,1.3257846606778871,73.09356802203607,24126854.45088229
2008-03-06,2023-03-06,1304.3399658203125,4048.419921875,3.1038073109481914,1.3242356081905378,74.65153939302931,24854259.93477519
2008-03-07,2023-03-07,1293.3699951171875,3986.3701171875,3.082157566850242,1.3304058384410828,74.8691763784713,24772413.177991197
2008-03-10,2023-03-10,1273.3699951171875,3861.590087890625,3.0325750588580855,1.2889900526788027,76.0450981712819,23147973.039696805
2008-03-11,2023-03-13,1320.6500244140625,3855.760009765625,2.919592578265634,1.311726389532002,74.61596900561784,22475912.23590702
2008-03-12,2023-03-13,1308.77001953125,3855.760009765625,2.94609438803206,1.3221493644179378,75.89155541909224,23031099.45608762
2008-03-13,2023-03-13,1315.47998046875,3855.760009765625,2.931067037897215,1.344178532302624,76.76247750271023,23410160.25940924
2008-03-14,2023-03-14,1288.1400146484375,3919.2900390625,3.0425962973692444,1.3463935442267565,77.77130106300635,24738591.46571323
2008-03-17,2023-03-17,1276.5999755859375,3916.639892578125,3.0680244144454525,1.3162893076809783,78.47432775059234,24245697.57108054
2008-03-18,2023-03-20,1330.739990234375,3951.570068359375,2.969453159413515,1.3323057658865194,76.19768580250128,23548741.9181245
2008-03-19,2023-03-20,1298.4200439453125,3951.570068359375,3.0433680431737153,1.322117145525446,77.4971637504099,24120883.31380517
2008-03-20,2023-03-20,1329.510009765625,3951.570068359375,2.972200313900596,1.3195942421786062,75.54050481391846,23259394.608593225
2008-03-24,2023-03-24,1349.8800048828125,3970.989990234375,2.9417355438042136,1.3112809683049282,74.02144024600679,22711106.738553688
2008-03-25,2023-03-27,1352.989990234375,3977.530029296875,2.939807432431823,1.3234469227750807,74.53648051793996,22992958.768027194
2008-03-26,2023-03-27,1341.1300048828125,3977.530029296875,2.9658049665695385,1.318527110604989,74.91609336737315,23160991.26704153
2008-03-27,2023-03-27,1325.760009765625,3977.530029296875,3.000188571082367,1.3239810136457013,76.0980940845301,23684194.14238459
2008-03-28,2023-03-28,1315.219970703125,3971.27001953125,3.0194721096032198,1.3124287155896919,76.14713059362455,23604899.333755028
2008-03-31,2023-03-31,1322.699951171875,4109.31005859375,3.106759061231549,1.3249774461035035,75.71651210824014,24906950.62244853
2008-04-01,2023-04-03,1370.1800537109375,4124.509765625,3.0101954516520313,1.2933717351408984,71.3492112560345,23015198.538251314
2008-04-02,2023-04-03,1367.530029296875,4124.509765625,3.01602866281894,1.2933717351408984,71.48747304751399,23079175.98685364
2008-04-03,2023-04-03,1369.31005859375,4124.509765625,3.012107988062818,1.3031816424977731,71.93605328186199,23286746.123041824
2008-04-04,2023-04-04,1370.4000244140625,4100.60009765625,2.9922650500604964,1.2154279925996707,67.45368248032742,20840765.322467625
2008-04-07,2023-04-10,1372.5400390625,4109.10986328125,2.993799631585201,1.233767736773054,67.34851114507256,21322180.796493188
2008-04-08,2023-04-10,1365.5400390625,4109.10986328125,3.0091463785289845,1.3108070552606235,71.92070635887353,23448599.3718801
2008-04-09,2023-04-10,1354.489990234375,4109.10986328125,3.033695260140112,1.3077503168075133,72.3383579896016,23642839.15038739
2008-04-10,2023-04-10,1360.550048828125,4109.10986328125,3.0201828053444464,1.3221297491376403,72.80801110495977,23861263.574933283
2008-04-11,2023-04-11,1332.8299560546875,4108.93994140625,3.082868840650259,1.3120604453057756,73.68721851372206,24300839.037726812
2008-04-14,2023-04-14,1328.3199462890625,4137.64013671875,3.114942411486108,1.320221994251204,73.93740678803583,24873283.291344278
2008-04-15,2023-04-17,1334.4300537109375,4151.31982421875,3.1109310020965726,1.3204813263454678,73.61331820579035,24835214.988534242
2008-04-16,2023-04-17,1364.7099609375,4151.31982421875,3.0419062973402515,1.3117193466862127,71.50238161179988,23836279.851916008
2008-04-17,2023-04-17,1365.56005859375,4151.31982421875,3.0400126293191145,1.2956626800169428,70.58315858178531,23401286.121794358
2008-04-18,2023-04-18,1390.3299560546875,4154.8701171875,2.9884058090625443,1.303042702136119,69.91870379009778,23021292.826810732
2008-04-21,2023-04-21,1388.1700439453125,4133.52001953125,2.977675564719283,1.3034314771440418,70.0274932396661,22912542.586915523
2008-04-22,2023-04-24,1375.93994140625,4137.0400390625,3.006701030013219,1.296098626654457,70.25247296945818,23046399.52245052
2008-04-23,2023-04-24,1379.9300537109375,4137.0400390625,2.998007056906314,1.2862144475541069,69.51513236310151,22699558.319118343
2008-04-24,2023-04-24,1388.8199462890625,4137.0400390625,2.978816692629381,1.284329479636569,68.96893975997045,22442632.146752514
2008-04-25,2023-04-25,1397.8399658203125,4071.6298828125,2.9128011663503215,1.2856826782226562,68.78744956860562,21757074.279714882
2008-04-28,2023-04-28,1396.3699951171875,4169.47998046875,2.9859421178115726,1.3223172701322115,68.85986270836236,23482116.798377894
2008-04-29,2023-05-01,1390.93994140625,4167.8701171875,2.996441466030341,1.3230423890398846,69.16659099288857,23618273.763080426
2008-04-30,2023-05-01,1385.5899658203125,4167.8701171875,3.008011186570618,1.3230423890398846,69.43365381977287,23748079.079451464
2008-05-01,2023-05-01,1409.3399658203125,4167.8701171875,2.9573206027415626,1.3059923277129888,67.38385427526572,22751778.390672915
2008-05-02,2023-05-02,1413.9000244140625,4119.580078125,2.9136289744617585,1.3035994601323606,67.56176662274105,22208779.740979306
2008-05-05,2023-05-05,1407.489990234375,4136.25,2.9387420363190166,1.2902926950462794,67.86945849713919,22154781.00010501
2008-05-06,2023-05-08,1418.260009765625,4138.1201171875,2.917744340737173,1.2891228100323056,67.29300093355485,21896085.04396943
2008-05-07,2023-05-08,1392.5699462890625,4138.1201171875,2.971570748180236,1.24755705398394,66.3246334458698,21437090.329622902
2008-05-08,2023-05-08,1397.6800537109375,4138.1201171875,2.9607062833876063,1.313939630710598,69.59837585532279,22988805.43900056
2008-05-09,2023-05-09,1388.280029296875,4119.169921875,2.9671030591437986,1.2931369798610097,68.85067408999697,22536663.44134263
2008-05-12,2023-05-12,1403.5799560546875,4124.080078125,2.9382580310688864,1.3003727260310165,68.10015733727559,22400643.535857514
2008-05-13,2023-05-15,1403.0400390625,4136.27978515625,2.948083924903582,1.2950499211496107,67.8475025189164,22375926.446065184
2008-05-14,2023-05-15,1408.6600341796875,4136.27978515625,2.9363222387188346,1.2981392577036135,67.7380221163166,22323683.853040203
2008-05-15,2023-05-15,1423.5699462890625,4136.27978515625,2.9055683536580923,1.3078735104728882,67.53118238971823,22224982.684598427
2008-05-16,2023-05-16,1425.3499755859375,4109.89990234375,2.8834321203494175,1.3172732748651266,67.73989395062635,22209313.25076329
2008-05-19,2023-05-19,1426.6300048828125,4191.97998046875,2.938379233663385,1.3389205124931796,67.67911501808797,23362492.825616404
2008-05-20,2023-05-22,1413.4000244140625,4192.6298828125,2.966343434549318,1.3458074130259028,68.66399243124688,23853236.82260016
2008-05-21,2023-05-22,1390.7099609375,4192.6298828125,3.0147406724448715,1.3328719324301403,69.11353192091819,24074872.15527022
2008-05-22,2023-05-22,1394.3499755859375,4192.6298828125,3.0068705534639264,1.3424200675079532,69.42691572322899,24229378.989206754
2008-05-23,2023-05-23,1375.9300537109375,4145.580078125,3.0129293759840534,1.3302301032261286,69.7546925700226,23986901.72894401
2008-05-27,2023-05-30,1385.3499755859375,4205.52001953125,3.0357094551162165,1.335805116177852,68.97651682712274,24387385.55724916
2008-05-28,2023-05-30,1390.8399658203125,4205.52001953125,3.023726757126115,1.325168359817557,68.15717083412011,23978910.791311286
2008-05-29,2023-05-30,1398.260009765625,4205.52001953125,3.007680967888208,1.325042724609375,67.78905868423425,23795393.052105077
2008-05-30,2023-05-30,1400.3800048828125,4205.52001953125,3.0031277259511993,1.329706183757597,67.92465571297495,23862993.266238976
2008-06-02,2023-06-02,1385.6700439453125,4282.3701171875,3.0904688572141135,1.3258156496426348,68.6457285517773,24745883.953322563
2008-06-03,2023-06-05,1377.6500244140625,4273.7900390625,3.102232035222599,1.3244298596993174,68.97318248023286,24841680.50811576
2008-06-04,2023-06-05,1377.199951171875,4273.7900390625,3.1032458543335584,1.3159270960630969,68.55277455150214,24629312.190326273
2008-06-05,2023-06-05,1404.050048828125,4273.7900390625,3.0439014924215644,1.3287225317254439,67.89564470651004,24297364.21738586
2008-06-06,2023-06-06,1360.6800537109375,4283.85009765625,3.1483154956031347,1.2998602343775099,68.46717443479857,24703298.60071664
2008-06-09,2023-06-09,1361.760009765625,4298.85986328125,3.1568410237139615,1.299236179167246,68.4128759247469,24780567.95265486
2008-06-10,2023-06-12,1358.43994140625,4338.93017578125,3.194053740270337,1.3038519811852967,68.82372381033412,25315581.5607969
2008-06-11,2023-06-12,1335.489990234375,4338.93017578125,3.248942491152464,1.293692047920523,69.46092934494897,25642551.430818707
2008-06-12,2023-06-12,1339.8699951171875,4338.93017578125,3.2383217712116608,1.28950536057548,69.00980629946645,25411066.241923705
2008-06-13,2023-06-13,1360.030029296875,4369.009765625,3.212436248840582,1.2982958263248239,68.1002013642464,25367473.02925247
2008-06-16,2023-06-16,1360.1400146484375,4409.58984375,3.2420117019274444,1.3142447019625145,68.09469456016163,26131556.041089088
2008-06-17,2023-06-20,1350.9300537109375,4388.7099609375,3.2486581735908033,1.31084221029405,68.65431057590254,26111895.65124141
2008-06-18,2023-06-20,1337.81005859375,4388.7099609375,3.2805179873970514,1.3096275862849047,69.26336927882404,26432258.11851964
2008-06-19,2023-06-20,1342.8299560546875,4388.7099609375,3.26825443619964,1.3170721268229924,69.39669599675969,26502387.444489505
2008-06-20,2023-06-20,1317.9300537109375,4388.7099609375,3.330002186823246,1.3113287095436097,70.39948206788813,27029848.94919828
2008-06-23,2023-06-23,1318.0,4348.330078125,3.299188223160091,1.3310447980949873,70.39574596582244,27238794.89372714
2008-06-24,2023-06-26,1314.2900390625,4328.81982421875,3.293656419481466,1.3307977982615455,70.5813580682134,27169457.231619976
2008-06-25,2023-06-26,1321.969970703125,4328.81982421875,3.274522054321969,1.3414121817063887,70.73100177655814,27248262.394477926
2008-06-26,2023-06-26,1283.1500244140625,4328.81982421875,3.373588233531353,1.3518658405659325,73.43875587834948,28674216.117031798
2008-06-27,2023-06-27,1278.3800048828125,4378.41015625,3.424967646182297,1.3558424430856313,73.71277792074096,29378715.92753914
2008-06-30,2023-06-30,1280.0,4450.3798828125,3.476859283447266,1.3624575564614363,73.61948546737696,30170380.765559763
2008-07-01,2023-07-03,1284.9100341796875,4455.58984375,3.46762786905508,1.3647724778348593,73.46277014349965,30131795.71042469
2008-07-02,2023-07-03,1261.52001953125,4455.58984375,3.53192163007099,1.3545437748492295,74.26405572688324,30569528.037632667
2008-07-03,2023-07-03,1262.9000244140625,4455.58984375,3.528062204145751,1.3536560522293175,74.13428840084941,30498637.764803246
2008-07-07,2023-07-07,1252.31005859375,4398.9501953125,3.5126685800577135,1.29144495330317,72.98457754813009,28468825.5757014
2008-07-08,2023-07-10,1273.699951171875,4409.52978515625,3.4619847328244275,1.322126621489919,73.4637317959972,28814504.87333096
2008-07-09,2023-07-10,1244.68994140625,4409.52978515625,3.542673270239788,1.3197186275128079,75.0390340176385,29646814.56226235
2008-07-10,2023-07-10,1253.3900146484375,4409.52978515625,3.51808274648899,1.3303549410440525,75.11875205668429,29688933.525448535
2008-07-11,2023-07-11,1239.489990234375,4439.259765625,3.5815212713299776,1.3368762473015776,76.97580958609606,30602670.07885743
2008-07-14,2023-07-14,1228.300048828125,4505.419921875,3.6680124910631178,1.3236237681304583,77.67706723058518,31170981.00695029
2008-07-15,2023-07-17,1214.9100341796875,4522.7900390625,3.722736591040099,1.3189675176243874,78.2569131752328,31638230.069350813
2008-07-16,2023-07-17,1245.3599853515625,4522.7900390625,3.631712992437063,1.3059551912031415,75.59030553730267,30219405.612472497
2008-07-17,2023-07-17,1260.3199462890625,4522.7900390625,3.5886046653308847,1.2971389234670767,74.18881151723525,29473711.359011255
2008-07-18,2023-07-18,1260.6800537109375,4554.97998046875,3.6131133883341073,1.2965307138439248,73.97394820284518,29724665.83528331
2008-07-21,2023-07-21,1260.0,4536.33984375,3.600269717261905,1.3197985521155648,74.013873804423,30293828.845374748
2008-07-22,2023-07-24,1277.0,4554.64013671875,3.5666719942981597,1.3117249418337333,72.58182970932249,29673617.36893124
2008-07-23,2023-07-24,1282.18994140625,4554.64013671875,3.5522351171491953,1.317954989697333,72.63137164464402,29700697.256466925
2008-07-24,2023-07-24,1252.5400390625,4554.64013671875,3.63632298742945,1.3122114527223356,74.0266743548944,30463377.200772546
2008-07-25,2023-07-25,1257.760009765625,4567.4599609375,3.631424059816161,1.3037841598581192,73.56256676053509,30149350.05544746
2008-07-28,2023-07-28,1234.3699951171875,4582.22998046875,3.7122013647405017,1.3168300854523232,74.95650011999125,31453109.97414651
2008-07-29,2023-07-31,1263.199951171875,4588.9599609375,3.632805682647712,1.3159777719727441,73.19836320744379,30540264.159650404
2008-07-30,2023-07-31,1284.260009765625,4588.9599609375,3.573232776885248,1.3201280147467191,72.22507548479899,30001217.3879686
2008-07-31,2023-07-31,1267.3800048828125,4588.9599609375,3.620824017467291,1.3201280147467191,73.18702819207532,30533986.36193531
2008-08-01,2023-08-01,1260.31005859375,4576.72998046875,3.631431764954293,1.326129342902547,73.59758459035673,30837544.907756235
2008-08-04,2023-08-04,1249.010009765625,4478.02978515625,3.585263328671438,1.3219924432122803,74.2634369798497,30192579.912604257
2008-08-05,2023-08-07,1284.8800048828125,4518.43994140625,3.5166240615740256,1.3219924432122803,72.19022460847677,29423099.688963987
2008-08-06,2023-08-07,1289.18994140625,4518.43994140625,3.5048675112043846,1.3219924432122803,71.94888291344628,29291302.929030195
2008-08-07,2023-08-07,1266.0699462890625,4518.43994140625,3.5688707046953496,1.2936734541525112,71.69336387053848,29151763.915879652
2008-08-08,2023-08-08,1296.3199462890625,4499.3798828125,3.4708868714801033,1.300517402734394,70.02037853748692,28278285.648313142
2008-08-11,2023-08-11,1305.3199462890625,4464.0498046875,3.4198893668778263,1.3201143585110513,69.53759773832044,28284190.08959014
2008-08-12,2023-08-14,1289.5899658203125,4489.72021484375,3.4815098859642752,1.3201143585110513,70.38579374112648,28974005.28916152
2008-08-13,2023-08-14,1285.8299560546875,4489.72021484375,3.491690478746941,1.3201143585110513,70.59161510232725,29087972.64526698
2008-08-14,2023-08-14,1292.9300537109375,4489.72021484375,3.4725159353806188,1.3201143585110513,70.20396276220228,28873321.881933212
2008-08-15,2023-08-15,1298.199951171875,4437.85986328125,3.4184717533498814,1.3216665528640112,69.91897762969299,28313316.52009365
2008-08-18,2023-08-18,1278.5999755859375,4369.7099609375,3.417573943668359,1.3273850324254466,70.99078294855957,28468981.520276334
2008-08-19,2023-08-21,1266.68994140625,4399.77001953125,3.473438823274089,1.3273850324254466,71.65827277675025,29097809.178904407
2008-08-20,2023-08-21,1274.5400390625,4399.77001953125,3.4520453533711994,1.3273850324254466,71.2169179177931,28856999.466542937
2008-08-21,2023-08-21,1277.719970703125,4399.77001953125,3.4434540591159983,1.3273850324254466,71.03967647535876,28760293.924721107
2008-08-22,2023-08-22,1292.199951171875,4387.5498046875,3.3954109042555705,1.3298330414799342,70.60250326098304,28289995.091785103
2008-08-25,2023-08-25,1266.8399658203125,4405.7099609375,3.477716270250983,1.3362284800751065,72.01584551161434,29406759.49988588
2008-08-26,2023-08-28,1271.510009765625,4433.31005859375,3.4866497507250718,1.3370823744062998,71.79719482537851,29533233.624543756
2008-08-27,2023-08-28,1281.6600341796875,4433.31005859375,3.4590374517149094,1.3385487750644998,71.30671914877556,29263166.116231475
2008-08-28,2023-08-28,1300.6800537109375,4433.31005859375,3.4084554813808245,1.3463002416033356,70.67088652515325,28913061.63489481
2008-08-29,2023-08-29,1282.8299560546875,4497.6298828125,3.506021871086369,1.3436539764523112,71.74657444552682,29948264.338646486
2008-09-02,2023-09-05,1277.5799560546875,4496.830078125,3.519803247392612,1.3610613301228145,72.24087554840153,30624865.40037439
2008-09-03,2023-09-05,1274.97998046875,4496.830078125,3.526980930690165,1.381720119962986,73.48693113365489,31325588.36432001
2008-09-04,2023-09-05,1236.8299560546875,4496.830078125,3.635770670100239,1.369530020654205,75.08530626800632,32224439.246170502
2008-09-05,2023-09-05,1242.31005859375,4496.830078125,3.61973248708559,1.3746364161075237,75.03281471831758,32194920.471313827
2008-09-08,2023-09-08,1267.7900390625,4457.490234375,3.515953034045926,1.3672445511131037,73.5248089802761,30764781.48348008
2008-09-09,2023-09-11,1224.510009765625,4487.4599609375,3.6646984713472563,1.3616597856686938,75.81258597489975,32315815.09709761
2008-09-10,2023-09-11,1232.0400390625,4487.4599609375,3.642300427470001,1.3710786050831392,75.87043445727417,32348104.006021187
2008-09-11,2023-09-11,1249.050048828125,4487.4599609375,3.592698279102341,1.3588844770875024,74.1716150662952,31399885.101368196
2008-09-12,2023-09-12,1251.699951171875,4461.89990234375,3.56467210705441,1.3945982699233885,75.71204835591115,32156501.492342204
2008-09-15,2023-09-15,1192.699951171875,4450.31982421875,3.7312987393402124,1.398834348212027,79.45734141860454,34261095.76344867
2008-09-16,2023-09-18,1213.5999755859375,4453.52978515625,3.6696851308076566,1.414938749241222,78.98798311733087,34031379.76351793
2008-09-17,2023-09-18,1156.3900146484375,4453.52978515625,3.8512350753134097,1.3990994855690906,81.96778652281661,35692453.38749782
2008-09-18,2023-09-18,1206.510009765625,4453.52978515625,3.6912497609708077,1.3740923314427227,77.15852733264204,33011560.55511325
2008-09-19,2023-09-19,1255.0799560546875,4443.9501953125,3.540770589056291,1.3974971568113015,75.36601499776441,31960878.727959033
2008-09-22,2023-09-22,1207.0899658203125,4320.06005859375,3.57890478830874,1.4076088701858387,78.36232382822394,32719680.104867127
2008-09-23,2023-09-25,1188.219970703125,4337.43994140625,3.6503678177026306,1.4028186469648776,79.33587830413224,33424418.28424768
2008-09-24,2023-09-25,1185.8699951171875,4337.43994140625,3.6576015577303016,1.3996520416272742,79.31365294709937,33412253.256003946
2008-09-25,2023-09-25,1209.1800537109375,4337.43994140625,3.587091871135962,1.4032154677642443,77.98271299399318,32683764.525932245
2008-09-26,2023-09-26,1213.27001953125,4273.52978515625,3.522323733679119,1.4051569585911678,77.7051791921585,31971062.136619527
2008-09-29,2023-09-29,1106.4200439453125,4288.0498046875,3.8756074857402414,1.4127557118501322,85.20937847435572,36430430.472886205
2008-09-30,2023-10-02,1166.3599853515625,4288.39013671875,3.6767294750995334,1.4144892813994876,80.92960293692418,34101888.79297508
2008-10-01,2023-10-02,1161.06005859375,4288.39013671875,3.6935127558455094,1.4243037660754085,81.86312100153941,34610601.40712175
2008-10-02,2023-10-02,1114.280029296875,4288.39013671875,3.848574885995919,1.423086358802372,85.22701330389017,36443725.490844786
2008-10-03,2023-10-03,1099.22998046875,4229.4501953125,3.8476481450305013,1.4704514359256056,89.66368449309692,37977972.19347511
2008-10-06,2023-10-06,1056.8900146484375,4308.5,4.07658312623303,1.4619258544060958,93.25569244486456,40537936.04854589
2008-10-07,2023-10-09,996.22998046875,4335.66015625,4.352067535861517,1.3473249230961994,91.178519370999,39723744.012383446
2008-10-08,2023-10-09,984.9400024414062,4335.66015625,4.401953566210168,1.4905737379700568,102.02896665423005,45640980.51559921
2008-10-09,2023-10-09,909.9199829101562,4335.66015625,4.764880690259656,1.4671315340086493,108.70403079255374,49281192.95565578
2008-10-10,2023-10-10,899.219970703125,4358.240234375,4.846689771544076,1.4577089772069218,109.06972887242878,49911735.84879817
2008-10-13,2023-10-13,1003.3499755859375,4327.77978515625,4.313330234177669,1.4670263267241097,97.75021755892075,43659481.19965866
2008-10-14,2023-10-16,998.010009765625,4373.6298828125,4.382350717944816,1.4999799548601813,100.480740666465,45742756.208075285
2008-10-15,2023-10-16,907.8400268554688,4373.6298828125,4.817621776340554,1.4774595622864641,108.80241764533179,50359294.74071908
2008-10-16,2023-10-16,946.4299926757812,4373.6298828125,4.621186898829373,1.471500252674435,103.94512258039776,47664658.80512163
2008-10-17,2023-10-17,940.5499877929688,4373.2001953125,4.649620171251458,1.4927088170921792,105.9742317177043,48855686.13841681
2008-10-20,2023-10-20,985.4000244140625,4224.16015625,4.286746551241223,1.49280843640193,101.15086247102957,44265991.21115491
2008-10-21,2023-10-23,955.0499877929688,4217.0400390625,4.415517609510352,1.530441408729568,106.99628096386225,47305219.60002713
2008-10-22,2023-10-23,896.780029296875,4217.0400390625,4.702424118843159,1.5364390125851592,114.39511412528873,51267897.13685395
2008-10-23,2023-10-23,908.1099853515625,4217.0400390625,4.643754729147626,1.5887239050135087,116.8121607111932,52562422.36839478
2008-10-24,2023-10-24,876.77001953125,4247.68017578125,4.844691402714932,1.5260082338417267,116.14561947399154,52692970.47378498
2008-10-27,2023-10-27,848.9199829101562,4117.3701171875,4.850127456150663,1.5184419253111776,119.95594296837044,52452120.6789867
2008-10-28,2023-10-30,940.510009765625,4166.81982421875,4.430383282424736,1.529029917601441,109.0292187788558,47445119.203078546
2008-10-29,2023-10-30,930.0900268554688,4166.81982421875,4.4800177444180385,1.5093733277636205,108.83335641183253,47341923.59049811
2008-10-30,2023-10-30,954.0900268554688,4166.81982421875,4.36732353020389,1.5147398286625897,106.4728864982183,46098243.43685157
2008-10-31,2023-10-31,968.75,4193.7998046875,4.329083669354839,1.5169904019245721,103.50215543779615,45689672.62457664
2008-11-03,2023-11-03,966.2999877929688,4358.33984375,4.510338299501025,1.5039053858094626,103.76458071719188,47520875.07255057
2008-11-04,2023-11-06,1005.75,4365.97998046875,4.341019120525727,1.5270718443187188,101.23018337612547,46214327.672642305
2008-11-05,2023-11-06,952.77001953125,4365.97998046875,4.582406972268872,1.541891082151126,107.896214697557,49916054.33638582
2008-11-06,2023-11-06,904.8800048828125,4365.97998046875,4.824927014531801,1.5290957693220704,112.6637726669577,52563536.11456677
2008-11-07,2023-11-07,930.989990234375,4378.3798828125,4.702929063405129,1.545836670685343,110.4033672819046,51649262.54555309
2008-11-10,2023-11-10,919.2100219726562,4415.240234375,4.80329862472533,1.5586847244137958,111.81822148440413,53488303.077972755
2008-11-11,2023-11-13,898.9500122070312,4411.5498046875,4.907447293822946,1.5996412575108891,117.34270786959529,56569315.75899927
2008-11-12,2023-11-13,852.2999877929688,4411.5498046875,5.1760528779440795,1.5542276987605068,120.25169707311596,58219605.106709674
2008-11-13,2023-11-13,911.2899780273438,4411.5498046875,4.840994536379209,1.5630385625723218,113.1050902506324,54165286.48045103
2008-11-14,2023-11-14,873.2899780273438,4495.7001953125,5.148003880071705,1.5554647964007011,118.36096463249044,57903929.084935196
2008-11-17,2023-11-17,850.75,4514.02001953125,5.30593008466794,1.5335207258405141,121.4968489017958,58999671.83984752
2008-11-18,2023-11-20,859.1199951171875,4547.3798828125,5.29306721838341,1.5453892280287254,121.24431271544869,59365120.05018392
2008-11-19,2023-11-20,806.5800170898438,4547.3798828125,5.637853388953937,1.5774800074176694,131.82377000786292,65417736.52941118
2008-11-20,2023-11-20,752.4400024414062,4547.3798828125,6.043511599672842,1.5468876430700345,138.56840443876803,69276411.35313118
2008-11-21,2023-11-21,800.030029296875,4538.18994140625,5.672524499355035,1.552191215824813,130.9578194567441,64665066.091335416
2008-11-24,2023-11-24,851.8099975585938,4559.33984375,5.35253149976838,1.5553343534422361,122.99713367642997,60595797.49311794
2008-11-25,2023-11-27,857.3900146484375,4550.43017578125,5.307304841481154,1.5527314144683424,121.99214777848852,59882144.72591503
2008-11-26,2023-11-27,887.6799926757812,4550.43017578125,5.126205629648862,1.5556276867654242,118.0492389987851,57623483.598933026
2008-11-28,2023-11-28,896.239990234375,4554.89013671875,5.0822214879382965,1.5787592403547144,119.7810610064854,58040163.06998868
2008-12-01,2023-12-01,816.2100219726562,4594.6298828125,5.629225026798831,1.581593265827363,131.52567851012242,65498664.46291682
2008-12-02,2023-12-04,848.8099975585938,4569.77978515625,5.383748775697939,1.5817800817591938,126.48915259639396,62214887.78648091
2008-12-03,2023-12-04,870.739990234375,4569.77978515625,5.248156552366698,1.593585729722521,124.22374223250874,60921525.06042716
2008-12-04,2023-12-04,845.219970703125,4569.77978515625,5.406615962179317,1.5872333153845566,127.46433584341428,62771637.099044785
2008-12-05,2023-12-05,876.0700073242188,4567.18017578125,5.213259371509352,1.5945851740474457,123.66459073394705,60494122.14727265
2008-12-08,2023-12-08,909.7000122070312,4604.3701171875,5.061415912281673,1.582668000954511,119.09292893950138,57929387.712988816
2008-12-09,2023-12-11,888.6699829101562,4622.43994140625,5.201525909842253,1.5735137061207074,121.2060712529866,59406021.204731956
2008-12-10,2023-12-11,899.239990234375,4622.43994140625,5.140385204845563,1.596034181821819,121.49570661112877,59571874.594756424
2008-12-11,2023-12-11,873.5900268554688,4622.43994140625,5.291314918102895,1.6040958296189567,125.6947091913492,61976342.11943351
2008-12-12,2023-12-12,879.72998046875,4643.7001953125,5.278551712922389,1.6382498678320105,128.18137367167503,63331534.758415274
2008-12-15,2023-12-15,868.5700073242188,4719.18994140625,5.433286783577223,1.6094045966499662,129.82833439532692,64152145.02296877
2008-12-16,2023-12-18,913.1799926757812,4740.56005859375,5.191265792741537,1.634470918699854,125.40934129169094,61952570.78116822
2008-12-17,2023-12-18,904.4199829101562,4740.56005859375,5.241547232669527,1.5945701860419879,123.53288014560641,60875966.74161966
2008-12-18,2023-12-18,885.280029296875,4740.56005859375,5.354870664324026,1.598767844617764,126.53591629228728,62598933.856165685
2008-12-19,2023-12-19,887.8800048828125,4768.3701171875,5.370511883322406,1.5839829741201923,123.98484864714248,62137658.788979456
2008-12-22,2023-12-22,871.6300048828125,4754.6298828125,5.454871741653435,1.565719963247213,126.29632688817314,62425997.42265177
2008-12-23,2023-12-26,863.1599731445312,4774.75,5.531709241110159,1.5741546799464778,128.01478405736805,63841855.59517233
2008-12-24,2023-12-26,868.1500244140625,4774.75,5.499913454731059,1.573911203031798,127.25927971573749,63406063.40986341
2008-12-26,2023-12-26,872.7999877929688,4774.75,5.47061190052696,1.5778158942366005,126.89532169514648,63196124.09857932
2008-12-29,2023-12-29,869.4199829101562,4769.830078125,5.486220896555931,1.5630302984724902,127.3886469181302,62717098.03644496
2008-12-30,2024-01-02,890.6400146484375,4742.830078125,5.32519311968836,1.5681742568830983,123.85968781712953,60815044.87215887
2008-12-31,2024-01-02,903.25,4742.830078125,5.250849795876003,1.5678802548488902,122.10762510734833,59813327.51279351
2009-01-02,2024-01-02,931.7999877929688,4742.830078125,5.089965808390612,1.5223281533572075,114.92736321029116,55708113.15778337
2009-01-05,2024-01-05,927.4500122070312,4697.240234375,5.064682918270804,1.5445491536707006,115.46640166793404,56336086.54341729
2009-01-06,2024-01-08,934.7000122070312,4763.5400390625,5.096330348616065,1.5562148818798012,115.43612109500623,57254753.91505213
2009-01-07,2024-01-08,906.6500244140625,4763.5400390625,5.254000894271211,1.5786995924253207,120.7269499155419,60337267.316892214
2009-01-08,2024-01-08,909.72998046875,4763.5400390625,5.2362130976578625,1.5959941500941708,121.63629893097374,60867067.20687145
2009-01-09,2024-01-09,890.3499755859375,4756.5,5.342281271889469,1.6165924743281528,125.71538305410535,63235753.614988744
2009-01-12,2024-01-12,870.260009765625,4783.830078125,5.497012415189987,1.6318823470739456,128.61752462134186,66069649.38651638
2009-01-13,2024-01-16,871.7899780273438,4765.97998046875,5.466890077416403,1.6514804413342712,128.6524467694723,66561358.080353975
2009-01-14,2024-01-16,842.6199951171875,4765.97998046875,5.656143941618571,1.6371580853935694,131.95180772713255,68524815.14672753
2009-01-15,2024-01-16,843.739990234375,4765.97998046875,5.648635877914061,1.6198679837793535,130.38495333481617,67592376.60239992
2009-01-16,2024-01-16,850.1199951171875,4765.97998046875,5.606243833627002,1.6395279612517475,130.97701374542942,67944713.07357007
2009-01-20,2024-01-22,805.219970703125,4850.43017578125,6.023733081962451,1.6635821809563807,139.46059822007425,74977868.15255687
2009-01-21,2024-01-22,840.239990234375,4850.43017578125,5.772672369983581,1.6621636694575028,133.53411717604905,71366670.93129535
2009-01-22,2024-01-22,827.5,4850.43017578125,5.861547040219033,1.6690175160613965,136.14907451745498,72960049.29779205
2009-01-23,2024-01-23,831.9500122070312,4864.60009765625,5.8472264274042605,1.6595880895699269,134.55673009555352,72289812.60875955
2009-01-26,2024-01-26,836.5700073242188,4890.97021484375,5.846456569113192,1.650822784020924,133.8136345619059,71844412.2614857
2009-01-27,2024-01-29,845.7100219726562,4927.93017578125,5.8269738417982015,1.630165214153454,130.71106322268386,70550926.91457947
2009-01-28,2024-01-29,874.0900268554688,4927.93017578125,5.637783322513627,1.640173465830734,127.24356244459017,68414073.34713024
2009-01-29,2024-01-29,845.1400146484375,4927.93017578125,5.830903862517002,1.64035594901392,131.61689354669642,71109146.47478792
2009-01-30,2024-01-30,825.8800048828125,4924.97021484375,5.963299977873389,1.6489761527005726,135.48501914653224,73386718.57766283
2009-02-02,2024-02-02,825.4400024414062,4958.60986328125,6.007232322900702,1.6631978831994967,135.55723970650283,74725512.38668965
2009-02-03,2024-02-05,838.510009765625,4942.81005859375,5.894753790685615,1.6622679762173116,133.36967472406474,73092640.64943072
2009-02-04,2024-02-05,832.22998046875,4942.81005859375,5.939235757656475,1.630718561726488,131.8256625830658,72130682.4962312
2009-02-05,2024-02-05,845.8499755859375,4942.81005859375,5.843601349246082,1.6170583371472007,128.6164895673562,70131287.50087032
2009-02-06,2024-02-06,868.5999755859375,4954.22998046875,5.703695739948347,1.63435930260768,127.29179909570674,69049611.86670461
2009-02-09,2024-02-09,869.8900146484375,5026.60986328125,5.778442996972133,1.6519061339171142,127.10302650330524,70945377.25647984
2009-02-10,2024-02-12,827.1599731445312,5021.83984375,6.071183334293818,1.6547236378818488,133.8969955297346,75191187.26048432
2009-02-11,2024-02-12,833.739990234375,5021.83984375,6.023268528043493,1.6477887040530286,132.28352530098522,74164626.18005979
2009-02-12,2024-02-12,835.1900024414062,5021.83984375,6.012811251416187,1.6264423882712304,130.3431670022936,72930084.45996894
2009-02-13,2024-02-13,826.8400268554688,4953.169921875,5.990481545399122,1.6334041075503523,131.06590862262092,72975758.33765663
2009-02-17,2024-02-20,789.1699829101562,4975.509765625,6.304737728717491,1.6013991216458632,135.3363412604914,75617484.38907416
2009-02-18,2024-02-20,788.4199829101562,4975.509765625,6.310735234360466,1.5949090301171625,134.91607470410753,75351612.22942127
2009-02-19,2024-02-20,778.9400024414062,4975.509765625,6.387539155814854,1.6063745580035083,137.53974439084166,77011417.69153056
2009-02-20,2024-02-20,770.0499877929688,4975.509765625,6.461281533014825,1.5529672772868783,134.50201475536926,75089666.54013295
2009-02-23,2024-02-23,743.3300170898438,5088.7998046875,6.845949561690355,1.559461310239224,139.33686577866698,80532424.65362878
2009-02-24,2024-02-26,773.1400146484375,5069.52978515625,6.5570655885162905,1.5460108348527102,132.80899359040748,75964256.89093769
2009-02-25,2024-02-26,764.9000244140625,5069.52978515625,6.627702475287106,1.5311692275655036,132.9510039674595,76056176.99517196
2009-02-26,2024-02-26,752.8300170898438,5069.52978515625,6.7339634048508525,1.5423682649708497,136.07058670259397,78075412.32243222
2009-02-27,2024-02-27,735.0900268554688,5078.18017578125,6.908242514871865,1.5273252095596035,138.06033800927864,79473607.38814518
2009-03-02,2024-03-04,700.8200073242188,5130.9501953125,7.321352332538047,1.5270309821465904,144.81147300916757,84805822.02861291
2009-03-03,2024-03-04,696.3300170898438,5130.9501953125,7.368560983132917,1.519981496837129,145.0724009075621,84976647.47070979
2009-03-04,2024-03-04,712.8699951171875,5130.9501953125,7.197595957828232,1.5333334110811652,142.95122383029138,83587945.78637452
2009-03-05,2024-03-05,682.5499877929688,5078.64990234375,7.440700304992471,1.5258186044274384,148.9825313259544,86274787.94116811
2009-03-06,2024-03-06,683.3800048828125,5104.759765625,7.469869953980253,1.511125724205494,148.1387637261904,85721499.22052023
2009-03-09,2024-03-11,676.530029296875,5117.93994140625,7.564985617453494,1.4854423612288963,149.63869258509118,85292728.83318338
2009-03-10,2024-03-11,719.5999755859375,5117.93994140625,7.112201382773734,1.5088122841018639,142.89572955087442,80998683.37708311
2009-03-11,2024-03-11,721.3599853515625,5117.93994140625,7.094848682120851,1.5077270354400742,142.44455514510813,80711367.04490711
2009-03-12,2024-03-12,750.739990234375,5175.27001953125,6.893558471443052,1.5072391220759183,136.00357960343587,78109243.83668354
2009-03-13,2024-03-13,756.5499877929688,5165.31005859375,6.82745375974713,1.494427114955617,133.81012019215345,76522559.56921673
2009-03-16,2024-03-18,753.8900146484375,5149.419921875,6.830465746752642,1.5098450093118916,134.2822465226018,77453770.36920735
2009-03-17,2024-03-18,778.1199951171875,5149.419921875,6.61777097901138,1.5471208356917732,133.31280954337026,76822406.79610193
2009-03-18,2024-03-18,794.3499755859375,5149.419921875,6.4825581672318,1.5790788990084614,133.28650042026544,76805272.49823155
2009-03-19,2024-03-19,784.0399780273438,5178.509765625,6.6049052481408,1.5744293045098685,132.9558179961689,78183150.07003948
2009-03-20,2024-03-20,768.5399780273438,5224.6201171875,6.7981110502512,1.533048608104816,132.31325350036354,78377158.11463478
2009-03-23,2024-03-25,822.9199829101562,5218.18994140625,6.341066020723859,1.5392821510641896,123.56976018286547,72770649.03268042
2009-03-24,2024-03-25,806.1199951171875,5218.18994140625,6.473217353512823,1.5488897564628339,126.9323710893106,75023024.4258102
2009-03-25,2024-03-25,813.8800048828125,5218.18994140625,6.4114978990761635,1.533667738389213,124.48656450404471,73384751.45213704
2009-03-26,2024-03-26,832.8599853515625,5203.580078125,6.247844979523769,1.5485947996143588,122.70639010833602,72047224.46985938
2009-03-27,2024-03-27,815.9400024414062,5248.490234375,6.432446281185854,1.5286147387843971,123.83351454929378,73381568.98696923
2009-03-30,2024-04-01,787.530029296875,5243.77001953125,6.658501675438344,1.5315852458596833,128.3007814367284,76479573.60937078
2009-03-31,2024-04-01,797.8699951171875,5243.77001953125,6.5722110765188875,1.5363976082088755,127.03597921516126,75627049.13059157
2009-04-01,2024-04-01,811.0800170898438,5243.77001953125,6.465169784783879,1.52250901335282,123.83728473482282,73471008.21120924
2009-04-02,2024-04-02,834.3800048828125,5205.81005859375,6.239135679341811,1.5108672848986218,119.49099174368325,69936770.74399167
2009-04-03,2024-04-03,842.5,5211.490234375,6.185745085311573,1.5054224846260391,117.88098037526123,68967114.55782914
2009-04-06,2024-04-08,835.47998046875,5202.39013671875,6.2268280010730175,1.5080246165223479,118.87146106174391,69628980.02381505
2009-04-07,2024-04-08,815.5499877929688,5202.39013671875,6.378996032845753,1.5223882652046132,122.93627786187363,72351897.811541
2009-04-08,2024-04-08,825.1599731445312,5202.39013671875,6.30470491302845,1.5117781623702835,120.65772497354908,70825552.96133883
2009-04-09,2024-04-09,856.5599975585938,5209.91015625,6.0823645408372125,1.5138339274282206,116.44329925058153,68081209.5116807
2009-04-13,2024-04-15,858.72998046875,5061.81982421875,5.894541869209788,1.558108434377649,117.66296794310614,67883164.21920353
2009-04-14,2024-04-15,841.5,5061.81982421875,6.015234491050208,1.5540258836600025,119.75754200632758,69269599.20879209
2009-04-15,2024-04-15,852.0599975585938,5061.81982421875,5.940684739011777,1.5524613994734926,118.15425875148861,68208358.14705972
2009-04-16,2024-04-16,865.2999877929688,5051.41015625,5.837755954595711,1.5613443196201873,116.63994239044911,67293055.39983323
2009-04-17,2024-04-17,869.5999755859375,5022.2099609375,5.775310604802546,1.5646998803150327,116.58090442421695,66630603.846749485
2009-04-20,2024-04-22,832.3900146484375,5010.60009765625,6.019534124003749,1.5694749036696118,121.79236878989136,70114865.63016903
2009-04-21,2024-04-22,850.0800170898438,5010.60009765625,5.894268771085213,1.5776317932654051,119.87770114013341,68855399.67995492
2009-04-22,2024-04-22,843.5499877929688,5010.60009765625,5.93989706616651,1.5810151800956322,121.06476959759138,69636251.80482918
2009-04-23,2024-04-23,851.9199829101562,5070.5498046875,5.9519085200543325,1.5918527389495232,120.75086642830595,70344284.73922418
2009-04-24,2024-04-24,866.22998046875,5071.6298828125,5.854830699888785,1.6084015813625578,119.59264979644823,69855472.74951875
2009-04-27,2024-04-29,857.510009765625,5116.169921875,5.966309271740576,1.6193307504200791,120.80878067615556,71928910.03568557
2009-04-28,2024-04-29,855.1599731445312,5116.169921875,5.982705087402766,1.6037138955952557,119.97248748740287,71361760.95064974
2009-04-29,2024-04-29,873.6400146484375,5116.169921875,5.85615337678163,1.5838888589969802,115.98299595665362,68656206.84372549
2009-04-30,2024-04-30,872.8099975585938,5035.68994140625,5.769514505438731,1.5900997705412925,115.50808581322609,67796399.30165401
2009-05-01,2024-05-01,877.52001953125,5018.39013671875,5.718832647714923,1.5740396040550866,115.20169451153836,66334153.768435925
2009-05-04,2024-05-06,907.239990234375,5180.740234375,5.710440776576235,1.559209486117232,111.4278408204673,65503998.675785735
2009-05-05,2024-05-06,903.7999877929688,5180.740234375,5.7321755967557495,1.5672898462771254,112.43160771576379,66184155.57172142
2009-05-06,2024-05-06,919.530029296875,5180.740234375,5.634117504935091,1.5559377983599512,109.707860745954,64338532.556078106
2009-05-07,2024-05-07,907.3900146484375,5187.7001953125,5.717166942070044,1.571843635302376,111.94128738384185,66205456.144361466
2009-05-08,2024-05-08,929.22998046875,5187.669921875,5.582762105090583,1.6112275328921741,111.56540162676627,66278448.1128605
2009-05-11,2024-05-13,909.239990234375,5221.419921875,5.742620186040292,1.6196662159634365,114.01820981048716,68873564.6466038
2009-05-12,2024-05-13,908.3499755859375,5221.419921875,5.748246889649429,1.638177594732046,115.43433250788553,69853185.75542863
2009-05-13,2024-05-13,883.9199829101562,5221.419921875,5.907118317072506,1.627427101135254,117.84626287519333,71521669.64116195
2009-05-14,2024-05-14,893.0700073242188,5246.68017578125,5.874881177010016,1.6454421206427783,117.7303163989829,71974268.471753
2009-05-15,2024-05-15,882.8800048828125,5308.14990234375,6.012311835115484,1.6051479225641472,117.84146317003535,71837510.74448052
2009-05-18,2024-05-20,909.7100219726562,5308.1298828125,5.834969116094942,1.6268714210794566,114.36597274519832,70498473.3418199
2009-05-19,2024-05-20,908.1300048828125,5308.1298828125,5.845121132736359,1.6475433826292636,116.02068129497644,71663168.65184502
2009-05-20,2024-05-20,903.469970703125,5308.1298828125,5.875269853940415,1.6612132123642394,117.58670798402282,72765443.6962032
2009-05-21,2024-05-21,888.3300170898438,5321.41015625,5.9903527448986384,1.6492612476597028,118.8207507387042,73779488.3239332
2009-05-22,2024-05-22,887.0,5307.009765625,5.9831000739853435,1.6486479718011808,118.6108027037491,73646938.80146398
2009-05-26,2024-05-28,910.3300170898438,5306.0400390625,5.828699416091898,1.6487942748663436,115.17118387236246,71495566.40639415
2009-05-27,2024-05-28,893.0599975585938,5306.0400390625,5.941414970514756,1.6246409952719632,115.67859223401565,71854610.48705669
2009-05-28,2024-05-28,906.8300170898438,5306.0400390625,5.851195857069657,1.6479303458586891,115.5551185518642,71767240.04138716
2009-05-29,2024-05-29,919.1400146484375,5266.9501953125,5.7303023602199055,1.6486020557332626,113.80357389157052,70110460.36874884
2009-06-01,2024-06-03,942.8699951171875,5283.39990234375,5.603529574283554,1.6325771426683482,110.9393862520166,67576687.67452732
2009-06-02,2024-06-03,944.739990234375,5283.39990234375,5.592438085565767,1.6246071044458317,110.17927530916222,67045164.18946086
2009-06-03,2024-06-03,931.760009765625,5283.39990234375,5.670344130429827,1.6149747801229175,111.05178413908621,67655284.24942334
2009-06-04,2024-06-04,942.4600219726562,5291.33984375,5.614391826058292,1.5699220398010258,107.383158634279,64744055.3270088
2009-06-05,2024-06-05,940.0900268554688,5354.02978515625,5.695230916410295,1.5996491998398623,109.12604400983419,67255950.9843145
2009-06-08,2024-06-10,939.1400146484375,5360.7900390625,5.708190424693261,1.611046682954376,109.23643337914797,67983447.3946916
2009-06-09,2024-06-10,942.4299926757812,5360.7900390625,5.688263404947408,1.600016199510812,108.10978724961664,67179139.28560324
2009-06-10,2024-06-10,939.1500244140625,5360.7900390625,5.70812958494795,1.6085219471890841,109.06408213767051,67860406.54140306
2009-06-11,2024-06-11,944.8900146484375,5375.31982421875,5.688831229969902,1.5970823558099152,107.58607333812577,67045311.212154165
2009-06-12,2024-06-12,946.2100219726562,5421.02978515625,5.729203516418586,1.6248704979456767,109.51790891956541,68942132.77430803
2009-06-15,2024-06-17,923.719970703125,5473.22998046875,5.925204774237576,1.6341968595672764,112.18437003835884,72111424.77130565
2009-06-16,2024-06-17,911.969970703125,5473.22998046875,6.001546274872311,1.6471694220490463,114.53179002918964,73829578.55616762
2009-06-17,2024-06-17,910.7100219726562,5473.22998046875,6.009849291669574,1.6330122962265505,113.70450035533621,73224058.07416585
2009-06-18,2024-06-18,918.3699951171875,5487.02978515625,5.9747485374411475,1.6315729507218868,112.5346966689101,72665059.09693904
2009-06-19,2024-06-20,921.22998046875,5473.169921875,5.9411548016382225,1.6708648561155868,114.12075755831417,74179830.14854127
2009-06-22,2024-06-24,893.0399780273438,5447.8701171875,6.1003653265572995,1.6788023329251767,117.72313204695718,76846287.95548375
2009-06-23,2024-06-24,895.0999755859375,5447.8701171875,6.086325847144944,1.6660337758792911,116.55888960689887,75987407.18633322
2009-06-24,2024-06-24,900.9400024414062,5447.8701171875,6.046873379386669,1.6643840959533744,115.68867097166718,75345432.60694967
2009-06-25,2024-06-25,920.260009765625,5469.2998046875,5.94321142573656,1.6771978381912862,114.13185842665894,74528142.69174924
2009-06-26,2024-06-26,918.9000244140625,5477.89990234375,5.961366587009004,1.6673864079072431,112.97065908478584,74290365.73532061
2009-06-29,2024-07-01,927.22998046875,5475.08984375,5.904780862437315,1.6766356755270369,111.95576456512242,73953409.80111688
2009-06-30,2024-07-01,919.3200073242188,5475.08984375,5.955586520613042,1.6716206667042004,112.58129570033692,74422483.2065106
2009-07-01,2024-07-01,923.3300170898438,5475.08984375,5.929721488971426,1.6832581660845152,112.87272193796187,74641017.9684245
2009-07-02,2024-07-02,896.4199829101562,5509.009765625,6.145567781454891,1.6798834910344693,116.0337573907318,77546145.04516293
2009-07-06,2024-07-08,898.719970703125,5572.85009765625,6.200874887976797,1.6973588345813513,117.41114477567028,79252930.87708421
2009-07-07,2024-07-08,881.030029296875,5572.85009765625,6.325380421032621,1.733895885890341,122.34672668080918,83004833.2323437
2009-07-08,2024-07-08,879.5599975585938,5572.85009765625,6.335952195557874,1.7289014729798977,122.19820446937462,82891930.46918431
2009-07-09,2024-07-09,882.6799926757812,5576.97998046875,6.3182354043876465,1.7435533965276648,122.43741753444851,83417213.1787545
2009-07-10,2024-07-10,879.1300048828125,5633.91015625,6.408506278887611,1.7298787076423878,121.75937115053556,84008758.98574914
2009-07-13,2024-07-15,901.0499877929688,5631.22021484375,6.249620211012773,1.692777967471621,118.79731202958882,79711780.49731065
2009-07-14,2024-07-15,905.8400268554688,5631.22021484375,6.216572516001481,1.6791892201924048,117.22051683667085,78521037.18991125
2009-07-15,2024-07-15,932.6799926757812,5631.22021484375,6.0376766512255164,1.6863696982477516,114.33406138570432,76341281.9967308
2009-07-16,2024-07-16,940.739990234375,5667.2001953125,6.024193989989285,1.6808195270390813,112.83228790482931,75864942.93302554
2009-07-17,2024-07-17,940.3800048828125,5588.27001953125,5.942565761197405,1.6645035379337116,113.6924859953227,73879256.30361465
2009-07-20,2024-07-22,951.1300048828125,5564.41015625,5.850315022850723,1.6773867114447936,112.40749422955425,73216280.94177109
2009-07-21,2024-07-22,954.5800170898438,5564.41015625,5.829171003614551,1.6767412931672445,111.95813930583019,72883619.4423623
2009-07-22,2024-07-22,954.0700073242188,5564.41015625,5.832287058112144,1.6527020537802795,110.4119994000565,71738998.13703017
2009-07-23,2024-07-23,976.2899780273438,5555.740234375,5.690666051494995,1.641909991161097,107.967303690635,69233401.06471646
2009-07-24,2024-07-24,979.260009765625,5427.1298828125,5.54207241048414,1.6305468420020897,108.19869435695188,66630441.49668428
2009-07-27,2024-07-29,982.1799926757812,5463.5400390625,5.562666802220253,1.6299321575593697,107.87702384769744,66886205.38312274
2009-07-28,2024-07-29,979.6199951171875,5463.5400390625,5.577203473076232,1.617591956066881,107.34006379449441,66503502.75136134
2009-07-29,2024-07-29,975.1500244140625,5463.5400390625,5.6027687045850945,1.6098053210956438,107.31302422677373,66484231.08735828
2009-07-30,2024-07-30,986.75,5436.43994140625,5.509440021693692,1.6131656715294114,107.08240981350231,65367183.06469847
2009-07-31,2024-07-31,987.47998046875,5522.2998046875,5.592315706558529,1.5714555762114375,106.27334957469395,64522881.944532625
2009-08-03,2024-08-05,1002.6300048828125,5186.330078125,5.172725784055484,1.529961086004949,104.66752904989428,57111306.46136073
2009-08-04,2024-08-05,1005.6500244140625,5186.330078125,5.1571918184427945,1.5379340578398517,104.8970150618248,57258449.57455988
2009-08-05,2024-08-05,1002.719970703125,5186.330078125,5.172261677892237,1.5268525775574,104.44549823602685,56968943.51338075
2009-08-06,2024-08-06,997.0800170898438,5240.02978515625,5.2553753914858445,1.4854972203178536,102.93836919208493,56202050.14340654
2009-08-07,2024-08-07,1010.47998046875,5199.5,5.145574479949629,1.5233944506811972,103.17230289143595,56472511.878571
2009-08-10,2024-08-12,1007.0999755859375,5344.39013671875,5.306712606769103,1.5323394227971594,103.51856731006148,58956688.23020317
2009-08-11,2024-08-12,994.3499755859375,5344.39013671875,5.37475764865331,1.5285626441564995,104.58751342456783,59668743.91130741
2009-08-12,2024-08-12,1005.8099975585938,5344.39013671875,5.313518606586937,1.5427941619393701,104.35851774490345,59516203.31787566
2009-08-13,2024-08-13,1012.72998046875,5434.43017578125,5.3661195783558036,1.5493463219096166,104.09340381484161,60502530.316415295
2009-08-14,2024-08-14,1004.0900268554688,5455.2099609375,5.432988890470014,1.5526466856538095,105.01124755165512,61533143.40496936
2009-08-17,2024-08-19,979.72998046875,5608.25,5.72428129362413,1.5468052592948458,107.62225151446293,65084874.52240449
2009-08-18,2024-08-19,989.6699829101562,5608.25,5.666788017060759,1.5588035721552962,107.36774344956329,64907311.742876865
2009-08-19,2024-08-19,996.4600219726562,5608.25,5.628173610916721,1.5563724629190412,106.46981271420907,64280851.92025532
2009-08-20,2024-08-20,1007.3699951171875,5597.1201171875,5.556171162847059,1.5401822177793103,105.1906215358004,62567735.88314038
2009-08-21,2024-08-21,1026.1300048828125,5620.85009765625,5.47771731740577,1.5454525437449083,103.7843844280251,61787882.33461039
2009-08-24,2024-08-26,1025.5699462890625,5616.83984375,5.476798402755518,1.5390415774370125,103.84106055880127,61478093.44212997
2009-08-25,2024-08-26,1028.0,5616.83984375,5.463851988083658,1.5360969776472044,103.39738807204184,61172695.33375516
2009-08-26,2024-08-26,1028.1199951171875,5616.83984375,5.46321428473899,1.5434797683330168,103.88221085758707,61506418.89341055
2009-08-27,2024-08-27,1030.97998046875,5625.7998046875,5.456749802386704,1.5388521789277356,103.67154384020445,61207673.621297985
2009-08-28,2024-08-28,1028.9300537109375,5592.18017578125,5.434946870890302,1.5579513684635347,104.83386955186465,61803407.119455695
2009-08-31,2024-09-03,1020.6199951171875,5528.93017578125,5.417226981866467,1.5678750868631912,105.6874444404161,62025178.70589281
2009-09-01,2024-09-03,998.0399780273438,5528.93017578125,5.53978828253889,1.5763428450958785,108.66226454930619,64052495.67902188
2009-09-02,2024-09-03,994.75,5528.93017578125,5.558110254617994,1.5682134752199213,108.45941139122867,63914252.81546371
2009-09-03,2024-09-03,1003.239990234375,5528.93017578125,5.511074348710514,1.5634397646302685,107.21420461574684,63065653.99651478
2009-09-04,2024-09-04,1016.4000244140625,5520.06982421875,5.43100127078507,1.5526379473250256,106.58266955008756,61506571.079126544
2009-09-08,2024-09-09,1025.3900146484375,5471.0498046875,5.335579366416289,1.5540758300393114,105.85462985033641,60315269.028482065
2009-09-09,2024-09-09,1033.3699951171875,5471.0498046875,5.29437648716234,1.561584602846592,105.54469438504158,60109390.498138264
2009-09-10,2024-09-10,1044.1400146484375,5495.52001953125,5.263202197438621,1.568872576493387,105.63930325628934,60021849.661018066
2009-09-11,2024-09-11,1042.72998046875,5554.1298828125,5.3265274681329196,1.5686812935473629,105.50518400895132,60855691.5100471
2009-09-14,2024-09-16,1049.3399658203125,5633.08984375,5.368221955928631,1.548878844650951,104.84058745918787,60508871.56947458
2009-09-15,2024-09-16,1052.6300048828125,5633.08984375,5.351443353903941,1.5468028837469499,104.37282527275877,60194285.54198952
2009-09-16,2024-09-16,1068.760009765625,5633.08984375,5.270677974735708,1.5436483488759472,102.58795892514551,58993902.03477643
2009-09-17,2024-09-17,1065.489990234375,5634.580078125,5.288252475169256,1.5559877792592975,102.83065244860731,59777308.78800927
2009-09-18,2024-09-18,1068.300048828125,5618.259765625,5.259065345721894,1.5732555192837132,103.19332097990839,60162278.37053217
2009-09-21,2024-09-23,1064.6600341796875,5718.56982421875,5.371263727979481,1.5834858553412616,103.54613332180982,62125114.77501495
2009-09-22,2024-09-23,1071.6600341796875,5718.56982421875,5.336179051032807,1.5727878394839008,102.17479075864023,61169905.376156226
2009-09-23,2024-09-23,1060.8699951171875,5718.56982421875,5.390452977781746,1.5815157347497788,103.78677087393763,62292730.99118456
2009-09-24,2024-09-24,1050.780029296875,5732.93017578125,5.455880408783003,1.5918383400829252,105.96525931334561,63647779.12339657
2009-09-25,2024-09-25,1044.3800048828125,5722.259765625,5.47909739641854,1.6036510078646498,106.1289363960953,64510029.32537986
2009-09-28,2024-09-30,1062.97998046875,5762.47998046875,5.421061625194134,1.592866468388045,104.27189707061487,63225031.383897215
2009-09-29,2024-09-30,1060.6099853515625,5762.47998046875,5.4331753048305025,1.5990875967713578,104.91305497231204,63675285.084009856
2009-09-30,2024-09-30,1057.0799560546875,5762.47998046875,5.451318935207046,1.6048556781979608,105.64309971330877,64187959.64516157
2009-10-01,2024-10-01,1029.8499755859375,5708.75,5.543283133790417,1.6040173133871907,108.36013980508264,65400107.574267626
2009-10-02,2024-10-02,1025.2099609375,5709.5400390625,5.569142182194006,1.65069814971724,109.84345942124592,67956408.45919576
2009-10-05,2024-10-07,1040.4599609375,5695.93994140625,5.474444145139385,1.668310709487272,108.2334861218749,67448465.7886039
2009-10-06,2024-10-07,1054.719970703125,5695.93994140625,5.400428644210722,1.6732475628945924,107.08610278138256,66627434.492499545
2009-10-07,2024-10-07,1057.5799560546875,5695.93994140625,5.385824408638578,1.6688934287799104,106.518606202012,66221351.85590184
2009-10-08,2024-10-08,1065.47998046875,5751.1298828125,5.397689293310169,1.6509806118665737,104.58481946636205,65569353.55570376
2009-10-09,2024-10-09,1071.489990234375,5792.0400390625,5.405594164995946,1.6606546890325202,103.90557080460167,66123478.519470304
2009-10-12,2024-10-14,1076.18994140625,5859.85009765625,5.444996159320374,1.6663326506064315,103.45179299970108,66940523.005314305
2009-10-13,2024-10-14,1073.18994140625,5859.85009765625,5.460217126129434,1.6739737393878804,104.21669438045251,67509405.48261145
2009-10-14,2024-10-14,1092.02001953125,5859.85009765625,5.366064717542077,1.6478579325095084,100.82179226541156,64984504.398646176
2009-10-15,2024-10-15,1096.56005859375,5815.259765625,5.3031840071601755,1.6400725224652133,100.31269579616193,63755702.03218871
2009-10-16,2024-10-16,1087.6800537109375,5842.47021484375,5.371497063783105,1.647349168037341,101.2564203106958,65037240.73829125
2009-10-19,2024-10-21,1097.9100341796875,5853.97998046875,5.33193048448874,1.658681925792418,100.31294482557746,64996922.62124215
2009-10-20,2024-10-21,1091.06005859375,5853.97998046875,5.365405812777944,1.6571853023672363,100.85165681431012,65399679.62737299
2009-10-21,2024-10-21,1081.4000244140625,5853.97998046875,5.413334426028542,1.6478291127886682,101.17807638489236,65643720.5467138
2009-10-22,2024-10-22,1092.9100341796875,5851.2001953125,5.353780285953979,1.6419119552152484,99.4012348121896,64542896.068238094
2009-10-23,2024-10-23,1079.5999755859375,5797.419921875,5.369970408464054,1.6673469426840324,101.09458263201896,65926559.73942114
2009-10-26,2024-10-28,1066.949951171875,5823.52001953125,5.45810046022781,1.6718217927195171,102.2931851878557,67379756.59229565
2009-10-27,2024-10-28,1063.4100341796875,5823.52001953125,5.476269578388456,1.6912774800776098,103.82809355945143,68540839.18022601
2009-10-28,2024-10-28,1042.6300048828125,5823.52001953125,5.58541380188439,1.674270460499724,104.8325533051917,69300663.50761794
2009-10-29,2024-10-29,1066.1099853515625,5832.919921875,5.471217793679632,1.7013431935364653,104.11694575358617,68935394.42280309
2009-10-30,2024-10-30,1036.18994140625,5813.669921875,5.610621846015087,1.6949219580205204,106.76778780937565,70641121.07886589
2009-11-02,2024-11-04,1042.8800048828125,5712.68994140625,5.47780177456579,1.6846554044119322,106.08287365400535,68255206.92518963
2009-11-03,2024-11-04,1045.4100341796875,5712.68994140625,5.464544776336382,1.678934532798204,105.466767330581,67800717.65499187
2009-11-04,2024-11-04,1046.5,5712.68994140625,5.458853264602245,1.6776028049814224,105.27335113991872,67658038.41279556
2009-11-05,2024-11-05,1066.6300048828125,5782.759765625,5.421523620330121,1.68485761221844,104.3093293310981,67460520.49621919
2009-11-06,2024-11-06,1069.300048828125,5929.0400390625,5.544786092135969,1.72020966334988,104.24603873032123,70883890.35131465
2009-11-09,2024-11-11,1093.0799560546875,6001.35009765625,5.490312089627228,1.7108460293597747,101.97817066082416,69653306.85435034
2009-11-10,2024-11-11,1093.010009765625,6001.35009765625,5.490663437696353,1.7070402566585579,101.75783196919379,69481204.28276478
2009-11-11,2024-11-11,1098.510009765625,6001.35009765625,5.463172883546761,1.7000442822639392,100.83340590630333,68759151.7849172
2009-11-12,2024-11-12,1087.239990234375,5983.990234375,5.503835664732161,1.7249051133449218,102.58310252657313,70505679.50378442
2009-11-13,2024-11-13,1093.47998046875,5985.3798828125,5.473698640780514,1.7418916844903898,102.48923567224556,70853324.43623073
2009-11-16,2024-11-18,1109.300048828125,5893.6201171875,5.3129179282139,1.732791646056985,101.02760523587456,68068404.72261724
2009-11-17,2024-11-18,1110.3199462890625,5893.6201171875,5.308037684890104,1.7295353347428968,100.74512558467583,67850120.46571343
2009-11-18,2024-11-18,1109.800048828125,5893.6201171875,5.310524290759196,1.7392238665993953,101.35694032962309,68322896.208663
2009-11-19,2024-11-19,1094.9000244140625,5916.97998046875,5.404128092549118,1.7417313872580267,102.81722150789915,69818335.1258319
2009-11-20,2024-11-20,1091.3800048828125,5917.10986328125,5.421676993172147,1.752903661726918,103.42477564475351,70591184.81019172
2009-11-23,2024-11-25,1106.239990234375,5987.3701171875,5.4123609434142566,1.7425530452730962,102.03548338933247,69977644.85366002
2009-11-24,2024-11-25,1105.6500244140625,5987.3701171875,5.415248934996856,1.7671474920199643,103.53082905214606,71149729.50873667
2009-11-25,2024-11-25,1110.6300048828125,5987.3701171875,5.3909673706494665,1.813225359268854,105.75403703422654,72892328.57839762
2009-11-27,2024-11-27,1091.489990234375,5998.740234375,5.495918687341232,1.7465204370476348,105.7332710350122,71397266.93008864
2009-11-30,2024-12-02,1095.6300048828125,6047.14990234375,5.519335793464827,1.7254240389230306,105.33374082046774,70756690.69078785
2009-12-01,2024-12-02,1108.8599853515625,6047.14990234375,5.453483742067317,1.7074920029025857,102.99533334477668,68963893.36153252
2009-12-02,2024-12-02,1109.239990234375,6047.14990234375,5.451615480493115,1.6939687856902546,102.14461268325316,68311667.54298866
2009-12-03,2024-12-03,1099.9200439453125,6049.8798828125,5.500290603953479,1.6531927609753252,100.43714394548313,67108984.37039585
2009-12-04,2024-12-04,1105.97998046875,6086.490234375,5.503255340838402,1.703632111585639,102.30544539987523,69504430.94337538
2009-12-07,2024-12-09,1103.25,6052.85009765625,5.486381235129164,1.7131478780950822,102.55859914362182,69703370.5093211
2009-12-08,2024-12-09,1091.93994140625,6052.85009765625,5.543207889127229,1.7187877290853768,103.96200723285213,70794028.49261764
2009-12-09,2024-12-09,1095.949951171875,6052.85009765625,5.522925651106669,1.7160602856176104,103.41724939889247,70370670.17999932
2009-12-10,2024-12-10,1102.3499755859375,6034.91015625,5.474586374478971,1.7039736567075474,101.82433022803454,69106112.17032945
2009-12-11,2024-12-11,1106.4100341796875,6084.18994140625,5.499037204518105,1.700852324497336,100.97351562782063,69313865.79608054
2009-12-14,2024-12-16,1114.1099853515625,6074.080078125,5.4519573094107905,1.7214196668946964,100.27565711276439,69585703.42095545
2009-12-15,2024-12-16,1107.9300537109375,6074.080078125,5.482367824376887,1.7149248876118415,100.45454311023458,69727679.7325623
2009-12-16,2024-12-16,1109.1800537109375,6074.080078125,5.4761894228112045,1.7189424317750497,100.57640403769915,69824397.00085096
2009-12-17,2024-12-17,1096.0799560546875,6050.60986328125,5.520226722382799,1.6980539814235551,100.87817080447945,69488492.33728786
2009-12-18,2024-12-18,1102.469970703125,5872.16015625,5.326367440652282,1.6847993424784127,98.80226363407482,66098335.86814363
2009-12-21,2024-12-23,1114.050048828125,5974.06982421875,5.362478849583916,1.7119437150883836,97.77525597583457,67848621.45335957
2009-12-22,2024-12-23,1118.02001953125,5974.06982421875,5.343437255017568,1.7150261275960463,97.60348892096331,67711860.58989392
2009-12-23,2024-12-23,1120.5899658203125,5974.06982421875,5.3311826862964224,1.7187020785019007,97.5883678476733,67699821.19711734
2009-12-24,2024-12-24,1126.47998046875,6040.0400390625,5.361870733423174,1.7243660803033336,97.43398660786623,68404621.60693797
2009-12-28,2024-12-30,1127.780029296875,5906.93994140625,5.237670279628011,1.7070239538264438,96.41162611702659,65818226.77875243
2009-12-29,2024-12-30,1126.199951171875,5906.93994140625,5.245018822154755,1.6987123807360178,96.07680232756941,65554920.92008793
2009-12-30,2024-12-30,1126.4200439453125,5906.93994140625,5.243993990658276,1.6897534057596137,95.55142162850319,65141760.86262109
2009-12-31,2024-12-31,1115.0999755859375,5881.6298828125,5.2745314425479695,1.689571655304408,96.511041229377,65571205.996491
2010-01-04,2025-01-06,1132.989990234375,5975.3798828125,5.273991768962062,1.7223671757678065,96.37171366995253,67030202.61294107
2010-01-05,2025-01-06,1136.52001953125,5975.3798828125,5.2576107592693395,1.7079885597085438,95.27035458338491,66149882.95941231
2010-01-06,2025-01-06,1137.1400146484375,5975.3798828125,5.254744187908884,1.6890780302682484,94.1641705631649,65265706.7218021
2010-01-07,2025-01-07,1141.68994140625,5909.02978515625,5.175686997713179,1.7077054411594703,94.5277916685781,64950894.22877686
2010-01-08,2025-01-08,1144.97998046875,5918.25,5.168867666644349,1.7368467079766374,95.89127121876803,66129461.10579847
2010-01-11,2025-01-13,1146.97998046875,5836.22021484375,5.088336600660277,1.7277557669024006,95.72406468883437,64551096.64060184
2010-01-12,2025-01-13,1136.219970703125,5836.22021484375,5.13652317801819,1.7210853928462775,96.25750896065337,64966549.69924523
2010-01-13,2025-01-13,1145.6800537109375,5836.22021484375,5.094109996887723,1.7242157774413946,95.63632534853525,64482764.14700073
2010-01-14,2025-01-14,1148.4599609375,5842.91015625,5.087604579162142,1.7415978297714358,95.94834927951094,65137558.075457975
2010-01-15,2025-01-15,1136.030029296875,5949.91015625,5.23745852029333,1.7133412556096952,96.52062471430787,66095735.862438865
2010-01-19,2025-01-21,1150.22998046875,6049.240234375,5.259157157344977,1.7081980851551923,95.3363607645947,66181624.93479465
2010-01-20,2025-01-21,1138.0400390625,6049.240234375,5.315489812957962,1.7232972239766218,97.20926709370376,67678231.75257006
2010-01-21,2025-01-21,1116.47998046875,6049.240234375,5.418135873636757,1.7344839807346102,99.72966845225471,69692240.56769973
2010-01-22,2025-01-22,1091.760009765625,6086.3701171875,5.574824194645212,1.7453978270142203,102.19259665368551,72512825.57951407
2010-01-25,2025-01-27,1096.780029296875,6012.27978515625,5.481755342509846,1.728316426743212,101.72485579640573,70341282.19358367
2010-01-26,2025-01-27,1092.1700439453125,6012.27978515625,5.504893508558177,1.722167891469378,101.79081380861145,70393375.17744742
2010-01-27,2025-01-27,1097.5,6012.27978515625,5.478159257545558,1.7254672279696537,101.49053581569956,70156218.59682429
2010-01-28,2025-01-28,1084.530029296875,6067.7001953125,5.594773801926283,1.723263670346587,102.14450122527184,71757973.30293119
2010-01-29,2025-01-29,1073.8699951171875,6039.31005859375,5.623874478339161,1.7159507648082328,102.97821501139695,71834473.72023265
2010-02-01,2025-02-03,1089.18994140625,5994.56982421875,5.503695541366438,1.7171339672150676,101.52978011226332,70140940.10278288
2010-02-02,2025-02-03,1103.3199462890625,5994.56982421875,5.433210778415686,1.7093460926647281,99.77492783709582,68755774.97273012
2010-02-03,2025-02-03,1097.280029296875,5994.56982421875,5.463117585453555,1.7366847828869472,101.92868287904547,70455807.7475682
2010-02-04,2025-02-04,1063.1099853515625,6037.8798828125,5.679449883838518,1.7275610120671332,105.42887633970128,73202335.68533722
2010-02-05,2025-02-05,1066.18994140625,6061.47998046875,5.6851783580643875,1.7000045299743645,104.48257817397831,71957749.60133585
2010-02-08,2025-02-10,1056.739990234375,6066.43994140625,5.740711998663712,1.690569094815083,105.41691894955237,72298996.03524399
2010-02-09,2025-02-10,1070.52001953125,6066.43994140625,5.666815968619223,1.687523653625659,103.87250656295397,71093273.17644683
2010-02-10,2025-02-10,1068.1300048828125,6066.43994140625,5.679495860685813,1.6897784969489218,104.24403188443748,71383323.02104905
2010-02-11,2025-02-11,1078.469970703125,6068.5,5.6269531510863935,1.698043397388584,103.08388792513104,71024794.27483334
2010-02-12,2025-02-12,1075.510009765625,6051.97021484375,5.627070096876731,1.7093103059383374,103.03082813016351,71564107.54686853
2010-02-16,2025-02-18,1094.8699951171875,6129.580078125,5.598454707372752,1.668654526782316,100.31306061414718,69219199.98295927
2010-02-17,2025-02-18,1099.510009765625,6129.580078125,5.574828808908798,1.6518369167414106,98.88298880303415,68089844.10346597
2010-02-18,2025-02-18,1106.75,6129.580078125,5.538360133837814,1.6597225064052659,98.7050918353278,67949355.36376637
2010-02-19,2025-02-19,1109.1700439453125,6144.14990234375,5.5394120458654275,1.6772404068152762,99.99722485300515,68787050.04899406
2010-02-22,2025-02-24,1108.010009765625,5983.25,5.399996342330539,1.6622004472706977,100.10191722733481,66115431.32488696
2010-02-23,2025-02-24,1094.5999755859375,5983.25,5.466152140919952,1.6600095207921475,101.19471445175802,66946371.774296254
2010-02-24,2025-02-24,1105.239990234375,5983.25,5.413530140844075,1.6787723092708984,101.35329943914564,67066956.52482854
2010-02-25,2025-02-25,1102.93994140625,5955.25,5.399432712906424,1.6765219343060902,101.96328271349023,66763227.348458454
2010-02-26,2025-02-26,1104.489990234375,5956.06005859375,5.392588535211498,1.6772368832486813,102.02786568597018,66698618.32549717
2010-03-01,2025-03-03,1115.7099609375,5849.72021484375,5.2430474044781255,1.682499394523188,101.00183768229704,64805676.22800215
2010-03-02,2025-03-03,1118.31005859375,5849.72021484375,5.230857193755051,1.6857287251916544,100.96041466942931,64774996.82097277
2010-03-03,2025-03-03,1118.7900390625,5849.72021484375,5.228613064651143,1.674573648982833,100.24929595932582,64248316.14655767
2010-03-04,2025-03-04,1122.969970703125,5778.14990234375,5.145418001450099,1.6603745726541261,98.70269897596256,62447363.90561304
2010-03-05,2025-03-05,1138.699951171875,5842.6298828125,5.130965252786434,1.6546244276618693,97.58909259924486,61993677.37143499
2010-03-08,2025-03-10,1138.5,5614.56005859375,4.931541553442029,1.6342997792800666,97.60623186444245,58345554.46911066
2010-03-09,2025-03-10,1140.449951171875,5614.56005859375,4.923109561120574,1.6256106804438222,96.92128710146245,57865944.42052692
2010-03-10,2025-03-10,1145.6099853515625,5614.56005859375,4.900934986936907,1.6224185418992603,96.29527339336363,57427598.90540962
2010-03-11,2025-03-11,1150.239990234375,5572.06982421875,4.844267171656391,1.6351005737719215,96.02206531546693,57168926.9903411
2010-03-12,2025-03-12,1149.989990234375,5599.2998046875,4.868998732368382,1.6422528015780316,96.30886891801231,57807155.34126857
2010-03-15,2025-03-17,1150.510009765625,5675.1201171875,4.932699471553144,1.6544356660544166,96.26533822949604,59203871.77444169
2010-03-16,2025-03-17,1159.4599609375,5675.1201171875,4.894623625121811,1.6523677090853115,95.40286169797085,58583848.86283209
2010-03-17,2025-03-17,1166.2099609375,5675.1201171875,4.866293641177057,1.650961452924032,94.76994867754894,58128856.10723368
2010-03-18,2025-03-18,1165.8299560546875,5614.66015625,4.816019803823452,1.6510384599208556,94.75895451864281,57428159.64035355
2010-03-19,2025-03-19,1159.9000244140625,5675.2900390625,4.892913112860258,1.643206625346618,95.40571627486,58179770.23164129
2010-03-22,2025-03-24,1165.81005859375,5767.56982421875,4.94726373451936,1.6684815810811677,94.92206026248854,59997468.18291335
2010-03-23,2025-03-24,1174.1700439453125,5767.56982421875,4.912039660660409,1.6385984977852004,92.55824118522104,58254339.66048512
2010-03-24,2025-03-24,1167.719970703125,5767.56982421875,4.939172035180571,1.6297601556474657,92.5674980411377,58261165.855320215
2010-03-25,2025-03-25,1165.72998046875,5776.64990234375,4.955392757438485,1.620958314659914,92.73152870919725,58115473.585039645
2010-03-26,2025-03-26,1166.5899658203125,5712.2001953125,4.89649350900755,1.621126995225998,92.35070192936854,57312864.6237206
2010-03-29,2025-03-31,1173.219970703125,5611.85009765625,4.7832889294349465,1.615093674613802,91.82881718480871,55511898.20325955
2010-03-30,2025-03-31,1173.27001953125,5611.85009765625,4.783084886033584,1.6030047023732459,91.13759083824819,55018768.14409577
2010-03-31,2025-03-31,1169.4300537109375,5611.85009765625,4.798790727028297,1.5973681067890881,91.1153356430562,55002890.99216668
2010-04-01,2025-04-01,1178.0999755859375,5633.06982421875,4.781487090191218,1.5845023452337792,89.79418245929844,54246833.268798456
2010-04-05,2025-04-07,1187.43994140625,5062.25,4.263162980693513,1.575676519654228,89.78696578118667,46963262.05300939
2010-04-06,2025-04-07,1189.43994140625,5062.25,4.255994627198249,1.5838665558698686,90.10190135989768,47163065.64080021
2010-04-07,2025-04-07,1182.449951171875,5062.25,4.281153713933535,1.5819846324292886,90.5268435561331,47432660.38064842
2010-04-08,2025-04-08,1186.43994140625,4982.77001953125,4.199765909452887,1.5655323689088918,90.47419847391134,45754893.131791204
2010-04-09,2025-04-09,1194.3699951171875,5456.89990234375,4.568852135144552,1.581873809749364,89.8542053890507,51287907.08155829
2010-04-12,2025-04-14,1196.47998046875,5405.97021484375,4.518228723497597,1.5399227841083594,89.69574803059751,49001494.05147508
2010-04-13,2025-04-14,1197.300048828125,5405.97021484375,4.515134046920755,1.5376455161180953,89.50175962127598,48873889.273880325
2010-04-14,2025-04-14,1210.6500244140625,5405.97021484375,4.465345149982682,1.54223994068359,88.77929232832321,48398653.2607641
2010-04-15,2025-04-15,1211.6700439453125,5396.6298828125,4.453877447725423,1.5571351396328204,89.56127802651642,48811251.41087745
2010-04-16,2025-04-16,1192.1300048828125,5275.7001953125,4.425440324212883,1.540071579773813,90.03173829223788,47795396.508668706
2010-04-19,2025-04-21,1197.52001953125,5158.2001953125,4.307402056903896,1.5120156559362514,89.62650716431952,45229047.25790196
2010-04-20,2025-04-21,1207.1700439453125,5158.2001953125,4.272969016406589,1.5139167127307598,89.02182632890168,44856434.87467016
2010-04-21,2025-04-21,1205.93994140625,5158.2001953125,4.277327599994331,1.5083406831133463,88.78441385222798,44710138.144956164
2010-04-22,2025-04-22,1208.6700439453125,5287.759765625,4.374857962364003,1.5187653877056222,88.06340450000245,46344366.562630415
2010-04-23,2025-04-23,1217.280029296875,5375.85986328125,4.416288556369772,1.5376515021824833,88.19716625089585,47585243.97391751
2010-04-26,2025-04-28,1212.050048828125,5528.75,4.561486553583734,1.526432170188646,88.57773589596724,49044542.467436284
2010-04-27,2025-04-28,1183.7099609375,5528.75,4.670696524021157,1.5131757679839064,89.91076521864518,49933119.10192644
2010-04-28,2025-04-28,1191.3599853515625,5528.75,4.640704797860491,1.512322689797956,89.28306219247827,49514702.01764942
2010-04-29,2025-04-29,1206.780029296875,5560.830078125,4.607989810176916,1.5165617946794427,88.3141230244177,49260794.99335742
2010-04-30,2025-04-30,1186.68994140625,5569.06005859375,4.692936094153043,1.5099673114556356,88.97477662502625,50090807.221893325
2010-05-03,2025-05-05,1202.260009765625,5650.3798828125,4.699798576777094,1.5167776195402725,87.82249397147459,50450098.04367107
2010-05-04,2025-05-05,1173.5999755859375,5650.3798828125,4.814570552450347,1.5318029203071934,90.85839421051573,52539773.00963652
2010-05-05,2025-05-05,1165.8699951171875,5650.3798828125,4.846492238823379,1.581570010591948,94.43229654520431,54999766.30703254
2010-05-06,2025-05-06,1128.1500244140625,5606.91015625,4.970004019777522,1.5618584931454582,96.79044687978522,55825516.54889589
2010-05-07,2025-05-07,1110.8800048828125,5631.27978515625,5.069206179249123,1.5552817658621336,97.32806311822837,56856692.59408581
2010-05-10,2025-05-12,1159.72998046875,5844.18994140625,5.039267794943176,1.6035247160135377,93.22842476514352,58523407.09912455
2010-05-11,2025-05-12,1155.7900390625,5844.18994140625,5.056446018644241,1.5918384827454848,92.86447857493059,58255904.63925825
2010-05-12,2025-05-12,1171.6700439453125,5844.18994140625,4.98791444878745,1.5985642656651262,91.99290772003991,57615295.24726372
2010-05-13,2025-05-13,1157.43994140625,5886.5498046875,5.085836071576676,1.5955872954654282,93.44318870188606,58814313.18388158
2010-05-14,2025-05-14,1135.6800537109375,5892.580078125,5.188591680262817,1.5957388095684018,95.81285031534046,60211322.70296839
2010-05-17,2025-05-19,1136.93994140625,5963.60009765625,5.245307936213443,1.577512807945243,95.7066763418799,60168103.024425186
2010-05-18,2025-05-19,1120.800048828125,5963.60009765625,5.320842110857875,1.5837339376618298,97.467751275501,61459248.97264139
2010-05-19,2025-05-19,1115.050048828125,5963.60009765625,5.348280199551371,1.6221886723513637,100.34918916140373,63571797.83719778
2010-05-20,2025-05-20,1071.5899658203125,5940.4599609375,5.54359423885611,1.603893970526455,103.7042163700328,65398540.937850386
2010-05-21,2025-05-21,1087.68994140625,5844.60986328125,5.373415383178854,1.5914072943943562,101.7778466896108,62514959.86238218
