investment_start_date,investment_end_date,start_price,end_price,price_ratio,forex_ratio,final_buy_point,total_profit
1996-10-31,2011-10-31,705.27001953125,1253.300048828125,1.777049944163396,0.6633385677118118,76.11104333942173,-2775163.5477438048
1996-11-01,2011-11-01,703.77001953125,1218.280029296875,1.7310769079198873,0.6899383141605865,76.11104333942173,-2738924.958231816
1996-11-04,2011-11-04,706.72998046875,1253.22998046875,1.7732797746000886,0.6853969378846813,76.11104333942173,-2554942.454204127
1996-11-05,2011-11-07,714.1400146484375,1261.1199951171875,1.7659282063028237,0.6838511794609888,76.11104333942173,-2500679.8218556223
1996-11-06,2011-11-07,724.5900268554688,1261.1199951171875,1.7404600510306754,0.6856515958390573,76.11104333942173,-2500679.8218556223
1996-11-07,2011-11-07,727.6500244140625,1261.1199951171875,1.7331408682803244,0.6856515958390573,76.11104333942173,-2500679.8218556223
1996-11-08,2011-11-08,730.8200073242188,1275.9200439453125,1.7458745397746989,0.6987381866088215,76.11104333942173,-2417816.8190406756
1996-11-11,2011-11-11,731.8699951171875,1263.8499755859375,1.7268777023487198,0.6988120816045841,75.59209169506114,-2581355.9242139766
1996-11-12,2011-11-14,729.5599975585938,1251.780029296875,1.7158013507947847,0.6930386864366185,75.59209169506114,-2699139.0705869887
1996-11-13,2011-11-14,731.1300048828125,1251.780029296875,1.7121168888390974,0.6929142279953631,75.59209169506114,-2699139.0705869887
1996-11-14,2011-11-14,735.8800048828125,1251.780029296875,1.7010654196212582,0.6929142279953631,75.59209169506114,-2699139.0705869887
1996-11-15,2011-11-15,737.6199951171875,1257.81005859375,1.7052277147041257,0.6940927533738687,75.59209169506114,-2671290.4318211395
1996-11-18,2011-11-18,737.02001953125,1215.6500244140625,1.6494124883978383,0.6908258449639936,75.59209169506114,-2928057.846529549
1996-11-19,2011-11-21,742.1599731445312,1192.97998046875,1.6074431707952326,0.6886448792459275,75.59209169506114,-3070670.6271997355
1996-11-20,2011-11-21,743.9500122070312,1192.97998046875,1.6035754565412383,0.6890154160705347,75.59209169506114,-3070670.6271997355
1996-11-21,2011-11-21,742.75,1192.97998046875,1.6061662476859644,0.6906876124692767,75.59209169506114,-3070670.6271997355
1996-11-22,2011-11-22,748.72998046875,1188.0400390625,1.5867403069912005,0.6901813210342725,75.59209169506114,-3093885.27521661
1996-11-25,2011-11-25,757.030029296875,1158.6700439453125,1.5305470048810064,0.6925686737959258,75.59209169506114,-3241316.1435386436
1996-11-26,2011-11-28,755.9600219726562,1192.550048828125,1.5775305759108789,0.6909875334744772,75.59209169506114,-2998525.5788629567
1996-11-27,2011-11-28,755.0,1192.550048828125,1.5795364885140728,0.6909875334744772,75.59209169506114,-2998525.5788629567
1996-11-29,2011-11-29,757.02001953125,1195.18994140625,1.5788088961588052,0.6861247731797157,75.59209169506114,-2945622.9884636737
1996-12-02,2011-12-02,756.5599975585938,1244.280029296875,1.644654797124016,0.6789207324405503,75.59209169506114,-2687011.487139702
1996-12-03,2011-12-05,748.280029296875,1257.0799560546875,1.6799592489938677,0.6891438634417875,75.59209169506114,-2580424.1438624533
1996-12-04,2011-12-05,745.0999755859375,1257.0799560546875,1.6871292406983844,0.690667843638246,75.59209169506114,-2580424.1438624533
1996-12-05,2011-12-05,744.3800048828125,1257.0799560546875,1.688761046520304,0.6955902167577255,75.59209169506114,-2580424.1438624533
1996-12-06,2011-12-06,739.5999755859375,1258.469970703125,1.701554911093825,0.6889065831105532,75.59209169506114,-2597715.408892396
1996-12-09,2011-12-09,749.760009765625,1255.18994140625,1.6741222858746794,0.6850088118160078,75.59209169506114,-2629532.5643017646
1996-12-10,2011-12-12,747.5399780273438,1236.469970703125,1.6540519665128826,0.6847110768108067,75.1259519489179,-2790545.025780605
1996-12-11,2011-12-12,740.72998046875,1236.469970703125,1.6692587087141524,0.6875620251609165,75.1259519489179,-2790545.025780605
1996-12-12,2011-12-12,729.2999877929688,1236.469970703125,1.695420254215238,0.6860426181913822,75.1259519489179,-2790545.025780605
1996-12-13,2011-12-13,728.6400146484375,1225.72998046875,1.6822161229508568,0.6845762321941422,75.1259519489179,-2823054.590657035
1996-12-16,2011-12-16,720.97998046875,1219.6600341796875,1.6916697650699224,0.6838868085274672,75.1259519489179,-2867667.387431385
1996-12-17,2011-12-19,726.0399780273438,1205.3499755859375,1.6601702551709105,0.6836232451873046,75.1259519489179,-2954066.284197958
1996-12-18,2011-12-19,731.5399780273438,1205.3499755859375,1.6476884542062356,0.684766341981525,75.1259519489179,-2954066.284197958
1996-12-19,2011-12-19,745.760009765625,1205.3499755859375,1.6162705961730919,0.6824839584304072,75.1259519489179,-2954066.284197958
1996-12-20,2011-12-20,748.8699951171875,1241.300048828125,1.657564139198659,0.6828008939713827,75.1259519489179,-2725267.1321588736
1996-12-23,2011-12-23,746.9199829101562,1265.3299560546875,1.6940636011968748,0.6853134727812243,75.1259519489179,-2570179.029795534
1996-12-24,2011-12-27,751.030029296875,1265.4300537109375,1.6849260407012634,0.6820803998122795,75.1259519489179,-2581950.398961097
1996-12-26,2011-12-27,755.8200073242188,1265.4300537109375,1.6742478916254924,0.6792305070060862,75.1259519489179,-2581950.398961097
1996-12-27,2011-12-27,756.7899780273438,1265.4300537109375,1.6721020236148212,0.677049880948346,75.1259519489179,-2581950.398961097
1996-12-30,2011-12-30,753.8499755859375,1257.5999755859375,1.668236408190443,0.668321847001615,75.1259519489179,-2662902.619461363
1996-12-31,2012-01-03,740.739990234375,1277.06005859375,1.7240328258633368,0.6637618575699359,75.1259519489179,-2619308.6453728555
1997-01-02,2012-01-03,737.010009765625,1277.06005859375,1.7327580923899055,0.6651967080861751,75.1259519489179,-2619308.6453728555
1997-01-03,2012-01-03,748.030029296875,1277.06005859375,1.7072310048757626,0.6608538603647166,75.1259519489179,-2619308.6453728555
1997-01-06,2012-01-06,747.6500244140625,1277.81005859375,1.70910187503194,0.6667617456313293,75.1259519489179,-2593758.7312415317
1997-01-07,2012-01-09,753.22998046875,1280.699951171875,1.7002774509517928,0.6675056660934137,75.1259519489179,-2600196.059484451
1997-01-08,2012-01-09,748.4099731445312,1280.699951171875,1.7112277991043674,0.6638757416927351,75.1259519489179,-2600196.059484451
1997-01-09,2012-01-09,754.8499755859375,1280.699951171875,1.6966284594203727,0.6612501528371562,75.1259519489179,-2600196.059484451
1997-01-10,2012-01-10,759.5,1292.0799560546875,1.7012244319350724,0.6619584894180016,74.7398496457697,-2577640.374959167
1997-01-13,2012-01-13,759.510009765625,1289.0899658203125,1.6972652753030983,0.6591603461182672,74.7398496457697,-2602620.569578871
1997-01-14,2012-01-17,768.8599853515625,1293.6700439453125,1.682582093739447,0.6569180613222196,74.7398496457697,-2572373.7440010905
1997-01-15,2012-01-17,767.2000122070312,1293.6700439453125,1.686222658187617,0.6578744703542445,74.7398496457697,-2572373.7440010905
1997-01-16,2012-01-17,769.75,1293.6700439453125,1.6806366274054076,0.6591728084034107,74.7398496457697,-2572373.7440010905
1997-01-17,2012-01-17,776.1699829101562,1293.6700439453125,1.6667354734524156,0.6547903161835182,74.7398496457697,-2572373.7440010905
1997-01-20,2012-01-20,776.7000122070312,1315.3800048828125,1.6935496127328433,0.6537189333989013,74.7398496457697,-2422164.5236997893
1997-01-21,2012-01-23,782.719970703125,1316.0,1.6813164979268695,0.6528673301461345,74.7398496457697,-2430395.95142933
1997-01-22,2012-01-23,786.22998046875,1316.0,1.6738105041674973,0.6525905103478151,74.7398496457697,-2430395.95142933
1997-01-23,2012-01-23,777.5599975585938,1316.0,1.6924738980040335,0.6456375927416294,74.7398496457697,-2430395.95142933
1997-01-24,2012-01-24,770.52001953125,1314.6500244140625,1.7061854216504808,0.6478754816035299,74.7398496457697,-2434230.6225633845
1997-01-27,2012-01-27,765.02001953125,1316.3299560546875,1.7206477248284837,0.648038148377268,74.7398496457697,-2379306.8997110557
1997-01-28,2012-01-30,765.02001953125,1313.010009765625,1.7163080393244408,0.6341487789942213,74.7398496457697,-2469968.5912126303
1997-01-29,2012-01-30,772.5,1313.010009765625,1.6996893330299352,0.6341487789942213,74.7398496457697,-2469968.5912126303
1997-01-30,2012-01-30,784.1699829101562,1313.010009765625,1.6743946317517473,0.6302423183433329,74.7398496457697,-2469968.5912126303
1997-01-31,2012-01-31,786.1599731445312,1312.4100341796875,1.6693930993843769,0.629773200910116,74.7398496457697,-2509898.806082489
1997-02-03,2012-02-03,786.72998046875,1344.9000244140625,1.70948108983052,0.6262227648963063,74.7398496457697,-2342567.250103336
1997-02-04,2012-02-06,789.260009765625,1344.3299560546875,1.703278944100935,0.6251102651865666,74.7398496457697,-2308536.58518676
1997-02-05,2012-02-06,778.280029296875,1344.3299560546875,1.727308816171477,0.6198963788702158,74.7398496457697,-2308536.58518676
1997-02-06,2012-02-06,780.1500244140625,1344.3299560546875,1.723168511164704,0.6183441083635294,74.7398496457697,-2308536.58518676
1997-02-07,2012-02-07,789.5599975585938,1347.050048828125,1.7060768693871926,0.6215996922717982,74.7398496457697,-2293074.4410707485
1997-02-10,2012-02-10,785.4299926757812,1342.6400146484375,1.709433084003284,0.63238841995155,74.77558747192045,-2206003.327182551
1997-02-11,2012-02-13,789.5900268554688,1351.77001953125,1.7119897333489067,0.6302725317782109,74.77558747192045,-2146131.135355524
1997-02-12,2012-02-13,802.77001953125,1351.77001953125,1.6838820417341567,0.6302725317782109,74.77558747192045,-2146131.135355524
1997-02-13,2012-02-13,811.8200073242188,1351.77001953125,1.6651105015097145,0.6254527477150355,74.77558747192045,-2146131.135355524
1997-02-14,2012-02-14,808.47998046875,1350.5,1.6704186035837167,0.6238229548187563,74.77558747192045,-2172696.54670096
1997-02-18,2012-02-21,816.2899780273438,1362.2099609375,1.668781925057359,0.6418225688319052,74.77558747192045,-1893366.2028097184
1997-02-19,2012-02-21,812.489990234375,1362.2099609375,1.6765867608344935,0.6391936163335585,74.77558747192045,-1893366.2028097184
1997-02-20,2012-02-21,802.7999877929688,1362.2099609375,1.696823594482659,0.6391936163335585,74.77558747192045,-1893366.2028097184
1997-02-21,2012-02-21,801.77001953125,1362.2099609375,1.6990033647477962,0.645990263851965,74.77558747192045,-1893366.2028097184
1997-02-24,2012-02-24,810.280029296875,1365.739990234375,1.6855160448906823,0.6487824860803799,74.77558747192045,-1837227.8412478594
1997-02-25,2012-02-27,812.030029296875,1367.5899658203125,1.6841618123463842,0.6710955489899191,74.77558747192045,-1668584.57542698
1997-02-26,2012-02-27,805.6799926757812,1367.5899658203125,1.6974356794914889,0.6669750278646221,74.77558747192045,-1668584.57542698
1997-02-27,2012-02-27,795.0700073242188,1367.5899658203125,1.7200874806268827,0.6669750278646221,74.77558747192045,-1668584.57542698
1997-02-28,2012-02-28,790.8200073242188,1372.1800537109375,1.735135733798366,0.6688611375395248,74.77558747192045,-1743945.7644010214
1997-03-03,2012-03-05,795.3099975585938,1364.3299560546875,1.715469389600087,0.6728794043701193,74.77558747192045,-1672529.974670237
1997-03-04,2012-03-05,790.9500122070312,1364.3299560546875,1.7249256400511617,0.668635302072898,74.77558747192045,-1672529.974670237
1997-03-05,2012-03-05,801.989990234375,1364.3299560546875,1.70118077864784,0.6734901069034314,74.77558747192045,-1672529.974670237
1997-03-06,2012-03-06,798.5599975585938,1343.3599853515625,1.6822279972181984,0.6735354752035535,74.77558747192045,-1811473.751858796
1997-03-07,2012-03-07,804.969970703125,1352.6300048828125,1.6803484031849256,0.6611475710008965,74.77558747192045,-1841748.5256767916
1997-03-10,2012-03-12,813.6500244140625,1371.0899658203125,1.6851102128432698,0.6772981354906917,75.03134830647646,-1525899.8527733907
1997-03-11,2012-03-12,811.3400268554688,1371.0899658203125,1.6899079552802059,0.6760197138297663,75.03134830647646,-1525899.8527733907
1997-03-12,2012-03-12,804.260009765625,1371.0899658203125,1.7047844592196886,0.6736975820740235,75.03134830647646,-1525899.8527733907
1997-03-13,2012-03-13,789.5599975585938,1395.949951171875,1.768009974527972,0.667285090810687,75.03134830647646,-1373298.9117428157
1997-03-14,2012-03-14,793.1699829101562,1394.280029296875,1.7578577850125319,0.6721763110943465,75.03134830647646,-1321163.7114583682
1997-03-17,2012-03-19,795.7100219726562,1409.75,1.7716881289305222,0.6743434096827652,75.03134830647646,-1173039.5814976804
1997-03-18,2012-03-19,789.6599731445312,1409.75,1.7852620722134207,0.6743434096827652,75.03134830647646,-1173039.5814976804
1997-03-19,2012-03-19,785.77001953125,1409.75,1.794100010128898,0.6798370423482052,75.03134830647646,-1173039.5814976804
1997-03-20,2012-03-20,782.6500244140625,1405.52001953125,1.7958474103204742,0.6738603453281491,75.03134830647646,-1207961.0699745174
1997-03-21,2012-03-21,784.0999755859375,1402.8900146484375,1.7891723738418617,0.6819108402583757,75.03134830647646,-1194939.8313682992
1997-03-24,2012-03-26,790.8900146484375,1416.510009765625,1.791032866175817,0.6717283362111365,75.03134830647646,-1222222.0608661808
1997-03-25,2012-03-26,789.0700073242188,1416.510009765625,1.7951639228679988,0.6674936930936315,75.03134830647646,-1222222.0608661808
1997-03-26,2012-03-26,790.5,1416.510009765625,1.7919165208926313,0.6674936930936315,75.03134830647646,-1222222.0608661808
1997-03-27,2012-03-27,773.8800048828125,1412.52001953125,1.825244237632352,0.671905093323412,75.03134830647646,-1204765.4636585563
1997-03-31,2012-04-02,757.1199951171875,1419.0400390625,1.8742604187105905,0.6694942928084974,75.03134830647646,-1176624.67409675
1997-04-01,2012-04-02,759.6400146484375,1419.0400390625,1.8680427724956457,0.679819538221983,75.03134830647646,-1176624.67409675
1997-04-02,2012-04-02,750.1099853515625,1419.0400390625,1.8917759618910053,0.6730831781831048,75.03134830647646,-1176624.67409675
1997-04-03,2012-04-03,750.3200073242188,1413.3800048828125,1.8837029415264954,0.6651440031924091,75.03134830647646,-1352861.6845975071
1997-04-04,2012-04-04,757.9000244140625,1398.9599609375,1.8458370706862626,0.6666398537710638,75.03134830647646,-1305678.27869704
1997-04-07,2012-04-09,762.1300048828125,1382.199951171875,1.8136012784123443,0.6470167367191175,75.03134830647646,-1565401.6593244374
1997-04-08,2012-04-09,766.1199951171875,1382.199951171875,1.8041559546562291,0.6439429918123248,75.03134830647646,-1565401.6593244374
1997-04-09,2012-04-09,760.5999755859375,1382.199951171875,1.8172495339709687,0.6412520748788699,75.03134830647646,-1565401.6593244374
1997-04-10,2012-04-10,758.3400268554688,1358.5899658203125,1.7915313945036488,0.6489388707258774,75.33322043265224,-1644087.5903483303
1997-04-11,2012-04-11,737.6500244140625,1368.7099609375,1.8555004617870205,0.6399207075383199,75.33322043265224,-1679695.7647113055
1997-04-14,2012-04-16,743.72998046875,1369.5699462890625,1.8414881506132978,0.6391878061334497,75.33322043265224,-1653007.7315560114
1997-04-15,2012-04-16,754.719970703125,1369.5699462890625,1.8146729905836738,0.6420793684702071,75.33322043265224,-1653007.7315560114
1997-04-16,2012-04-16,763.530029296875,1369.5699462890625,1.7937342262101752,0.6441755138648562,75.33322043265224,-1653007.7315560114
1997-04-17,2012-04-17,761.77001953125,1390.780029296875,1.8257216661699052,0.6379444182865204,75.33322043265224,-1578327.1551132519
1997-04-18,2012-04-18,766.3400268554688,1385.1400146484375,1.807474444904173,0.6443560857883548,75.33322043265224,-1541627.7289289143
1997-04-21,2012-04-23,760.3699951171875,1366.93994140625,1.7977299869592809,0.650925319693904,75.33322043265224,-1597159.5425179396
1997-04-22,2012-04-23,774.6099853515625,1366.93994140625,1.7646815394276827,0.6468489693785803,75.33322043265224,-1597159.5425179396
1997-04-23,2012-04-23,773.6400146484375,1366.93994140625,1.7668940534667454,0.6474135027086348,75.33322043265224,-1597159.5425179396
1997-04-24,2012-04-24,771.1799926757812,1371.969970703125,1.7790528589088115,0.6431347824805572,75.33322043265224,-1619983.2028265055
1997-04-25,2012-04-25,765.3699951171875,1390.68994140625,1.8170165413831234,0.6446732624922649,75.33322043265224,-1473164.3500351273
1997-04-28,2012-04-30,772.9600219726562,1397.9100341796875,1.8085153105488023,0.6335751353688132,75.33322043265224,-1538416.8080364391
1997-04-29,2012-04-30,794.0499877929688,1397.9100341796875,1.7604811481266116,0.6334752506620683,75.33322043265224,-1538416.8080364391
1997-04-30,2012-04-30,801.3400268554688,1397.9100341796875,1.7444655044441169,0.6323784040454405,75.33322043265224,-1538416.8080364391
1997-05-01,2012-05-01,798.530029296875,1405.8199462890625,1.7605098051565087,0.6320363744440558,75.33322043265224,-1535971.2304682955
1997-05-02,2012-05-02,812.969970703125,1402.31005859375,1.72492233308558,0.6333201588480283,75.33322043265224,-1526572.9641199373
1997-05-05,2012-05-07,830.2899780273438,1369.5799560546875,1.6495200379373764,0.6303743410368203,75.33322043265224,-1764788.2458751686
1997-05-06,2012-05-07,827.760009765625,1369.5799560546875,1.6545616360984574,0.637167741138236,75.33322043265224,-1764788.2458751686
1997-05-07,2012-05-07,815.6199951171875,1369.5799560546875,1.6791887941122723,0.6378806245140933,75.33322043265224,-1764788.2458751686
1997-05-08,2012-05-08,820.260009765625,1363.719970703125,1.6625459664829743,0.645974760591674,75.33322043265224,-1789545.4885723302
1997-05-09,2012-05-09,824.780029296875,1354.5799560546875,1.6423530007261051,0.6655000050862631,75.33322043265224,-1850696.5857263785
1997-05-12,2012-05-14,837.6599731445312,1338.3499755859375,1.5977246358827943,0.6708298133452368,75.4904699865313,-1914355.6501953825
1997-05-13,2012-05-14,833.1300048828125,1338.3499755859375,1.6064119258004503,0.6759290350330323,75.4904699865313,-1914355.6501953825
1997-05-14,2012-05-14,836.0399780273438,1338.3499755859375,1.6008205477730935,0.6863636348765408,75.4904699865313,-1914355.6501953825
1997-05-15,2012-05-15,841.8800048828125,1330.6600341796875,1.5805815869981517,0.6890749082388838,75.4904699865313,-1978895.866182224
1997-05-16,2012-05-16,829.75,1324.800048828125,1.596625548452094,0.6939524574362176,75.4904699865313,-1966714.861313071
1997-05-19,2012-05-21,833.27001953125,1315.989990234375,1.5793079786725983,0.6844471290931567,75.4904699865313,-2134880.0564505896
1997-05-20,2012-05-21,841.6599731445312,1315.989990234375,1.5635648982066908,0.7031083414014521,75.4904699865313,-2134880.0564505896
1997-05-21,2012-05-21,839.3499755859375,1315.989990234375,1.567868027059514,0.6941691893950817,75.4904699865313,-2134880.0564505896
1997-05-22,2012-05-22,835.6599731445312,1316.6300048828125,1.5755571012075928,0.6836849127756263,75.4904699865313,-2107200.0871956106
1997-05-23,2012-05-23,847.030029296875,1318.8599853515625,1.5570404114791025,0.6926153261462074,75.4904699865313,-2034693.162072653
1997-05-27,2012-05-29,849.7100219726562,1332.4200439453125,1.568087947052824,0.6820488295632526,75.4904699865313,-1997355.8956022803
1997-05-28,2012-05-29,847.2100219726562,1332.4200439453125,1.5727151584478263,0.6882439278499501,75.4904699865313,-1997355.8956022803
1997-05-29,2012-05-29,844.0800170898438,1332.4200439453125,1.5785470772535655,0.6841014180702106,75.4904699865313,-1997355.8956022803
1997-05-30,2012-05-30,848.280029296875,1313.3199462890625,1.5482150951704607,0.6844008048695712,75.4904699865313,-2118120.370950234
1997-06-02,2012-06-04,846.3599853515625,1278.1800537109375,1.5102085115472523,0.6695241959066288,75.4904699865313,-2464098.893334699
1997-06-03,2012-06-04,845.47998046875,1278.1800537109375,1.5117803889363417,0.6732178004997217,75.4904699865313,-2464098.893334699
1997-06-04,2012-06-04,840.1099853515625,1278.1800537109375,1.5214437109398895,0.6719435276473483,75.4904699865313,-2464098.893334699
1997-06-05,2012-06-05,843.4299926757812,1285.5,1.524133610570039,0.6784502169786594,75.4904699865313,-2395613.536297924
1997-06-06,2012-06-06,858.010009765625,1315.1300048828125,1.5327676716056668,0.6893442254447691,75.4904699865313,-2183702.417110678
1997-06-09,2012-06-11,862.9099731445312,1308.9300537109375,1.5168790423652934,0.7039462035187968,75.4904699865313,-2138537.814279885
1997-06-10,2012-06-11,865.27001953125,1308.9300537109375,1.512741715493662,0.7103571210588727,75.58897029103217,-2128280.1430896847
1997-06-11,2012-06-11,869.5700073242188,1308.9300537109375,1.505261270152,0.7155963063519616,75.58897029103217,-2128280.1430896847
1997-06-12,2012-06-12,883.4600219726562,1324.1800537109375,1.498856791226623,0.6947612627807395,75.58897029103217,-2061892.2710959166
1997-06-13,2012-06-13,893.27001953125,1314.8800048828125,1.471984927438632,0.6925629117750198,75.58897029103217,-2095777.5788278924
1997-06-16,2012-06-18,893.9000244140625,1344.780029296875,1.5043964566153327,0.6984626412791228,75.58897029103217,-1964321.4965872103
1997-06-17,2012-06-18,894.4199829101562,1344.780029296875,1.5035218968625805,0.6985243724676268,75.58897029103217,-1964321.4965872103
1997-06-18,2012-06-18,889.0599975585938,1344.780029296875,1.512586364238311,0.6963093702379285,75.58897029103217,-1964321.4965872103
1997-06-19,2012-06-19,897.989990234375,1357.97998046875,1.5122440063216271,0.6924358185272653,75.58897029103217,-1890783.6364419656
1997-06-20,2012-06-20,898.7000122070312,1355.68994140625,1.5085010826659955,0.6874912770654864,75.58897029103217,-1900974.8635492446
1997-06-23,2012-06-25,878.6199951171875,1313.719970703125,1.495208369948268,0.7027828621551473,75.58897029103217,-2000171.521232916
1997-06-24,2012-06-25,896.3400268554688,1313.719970703125,1.4656491190200491,0.7019255895696728,75.58897029103217,-2000171.521232916
1997-06-25,2012-06-25,888.989990234375,1313.719970703125,1.477766887292818,0.7076598748253831,75.58897029103217,-2000171.521232916
1997-06-26,2012-06-26,883.6799926757812,1319.989990234375,1.4937420799099999,0.7040573098172904,75.58897029103217,-2052786.9547046814
1997-06-27,2012-06-27,887.2999877929688,1331.8499755859375,1.5010143062198422,0.6936708596032928,75.58897029103217,-2000510.1440826561
1997-06-30,2012-07-02,885.1400146484375,1365.510009765625,1.5427050942985356,0.6966145751856491,75.58897029103217,-1759218.6932574296
1997-07-01,2012-07-02,891.030029296875,1365.510009765625,1.5325072835571762,0.6952799409049154,75.58897029103217,-1759218.6932574296
1997-07-02,2012-07-02,904.030029296875,1365.510009765625,1.5104697471473088,0.6975884579823334,75.58897029103217,-1759218.6932574296
1997-07-03,2012-07-03,916.9199829101562,1374.02001953125,1.4985168227769798,0.7001586733863975,75.58897029103217,-1749301.0963071613
1997-07-07,2012-07-09,912.2000122070312,1352.4599609375,1.4826353243136638,0.7065338993287503,75.58897029103217,-1874880.4710258972
1997-07-08,2012-07-09,918.75,1352.4599609375,1.472065263605442,0.7041551775684586,75.58897029103217,-1874880.4710258972
1997-07-09,2012-07-09,907.5399780273438,1352.4599609375,1.4902483567470468,0.7057809821099135,75.58897029103217,-1874880.4710258972
1997-07-10,2012-07-10,913.780029296875,1341.469970703125,1.4680447456652603,0.7038039456199116,75.68602547634873,-1922434.2004882684
1997-07-11,2012-07-11,916.6799926757812,1341.449951171875,1.4633786729174636,0.6954425901427018,75.68602547634873,-1943672.8004164463
1997-07-14,2012-07-16,918.3800048828125,1353.6400146484375,1.4739432560067172,0.6965510788148784,75.68602547634873,-1888904.431922229
1997-07-15,2012-07-16,925.760009765625,1353.6400146484375,1.4621932254247394,0.6965510788148784,75.68602547634873,-1888904.431922229
1997-07-16,2012-07-16,936.5900268554688,1353.6400146484375,1.4452855313793838,0.6862863882634305,75.68602547634873,-1888904.431922229
1997-07-17,2012-07-17,931.6099853515625,1363.6700439453125,1.4637778312677736,0.680656283399189,75.68602547634873,-1864927.4800182516
1997-07-18,2012-07-18,915.2999877929688,1372.780029296875,1.4998143205562715,0.6851104613441137,75.68602547634873,-1781904.6274806503
1997-07-21,2012-07-23,912.9400024414062,1350.52001953125,1.4793086247942435,0.6755941706223508,75.68602547634873,-1981194.9171091039
1997-07-22,2012-07-23,933.97998046875,1350.52001953125,1.4459839051940333,0.6809304537076003,75.68602547634873,-1981194.9171091039
1997-07-23,2012-07-23,936.5599975585938,1350.52001953125,1.4420005371271025,0.6780466639367018,75.68602547634873,-1981194.9171091039
1997-07-24,2012-07-24,940.2999877929688,1338.31005859375,1.4232798851087654,0.6745133336649699,75.68602547634873,-2067771.8902978431
1997-07-25,2012-07-25,938.7899780273438,1337.8900146484375,1.4251217481674792,0.6682094504760328,75.68602547634873,-2090917.9333156915
1997-07-28,2012-07-30,936.4500122070312,1385.300048828125,1.4793101935716153,0.6675737940703143,75.68602547634873,-1769443.39914258
1997-07-29,2012-07-30,942.2899780273438,1385.300048828125,1.4701419744781854,0.6637916335361753,75.68602547634873,-1769443.39914258
1997-07-30,2012-07-30,952.2899780273438,1385.300048828125,1.4547040090642935,0.6641286127475439,75.68602547634873,-1769443.39914258
1997-07-31,2012-07-31,954.3099975585938,1379.3199462890625,1.4453583739222784,0.6588021587035011,75.68602547634873,-1846627.2185365846
1997-08-01,2012-08-01,947.1400146484375,1375.3199462890625,1.4520766993458283,0.6597973119916489,75.68602547634873,-1868293.5755910175
1997-08-04,2012-08-06,950.2999877929688,1394.22998046875,1.4671472149618667,0.666186445850437,75.68602547634873,-1704779.8487537578
1997-08-05,2012-08-06,952.3699951171875,1394.22998046875,1.4639583225185422,0.6589270628622443,75.68602547634873,-1704779.8487537578
1997-08-06,2012-08-06,960.3200073242188,1394.22998046875,1.4518389389319852,0.6627044241289791,75.68602547634873,-1704779.8487537578
1997-08-07,2012-08-07,951.1900024414062,1401.3499755859375,1.4732597819458908,0.6600269643195096,75.68602547634873,-1705904.2253154237
1997-08-08,2012-08-08,933.5399780273438,1402.219970703125,1.502045979504965,0.6862505326589362,75.68602547634873,-1657241.9755700491
1997-08-11,2012-08-13,937.0,1404.1099853515625,1.4985165265224787,0.6737558154918883,75.78358268845062,-1673536.0347769503
1997-08-12,2012-08-13,926.530029296875,1404.1099853515625,1.5154500566129663,0.6723664018449002,75.78358268845062,-1673536.0347769503
1997-08-13,2012-08-13,922.02001953125,1404.1099853515625,1.5228627964774608,0.6769031231217318,75.78358268845062,-1673536.0347769503
1997-08-14,2012-08-14,924.77001953125,1403.9300537109375,1.5181396715505175,0.6640949881959454,75.78358268845062,-1666091.2584036319
1997-08-15,2012-08-15,900.8099975585938,1405.530029296875,1.5602957705911245,0.6719096367510722,75.78358268845062,-1604933.224162953
1997-08-18,2012-08-20,912.489990234375,1418.1300048828125,1.5541321220614845,0.6731290237675787,75.78358268845062,-1454982.7478955984
1997-08-19,2012-08-20,926.010009765625,1418.1300048828125,1.5314413342483675,0.672673470296675,75.78358268845062,-1454982.7478955984
1997-08-20,2012-08-20,939.3499755859375,1418.1300048828125,1.5096929171667108,0.6743278743683151,75.78358268845062,-1454982.7478955984
1997-08-21,2012-08-21,925.0499877929688,1413.1700439453125,1.5276688423259432,0.6730296087428833,75.78358268845062,-1504146.4031977318
1997-08-22,2012-08-22,923.5399780273438,1413.489990234375,1.5305130518048078,0.6760685725116968,75.78358268845062,-1511649.9585285857
1997-08-25,2012-08-27,920.1599731445312,1410.43994140625,1.5328203601230865,0.6664691880762371,75.78358268845062,-1584692.2907979693
1997-08-26,2012-08-27,913.02001953125,1410.43994140625,1.5448072454428528,0.6665255801410973,75.78358268845062,-1584692.2907979693
1997-08-27,2012-08-27,913.7000122070312,1410.43994140625,1.5436575709344138,0.6624874266495709,75.78358268845062,-1584692.2907979693
1997-08-28,2012-08-28,903.6699829101562,1409.300048828125,1.5595295577813155,0.661597923276608,75.78358268845062,-1589357.7158227079
1997-08-29,2012-08-29,899.469970703125,1410.489990234375,1.5681346083536067,0.6578198098528033,75.78358268845062,-1601496.786400959
1997-09-02,2012-09-04,927.5800170898438,1404.93994140625,1.51462937484796,0.643441452872337,75.78358268845062,-1659138.7195444908
1997-09-03,2012-09-04,927.8599853515625,1404.93994140625,1.5141723574531816,0.6495770968356801,75.78358268845062,-1659138.7195444908
1997-09-04,2012-09-04,930.8699951171875,1404.93994140625,1.5092762134087065,0.6468951104400548,75.78358268845062,-1659138.7195444908
1997-09-05,2012-09-05,929.0499877929688,1403.43994140625,1.5106183303874012,0.6477629322772515,75.78358268845062,-1654110.6138192145
1997-09-08,2012-09-10,931.2000122070312,1429.0799560546875,1.5346648811436698,0.6461710020492534,75.78358268845062,-1528819.6099104434
1997-09-09,2012-09-10,933.6199951171875,1429.0799560546875,1.5306869642132184,0.6587972674006641,75.78358268845062,-1528819.6099104434
1997-09-10,2012-09-10,919.030029296875,1429.0799560546875,1.554987226204173,0.6567506529986692,75.88188351744995,-1517831.4245356247
1997-09-11,2012-09-11,912.5900268554688,1433.56005859375,1.5708697404171719,0.6540635361440338,75.88188351744995,-1490479.1503386851
1997-09-12,2012-09-12,923.9099731445312,1436.56005859375,1.5548701717164197,0.6422435285641612,75.88188351744995,-1524559.3442595117
1997-09-15,2012-09-17,919.77001953125,1461.18994140625,1.5886470643508561,0.6527750015258789,75.88188351744995,-1314605.7527443822
1997-09-16,2012-09-17,945.6400146484375,1461.18994140625,1.5451862429377838,0.646098660205552,75.88188351744995,-1314605.7527443822
1997-09-17,2012-09-17,943.0,1461.18994140625,1.5495121329864794,0.6497967498969984,75.88188351744995,-1314605.7527443822
1997-09-18,2012-09-18,947.2899780273438,1459.3199462890625,1.5405208332595057,0.6459194954828098,75.88188351744995,-1288071.2915104833
1997-09-19,2012-09-19,950.510009765625,1461.050048828125,1.5371222120936823,0.646132345803126,75.88188351744995,-1266988.6951372586
1997-09-22,2012-09-24,955.4299926757812,1456.8900146484375,1.524852711152876,0.6411035490935779,75.88188351744995,-1368134.1185383908
1997-09-23,2012-09-24,951.9299926757812,1456.8900146484375,1.5304591995817503,0.6385867667845593,75.88188351744995,-1368134.1185383908
1997-09-24,2012-09-24,944.47998046875,1456.8900146484375,1.5425313874047133,0.6488283547210827,75.88188351744995,-1368134.1185383908
1997-09-25,2012-09-25,937.9099731445312,1441.5899658203125,1.5370238158222085,0.6429727447909537,75.88188351744995,-1482413.4644357134
1997-09-26,2012-09-26,945.219970703125,1433.3199462890625,1.5163877094374683,0.6415318131133394,75.88188351744995,-1546068.543687122
1997-09-29,2012-10-01,953.3400268554688,1444.489990234375,1.515188652047825,0.6442359991533964,75.88188351744995,-1454865.623484226
1997-09-30,2012-10-01,947.280029296875,1444.489990234375,1.5248817092729776,0.6470700320519417,75.88188351744995,-1454865.623484226
1997-10-01,2012-10-01,955.4099731445312,1444.489990234375,1.5119059156145709,0.6434915282864129,75.88188351744995,-1454865.623484226
1997-10-02,2012-10-02,960.4600219726562,1445.75,1.505268274498946,0.6415207512316313,75.88188351744995,-1438415.8228299133
1997-10-03,2012-10-03,965.030029296875,1450.989990234375,1.503569781441488,0.6405814685941063,75.88188351744995,-1388227.5076580513
1997-10-06,2012-10-08,972.6900024414062,1455.8800048828125,1.4967564190323968,0.6463168731924672,75.88188351744995,-1305402.70218095
1997-10-07,2012-10-08,983.1199951171875,1455.8800048828125,1.4808772195801716,0.6429902164859371,75.88188351744995,-1305402.70218095
1997-10-08,2012-10-08,973.8400268554688,1455.8800048828125,1.4949888736693764,0.6496244530561754,75.88188351744995,-1305402.70218095
1997-10-09,2012-10-09,970.6199951171875,1441.47998046875,1.4851125957844227,0.6462974068183094,75.88188351744995,-1436903.5000362713
1997-10-10,2012-10-10,966.97998046875,1432.56005859375,1.48147850785836,0.6517706889233158,75.94073406103308,-1490581.2013488375
1997-10-13,2012-10-15,968.0999755859375,1440.1300048828125,1.4875839698386328,0.6482280077744821,75.94073406103308,-1418383.8287393525
1997-10-14,2012-10-15,970.280029296875,1440.1300048828125,1.4842416224174169,0.646093077736151,75.94073406103308,-1418383.8287393525
1997-10-15,2012-10-15,965.719970703125,1440.1300048828125,1.4912501020707662,0.6480139127296537,75.94073406103308,-1418383.8287393525
1997-10-16,2012-10-16,955.25,1454.9200439453125,1.5230777743473567,0.657122606022971,75.94073406103308,-1294784.7471896764
1997-10-17,2012-10-17,944.1599731445312,1460.9100341796875,1.547311976501309,0.653011329186413,75.94073406103308,-1254951.439112598
1997-10-20,2012-10-22,955.6099853515625,1433.8199462890625,1.500423779855722,0.6540975900129417,75.94073406103308,-1370074.256404696
1997-10-21,2012-10-22,972.280029296875,1433.8199462890625,1.474698546802365,0.6559924183444189,75.94073406103308,-1370074.256404696
1997-10-22,2012-10-22,968.489990234375,1433.8199462890625,1.4804695564711798,0.6561010081284628,75.94073406103308,-1370074.256404696
1997-10-23,2012-10-23,950.6900024414062,1413.1099853515625,1.4864045921621611,0.6568941452650041,75.94073406103308,-1416064.5876145624
1997-10-24,2012-10-24,941.6400146484375,1408.75,1.496060042144618,0.6538335394628051,75.94073406103308,-1460735.9756092634
1997-10-27,2012-10-31,876.989990234375,1412.1600341796875,1.6102350652853958,0.6543812129804092,75.94073406103308,-1454650.622723775
1997-10-28,2012-10-31,921.8499755859375,1412.1600341796875,1.5318761963215368,0.6610037004619407,75.94073406103308,-1454650.622723775
1997-10-29,2012-10-31,919.1599731445312,1412.1600341796875,1.5363593666383855,0.6598542290353548,75.94073406103308,-1454650.622723775
1997-10-30,2012-10-31,903.6799926757812,1412.1600341796875,1.5626771043124519,0.6645316960580636,75.94073406103308,-1454650.622723775
1997-10-31,2012-10-31,914.6199951171875,1412.1600341796875,1.5439855259218904,0.6622672731883152,75.94073406103308,-1454650.622723775
1997-11-03,2012-11-05,938.989990234375,1417.260009765625,1.5093451735431942,0.6635344560047366,75.94073406103308,-1335964.8774956483
1997-11-04,2012-11-05,940.760009765625,1417.260009765625,1.5065053733722293,0.6609195236702272,75.94073406103308,-1335964.8774956483
1997-11-05,2012-11-05,942.760009765625,1417.260009765625,1.5033094266673055,0.6539930326996021,75.94073406103308,-1335964.8774956483
1997-11-06,2012-11-06,938.030029296875,1428.3900146484375,1.52275510382021,0.6482814611638525,75.94073406103308,-1304805.025933832
1997-11-07,2012-11-07,927.510009765625,1394.530029296875,1.5035201934362548,0.64593724009882,75.94073406103308,-1497157.7015599273
1997-11-10,2012-11-12,921.1300048828125,1380.030029296875,1.4981924614131361,0.6393112760412398,76.07222818613931,-1658133.6107400367
1997-11-11,2012-11-12,923.780029296875,1380.030029296875,1.493894634577963,0.6370560165631196,76.07222818613931,-1658133.6107400367
1997-11-12,2012-11-12,905.9600219726562,1380.030029296875,1.5232791688666005,0.629236615874119,76.07222818613931,-1658133.6107400367
1997-11-13,2012-11-13,916.6599731445312,1374.530029296875,1.4994982540599606,0.6327344804594714,76.07222818613931,-1676949.633623587
1997-11-14,2012-11-14,928.3499755859375,1355.489990234375,1.460106668693392,0.6339050662284406,76.07222818613931,-1806470.7647879776
1997-11-17,2012-11-19,946.2000122070312,1386.8900146484375,1.4657471958951762,0.6490923723487171,76.07222818613931,-1398695.98424544
1997-11-18,2012-11-19,938.22998046875,1386.8900146484375,1.478198355967619,0.6463648834683,76.07222818613931,-1398695.98424544
1997-11-19,2012-11-19,944.5900268554688,1386.8900146484375,1.4682454559311633,0.6417854188773673,76.07222818613931,-1398695.98424544
1997-11-20,2012-11-20,958.97998046875,1387.81005859375,1.4471731285937666,0.6453787901989793,76.07222818613931,-1411571.249917699
1997-11-21,2012-11-21,963.0900268554688,1391.030029296875,1.4443406021331662,0.6485403683703671,76.07222818613931,-1348788.073521085
1997-11-24,2012-11-26,946.6699829101562,1406.2900390625,1.4855124430368296,0.6497638304845116,76.07222818613931,-1169260.8106155805
1997-11-25,2012-11-26,950.8200073242188,1406.2900390625,1.4790286576110836,0.6487425259784066,76.07222818613931,-1169260.8106155805
1997-11-26,2012-11-26,951.6400146484375,1406.2900390625,1.477754211062702,0.649303857492293,76.07222818613931,-1169260.8106155805
1997-11-28,2012-11-28,955.4000244140625,1409.9300537109375,1.475748396150224,0.6422535201177816,76.07222818613931,-1196384.578609338
1997-12-01,2012-12-03,974.77001953125,1409.4599609375,1.4459410247509303,0.6403852500736217,76.07222818613931,-1159004.8951685037
1997-12-02,2012-12-03,971.6799926757812,1409.4599609375,1.4505392429210922,0.641531176105636,76.07222818613931,-1159004.8951685037
1997-12-03,2012-12-03,976.77001953125,1409.4599609375,1.4429803666720822,0.6408331581187444,76.07222818613931,-1159004.8951685037
1997-12-04,2012-12-04,973.0999755859375,1407.050048828125,1.4459460324011322,0.6357043744185686,76.07222818613931,-1208694.219772229
1997-12-05,2012-12-05,983.7899780273438,1409.280029296875,1.432500900367685,0.6283871260351395,76.07222818613931,-1228745.9971155263
1997-12-08,2012-12-10,982.3699951171875,1418.550048828125,1.4440079154279395,0.633614701649694,76.07222818613931,-1090763.8295244426
1997-12-09,2012-12-10,975.780029296875,1418.550048828125,1.4537600752603024,0.6364967487875963,76.07222818613931,-1090763.8295244426
1997-12-10,2012-12-10,969.7899780273438,1418.550048828125,1.4627394394336877,0.6386632229436844,76.25966350124887,-1068812.2510204911
1997-12-11,2012-12-11,954.9400024414062,1427.8399658203125,1.4952143194021477,0.6356618798474333,76.25966350124887,-1033189.0409617554
1997-12-12,2012-12-12,953.3900146484375,1428.47998046875,1.4983164901255044,0.6334049540702013,76.25966350124887,-1010650.9407588989
1997-12-15,2012-12-17,963.3900146484375,1430.3599853515625,1.4847153941838735,0.6430656397288653,76.25966350124887,-820149.0889052805
1997-12-16,2012-12-17,968.0399780273438,1430.3599853515625,1.4775835893330842,0.6439020588858515,76.25966350124887,-820149.0889052805
1997-12-17,2012-12-17,965.5399780273438,1430.3599853515625,1.4814093853201957,0.6621400325860989,76.25966350124887,-820149.0889052805
1997-12-18,2012-12-18,955.2999877929688,1446.7900390625,1.5144876557624811,0.653297552463006,76.25966350124887,-742837.5814445503
1997-12-19,2012-12-19,946.780029296875,1435.81005859375,1.5165191640766362,0.6528983490253258,76.25966350124887,-762943.5965481531
1997-12-22,2012-12-24,953.7000122070312,1426.6600341796875,1.495921165900106,0.6481609954031475,76.25966350124887,-816477.4022518918
1997-12-23,2012-12-24,939.1300048828125,1426.6600341796875,1.5191294355010099,0.6502079718059155,76.25966350124887,-816477.4022518918
1997-12-24,2012-12-24,932.7000122070312,1426.6600341796875,1.5296022467114667,0.6508096040726498,76.25966350124887,-816477.4022518918
1997-12-26,2012-12-26,936.4600219726562,1419.8299560546875,1.5161671857211916,0.651540668600663,76.25966350124887,-796560.852393508
1997-12-29,2012-12-31,953.3499755859375,1426.18994140625,1.4959773199025896,0.6627602244183219,76.25966350124887,-650924.7384107187
1997-12-30,2012-12-31,970.8400268554688,1426.18994140625,1.46902672114339,0.6608748692556358,76.25966350124887,-650924.7384107187
1997-12-31,2012-12-31,970.4299926757812,1426.18994140625,1.4696474265740642,0.6583946131424738,76.25966350124887,-650924.7384107187
1998-01-02,2013-01-02,975.0399780273438,1462.4200439453125,1.499856495016762,0.6547213705061588,76.25966350124887,-342051.1753097549
1998-01-05,2013-01-07,977.0700073242188,1461.8900146484375,1.496197819695577,0.661154438397612,76.25966350124887,-167401.36392585002
1998-01-06,2013-01-07,966.5800170898438,1461.8900146484375,1.512435586088218,0.6577031620624421,76.25966350124887,-167401.36392585002
1998-01-07,2013-01-07,964.0,1461.8900146484375,1.5164834176851012,0.6690789951934006,76.25966350124887,-167401.36392585002
1998-01-08,2013-01-08,956.0499877929688,1457.1500244140625,1.5241358119546424,0.6587617996408626,76.25966350124887,-304292.3388374653
1998-01-09,2013-01-09,927.6900024414062,1461.02001953125,1.57490111533624,0.660492650500998,76.25966350124887,-321437.58171963133
1998-01-12,2013-01-14,939.2100219726562,1470.6800537109375,1.5658692084886572,0.6742712942962563,76.33936633454668,50817.63528668322
1998-01-13,2013-01-14,952.1199951171875,1470.6800537109375,1.5446372949345795,0.6816126474847859,76.33936633454668,50817.63528668322
1998-01-14,2013-01-14,957.9400024414062,1470.6800537109375,1.5352527819725261,0.6844266096009745,76.33936633454668,50817.63528668322
1998-01-15,2013-01-15,950.72998046875,1472.3399658203125,1.548641566025284,0.6891079497557795,76.33936633454668,55080.24886392057
1998-01-16,2013-01-16,961.510009765625,1472.6300048828125,1.5315805243065297,0.6862820520686679,76.33936633454668,-22756.824153006077
1998-01-20,2013-01-22,978.5999755859375,1492.56005859375,1.5251993621807303,0.6979824093030952,76.33936633454668,209121.40854104236
1998-01-21,2013-01-22,970.8099975585938,1492.56005859375,1.5374378738859926,0.7069033410187069,76.33936633454668,209121.40854104236
1998-01-22,2013-01-22,963.0399780273438,1492.56005859375,1.549842262676422,0.7042363916532759,76.33936633454668,209121.40854104236
1998-01-23,2013-01-23,957.5900268554688,1494.81005859375,1.5610125593124677,0.7042879990288757,76.33936633454668,102296.6568378713
1998-01-26,2013-01-28,956.9500122070312,1500.1800537109375,1.5676681483613182,0.7201563890288571,76.33936633454668,442073.99471773393
1998-01-27,2013-01-28,969.02001953125,1500.1800537109375,1.5481414454539637,0.7294320068359375,76.33936633454668,442073.99471773393
1998-01-28,2013-01-28,977.4600219726562,1500.1800537109375,1.5347738219342786,0.7300744759395811,76.33936633454668,442073.99471773393
1998-01-29,2013-01-29,985.489990234375,1507.8399658203125,1.530040873841559,0.7185067354099951,76.33936633454668,412628.6436936669
1998-01-30,2013-01-30,980.280029296875,1501.9599609375,1.5321743951213718,0.7148818969726562,76.33936633454668,409860.90660326555
1998-02-02,2013-02-04,1001.27001953125,1495.7099609375,1.49381278951878,0.7342302949221442,76.33936633454668,592622.0694094859
1998-02-03,2013-02-04,1006.0,1495.7099609375,1.486789225583996,0.7379096066043418,76.33936633454668,592622.0694094859
1998-02-04,2013-02-04,1006.9000244140625,1495.7099609375,1.4854602489536008,0.7500808248234145,76.33936633454668,592622.0694094859
1998-02-05,2013-02-05,1003.5399780273438,1511.2900390625,1.5059589773725202,0.7459969302078076,76.33936633454668,631776.7388142925
1998-02-06,2013-02-06,1012.4600219726562,1512.1199951171875,1.4935108175145564,0.7542926029254806,76.33936633454668,801185.7548152916
1998-02-09,2013-02-11,1010.739990234375,1517.010009765625,1.5008904608729825,0.744448925102426,76.33936633454668,716255.1048526242
1998-02-10,2013-02-11,1019.010009765625,1517.010009765625,1.4887096252514156,0.75091293630889,76.39094301567164,723495.2602132875
1998-02-11,2013-02-11,1020.010009765625,1517.010009765625,1.4872501203338184,0.7486650874149,76.39094301567164,723495.2602132875
1998-02-12,2013-02-12,1024.1400146484375,1519.4300537109375,1.4836155525399728,0.7565542320649786,76.39094301567164,932815.0193313304
1998-02-13,2013-02-13,1020.0900268554688,1520.3299560546875,1.4903880206938787,0.7456645277168111,76.39094301567164,836390.3948828056
1998-02-17,2013-02-19,1022.760009765625,1530.93994140625,1.4968711396499352,0.7399067847964015,76.39094301567164,952362.6049046908
1998-02-18,2013-02-19,1032.0799560546875,1530.93994140625,1.4833540099534004,0.7410777834173299,76.39094301567164,952362.6049046908
1998-02-19,2013-02-19,1028.280029296875,1530.93994140625,1.4888356262769078,0.7428412925563265,76.39094301567164,952362.6049046908
1998-02-20,2013-02-20,1034.2099609375,1511.949951171875,1.4619371387617548,0.732494332522207,76.39094301567164,823206.7915170081
1998-02-23,2013-02-25,1038.1400146484375,1487.8499755859375,1.433188158236818,0.7362087728496575,76.39094301567164,708881.6504174396
1998-02-24,2013-02-25,1030.56005859375,1487.8499755859375,1.443729516954288,0.7366116685415576,76.39094301567164,708881.6504174396
1998-02-25,2013-02-25,1042.9000244140625,1487.8499755859375,1.4266467933221723,0.7343725563489941,76.39094301567164,708881.6504174396
1998-02-26,2013-02-26,1048.6700439453125,1496.93994140625,1.4274651498334536,0.7249098057233867,76.39094301567164,565842.512569109
1998-02-27,2013-02-27,1049.3399658203125,1515.989990234375,1.444708139987085,0.7307417562896049,76.39094301567164,667066.1962104235
1998-03-02,2013-03-04,1047.699951171875,1525.199951171875,1.4557602579497173,0.7445214001271748,76.39094301567164,901278.8311811425
1998-03-03,2013-03-04,1052.02001953125,1525.199951171875,1.449782250200391,0.7416296787792775,76.39094301567164,901278.8311811425
1998-03-04,2013-03-04,1047.3299560546875,1525.199951171875,1.4562745411363323,0.7396363872784399,76.39094301567164,901278.8311811425
1998-03-05,2013-03-05,1035.050048828125,1539.7900390625,1.4876479072735056,0.7318107262128081,76.39094301567164,986387.3672357015
1998-03-06,2013-03-06,1055.68994140625,1541.4599609375,1.460144594050192,0.7297895652707436,76.39094301567164,985113.9005544521
1998-03-09,2013-03-11,1052.31005859375,1556.219970703125,1.4788606817868613,0.7529752368445513,76.39094301567164,1432796.2369854264
1998-03-10,2013-03-11,1064.25,1556.219970703125,1.4622691761363635,0.7554595118889698,76.47700138098973,1445675.8758055419
1998-03-11,2013-03-11,1068.469970703125,1556.219970703125,1.4564938775762015,0.744177059107117,76.47700138098973,1445675.8758055419
1998-03-12,2013-03-12,1069.9200439453125,1552.47998046875,1.4510242978008017,0.7498564122556314,76.47700138098973,1471478.9573292062
1998-03-13,2013-03-13,1068.6099853515625,1554.52001953125,1.4547122344358665,0.7501761307173942,76.47700138098973,1391563.507701574
1998-03-16,2013-03-18,1079.27001953125,1552.0999755859375,1.4381016311933206,0.7321681749241122,76.47700138098973,1263319.7358361464
1998-03-17,2013-03-18,1080.449951171875,1552.0999755859375,1.4365311173391258,0.7369447342895555,76.47700138098973,1263319.7358361464
1998-03-18,2013-03-18,1085.52001953125,1552.0999755859375,1.4298216040789062,0.7299153841458834,76.47700138098973,1263319.7358361464
1998-03-19,2013-03-19,1089.739990234375,1548.3399658203125,1.4208343088219644,0.7292007825570627,76.47700138098973,1289793.508957453
1998-03-20,2013-03-20,1099.1600341796875,1558.7099609375,1.418091917889626,0.729358484574714,76.47700138098973,1330479.7013200298
1998-03-23,2013-03-25,1095.550048828125,1551.68994140625,1.4163569643085163,0.7276549846545673,76.47700138098973,1253105.7597501054
1998-03-24,2013-03-25,1105.6500244140625,1551.68994140625,1.40341871943481,0.7280460877519194,76.47700138098973,1253105.7597501054
1998-03-25,2013-03-25,1101.9300537109375,1551.68994140625,1.408156476158055,0.7351007979045543,76.47700138098973,1253105.7597501054
1998-03-26,2013-03-26,1100.800048828125,1563.77001953125,1.4205758994978128,0.7321982084923905,76.47700138098973,1237264.3157404028
1998-03-27,2013-03-27,1095.43994140625,1562.8499755859375,1.4266870473790274,0.726285494395879,76.47700138098973,1310972.2716319077
1998-03-30,2013-04-01,1093.5999755859375,1562.1700439453125,1.4284656902157673,0.7135008181939639,76.47700138098973,1263877.8628060129
1998-03-31,2013-04-01,1101.75,1562.1700439453125,1.4178988372546517,0.7086207855552428,76.47700138098973,1263877.8628060129
1998-04-01,2013-04-01,1108.1500244140625,1562.1700439453125,1.4097098854203558,0.705597972803223,76.47700138098973,1263877.8628060129
1998-04-02,2013-04-02,1120.010009765625,1570.25,1.4019963985220032,0.69766398628674,76.47700138098973,1189800.9406237025
1998-04-03,2013-04-03,1122.699951171875,1553.68994140625,1.3838870659827742,0.6906495381727108,76.47700138098973,1093417.2871769704
1998-04-06,2013-04-08,1121.3800048828125,1563.0699462890625,1.3938807001043396,0.733390300237228,76.47700138098973,1804586.0892798137
1998-04-07,2013-04-08,1109.550048828125,1563.0699462890625,1.4087421725049107,0.739929525572419,76.47700138098973,1804586.0892798137
1998-04-08,2013-04-08,1101.6500244140625,1563.0699462890625,1.4188443803833406,0.7496470253816232,76.47700138098973,1804586.0892798137
1998-04-09,2013-04-09,1110.6700439453125,1568.6099853515625,1.4123096178767545,0.7567073253703077,76.47700138098973,1909885.5917863715
1998-04-13,2013-04-15,1109.68994140625,1552.3599853515625,1.398913270660398,0.759481304834246,76.59807123658899,1701238.8613058217
1998-04-14,2013-04-15,1115.75,1552.3599853515625,1.3913152456657518,0.7612438692472792,76.59807123658899,1701238.8613058217
1998-04-15,2013-04-15,1119.3199462890625,1552.3599853515625,1.386877800666538,0.7573770782511804,76.59807123658899,1701238.8613058217
1998-04-16,2013-04-16,1108.1700439453125,1574.5699462890625,1.420873948805971,0.7362896642045084,76.59807123658899,1674953.5924325995
1998-04-17,2013-04-17,1122.719970703125,1552.010009765625,1.3823660843884775,0.740535637799104,76.59807123658899,1603971.8751936965
1998-04-20,2013-04-22,1123.6500244140625,1562.5,1.3905575277451534,0.7566684171062723,76.59807123658899,1944152.3293585312
1998-04-21,2013-04-22,1126.6700439453125,1562.5,1.3868301623858938,0.7604739794209241,76.59807123658899,1944152.3293585312
1998-04-22,2013-04-22,1130.5400390625,1562.5,1.3820828506840879,0.7657254328874961,76.59807123658899,1944152.3293585312
1998-04-23,2013-04-23,1119.5799560546875,1578.780029296875,1.4101538891964205,0.7617146200727752,76.59807123658899,1991568.4936361797
1998-04-24,2013-04-24,1107.9000244140625,1578.7900390625,1.4250293386332202,0.7600808480787062,76.59807123658899,2054166.3003513403
1998-04-27,2013-04-29,1086.5400390625,1593.6099853515625,1.4666831668040305,0.739155446685879,76.59807123658899,1943323.9086496904
1998-04-28,2013-04-29,1085.1099853515625,1593.6099853515625,1.4686160913312876,0.7409466157323947,76.59807123658899,1943323.9086496904
1998-04-29,2013-04-29,1094.6199951171875,1593.6099853515625,1.4558568201387134,0.7390995562756292,76.59807123658899,1943323.9086496904
1998-04-30,2013-04-30,1111.75,1597.5699462890625,1.436986684316674,0.7369832318781043,76.59807123658899,1975693.4822228793
1998-05-01,2013-05-01,1121.0,1582.699951171875,1.4118643632220116,0.7290982274368141,76.59807123658899,1792092.0738205258
1998-05-04,2013-05-06,1122.0699462890625,1617.5,1.4415322372276667,0.7454490496026562,76.59807123658899,2278230.1912632063
1998-05-05,2013-05-06,1115.5,1617.5,1.4500224114746751,0.7538988267389709,76.59807123658899,2278230.1912632063
1998-05-06,2013-05-06,1104.9200439453125,1617.5,1.4639068309634695,0.7453368943293335,76.59807123658899,2278230.1912632063
1998-05-07,2013-05-07,1095.1400146484375,1625.9599609375,1.4847050963245705,0.7450986305085366,76.59807123658899,2372838.131644273
1998-05-08,2013-05-08,1108.1400146484375,1632.68994140625,1.4733606943380961,0.7434592843804829,76.59807123658899,2353015.623902153
1998-05-11,2013-05-13,1106.6400146484375,1633.77001953125,1.4763337651858484,0.767030349004596,76.73108997743687,2777164.116233472
1998-05-12,2013-05-13,1115.7900390625,1633.77001953125,1.4642271057590395,0.7613011114707612,76.73108997743687,2777164.116233472
1998-05-13,2013-05-13,1118.8599853515625,1633.77001953125,1.460209535528161,0.7611305633160534,76.73108997743687,2777164.116233472
1998-05-14,2013-05-14,1117.3699951171875,1650.3399658203125,1.4769861129546693,0.7609235787176382,76.73108997743687,2874334.602697434
1998-05-15,2013-05-15,1108.72998046875,1658.780029296875,1.4961082125654925,0.7593046476564139,76.73108997743687,3009288.650841534
1998-05-18,2013-05-20,1105.8199462890625,1666.2900390625,1.5068366641913782,0.757158632122226,76.73108997743687,3130964.3648849055
1998-05-19,2013-05-20,1109.52001953125,1666.2900390625,1.5018116029726747,0.7531607211736063,76.73108997743687,3130964.3648849055
1998-05-20,2013-05-20,1119.06005859375,1666.2900390625,1.4890085891872669,0.7564336242696669,76.73108997743687,3130964.3648849055
1998-05-21,2013-05-21,1114.6400146484375,1669.1600341796875,1.4974879891658548,0.7570655996783386,76.73108997743687,3085060.5551958065
1998-05-22,2013-05-22,1110.469970703125,1655.3499755859375,1.4906751368862379,0.7549152811097424,76.73108997743687,3011856.007580718
1998-05-26,2013-05-28,1094.02001953125,1660.06005859375,1.5173945896392542,0.733548588941203,76.73108997743687,2878575.13057575
1998-05-27,2013-05-28,1092.22998046875,1660.06005859375,1.5198814244975272,0.7346679766326084,76.73108997743687,2878575.13057575
1998-05-28,2013-05-28,1097.5999755859375,1660.06005859375,1.5124454223020107,0.7288948054446736,76.73108997743687,2878575.13057575
1998-05-29,2013-05-29,1090.8199462890625,1648.3599853515625,1.5111201357833939,0.7383495433910473,76.73108997743687,2957416.92817224
1998-06-01,2013-06-03,1090.97998046875,1640.4200439453125,1.5036206651935908,0.7194328747684577,76.73108997743687,2647036.237833062
1998-06-02,2013-06-03,1093.219970703125,1640.4200439453125,1.500539770500392,0.7248304823547542,76.73108997743687,2647036.237833062
1998-06-03,2013-06-03,1082.72998046875,1640.4200439453125,1.5150776957659562,0.7258253502919044,76.73108997743687,2647036.237833062
1998-06-04,2013-06-04,1094.8299560546875,1631.3800048828125,1.4900761491415786,0.7199740117034351,76.73108997743687,2484959.942044681
1998-06-05,2013-06-05,1113.8599853515625,1608.9000244140625,1.4444365051018981,0.7173524150268337,76.73108997743687,2376128.4169360846
1998-06-08,2013-06-10,1115.719970703125,1642.81005859375,1.4724214872289627,0.6969705646639781,76.73108997743687,2383352.294870369
1998-06-09,2013-06-10,1118.4100341796875,1642.81005859375,1.4688799352544173,0.6987055099419797,76.73108997743687,2383352.294870369
1998-06-10,2013-06-10,1112.280029296875,1642.81005859375,1.4769752358425856,0.6935263197695098,76.91369822478394,2412822.777558841
1998-06-11,2013-06-11,1094.5799560546875,1626.1300048828125,1.4856201192867153,0.6866898306290278,76.91369822478394,2363209.6298292372
1998-06-12,2013-06-12,1098.8399658203125,1612.52001953125,1.4674748550190035,0.6666805511244082,76.91369822478394,1919038.515778277
1998-06-15,2013-06-17,1077.010009765625,1639.0400390625,1.521842902295014,0.6446101144482262,76.91369822478394,1880582.541508684
1998-06-16,2013-06-17,1087.5899658203125,1639.0400390625,1.5070385812416516,0.658344399464562,76.91369822478394,1880582.541508684
1998-06-17,2013-06-17,1107.1099853515625,1639.0400390625,1.4804672171229882,0.6886517541975884,76.91369822478394,1880582.541508684
1998-06-18,2013-06-18,1106.3699951171875,1651.81005859375,1.4929996889682362,0.6891832649586775,76.91369822478394,2028792.9915303085
1998-06-19,2013-06-19,1100.6500244140625,1628.9300537109375,1.479970942242161,0.6967466689224461,76.91369822478394,1967041.4679028783
1998-06-22,2013-06-24,1103.2099609375,1573.0899658203125,1.425920741762984,0.7138308169095885,76.91369822478394,1908411.6230022013
1998-06-23,2013-06-24,1119.489990234375,1573.0899658203125,1.4051844853842528,0.7075700373999375,76.91369822478394,1908411.6230022013
1998-06-24,2013-06-24,1132.8800048828125,1573.0899658203125,1.3885759824872506,0.6960608258091528,76.91369822478394,1908411.6230022013
1998-06-25,2013-06-25,1129.280029296875,1588.030029296875,1.4062322790615824,0.6853899939447379,76.91369822478394,1912559.2513537612
1998-06-26,2013-06-26,1133.199951171875,1603.260009765625,1.4148076940063818,0.6892346023917295,76.91369822478394,2102767.695452312
1998-06-29,2013-07-01,1138.489990234375,1614.9599609375,1.418510461040625,0.6993665938411192,76.91369822478394,2344242.1901956294
1998-06-30,2013-07-01,1133.8399658203125,1614.9599609375,1.4243279559907787,0.718323042060875,76.91369822478394,2344242.1901956294
1998-07-01,2013-07-01,1148.56005859375,1614.9599609375,1.4060735865347702,0.7204059402096588,76.91369822478394,2344242.1901956294
1998-07-02,2013-07-02,1146.4200439453125,1614.0799560546875,1.407930683504068,0.7096054966407631,76.91369822478394,2371903.890615467
1998-07-06,2013-07-08,1157.3299560546875,1640.4599609375,1.4174522592759908,0.7245997921218976,76.91369822478394,2792261.3843119647
1998-07-07,2013-07-08,1154.6600341796875,1640.4599609375,1.4207298359494553,0.7316590620486616,76.91369822478394,2792261.3843119647
1998-07-08,2013-07-08,1166.3800048828125,1640.4599609375,1.4064541179290182,0.7260007591698606,76.91369822478394,2792261.3843119647
1998-07-09,2013-07-09,1158.56005859375,1652.3199462890625,1.426184110208869,0.7155019557123787,76.91369822478394,2816626.710110631
1998-07-10,2013-07-10,1164.3299560546875,1652.6199951171875,1.4193742817689434,0.7156207676698065,77.11082667321686,2890421.817243578
1998-07-13,2013-07-15,1165.18994140625,1682.5,1.4439705838598438,0.7037743933589246,77.11082667321686,2869716.0160402786
1998-07-14,2013-07-15,1177.5799560546875,1682.5,1.428777715983698,0.7074382950550511,77.11082667321686,2869716.0160402786
1998-07-15,2013-07-15,1174.81005859375,1682.5,1.432146403320683,0.7053757743865019,77.11082667321686,2869716.0160402786
1998-07-16,2013-07-16,1183.989990234375,1676.260009765625,1.415772112595144,0.7130850209340216,77.11082667321686,2918799.4758445118
1998-07-17,2013-07-17,1186.75,1680.9100341796875,1.4163977536799557,0.711283272773203,77.11082667321686,2852758.960228311
1998-07-20,2013-07-22,1184.0999755859375,1695.530029296875,1.431914588510875,0.7205641305009728,77.11082667321686,3125231.5207936466
1998-07-21,2013-07-22,1165.0699462890625,1695.530029296875,1.455303207071313,0.71593923167177,77.11082667321686,3125231.5207936466
1998-07-22,2013-07-22,1164.0799560546875,1695.530029296875,1.456540867728179,0.7115749832437775,77.11082667321686,3125231.5207936466
1998-07-23,2013-07-23,1139.75,1692.3900146484375,1.4848782756292498,0.7046754143175402,77.11082667321686,2961939.9048071373
1998-07-24,2013-07-24,1140.800048828125,1685.93994140625,1.4778575291420388,0.702364810643883,77.11082667321686,2935030.3505940065
1998-07-27,2013-07-29,1147.27001953125,1685.3299560546875,1.468991542848193,0.6884047574394101,77.11082667321686,2730605.8341697957
1998-07-28,2013-07-29,1130.239990234375,1685.3299560546875,1.4911257525980874,0.6949982348736357,77.11082667321686,2730605.8341697957
1998-07-29,2013-07-29,1125.2099609375,1685.3299560546875,1.4977915363018186,0.6891312225859715,77.11082667321686,2730605.8341697957
1998-07-30,2013-07-30,1142.949951171875,1685.9599609375,1.4750951773600172,0.6823230398896958,77.11082667321686,2746155.2526647765
1998-07-31,2013-07-31,1120.6700439453125,1685.72998046875,1.5042161513786405,0.6771398883615339,77.11082667321686,2740906.8272680715
1998-08-03,2013-08-05,1112.43994140625,1707.1400146484375,1.5345907236038463,0.6790322555307875,77.11082667321686,3023701.944930693
1998-08-04,2013-08-05,1072.1199951171875,1707.1400146484375,1.5923031213141767,0.6835359527692318,77.11082667321686,3023701.944930693
1998-08-05,2013-08-05,1081.4300537109375,1707.1400146484375,1.5785949436030284,0.6879084447239732,77.11082667321686,3023701.944930693
1998-08-06,2013-08-06,1089.6300048828125,1697.3699951171875,1.557748949194673,0.6792891352167595,77.11082667321686,2857154.897982061
1998-08-07,2013-08-07,1089.449951171875,1690.9100341796875,1.5520768369036573,0.6655358333144612,77.11082667321686,2687743.810719792
1998-08-10,2013-08-12,1083.1400146484375,1689.469970703125,1.559789083456111,0.6565764254836384,77.30720844943632,2544134.4843551237
1998-08-11,2013-08-12,1068.97998046875,1689.469970703125,1.5804505243983042,0.6523841728154757,77.30720844943632,2544134.4843551237
1998-08-12,2013-08-12,1084.219970703125,1689.469970703125,1.5582354285611348,0.6574303588599055,77.30720844943632,2544134.4843551237
1998-08-13,2013-08-13,1074.9100341796875,1694.1600341796875,1.5760947244971788,0.6721062109667459,77.30720844943632,2730359.699066922
1998-08-14,2013-08-14,1062.75,1685.3900146484375,1.585876278191896,0.6703981792422528,77.30720844943632,2788628.905804293
1998-08-17,2013-08-19,1083.6700439453125,1646.06005859375,1.518967943970239,0.6671698901844574,77.30720844943632,2428351.1489719395
1998-08-18,2013-08-19,1101.199951171875,1646.06005859375,1.4947876240296285,0.6744026714364165,77.30720844943632,2428351.1489719395
1998-08-19,2013-08-19,1098.06005859375,1646.06005859375,1.4990619554105318,0.6789030960831709,77.30720844943632,2428351.1489719395
1998-08-20,2013-08-20,1091.5999755859375,1652.3499755859375,1.5136955043435272,0.6821798585041671,77.30720844943632,2464601.640039915
1998-08-21,2013-08-21,1081.239990234375,1642.800048828125,1.5193667119841021,0.672913333433926,77.30720844943632,2358397.502647016
1998-08-24,2013-08-26,1088.1400146484375,1656.780029296875,1.5225798215243072,0.6871215177508639,77.30720844943632,2642239.1968868263
1998-08-25,2013-08-26,1092.8499755859375,1656.780029296875,1.516017812425336,0.6843108574044847,77.30720844943632,2642239.1968868263
1998-08-26,2013-08-26,1084.18994140625,1656.780029296875,1.528127098419624,0.6848331262550679,77.30720844943632,2642239.1968868263
1998-08-27,2013-08-27,1042.5899658203125,1630.47998046875,1.5638746141066917,0.6922015170644218,77.30720844943632,2385210.615351634
1998-08-28,2013-08-28,1027.1400146484375,1634.9599609375,1.5917595825502941,0.6834932424206839,77.30720844943632,2246585.690567307
1998-08-31,2013-09-03,957.280029296875,1639.77001953125,1.712947068096329,0.7179320638983372,77.30720844943632,2622094.8338530473
1998-09-01,2013-09-03,994.260009765625,1639.77001953125,1.6492366216336005,0.7262581711312628,77.30720844943632,2622094.8338530473
1998-09-02,2013-09-03,990.47998046875,1639.77001953125,1.655530704169528,0.720216995984262,77.30720844943632,2622094.8338530473
1998-09-03,2013-09-03,982.260009765625,1639.77001953125,1.669384891198525,0.7432815370597992,77.30720844943632,2622094.8338530473
1998-09-04,2013-09-04,973.8900146484375,1653.0799560546875,1.697399019591991,0.7459463198434563,77.30720844943632,2722503.2152814493
1998-09-08,2013-09-09,1023.4600219726562,1671.7099609375,1.6333905819939911,0.7606283895198218,77.30720844943632,2920550.292240463
1998-09-09,2013-09-09,1006.2000122070312,1671.7099609375,1.661409203594341,0.736207622450375,77.30720844943632,2920550.292240463
1998-09-10,2013-09-10,980.1900024414062,1683.989990234375,1.718024042318306,0.7427858604843168,77.44278976397844,3004642.488609109
1998-09-11,2013-09-11,1009.0599975585938,1689.1300048828125,1.673963896071233,0.7660606589008591,77.44278976397844,3118375.5821185894
1998-09-14,2013-09-16,1029.719970703125,1697.5999755859375,1.6486035270606272,0.7431884903166872,77.44278976397844,3017192.846180208
1998-09-15,2013-09-16,1037.6800537109375,1697.5999755859375,1.635957026941978,0.7377616752582857,77.44278976397844,3017192.846180208
1998-09-16,2013-09-16,1045.47998046875,1697.5999755859375,1.6237517765044185,0.7367187789153499,77.44278976397844,3017192.846180208
1998-09-17,2013-09-17,1018.8699951171875,1704.760009765625,1.6731869796298677,0.7517262671053535,77.44278976397844,3079357.1880800724
1998-09-18,2013-09-18,1020.0900268554688,1725.52001953125,1.6915369958574549,0.747289882496391,77.44278976397844,3246383.629054997
1998-09-21,2013-09-23,1023.8900146484375,1701.8399658203125,1.6621316171392253,0.7403206257172825,77.44278976397844,3084235.5701276455
1998-09-22,2013-09-23,1029.6300048828125,1701.8399658203125,1.6528655514599224,0.7329420647028997,77.44278976397844,3084235.5701276455
1998-09-23,2013-09-23,1066.0899658203125,1701.8399658203125,1.596338039361262,0.732455403164043,77.44278976397844,3084235.5701276455
1998-09-24,2013-09-24,1042.719970703125,1697.4200439453125,1.627877178568577,0.7317868763324442,77.44278976397844,2979663.3706866354
1998-09-25,2013-09-25,1044.75,1692.77001953125,1.6202632395608998,0.7253195474458789,77.44278976397844,2944762.1290992834
1998-09-28,2013-09-30,1048.68994140625,1681.550048828125,1.6034768547252733,0.7182599535312726,77.44278976397844,2739416.5507767014
1998-09-29,2013-09-30,1049.02001953125,1681.550048828125,1.6029723146556518,0.7291272625331728,77.44278976397844,2739416.5507767014
1998-09-30,2013-09-30,1017.010009765625,1681.550048828125,1.6534252688581172,0.7177856651120518,77.44278976397844,2739416.5507767014
1998-10-01,2013-10-01,986.3900146484375,1695.0,1.718387224960018,0.7258778643998353,77.44278976397844,2916528.219449738
1998-10-02,2013-10-02,1002.5999755859375,1693.8699951171875,1.6894773951368385,0.7221681275418654,77.44278976397844,2845738.9110376816
1998-10-05,2013-10-07,988.5599975585938,1676.1199951171875,1.6955167104238817,0.7268583973039653,77.44278976397844,2628573.7221777868
1998-10-06,2013-10-07,984.5900268554688,1676.1199951171875,1.7023532124028216,0.7464324355458383,77.44278976397844,2628573.7221777868
1998-10-07,2013-10-07,970.6799926757812,1676.1199951171875,1.726748266951281,0.7997533883699179,77.44278976397844,2628573.7221777868
1998-10-08,2013-10-08,959.4400024414062,1655.449951171875,1.725433530975768,0.8124425963718358,77.44278976397844,2472837.15524674
1998-10-09,2013-10-09,984.3900146484375,1656.4000244140625,1.68266642262277,0.8309836246408571,77.44278976397844,2430095.946630504
1998-10-12,2013-10-14,997.7100219726562,1710.1400146484375,1.7140651862624132,0.8351512229973747,77.55711576632258,3039732.979262732
1998-10-13,2013-10-14,994.7999877929688,1710.1400146484375,1.7190792477214432,0.8280468307169581,77.55711576632258,3039732.979262732
1998-10-14,2013-10-14,1005.530029296875,1710.1400146484375,1.7007349008206814,0.828675012613838,77.55711576632258,3039732.979262732
1998-10-15,2013-10-15,1047.489990234375,1698.06005859375,1.6210752125791774,0.8537429590693394,77.55711576632258,2991873.7904731166
1998-10-16,2013-10-16,1056.4200439453125,1721.5400390625,1.6295980457103278,0.8551939238690662,77.55711576632258,3157366.097224025
1998-10-19,2013-10-21,1062.3900146484375,1744.6600341796875,1.6422029670120954,0.8548097419698223,77.55711576632258,3250580.9997486454
1998-10-20,2013-10-21,1063.9300537109375,1744.6600341796875,1.6398258777392332,0.8452183793996603,77.55711576632258,3250580.9997486454
1998-10-21,2013-10-21,1069.9200439453125,1744.6600341796875,1.6306452468600199,0.8355546459303363,77.55711576632258,3250580.9997486454
1998-10-22,2013-10-22,1078.47998046875,1754.6700439453125,1.6269843443757421,0.8361917737286481,77.55711576632258,3362941.4174205773
1998-10-23,2013-10-23,1070.6700439453125,1746.3800048828125,1.6311094297992834,0.8314947129820015,77.55711576632258,3291545.7448868323
1998-10-26,2013-10-28,1072.3199462890625,1762.1099853515625,1.6432688690065222,0.8171007177163724,77.55711576632258,3334322.84243544
1998-10-27,2013-10-28,1065.3399658203125,1762.1099853515625,1.6540353707604845,0.8249767689542272,77.55711576632258,3334322.84243544
1998-10-28,2013-10-28,1068.0899658203125,1762.1099853515625,1.6497767432898127,0.8286199549454286,77.55711576632258,3334322.84243544
1998-10-29,2013-10-29,1085.9300537109375,1771.949951171875,1.6317348848727493,0.8350012803756395,77.55711576632258,3415656.087533606
1998-10-30,2013-10-30,1098.6700439453125,1763.31005859375,1.604949610040993,0.8481817663594238,77.55711576632258,3428740.688338276
1998-11-02,2013-11-04,1111.5999755859375,1767.9300537109375,1.5904372908779894,0.8589382074163424,77.55711576632258,3532208.6213152483
1998-11-03,2013-11-04,1110.8399658203125,1767.9300537109375,1.5915254295027002,0.857073382848313,77.55711576632258,3532208.6213152483
1998-11-04,2013-11-04,1118.6700439453125,1767.9300537109375,1.5803856224448654,0.8440985536124191,77.55711576632258,3532208.6213152483
1998-11-05,2013-11-05,1133.8499755859375,1762.969970703125,1.5548529423322326,0.8351143113941617,77.55711576632258,3485354.9816507027
1998-11-06,2013-11-06,1141.010009765625,1770.489990234375,1.5516866417307342,0.827709153490594,77.55711576632258,3519396.9235954545
1998-11-09,2013-11-11,1130.199951171875,1771.8900146484375,1.5677668476371909,0.815445920701084,77.55711576632258,3632191.989363771
1998-11-10,2013-11-11,1128.260009765625,1771.8900146484375,1.570462481442123,0.812773412676534,77.72786500494557,3662204.53405354
1998-11-11,2013-11-11,1120.969970703125,1771.8900146484375,1.5806757192050602,0.8159825429511944,77.72786500494557,3662204.53405354
1998-11-12,2013-11-12,1117.68994140625,1767.68994140625,1.5815566338390645,0.8135401279479383,77.72786500494557,3621438.845164329
1998-11-13,2013-11-13,1125.719970703125,1782.0,1.5829869295886811,0.8108831746230871,77.72786500494557,3798055.361583907
1998-11-16,2013-11-18,1135.8699951171875,1791.530029296875,1.5772315819576193,0.8330897977716417,77.72786500494557,3974475.0472061764
1998-11-17,2013-11-18,1139.3199462890625,1791.530029296875,1.5724555996163847,0.8299891922698227,77.72786500494557,3974475.0472061764
1998-11-18,2013-11-18,1144.47998046875,1791.530029296875,1.565365982691204,0.8215636105055169,77.72786500494557,3974475.0472061764
1998-11-19,2013-11-19,1152.6099853515625,1787.8699951171875,1.551149146579588,0.8332332101277874,77.72786500494557,3877693.095979102
1998-11-20,2013-11-20,1163.550048828125,1781.3699951171875,1.5309784026147417,0.8327597440937516,77.72786500494557,3871270.254285993
1998-11-23,2013-11-25,1188.2099609375,1802.47998046875,1.516970939249314,0.8364162030701667,77.72786500494557,4191024.955436077
1998-11-24,2013-11-25,1182.989990234375,1802.47998046875,1.5236646086173908,0.8350370846430041,77.72786500494557,4191024.955436077
1998-11-25,2013-11-25,1186.8699951171875,1802.47998046875,1.5186835861418666,0.831814106166314,77.72786500494557,4191024.955436077
1998-11-27,2013-11-27,1192.3299560546875,1807.22998046875,1.5157129713059556,0.8231075934467477,77.72786500494557,4220555.56427375
1998-11-30,2013-12-02,1163.6300048828125,1800.9000244140625,1.5476569157353661,0.833571954909304,77.72786500494557,4343902.354143815
1998-12-01,2013-12-02,1175.280029296875,1800.9000244140625,1.532315686068002,0.8411673036290478,77.72786500494557,4343902.354143815
1998-12-02,2013-12-02,1171.25,1800.9000244140625,1.5375880678028282,0.8535693299999987,77.72786500494557,4343902.354143815
1998-12-03,2013-12-03,1150.1400146484375,1795.1500244140625,1.5608099896974585,0.8737945330273112,77.72786500494557,4362568.502073491
1998-12-04,2013-12-04,1176.739990234375,1792.81005859375,1.5235396718663996,0.862484195702877,77.72786500494557,4262744.434308035
1998-12-07,2013-12-09,1187.699951171875,1808.3699951171875,1.5225815184490934,0.8594249725341797,77.72786500494557,4496169.096041342
1998-12-08,2013-12-09,1181.3800048828125,1808.3699951171875,1.5307267666990603,0.8662830244470019,77.72786500494557,4496169.096041342
1998-12-09,2013-12-09,1183.489990234375,1808.3699951171875,1.5279977101953037,0.8728818905813753,77.72786500494557,4496169.096041342
1998-12-10,2013-12-10,1165.02001953125,1802.6199951171875,1.5472867117274758,0.8803580234756399,77.89194254608569,4499534.812099615
1998-12-11,2013-12-11,1166.4599609375,1782.219970703125,1.5278878233169102,0.8846643650669318,77.89194254608569,4270477.043715967
1998-12-14,2013-12-16,1141.199951171875,1786.5400390625,1.5654925652844083,0.893107317271114,77.89194254608569,4370750.572990863
1998-12-15,2013-12-16,1162.8299560546875,1786.5400390625,1.5363725622652256,0.884918589062756,77.89194254608569,4370750.572990863
1998-12-16,2013-12-16,1161.93994140625,1786.5400390625,1.5375493821998418,0.8856775128173503,77.89194254608569,4370750.572990863
1998-12-17,2013-12-17,1179.97998046875,1781.0,1.509347641044294,0.8866351388385697,77.89194254608569,4292477.2655927595
1998-12-18,2013-12-18,1188.030029296875,1810.6500244140625,1.5240776577724047,0.8869836063627965,77.89194254608569,4473580.809838986
1998-12-21,2013-12-23,1202.8399658203125,1827.989990234375,1.519728344732645,0.8991357089303483,77.89194254608569,4812383.291520357
1998-12-22,2013-12-23,1203.5699462890625,1827.989990234375,1.5188066101771414,0.8925017240756362,77.89194254608569,4812383.291520357
1998-12-23,2013-12-23,1228.5400390625,1827.989990234375,1.4879368454521968,0.8999134961285112,77.89194254608569,4812383.291520357
1998-12-24,2013-12-24,1226.27001953125,1833.3199462890625,1.495037729936398,0.8960605589906205,77.89194254608569,4876421.907483371
1998-12-28,2013-12-30,1225.489990234375,1841.0699462890625,1.5023133285135668,0.9108363071565412,77.89194254608569,5103363.4212355465
1998-12-29,2013-12-30,1241.81005859375,1841.0699462890625,1.482569684106059,0.9105213224002642,77.89194254608569,5103363.4212355465
1998-12-30,2013-12-30,1231.9300537109375,1841.0699462890625,1.4944598037390318,0.9173417118232559,77.89194254608569,5103363.4212355465
1998-12-31,2013-12-31,1229.22998046875,1848.3599853515625,1.50367304305962,0.924936103398776,77.89194254608569,5107594.279771876
1999-01-04,2014-01-06,1228.0999755859375,1826.77001953125,1.4874766353282285,0.937467600128386,77.89194254608569,4927998.653858231
1999-01-05,2014-01-06,1244.780029296875,1826.77001953125,1.4675444468394285,0.9375513952894251,77.89194254608569,4927998.653858231
1999-01-06,2014-01-06,1272.3399658203125,1826.77001953125,1.4357562197250333,0.9304833930241824,77.89194254608569,4927998.653858231
1999-01-07,2014-01-07,1269.72998046875,1837.8800048828125,1.4474573595594844,0.9362141889331761,77.89194254608569,4918291.187804481
1999-01-08,2014-01-08,1275.0899658203125,1837.489990234375,1.4410669360512534,0.9450541074166389,77.89194254608569,4986974.318850532
1999-01-11,2014-01-13,1263.8800048828125,1819.199951171875,1.4393771118647867,0.9536605275005375,78.06666149184683,4762718.8269090075
1999-01-12,2014-01-13,1239.510009765625,1819.199951171875,1.4676766922728295,0.9231705053837034,78.06666149184683,4762718.8269090075
1999-01-13,2014-01-13,1234.4000244140625,1819.199951171875,1.4737523616263712,0.9158501982163753,78.06666149184683,4762718.8269090075
1999-01-14,2014-01-14,1212.18994140625,1838.8800048828125,1.5169899881775502,0.908510989554653,78.06666149184683,4802839.975455249
1999-01-15,2014-01-15,1243.260009765625,1848.3800048828125,1.4867203886267222,0.913049975878141,78.06666149184683,5032702.300097704
1999-01-19,2014-01-21,1252.0,1843.800048828125,1.4726837450703874,0.9174735904407983,78.06666149184683,5002074.810210556
1999-01-20,2014-01-21,1256.6199951171875,1843.800048828125,1.4672693861251025,0.9231620643533001,78.06666149184683,5002074.810210556
1999-01-21,2014-01-21,1235.1600341796875,1843.800048828125,1.4927620695342982,0.9150570419478038,78.06666149184683,5002074.810210556
1999-01-22,2014-01-22,1225.18994140625,1844.8599853515625,1.505774674606018,0.9108809757090263,78.06666149184683,5010411.095376419
1999-01-25,2014-01-27,1233.97998046875,1781.56005859375,1.4437511846156463,0.897537429998458,78.06666149184683,4193159.9409474935
1999-01-26,2014-01-27,1252.31005859375,1781.56005859375,1.4226189803141147,0.896906346867764,78.06666149184683,4193159.9409474935
1999-01-27,2014-01-27,1243.1700439453125,1781.56005859375,1.4330783365241075,0.8827855051797716,78.06666149184683,4193159.9409474935
1999-01-28,2014-01-28,1265.3699951171875,1792.5,1.4165817167444328,0.8829535226353257,78.06666149184683,4365815.187817568
1999-01-29,2014-01-29,1279.6400146484375,1774.199951171875,1.386483644511,0.8877795312292092,78.06666149184683,4298099.545869619
1999-02-01,2014-02-03,1273.0,1741.8900146484375,1.3683346540836117,0.8882398838077395,78.06666149184683,3896429.9111339077
1999-02-02,2014-02-03,1261.989990234375,1741.8900146484375,1.3802724491696927,0.9131623447294527,78.06666149184683,3896429.9111339077
1999-02-03,2014-02-03,1272.0699462890625,1741.8900146484375,1.3693350902047128,0.9052352014818421,78.06666149184683,3896429.9111339077
1999-02-04,2014-02-04,1248.489990234375,1755.199951171875,1.4058582486851792,0.902892352454609,78.06666149184683,3858739.61939553
1999-02-05,2014-02-05,1239.4000244140625,1751.6400146484375,1.413296740474522,0.8992660182536028,78.06666149184683,3905430.995044412
1999-02-08,2014-02-10,1243.77001953125,1799.8399658203125,1.4470842177870096,0.8952497824003613,78.06666149184683,4405390.9500140585
1999-02-09,2014-02-10,1216.1400146484375,1799.8399658203125,1.4799611427477053,0.8997279931632053,78.06666149184683,4405390.9500140585
1999-02-10,2014-02-10,1223.550048828125,1799.8399658203125,1.4709982379095474,0.8969728725971245,78.2395636117798,4437296.024294464
1999-02-11,2014-02-11,1254.0400390625,1819.75,1.451109967238698,0.8909019869035826,78.2395636117798,4541334.007889416
1999-02-12,2014-02-12,1230.1300048828125,1819.260009765625,1.4789168645137922,0.8996928423757005,78.2395636117798,4592502.483559165
1999-02-16,2014-02-18,1241.8699951171875,1840.760009765625,1.4822485582252303,0.8601938065521226,78.2395636117798,4698995.253839053
1999-02-17,2014-02-18,1224.030029296875,1840.760009765625,1.5038520017544186,0.8598315002860862,78.2395636117798,4698995.253839053
1999-02-18,2014-02-18,1237.280029296875,1840.760009765625,1.4877472893599497,0.8530045562756312,78.2395636117798,4698995.253839053
1999-02-19,2014-02-19,1239.219970703125,1828.75,1.4757267016624818,0.8436273549701195,78.2395636117798,4641724.264058752
1999-02-22,2014-02-24,1272.1400146484375,1847.6099853515625,1.4523637053128615,0.8463754802150063,78.2395636117798,4818889.696484799
1999-02-23,2014-02-24,1271.1800537109375,1847.6099853515625,1.4534604912638942,0.8487580851495521,78.2395636117798,4818889.696484799
1999-02-24,2014-02-24,1253.4100341796875,1847.6099853515625,1.4740666940334157,0.8447713372665844,78.2395636117798,4818889.696484799
1999-02-25,2014-02-25,1245.02001953125,1845.1199951171875,1.4820002619812291,0.8568729395132536,78.2395636117798,4794443.602120444
1999-02-26,2014-02-26,1238.3299560546875,1845.1600341796875,1.4900390846219673,0.8573227043030489,78.2395636117798,4746835.516210763
1999-03-01,2014-03-03,1236.1600341796875,1845.72998046875,1.4931157208084076,0.8461827536939346,78.2395636117798,4629364.751998803
1999-03-02,2014-03-03,1225.5,1845.72998046875,1.506103615233578,0.8449124188151939,78.2395636117798,4629364.751998803
1999-03-03,2014-03-03,1227.699951171875,1845.72998046875,1.5034047844564524,0.8315275283805582,78.2395636117798,4629364.751998803
1999-03-04,2014-03-04,1246.6400146484375,1873.9100341796875,1.5031685267283397,0.8212827972666403,78.2395636117798,4868409.539527316
1999-03-05,2014-03-05,1275.469970703125,1873.81005859375,1.4691134261363907,0.8327465684201258,78.2395636117798,4979916.378399288
1999-03-08,2014-03-10,1282.72998046875,1877.1700439453125,1.4634179231230997,0.8479743641314516,78.2395636117798,5155408.863457689
1999-03-09,2014-03-10,1279.8399658203125,1877.1700439453125,1.4667224763075293,0.8520353556383877,78.2395636117798,5155408.863457689
1999-03-10,2014-03-10,1286.8399658203125,1877.1700439453125,1.4587439726809281,0.8616399515760248,78.4172379710029,5189825.307444265
1999-03-11,2014-03-11,1297.6800537109375,1867.6300048828125,1.4392068364941002,0.8668738200992686,78.4172379710029,5119365.057233175
1999-03-12,2014-03-12,1294.5899658203125,1868.199951171875,1.4430823662286743,0.866750906155362,78.4172379710029,5065964.865972066
1999-03-15,2014-03-17,1307.260009765625,1858.8299560546875,1.4219282638256119,0.859603021649346,78.4172379710029,4770297.901704742
1999-03-16,2014-03-17,1306.3800048828125,1858.8299560546875,1.4228861044313303,0.8629705621802162,78.4172379710029,4770297.901704742
1999-03-17,2014-03-17,1297.8199462890625,1858.8299560546875,1.432271064541546,0.8567684510625643,78.4172379710029,4770297.901704742
1999-03-18,2014-03-18,1316.550048828125,1872.25,1.4220879803745474,0.8667376112087183,78.4172379710029,4954599.745957473
1999-03-19,2014-03-19,1299.2900390625,1860.77001953125,1.4321436812321633,0.8655290536074343,78.4172379710029,4801764.580750778
1999-03-22,2014-03-24,1297.010009765625,1857.43994140625,1.4320937598175492,0.8642518569481468,78.4172379710029,4891944.148536403
1999-03-23,2014-03-24,1262.1400146484375,1857.43994140625,1.471659181904339,0.865275847543317,78.4172379710029,4891944.148536403
1999-03-24,2014-03-24,1268.5899658203125,1857.43994140625,1.4641767564393176,0.8654223619660151,78.4172379710029,4891944.148536403
1999-03-25,2014-03-25,1289.989990234375,1865.6199951171875,1.4462282724986322,0.8650613577015912,78.4172379710029,4952553.784242619
1999-03-26,2014-03-26,1282.800048828125,1852.56005859375,1.4441534051126028,0.8502493854310404,78.4172379710029,4859212.818223609
1999-03-29,2014-03-31,1310.1700439453125,1872.3399658203125,1.429081648197465,0.8554123793080264,78.4172379710029,5106546.609379211
1999-03-30,2014-03-31,1300.75,1872.3399658203125,1.439431071166875,0.8542759702202769,78.4172379710029,5106546.609379211
1999-03-31,2014-03-31,1286.3699951171875,1872.3399658203125,1.4555221071133142,0.8662878070812114,78.4172379710029,5106546.609379211
1999-04-01,2014-04-01,1293.719970703125,1885.52001953125,1.4574406071095023,0.8551284133956243,78.4172379710029,5260940.019253271
1999-04-05,2014-04-07,1321.1199951171875,1845.0400390625,1.3965726397917693,0.8489729029226286,78.4172379710029,4948641.710212044
1999-04-06,2014-04-07,1317.8900146484375,1845.0400390625,1.3999954613471184,0.8562194519152139,78.4172379710029,4948641.710212044
1999-04-07,2014-04-07,1326.8900146484375,1845.0400390625,1.3904996033535963,0.8503703678586355,78.4172379710029,4948641.710212044
1999-04-08,2014-04-08,1343.97998046875,1851.9599609375,1.3779669249921254,0.8505446442034577,78.4172379710029,4968255.852687702
1999-04-09,2014-04-09,1348.3499755859375,1872.1800537109375,1.3884971169279436,0.8433700251948623,78.4172379710029,4968135.022557866
1999-04-12,2014-04-14,1358.6300048828125,1830.6099853515625,1.3473940504570707,0.8425415287139293,78.60925320043444,4597796.536714757
1999-04-13,2014-04-14,1349.8199462890625,1830.6099853515625,1.356188275617272,0.8467612584195588,78.60925320043444,4597796.536714757
1999-04-14,2014-04-14,1328.43994140625,1830.6099853515625,1.3780148641222945,0.8536015185859607,78.60925320043444,4597796.536714757
1999-04-15,2014-04-15,1322.8499755859375,1842.97998046875,1.3931889590521618,0.8558327000066573,78.60925320043444,4763370.42851554
1999-04-16,2014-04-16,1319.0,1862.31005859375,1.411910582709439,0.8654179225700716,78.60925320043444,4914263.177643642
1999-04-19,2014-04-21,1289.47998046875,1871.8900146484375,1.4516627190815097,0.8726282534145646,78.60925320043444,5091485.816118302
1999-04-20,2014-04-21,1306.1700439453125,1871.8900146484375,1.433113569956295,0.8630090938995915,78.60925320043444,5091485.816118302
1999-04-21,2014-04-21,1336.1199951171875,1871.8900146484375,1.400989448170229,0.8565939587660963,78.60925320043444,5091485.816118302
1999-04-22,2014-04-22,1358.8199462890625,1879.550048828125,1.3832222981132831,0.8577276590352748,78.60925320043444,5169494.867179077
1999-04-23,2014-04-23,1356.8499755859375,1875.3900146484375,1.3821646080205554,0.8601927876962746,78.60925320043444,5128696.88034156
1999-04-26,2014-04-28,1360.0400390625,1869.4300537109375,1.3745404547057078,0.8555807481997978,78.60925320043444,5004789.759993743
1999-04-27,2014-04-28,1362.800048828125,1869.4300537109375,1.3717566676919808,0.849459284103807,78.60925320043444,5004789.759993743
1999-04-28,2014-04-28,1350.9100341796875,1869.4300537109375,1.3838301636763775,0.8573768284217089,78.60925320043444,5004789.759993743
1999-04-29,2014-04-29,1342.8299560546875,1878.3299560546875,1.3987846693361907,0.860033569336797,78.60925320043444,5136909.093332045
1999-04-30,2014-04-30,1335.1800537109375,1883.949951171875,1.4110081602370497,0.8592108622839033,78.60925320043444,5189308.200115534
1999-05-03,2014-05-05,1354.6300048828125,1884.6600341796875,1.3912729139221505,0.8501081010689783,78.60925320043444,5141105.10944574
1999-05-04,2014-05-05,1332.0,1884.6600341796875,1.414909935570336,0.8459564523927288,78.60925320043444,5141105.10944574
1999-05-05,2014-05-05,1347.31005859375,1884.6600341796875,1.398831710754683,0.8484848446460145,78.60925320043444,5141105.10944574
1999-05-06,2014-05-06,1332.050048828125,1867.719970703125,1.4021394859346743,0.8476348497066261,78.60925320043444,4996202.073099986
1999-05-07,2014-05-07,1345.0,1878.2099609375,1.3964386326672862,0.8427364078607233,78.60925320043444,5014430.802715385
1999-05-10,2014-05-12,1340.300048828125,1896.6500244140625,1.4150936024156495,0.8458537436153615,78.7869362198737,5227044.043066619
1999-05-11,2014-05-12,1355.6099853515625,1896.6500244140625,1.3991118720788909,0.8424969334185656,78.7869362198737,5227044.043066619
1999-05-12,2014-05-12,1364.0,1896.6500244140625,1.390505883001512,0.8426362463303294,78.7869362198737,5227044.043066619
1999-05-13,2014-05-13,1367.56005859375,1897.449951171875,1.3874710212895558,0.8393018279966632,78.7869362198737,5276071.439561043
1999-05-14,2014-05-14,1337.800048828125,1888.530029296875,1.4116683811988002,0.8323048175063514,78.7869362198737,5211252.449536383
1999-05-17,2014-05-19,1339.489990234375,1885.0799560546875,1.4073117155021433,0.8228687079521598,78.7869362198737,5080984.737229314
1999-05-18,2014-05-19,1333.3199462890625,1885.0799560546875,1.413824162236004,0.8236697016738377,78.7869362198737,5080984.737229314
1999-05-19,2014-05-19,1344.22998046875,1885.0799560546875,1.4023492880268422,0.8172394351460325,78.7869362198737,5080984.737229314
1999-05-20,2014-05-20,1338.8299560546875,1872.8299560546875,1.3988557303973168,0.8159819961253789,78.7869362198737,4976785.231282476
1999-05-21,2014-05-21,1330.2900390625,1888.030029296875,1.4192619457839684,0.8174860643602577,78.7869362198737,5062935.456379015
1999-05-24,2014-05-27,1306.6500244140625,1911.9100341796875,1.4632150908480945,0.8275318725352634,78.7869362198737,5348652.88243033
1999-05-25,2014-05-27,1284.4000244140625,1911.9100341796875,1.4885627513530235,0.8329436415206201,78.7869362198737,5348652.88243033
1999-05-26,2014-05-27,1304.760009765625,1911.9100341796875,1.465334636155139,0.8331479529829684,78.7869362198737,5348652.88243033
1999-05-27,2014-05-27,1281.4100341796875,1911.9100341796875,1.4920361033411318,0.8455933376961229,78.7869362198737,5348652.88243033
1999-05-28,2014-05-28,1301.8399658203125,1909.780029296875,1.4669852512121093,0.838764565221784,78.7869362198737,5344042.064546175
1999-06-01,2014-06-02,1294.260009765625,1924.969970703125,1.4873131798700279,0.8440430988110913,78.7869362198737,5450767.371697089
1999-06-02,2014-06-02,1294.81005859375,1924.969970703125,1.4866813537066361,0.8377271518738222,78.7869362198737,5450767.371697089
1999-06-03,2014-06-03,1299.5400390625,1924.239990234375,1.4807085063901064,0.8419927547094451,78.7869362198737,5527381.09622084
1999-06-04,2014-06-04,1327.75,1927.8800048828125,1.4519902126776971,0.8380189637466587,78.7869362198737,5574981.105308304
1999-06-07,2014-06-09,1334.52001953125,1951.27001953125,1.4621511786811812,0.8502447888063558,78.7869362198737,5754720.9484426975
1999-06-08,2014-06-09,1317.3299560546875,1951.27001953125,1.4812310390140746,0.8582914744328705,78.7869362198737,5754720.9484426975
1999-06-09,2014-06-09,1318.6400146484375,1951.27001953125,1.4797594475027955,0.8582914744328705,78.7869362198737,5754720.9484426975
1999-06-10,2014-06-10,1302.8199462890625,1950.7900390625,1.497359665561698,0.8625537030786768,78.94191098798616,5781827.631134329
1999-06-11,2014-06-11,1293.6400146484375,1943.8900146484375,1.5026514274735954,0.8673618496508659,78.94191098798616,5700533.173881499
1999-06-14,2014-06-16,1294.0,1937.780029296875,1.4975116146034582,0.8465504811300903,78.94191098798616,5598102.336769497
1999-06-15,2014-06-16,1301.1600341796875,1937.780029296875,1.489271095325751,0.8467613720239057,78.94191098798616,5598102.336769497
1999-06-16,2014-06-16,1330.4100341796875,1937.780029296875,1.4565284232027635,0.8473946756172721,78.94191098798616,5598102.336769497
1999-06-17,2014-06-17,1339.9000244140625,1941.989990234375,1.4493543957382986,0.8518983206782875,78.94191098798616,5617119.745701289
1999-06-18,2014-06-18,1342.8399658203125,1956.97998046875,1.457344158857584,0.8485507889177678,78.94191098798616,5784630.844171859
1999-06-21,2014-06-23,1349.0,1962.6099853515625,1.4548628505200611,0.8346908972113153,78.94191098798616,5813308.459519381
1999-06-22,2014-06-23,1335.8800048828125,1962.6099853515625,1.4691514044509775,0.8376364642611543,78.94191098798616,5813308.459519381
1999-06-23,2014-06-23,1333.06005859375,1962.6099853515625,1.4722592374584587,0.8376364642611543,78.94191098798616,5813308.459519381
1999-06-24,2014-06-24,1315.780029296875,1949.97998046875,1.481995422525738,0.8352053925313127,78.94191098798616,5681373.750554403
1999-06-25,2014-06-25,1315.31005859375,1959.530029296875,1.4897856338085684,0.8410498077256546,78.94191098798616,5764361.1578306705
1999-06-28,2014-06-30,1331.3499755859375,1960.22998046875,1.4723626517558146,0.8356784026980365,78.94191098798616,5697726.212012617
1999-06-29,2014-06-30,1351.449951171875,1960.22998046875,1.4504643540583853,0.8380255946799329,78.94191098798616,5697726.212012617
1999-06-30,2014-06-30,1372.7099609375,1960.22998046875,1.4280001138259388,0.839065339231968,78.94191098798616,5697726.212012617
1999-07-01,2014-07-01,1380.9599609375,1973.3199462890625,1.4289479797440499,0.8377998315727564,78.94191098798616,5778718.063036067
1999-07-02,2014-07-02,1391.219970703125,1974.6199951171875,1.4193441991198639,0.8394510721235761,78.94191098798616,5828083.356546568
1999-07-06,2014-07-07,1388.1199951171875,1977.6500244140625,1.424696734699154,0.8362817517315008,78.94191098798616,5941359.400882684
1999-07-07,2014-07-07,1395.8599853515625,1977.6500244140625,1.4167968457925024,0.8344365311637099,78.94191098798616,5941359.400882684
1999-07-08,2014-07-08,1394.4200439453125,1963.7099609375,1.4082628612978503,0.8306136184695095,78.94191098798616,5780936.397832077
1999-07-09,2014-07-09,1403.280029296875,1972.8299560546875,1.4058704712296022,0.8298029105264245,78.94191098798616,5801275.427453438
1999-07-12,2014-07-14,1399.0999755859375,1977.0999755859375,1.4131227289586192,0.8300172359476988,79.12057106883658,5857236.454906175
1999-07-13,2014-07-14,1393.56005859375,1977.0999755859375,1.4187404148056892,0.8353523199112363,79.12057106883658,5857236.454906175
1999-07-14,2014-07-14,1398.1700439453125,1977.0999755859375,1.4140626057235632,0.8395726730172499,79.12057106883658,5857236.454906175
1999-07-15,2014-07-15,1409.6199951171875,1973.280029296875,1.399866656355728,0.8389388881158548,79.12057106883658,5850016.860612802
1999-07-16,2014-07-16,1418.780029296875,1981.5699462890625,1.3966717217404712,0.8410689282042241,79.12057106883658,5938554.840446711
1999-07-19,2014-07-21,1407.6500244140625,1973.6300048828125,1.4020743584360327,0.8559121202016248,79.12057106883658,5824720.076943165
1999-07-20,2014-07-21,1377.0999755859375,1973.6300048828125,1.433178447369487,0.8495263271030769,79.12057106883658,5824720.076943165
1999-07-21,2014-07-21,1379.2900390625,1973.6300048828125,1.430902818833002,0.8561290359589592,79.12057106883658,5824720.076943165
1999-07-22,2014-07-22,1360.969970703125,1983.530029296875,1.4574384975387176,0.8668889498817206,79.12057106883658,5913516.344594136
1999-07-23,2014-07-23,1356.93994140625,1987.010009765625,1.4643315810325463,0.8707629132725146,79.12057106883658,5952440.510163391
1999-07-26,2014-07-28,1347.760009765625,1978.9100341796875,1.4682955569544012,0.8702446300272144,79.12057106883658,5931094.574327379
1999-07-27,2014-07-28,1362.8399658203125,1978.9100341796875,1.4520487245826796,0.8727826295351148,79.12057106883658,5931094.574327379
1999-07-28,2014-07-28,1365.4000244140625,1978.9100341796875,1.4493262038931793,0.8768441894738157,79.12057106883658,5931094.574327379
1999-07-29,2014-07-29,1341.030029296875,1969.949951171875,1.4689827283023285,0.882541583043803,79.12057106883658,5868469.183704147
1999-07-30,2014-07-30,1328.719970703125,1970.0699462890625,1.4826825740013159,0.8903270391661102,79.12057106883658,5910897.829174606
1999-08-02,2014-08-04,1328.050048828125,1938.989990234375,1.460027799362942,0.8961381063768941,79.12057106883658,5734600.14551737
1999-08-03,2014-08-04,1322.1800537109375,1938.989990234375,1.466509787976493,0.889686022086065,79.12057106883658,5734600.14551737
1999-08-04,2014-08-04,1305.3299560546875,1938.989990234375,1.4854405058586888,0.8956685147732486,79.12057106883658,5734600.14551737
1999-08-05,2014-08-05,1313.7099609375,1920.2099609375,1.4616696363991826,0.8959545876027168,79.12057106883658,5579012.0925937
1999-08-06,2014-08-06,1300.2900390625,1920.239990234375,1.4767782052832263,0.8959737719406727,79.12057106883658,5586396.013400225
1999-08-09,2014-08-11,1297.800048828125,1936.9200439453125,1.4924641478433398,0.8872242428418932,79.12057106883658,5655276.036171855
1999-08-10,2014-08-11,1281.4300537109375,1936.9200439453125,1.5115300584188103,0.8903172449121466,79.26291000822987,5683440.081966711
1999-08-11,2014-08-11,1301.9300537109375,1936.9200439453125,1.4877297274338515,0.8830826288883251,79.26291000822987,5683440.081966711
1999-08-12,2014-08-12,1298.1600341796875,1933.75,1.489608329547708,0.8868112957141404,79.26291000822987,5665436.111659374
1999-08-13,2014-08-13,1327.6800537109375,1946.719970703125,1.46625684799733,0.8849454582131903,79.26291000822987,5782387.365262361
1999-08-16,2014-08-18,1330.77001953125,1971.739990234375,1.4816534497289773,0.894488650300841,79.26291000822987,6005234.409960842
1999-08-17,2014-08-18,1344.1600341796875,1971.739990234375,1.4668937775982056,0.898490968993989,79.26291000822987,6005234.409960842
1999-08-18,2014-08-18,1332.8399658203125,1971.739990234375,1.4793523909832968,0.9135593671372912,79.26291000822987,6005234.409960842
1999-08-19,2014-08-19,1323.5899658203125,1981.5999755859375,1.4971403733465254,0.9195268749687208,79.26291000822987,6116684.0127862245
1999-08-20,2014-08-20,1336.6099853515625,1986.510009765625,1.4862301131493658,0.923954086908108,79.26291000822987,6203855.591704613
1999-08-23,2014-08-25,1360.219970703125,1997.9200439453125,1.4688212840402186,0.9336170220328929,79.26291000822987,6501369.473291565
1999-08-24,2014-08-25,1363.5,1997.9200439453125,1.4652878943493308,0.9408667846404134,79.26291000822987,6501369.473291565
1999-08-25,2014-08-25,1381.7900390625,1997.9200439453125,1.4458926374232925,0.937733925696208,79.26291000822987,6501369.473291565
1999-08-26,2014-08-26,1362.010009765625,2000.02001953125,1.4684326878591838,0.9301930841050754,79.26291000822987,6497947.179666283
1999-08-27,2014-08-27,1348.27001953125,2000.1199951171875,1.4834713864011935,0.9330405039066112,79.26291000822987,6501942.041810373
1999-08-30,2014-09-02,1324.02001953125,2002.280029296875,1.5122732283200317,0.9430585404328261,79.26291000822987,6559439.987439396
1999-08-31,2014-09-02,1320.4100341796875,2002.280029296875,1.5164077653657058,0.9507927680791244,79.26291000822987,6559439.987439396
1999-09-01,2014-09-02,1331.0699462890625,2002.280029296875,1.504263569979251,0.9561949570346658,79.26291000822987,6559439.987439396
1999-09-02,2014-09-02,1319.1099853515625,2002.280029296875,1.5179022610182407,0.9544456332708042,79.26291000822987,6559439.987439396
1999-09-03,2014-09-03,1357.239990234375,2000.719970703125,1.4741092106766105,0.9566130121641022,79.26291000822987,6688787.200682024
1999-09-07,2014-09-08,1350.449951171875,2001.5400390625,1.4821282620104737,0.9499638651151727,79.26291000822987,6686584.907632809
1999-09-08,2014-09-08,1344.1500244140625,2001.5400390625,1.4890748820504651,0.9485930998427539,79.26291000822987,6686584.907632809
1999-09-09,2014-09-09,1347.6600341796875,1988.43994140625,1.4754759293701258,0.9829629968713831,79.26291000822987,6731828.93300462
1999-09-10,2014-09-10,1351.6600341796875,1995.68994140625,1.4764732927961575,0.9764722193654504,79.36076577660292,6807705.942569587
1999-09-13,2014-09-15,1344.1300048828125,1984.1300048828125,1.4761444188248727,1.0066591546256118,79.36076577660292,6900404.968493991
1999-09-14,2014-09-15,1336.2900390625,1984.1300048828125,1.4848049052844974,1.0140779057513123,79.36076577660292,6900404.968493991
1999-09-15,2014-09-15,1317.969970703125,1984.1300048828125,1.505444015408255,1.0227749126552852,79.36076577660292,6900404.968493991
1999-09-16,2014-09-16,1318.47998046875,1998.97998046875,1.516124636005521,1.0209452829782644,79.36076577660292,6996434.754144836
1999-09-17,2014-09-17,1335.4200439453125,2001.5699462890625,1.4988317386458443,1.0001867289552302,79.36076577660292,7020362.396077823
1999-09-20,2014-09-22,1335.530029296875,1994.2900390625,1.4932573549936923,1.0254142002252193,79.36076577660292,7241758.2135075815
1999-09-21,2014-09-22,1307.5799560546875,1994.2900390625,1.5251763609774176,1.0400000233069808,79.36076577660292,7241758.2135075815
1999-09-22,2014-09-22,1310.510009765625,1994.2900390625,1.5217663537107695,1.045890923687013,79.36076577660292,7241758.2135075815
1999-09-23,2014-09-23,1280.4100341796875,1982.77001953125,1.5485430187225449,1.0469817764934886,79.36076577660292,7112263.49809178
1999-09-24,2014-09-24,1277.3599853515625,1998.300048828125,1.5643985029624528,1.0421699301648528,79.36076577660292,7213309.109808128
1999-09-27,2014-09-29,1283.31005859375,1977.800048828125,1.5411708461129001,1.043002874368893,79.36076577660292,7173121.116797332
1999-09-28,2014-09-29,1282.199951171875,1977.800048828125,1.5425051662344096,1.030235463811884,79.36076577660292,7173121.116797332
1999-09-29,2014-09-29,1268.3699951171875,1977.800048828125,1.5593242164683907,1.0213872321459032,79.36076577660292,7173121.116797332
1999-09-30,2014-09-30,1282.7099609375,1972.2900390625,1.5375962603588138,1.03052282446722,79.36076577660292,7121990.472980075
1999-10-01,2014-10-01,1282.81005859375,1946.1600341796875,1.5171069334404184,1.0431887442628036,79.36076577660292,6936850.560387038
1999-10-04,2014-10-06,1304.5999755859375,1964.8199462890625,1.5060708133208411,1.0345016260084292,79.36076577660292,7121383.951241821
1999-10-05,2014-10-06,1301.3499755859375,1964.8199462890625,1.509832084489336,1.0331389086778406,79.36076577660292,7121383.951241821
1999-10-06,2014-10-06,1325.4000244140625,1964.8199462890625,1.4824354233414754,1.0231271176421788,79.36076577660292,7121383.951241821
1999-10-07,2014-10-07,1317.6400146484375,1935.0999755859375,1.4686105112724934,1.0155596951031953,79.36076577660292,6718968.779688297
1999-10-08,2014-10-08,1336.02001953125,1968.8900146484375,1.4736979879532295,1.0051339468969431,79.36076577660292,6886532.8528202325
1999-10-11,2014-10-13,1335.2099609375,1874.739990234375,1.4040787929098815,1.0054139686092871,79.45395230991511,5988585.267957166
1999-10-12,2014-10-13,1313.0400390625,1874.739990234375,1.4277858515060395,1.0096698325796039,79.45395230991511,5988585.267957166
1999-10-13,2014-10-13,1285.550048828125,1874.739990234375,1.4583173886876988,1.0073955360131042,79.45395230991511,5988585.267957166
1999-10-14,2014-10-14,1283.4200439453125,1877.699951171875,1.4630439660266714,0.9957496919894406,79.45395230991511,5972802.555013515
1999-10-15,2014-10-15,1247.4100341796875,1862.489990234375,1.4930856247754747,1.0156539775817406,79.45395230991511,5880561.272714352
1999-10-18,2014-10-20,1254.1300048828125,1904.010009765625,1.5181918958581475,1.0155829117761404,79.45395230991511,6208863.951561002
1999-10-19,2014-10-20,1261.3199462890625,1904.010009765625,1.5095376992708511,1.0165464482092603,79.45395230991511,6208863.951561002
1999-10-20,2014-10-20,1289.4300537109375,1904.010009765625,1.4766291543197294,1.008034587162476,79.45395230991511,6208863.951561002
1999-10-21,2014-10-21,1283.6099853515625,1941.280029296875,1.5123597131921547,1.0073495376319375,79.45395230991511,6490052.434344381
1999-10-22,2014-10-22,1301.6500244140625,1927.1099853515625,1.4805131557686182,1.0109673446636978,79.45395230991511,6386682.037990207
1999-10-25,2014-10-27,1293.6300048828125,1961.6300048828125,1.5163763962482555,1.0280475389929111,79.45395230991511,6864283.852747224
1999-10-26,2014-10-27,1281.9100341796875,1961.6300048828125,1.530239995459656,1.033349292570561,79.45395230991511,6864283.852747224
1999-10-27,2014-10-27,1296.7099609375,1961.6300048828125,1.512774686688291,1.0373119165133131,79.45395230991511,6864283.852747224
1999-10-28,2014-10-28,1342.43994140625,1985.050048828125,1.4786881614597371,1.0248313112139626,79.45395230991511,7009006.081053112
1999-10-29,2014-10-29,1362.9300537109375,1982.300048828125,1.4544400451298207,1.0395384568434496,79.45395230991511,7027810.042033292
1999-11-01,2014-11-03,1354.1199951171875,2017.81005859375,1.4901264776162808,1.0845924877450468,79.45395230991511,8091006.404251713
1999-11-02,2014-11-03,1347.739990234375,2017.81005859375,1.4971805193988852,1.084801067675196,79.45395230991511,8091006.404251713
1999-11-03,2014-11-03,1354.9300537109375,2017.81005859375,1.4892355904773755,1.0763163616897844,79.45395230991511,8091006.404251713
1999-11-04,2014-11-04,1362.6400146484375,2012.0999755859375,1.4766188824310003,1.0844274743807414,79.45395230991511,8168826.114902243
1999-11-05,2014-11-05,1370.22998046875,2023.5699462890625,1.4768104443290664,1.0714757759708442,79.45395230991511,8245386.433063686
1999-11-08,2014-11-10,1377.010009765625,2038.260009765625,1.4802071120111526,1.0885097491218438,79.45395230991511,8548368.471751012
1999-11-09,2014-11-10,1365.280029296875,2038.260009765625,1.4929245034187877,1.091830271356977,79.45395230991511,8548368.471751012
1999-11-10,2014-11-10,1373.4599609375,2038.260009765625,1.4840330753976578,1.095695001137147,79.57121808383373,8575743.935406785
1999-11-11,2014-11-11,1381.4599609375,2039.6800537109375,1.4764670069241455,1.0940318335379429,79.57121808383373,8624391.708557535
1999-11-12,2014-11-12,1396.06005859375,2038.25,1.4600016578463877,1.097922191613761,79.57121808383373,8768330.295139581
1999-11-15,2014-11-17,1394.3900146484375,2041.3199462890625,1.4639519251030588,1.1154198503736001,79.57121808383373,8987454.663161002
1999-11-16,2014-11-17,1420.0699462890625,2041.3199462890625,1.4374784507083296,1.1046683430378241,79.57121808383373,8987454.663161002
1999-11-17,2014-11-17,1410.7099609375,2041.3199462890625,1.4470160435618424,1.1074940818885912,79.57121808383373,8987454.663161002
1999-11-18,2014-11-18,1424.93994140625,2051.800048828125,1.4399203708215498,1.1014731071050987,79.57121808383373,9044119.88125496
1999-11-19,2014-11-19,1422.0,2048.719970703125,1.4407313436730838,1.098599420128707,79.57121808383373,9051884.828523647
1999-11-22,2014-11-24,1420.93994140625,2069.409912109375,1.4563669102448897,1.124799416819229,79.57121808383373,9388371.338774472
1999-11-23,2014-11-24,1404.6400146484375,2069.409912109375,1.4732670937238823,1.129330528327145,79.57121808383373,9388371.338774472
1999-11-24,2014-11-24,1417.0799560546875,2069.409912109375,1.4603339093658827,1.1244771686122437,79.57121808383373,9388371.338774472
1999-11-26,2014-11-26,1416.6199951171875,2072.830078125,1.4632223781039662,1.1571807364538904,79.57121808383373,9429816.302792776
1999-11-29,2014-12-01,1407.8299560546875,2053.43994140625,1.4585852024067056,1.1577286503647648,79.57121808383373,9421749.429703552
1999-11-30,2014-12-01,1388.9100341796875,2053.43994140625,1.4784542489240813,1.1656761497513133,79.57121808383373,9421749.429703552
1999-12-01,2014-12-01,1397.719970703125,2053.43994140625,1.4691354380328874,1.1584055911319684,79.57121808383373,9421749.429703552
1999-12-02,2014-12-02,1409.0400390625,2066.550048828125,1.4666368531323617,1.1515281401319453,79.57121808383373,9454319.398561295
1999-12-03,2014-12-03,1433.300048828125,2074.330078125,1.4472406387071466,1.160603736962241,79.57121808383373,9673800.644572321
1999-12-06,2014-12-08,1423.3299560546875,2060.31005859375,1.4475280660182974,1.1816952830140401,79.57121808383373,9928877.724547915
1999-12-07,2014-12-08,1409.1700439453125,2060.31005859375,1.462073415090072,1.187351047767478,79.57121808383373,9928877.724547915
1999-12-08,2014-12-08,1403.8800048828125,2060.31005859375,1.4675827360086464,1.1815804845896682,79.57121808383373,9928877.724547915
1999-12-09,2014-12-09,1408.1099853515625,2059.820068359375,1.462826121387883,1.1773028646931243,79.57121808383373,9774823.82955831
1999-12-10,2014-12-10,1417.0400390625,2026.1400146484375,1.429839636704205,1.1680728688211572,79.68926025254844,9269150.603328284
1999-12-13,2014-12-15,1415.219970703125,1989.6300048828125,1.4058803903779726,1.1463426350069004,79.68926025254844,8735314.154113118
1999-12-14,2014-12-15,1403.1700439453125,1989.6300048828125,1.4179535926298301,1.1416908301017135,79.68926025254844,8735314.154113118
1999-12-15,2014-12-15,1413.3299560546875,1989.6300048828125,1.4077604428882746,1.1400385834632563,79.68926025254844,8735314.154113118
1999-12-16,2014-12-16,1418.780029296875,1972.739990234375,1.3904480958983005,1.1435605901458248,79.68926025254844,8509613.65258072
1999-12-17,2014-12-17,1421.030029296875,2012.8900146484375,1.4165006883383138,1.1301899458954812,79.68926025254844,8705391.621117476
1999-12-20,2014-12-22,1418.0899658203125,2078.5400390625,1.4657321391172398,1.1651423994981978,79.68926025254844,9793162.876131687
1999-12-21,2014-12-22,1433.4300537109375,2078.5400390625,1.4500463651375723,1.169589936278089,79.68926025254844,9793162.876131687
1999-12-22,2014-12-22,1436.1300048828125,2078.5400390625,1.447320250949083,1.1764989859898416,79.68926025254844,9793162.876131687
1999-12-23,2014-12-23,1458.3399658203125,2082.169921875,1.427767167241957,1.1773640169803927,79.68926025254844,9936078.935622055
1999-12-27,2014-12-29,1457.0999755859375,2090.570068359375,1.4347471713591258,1.1779712378626919,79.68926025254844,10062155.16684144
1999-12-28,2014-12-29,1457.6600341796875,2090.570068359375,1.4341959162898117,1.1769351442557303,79.68926025254844,10062155.16684144
1999-12-29,2014-12-29,1463.4599609375,2090.570068359375,1.4285119676387628,1.1806274862850414,79.68926025254844,10062155.16684144
1999-12-30,2014-12-30,1464.469970703125,2080.35009765625,1.4205481432012068,1.176897597894436,79.68926025254844,9998561.81531271
1999-12-31,2014-12-31,1469.25,2058.89990234375,1.401327141292326,1.1690937544169737,79.68926025254844,9599738.110358354
2000-01-03,2015-01-05,1455.219970703125,2020.5799560546875,1.3885048286400268,1.1843248619971682,79.68926025254844,9392104.371372417
2000-01-04,2015-01-05,1399.4200439453125,2020.5799560546875,1.4438695263776349,1.1676749934128603,79.68926025254844,9392104.371372417
2000-01-05,2015-01-05,1402.1099853515625,2020.5799560546875,1.441099469488516,1.157017987751336,79.68926025254844,9392104.371372417
2000-01-06,2015-01-06,1403.449951171875,2002.6099853515625,1.4269194164561345,1.1348949847190983,79.68926025254844,9058619.241586775
2000-01-07,2015-01-07,1441.469970703125,2025.9000244140625,1.4054403252159753,1.1266780068165485,79.68926025254844,9158862.189897787
2000-01-10,2015-01-12,1457.5999755859375,2028.260009765625,1.3915066161758745,1.1241155750209744,79.81099618357206,9135857.017801553
2000-01-11,2015-01-12,1438.56005859375,2028.260009765625,1.4099237620626908,1.1149971866516823,79.81099618357206,9135857.017801553
2000-01-12,2015-01-12,1432.25,2028.260009765625,1.4161354580315064,1.1182669473999036,79.81099618357206,9135857.017801553
2000-01-13,2015-01-13,1449.6800537109375,2023.030029296875,1.3955010446051581,1.1160913665000198,79.81099618357206,9105244.316587053
2000-01-14,2015-01-14,1465.1500244140625,2011.27001953125,1.3727399829485651,1.1125330678561451,79.81099618357206,8908625.540633664
2000-01-18,2015-01-20,1455.1400146484375,2022.550048828125,1.389935008636797,1.1140639211245118,79.81099618357206,9001274.854329467
2000-01-19,2015-01-20,1455.9000244140625,2022.550048828125,1.3892094339665355,1.11829750709575,79.81099618357206,9001274.854329467
2000-01-20,2015-01-20,1445.5699462890625,2022.550048828125,1.3991367584946228,1.1177666006529505,79.81099618357206,9001274.854329467
2000-01-21,2015-01-21,1441.3599853515625,2032.1199951171875,1.4098629181949522,1.1330118477093603,79.81099618357206,9243150.238442399
2000-01-24,2015-01-26,1401.530029296875,2057.090087890625,1.4677459953695275,1.1108471213063602,79.81099618357206,9268142.286731817
2000-01-25,2015-01-26,1410.030029296875,2057.090087890625,1.4588980696506249,1.1085387457857991,79.81099618357206,9268142.286731817
2000-01-26,2015-01-26,1404.0899658203125,2057.090087890625,1.4650700011867186,1.1115836145639777,79.81099618357206,9268142.286731817
2000-01-27,2015-01-27,1398.56005859375,2029.550048828125,1.451171178782865,1.128869407130123,79.81099618357206,9197917.791831255
2000-01-28,2015-01-28,1360.1600341796875,2002.1600341796875,1.4720032818691002,1.1000841043492537,79.81099618357206,8819784.154710583
2000-01-31,2015-02-02,1394.4599609375,2020.8499755859375,1.449198996167171,1.0931343418273454,79.81099618357206,8900144.141595222
2000-02-01,2015-02-02,1409.280029296875,2020.8499755859375,1.4339591376982685,1.0876554708686923,79.81099618357206,8900144.141595222
2000-02-02,2015-02-02,1409.1199951171875,2020.8499755859375,1.434121992866815,1.0840333002961489,79.81099618357206,8900144.141595222
2000-02-03,2015-02-03,1424.969970703125,2050.030029296875,1.4386478813201415,1.094229877036452,79.81099618357206,9237025.935319632
2000-02-04,2015-02-04,1424.3699951171875,2041.510009765625,1.4332722654675574,1.0976488466893888,79.81099618357206,9168645.451759778
2000-02-07,2015-02-09,1424.239990234375,2046.739990234375,1.4370752150398196,1.092369821139706,79.81099618357206,9434030.177052096
2000-02-08,2015-02-09,1441.719970703125,2046.739990234375,1.4196515494171746,1.0874771440707924,79.81099618357206,9434030.177052096
2000-02-09,2015-02-09,1411.7099609375,2046.739990234375,1.449830380792354,1.0938764148945477,79.81099618357206,9434030.177052096
2000-02-10,2015-02-10,1416.8299560546875,2068.590087890625,1.460012952895796,1.0866373648318968,79.92926199234674,9603311.232834913
2000-02-11,2015-02-11,1387.1199951171875,2068.530029296875,1.491240870709329,1.0970404261128923,79.92926199234674,9734183.958147813
2000-02-14,2015-02-17,1389.93994140625,2100.340087890625,1.5111013255476626,1.0887806190528335,79.92926199234674,9892274.457097854
2000-02-15,2015-02-17,1402.050048828125,2100.340087890625,1.4980492954913782,1.08638486381842,79.92926199234674,9892274.457097854
2000-02-16,2015-02-17,1387.6700439453125,2100.340087890625,1.5135731271672523,1.0836030948201538,79.92926199234674,9892274.457097854
2000-02-17,2015-02-17,1388.260009765625,2100.340087890625,1.5129299073054896,1.0731998264193603,79.92926199234674,9892274.457097854
2000-02-18,2015-02-18,1346.0899658203125,2099.679931640625,1.5598362553435066,1.0753992045469953,79.92926199234674,10006186.026524886
2000-02-22,2015-02-23,1352.1700439453125,2109.659912109375,1.5602031131779004,1.0758582948192978,79.92926199234674,10079018.403060336
2000-02-23,2015-02-23,1360.68994140625,2109.659912109375,1.5504339731717847,1.070346035046524,79.92926199234674,10079018.403060336
2000-02-24,2015-02-24,1353.4300537109375,2115.47998046875,1.5630508386217419,1.0683108411294135,79.92926199234674,10105160.048475936
2000-02-25,2015-02-25,1333.3599853515625,2113.860107421875,1.5853633907159144,1.0793644724833058,79.92926199234674,10087906.231804274
2000-02-28,2015-03-02,1348.050048828125,2117.389892578125,1.5707056977734586,1.0923062874419327,79.92926199234674,10279520.760613274
2000-02-29,2015-03-02,1366.4200439453125,2117.389892578125,1.549589309641939,1.0874488950360401,79.92926199234674,10279520.760613274
2000-03-01,2015-03-02,1379.18994140625,2117.389892578125,1.535241687174133,1.1204974159653673,79.92926199234674,10279520.760613274
2000-03-02,2015-03-02,1381.760009765625,2117.389892578125,1.5323861434789086,1.1115583766857033,79.92926199234674,10279520.760613274
2000-03-03,2015-03-03,1409.1700439453125,2107.780029296875,1.4957598895557238,1.1163075969511613,79.92926199234674,10251165.216743242
2000-03-06,2015-03-06,1391.280029296875,2071.260009765625,1.488744153693055,1.117529326151579,79.92926199234674,9873963.716619197
2000-03-07,2015-03-09,1355.6199951171875,2079.429931640625,1.5339327681286283,1.1371161995297194,79.92926199234674,10067702.906895854
2000-03-08,2015-03-09,1366.699951171875,2079.429931640625,1.5214970409983704,1.126611929420304,79.92926199234674,10067702.906895854
2000-03-09,2015-03-09,1401.68994140625,2079.429931640625,1.483516339964907,1.133593052215472,79.92926199234674,10067702.906895854
2000-03-10,2015-03-10,1395.0699462890625,2044.1600341796875,1.465274224863942,1.142986214800422,80.03915290073755,9863906.909407072
2000-03-13,2015-03-13,1383.6199951171875,2053.39990234375,1.484077932951406,1.147866382732982,80.03915290073755,9938903.22878524
2000-03-14,2015-03-16,1359.1500244140625,2081.18994140625,1.531243721460008,1.1544382229542647,80.03915290073755,10212914.459783938
2000-03-15,2015-03-16,1392.1400146484375,2081.18994140625,1.4949573458901122,1.1488638436270322,80.03915290073755,10212914.459783938
2000-03-16,2015-03-16,1458.469970703125,2081.18994140625,1.42696797548935,1.1486463746726054,80.03915290073755,10212914.459783938
2000-03-17,2015-03-17,1464.469970703125,2074.280029296875,1.4164032522298606,1.1378866735240134,80.03915290073755,10149787.717448361
2000-03-20,2015-03-20,1456.6300048828125,2108.10009765625,1.447244729677149,1.1354080513783338,80.03915290073755,10376238.376725953
2000-03-21,2015-03-23,1493.8699951171875,2104.419921875,1.408703520890998,1.124901629429929,80.03915290073755,10216866.390954118
2000-03-22,2015-03-23,1500.6400146484375,2104.419921875,1.4023482656285244,1.1210142969025172,80.03915290073755,10216866.390954118
2000-03-23,2015-03-23,1527.3499755859375,2104.419921875,1.3778243071419705,1.1188199272277506,80.03915290073755,10216866.390954118
2000-03-24,2015-03-24,1527.4599609375,2091.5,1.3692666606568937,1.1192635049163921,80.03915290073755,10046376.122954138
2000-03-27,2015-03-27,1523.8599853515625,2061.02001953125,1.352499599269786,1.1169915844987288,80.03915290073755,9660701.159242284
2000-03-28,2015-03-30,1507.72998046875,2086.239990234375,1.383696031291868,1.126913630163549,80.03915290073755,9912470.126745779
2000-03-29,2015-03-30,1508.52001953125,2086.239990234375,1.3829713647967647,1.128086283537923,80.03915290073755,9912470.126745779
2000-03-30,2015-03-30,1487.9200439453125,2086.239990234375,1.4021183454875572,1.128833781607208,80.03915290073755,9912470.126745779
2000-03-31,2015-03-31,1498.5799560546875,2067.889892578125,1.3798996071068907,1.1656274432347034,80.03915290073755,9863610.374109339
2000-04-03,2015-04-06,1505.969970703125,2080.6201171875,1.3815814110928624,1.1317554097015468,80.03915290073755,9787721.205917813
2000-04-04,2015-04-06,1494.72998046875,2080.6201171875,1.3919705527917583,1.1293888326286603,80.03915290073755,9787721.205917813
2000-04-05,2015-04-06,1487.3699951171875,2080.6201171875,1.3988584710044332,1.1335909024310198,80.03915290073755,9787721.205917813
2000-04-06,2015-04-06,1501.3399658203125,2080.6201171875,1.3858420907690128,1.1349985220735745,80.03915290073755,9787721.205917813
2000-04-07,2015-04-07,1516.3499755859375,2076.330078125,1.3692947614700088,1.133020396711163,80.03915290073755,9855607.467880677
2000-04-10,2015-04-10,1504.4599609375,2102.06005859375,1.397219010922602,1.1323502168744637,80.18704902663217,10319666.56758051
2000-04-11,2015-04-13,1500.5899658203125,2092.429931640625,1.3944048536248723,1.1255523988658778,80.18704902663217,10169360.94848241
2000-04-12,2015-04-13,1467.1700439453125,2092.429931640625,1.426167294156272,1.1367281289247193,80.18704902663217,10169360.94848241
2000-04-13,2015-04-13,1440.510009765625,2092.429931640625,1.4525618825662094,1.1362983135785696,80.18704902663217,10169360.94848241
2000-04-14,2015-04-14,1356.56005859375,2095.840087890625,1.5449666784847214,1.1460385229067176,80.18704902663217,10177023.002257727
2000-04-17,2015-04-17,1401.43994140625,2081.179931640625,1.4850296970645078,1.1381967959313786,80.18704902663217,9866500.256089583
2000-04-18,2015-04-20,1441.6099853515625,2100.39990234375,1.4569820712163906,1.1352761000950868,80.18704902663217,10011906.33073578
2000-04-19,2015-04-20,1427.469970703125,2100.39990234375,1.4714144223357368,1.1332189081794168,80.18704902663217,10011906.33073578
2000-04-20,2015-04-20,1434.5400390625,2100.39990234375,1.4641626201778255,1.1239996388469344,80.18704902663217,10011906.33073578
2000-04-24,2015-04-24,1429.8599853515625,2117.68994140625,1.4810470697140108,1.1313368945354796,80.18704902663217,10304507.66269803
2000-04-25,2015-04-27,1477.43994140625,2108.919921875,1.4274149918186845,1.1205785831610855,80.18704902663217,10111515.196599077
2000-04-26,2015-04-27,1460.989990234375,2108.919921875,1.4434869068039835,1.120472985085806,80.18704902663217,10111515.196599077
2000-04-27,2015-04-27,1464.9200439453125,2108.919921875,1.4396143534190928,1.11794514968653,80.18704902663217,10111515.196599077
2000-04-28,2015-04-28,1452.4300537109375,2114.760009765625,1.456015044829487,1.1014886525191427,80.18704902663217,10200953.914120171
2000-05-01,2015-05-01,1468.25,2108.2900390625,1.4359203399029457,1.0996226318623554,80.18704902663217,10194263.854026575
2000-05-02,2015-05-04,1446.2900390625,2114.489990234375,1.4620096475289348,1.107754771484678,80.18704902663217,10369625.211560175
2000-05-03,2015-05-04,1415.0999755859375,2114.489990234375,1.494233641943812,1.102468571543794,80.18704902663217,10369625.211560175
2000-05-04,2015-05-04,1409.5699462890625,2114.489990234375,1.5000958241207802,1.1123703850640192,80.18704902663217,10369625.211560175
2000-05-05,2015-05-05,1432.6300048828125,2089.4599609375,1.458478430450307,1.1060968543819973,80.18704902663217,10122469.906400926
2000-05-08,2015-05-08,1424.1700439453125,2116.10009765625,1.4858479200939487,1.0967384146614663,80.18704902663217,10312680.618700344
2000-05-09,2015-05-11,1412.1400146484375,2105.330078125,1.4908791311668461,1.0977912025410896,80.18704902663217,10221284.091580763
2000-05-10,2015-05-11,1383.050048828125,2105.330078125,1.5222370874494902,1.095381805676423,80.34358085754926,10260757.730538327
2000-05-11,2015-05-11,1407.81005859375,2105.330078125,1.495464580092571,1.1051854753162893,80.34358085754926,10260757.730538327
2000-05-12,2015-05-12,1420.9599609375,2099.1201171875,1.4772549367278256,1.1090380081476467,80.34358085754926,10260191.926258773
2000-05-15,2015-05-15,1452.3599853515625,2122.72998046875,1.461572889558036,1.0918926153669812,80.34358085754926,10327754.549825773
2000-05-16,2015-05-18,1466.0400390625,2129.199951171875,1.4523477493380406,1.0874874526604532,80.34358085754926,10413490.868444093
2000-05-17,2015-05-18,1447.800048828125,2129.199951171875,1.4706450334045003,1.0956753082230453,80.34358085754926,10413490.868444093
2000-05-18,2015-05-18,1437.2099609375,2129.199951171875,1.4814814877730085,1.1003227772150606,80.34358085754926,10413490.868444093
2000-05-19,2015-05-19,1406.949951171875,2127.830078125,1.51237083902856,1.1215040446993587,80.34358085754926,10497803.064022481
2000-05-22,2015-05-22,1400.719970703125,2126.06005859375,1.5178337591106974,1.1293058510935525,80.34358085754926,10675310.71137007
2000-05-23,2015-05-26,1373.8599853515625,2104.199951171875,1.531597086753657,1.1422130332505012,80.34358085754926,10557569.146395836
2000-05-24,2015-05-26,1399.050048828125,2104.199951171875,1.5040204980046274,1.1294816490603359,80.34358085754926,10557569.146395836
2000-05-25,2015-05-26,1381.52001953125,2104.199951171875,1.52310492893605,1.1324269098940631,80.34358085754926,10557569.146395836
2000-05-26,2015-05-26,1378.02001953125,2104.199951171875,1.5269734266180282,1.1352814656073222,80.34358085754926,10557569.146395836
2000-05-30,2015-06-01,1422.449951171875,2111.72998046875,1.484572429932608,1.166350459035462,80.34358085754926,11071074.882621665
2000-05-31,2015-06-01,1420.5999755859375,2111.72998046875,1.4865057136142428,1.153888357917923,80.34358085754926,11071074.882621665
2000-06-01,2015-06-01,1448.81005859375,2111.72998046875,1.457561650640696,1.1446359520134288,80.34358085754926,11071074.882621665
2000-06-02,2015-06-02,1477.260009765625,2109.60009765625,1.428049282936285,1.1565262033488484,80.34358085754926,11160670.871200845
2000-06-05,2015-06-05,1467.6300048828125,2092.830078125,1.4259929758604988,1.1579926730539256,80.34358085754926,10913932.17672925
2000-06-06,2015-06-08,1457.8399658203125,2079.280029296875,1.4262745418197422,1.1868587587504689,80.34358085754926,10987178.757031638
2000-06-07,2015-06-08,1471.3599853515625,2079.280029296875,1.4131688030105412,1.1898938778554045,80.34358085754926,10987178.757031638
2000-06-08,2015-06-08,1461.6700439453125,2079.280029296875,1.4225372120814088,1.1862983568705074,80.34358085754926,10987178.757031638
2000-06-09,2015-06-09,1456.949951171875,2080.14990234375,1.4277428683604498,1.1657744999426278,80.34358085754926,10817802.711633023
2000-06-12,2015-06-12,1446.0,2094.110107421875,1.4482089262945195,1.1560430263588084,80.50921213565083,10835158.050558671
2000-06-13,2015-06-15,1469.43994140625,2084.429931640625,1.418519990443319,1.154400724649587,80.50921213565083,10690011.559436679
2000-06-14,2015-06-15,1470.5400390625,2084.429931640625,1.4174588085132946,1.1568921954450861,80.50921213565083,10690011.559436679
2000-06-15,2015-06-15,1478.72998046875,2084.429931640625,1.4096082173027094,1.1586316762756452,80.50921213565083,10690011.559436679
2000-06-16,2015-06-16,1464.4599609375,2096.2900390625,1.4314423712345967,1.1605077568381723,80.50921213565083,10829674.480628192
2000-06-19,2015-06-19,1486.0,2109.989990234375,1.4199125102519348,1.162040629896084,80.50921213565083,10894796.263163842
2000-06-20,2015-06-22,1475.949951171875,2122.85009765625,1.4382940938957647,1.1646204712866584,80.50921213565083,10979249.19575511
2000-06-21,2015-06-22,1479.1300048828125,2122.85009765625,1.4352018353007705,1.1627450961970753,80.50921213565083,10979249.19575511
2000-06-22,2015-06-22,1452.1800537109375,2122.85009765625,1.4618367000920205,1.1743136026420347,80.50921213565083,10979249.19575511
2000-06-23,2015-06-23,1441.47998046875,2124.199951171875,1.4736243166423397,1.1794187657286521,80.50921213565083,11099988.051024083
2000-06-26,2015-06-26,1455.31005859375,2101.489990234375,1.4440152995747322,1.1709900142034675,80.50921213565083,10911459.452403825
2000-06-27,2015-06-29,1450.550048828125,2057.639892578125,1.4185238863288154,1.1636328776284104,80.50921213565083,10311777.133140072
2000-06-28,2015-06-29,1454.8199462890625,2057.639892578125,1.4143605178267789,1.1635225157281153,80.50921213565083,10311777.133140072
2000-06-29,2015-06-29,1442.3900146484375,2057.639892578125,1.4265489026417353,1.1654025337769853,80.50921213565083,10311777.133140072
2000-06-30,2015-06-30,1454.5999755859375,2063.110107421875,1.4183350350950057,1.1571549447881866,80.50921213565083,10375409.327603623
2000-07-03,2015-07-06,1469.5400390625,2068.760009765625,1.407760220732332,1.1571847144379188,80.50921213565083,10387404.283812303
2000-07-05,2015-07-06,1446.22998046875,2068.760009765625,1.4304502310864151,1.144739524280532,80.50921213565083,10387404.283812303
2000-07-06,2015-07-06,1456.6700439453125,2068.760009765625,1.4201980869754827,1.1404732655585124,80.50921213565083,10387404.283812303
2000-07-07,2015-07-07,1478.9000244140625,2081.340087890625,1.4073568554542746,1.136549899728056,80.50921213565083,10545563.658997517
2000-07-10,2015-07-10,1475.6199951171875,2076.6201171875,1.4072865128278393,1.1382341847400974,80.667928516994,10386774.962597124
2000-07-11,2015-07-13,1480.8800048828125,2099.60009765625,1.4178056903553093,1.144073994082463,80.667928516994,10747195.738110349
2000-07-12,2015-07-13,1492.9200439453125,2099.60009765625,1.406371430386637,1.132858645230323,80.667928516994,10747195.738110349
2000-07-13,2015-07-13,1495.8399658203125,2099.60009765625,1.4036261536205432,1.13369735064781,80.667928516994,10747195.738110349
2000-07-14,2015-07-14,1509.97998046875,2108.949951171875,1.3966741138628764,1.1461831230231228,80.667928516994,11022299.724276353
2000-07-17,2015-07-17,1510.489990234375,2126.639892578125,1.4079139261612355,1.149953715524355,80.667928516994,11297964.269242812
2000-07-18,2015-07-20,1493.739990234375,2128.280029296875,1.4247995254936823,1.147126195626641,80.667928516994,11313187.543420617
2000-07-19,2015-07-20,1481.9599609375,2128.280029296875,1.4361251892058593,1.1478686688812485,80.667928516994,11313187.543420617
2000-07-20,2015-07-20,1495.5699462890625,2128.280029296875,1.4230561630218281,1.1548092864280524,80.667928516994,11313187.543420617
2000-07-21,2015-07-21,1480.18994140625,2119.2099609375,1.4317148777028919,1.1406258357887142,80.667928516994,11248342.178045075
2000-07-24,2015-07-24,1464.2900390625,2079.64990234375,1.4202445190948845,1.1409781689129823,80.667928516994,10781567.695855193
2000-07-25,2015-07-27,1474.469970703125,2067.639892578125,1.4022936605430745,1.1341916914693067,80.667928516994,10642706.478248656
2000-07-26,2015-07-27,1452.4200439453125,2067.639892578125,1.4235825932019273,1.1342956630552847,80.667928516994,10642706.478248656
2000-07-27,2015-07-27,1449.6199951171875,2067.639892578125,1.4263323488518636,1.1333608420057149,80.667928516994,10642706.478248656
2000-07-28,2015-07-28,1419.8900146484375,2093.25,1.4742339043198958,1.1241448595395933,80.667928516994,10810076.981496777
2000-07-31,2015-07-31,1430.8299560546875,2103.840087890625,1.470363462120732,1.1348303033711833,80.667928516994,11056389.742753629
2000-08-01,2015-08-03,1438.0999755859375,2098.0400390625,1.4588972078993865,1.1355854353514827,80.667928516994,10993093.379917629
2000-08-02,2015-08-03,1438.699951171875,2098.0400390625,1.458288809528052,1.1413323570778464,80.667928516994,10993093.379917629
2000-08-03,2015-08-03,1452.56005859375,2098.0400390625,1.4443740392350117,1.1450198358620272,80.667928516994,10993093.379917629
2000-08-04,2015-08-04,1462.9300537109375,2093.320068359375,1.4309091969567242,1.1415085430526768,80.667928516994,10929822.850879569
2000-08-07,2015-08-07,1479.3199462890625,2077.570068359375,1.4044088796146152,1.144243635586642,80.667928516994,10904579.60396402
2000-08-08,2015-08-10,1482.800048828125,2104.179931640625,1.4190584450705839,1.1448835166357976,80.667928516994,11098662.171646044
2000-08-09,2015-08-10,1472.8699951171875,2104.179931640625,1.4286257026189253,1.1517791434463345,80.667928516994,11098662.171646044
2000-08-10,2015-08-10,1460.25,2104.179931640625,1.4409723894131998,1.1541319087640565,80.82877424613356,11140731.30324836
2000-08-11,2015-08-11,1471.8399658203125,2084.070068359375,1.4159624121891834,1.1489304814150803,80.82877424613356,10991412.21393222
2000-08-14,2015-08-14,1491.56005859375,2091.5400390625,1.4022499643992974,1.1364616523401423,80.82877424613356,11024387.96466446
2000-08-15,2015-08-17,1484.4300537109375,2102.43994140625,1.4163280621746677,1.1405117845212087,80.82877424613356,11131745.696239755
2000-08-16,2015-08-17,1479.8499755859375,2102.43994140625,1.4207115424479444,1.1471401911782664,80.82877424613356,11131745.696239755
2000-08-17,2015-08-17,1496.0699462890625,2102.43994140625,1.4053085864208839,1.145660562237309,80.82877424613356,11131745.696239755
2000-08-18,2015-08-18,1491.719970703125,2096.919921875,1.4057061399309503,1.1493304460909306,80.82877424613356,11091179.767746884
2000-08-21,2015-08-21,1499.47998046875,1970.8900146484375,1.3143823460932909,1.13604564490365,80.82877424613356,9661376.409540094
2000-08-22,2015-08-24,1498.1300048828125,1893.2099609375,1.2637154017121441,1.1240258432875911,80.82877424613356,8628141.965359613
2000-08-23,2015-08-24,1505.969970703125,1893.2099609375,1.2571365948642228,1.1378949190359235,80.82877424613356,8628141.965359613
2000-08-24,2015-08-24,1508.31005859375,1893.2099609375,1.2551861934160975,1.13778862219721,80.82877424613356,8628141.965359613
2000-08-25,2015-08-25,1506.449951171875,1867.6099853515625,1.23974247129733,1.1131460607536956,80.82877424613356,7946327.917209286
2000-08-28,2015-08-28,1514.0899658203125,1988.8699951171875,1.313574516716149,1.135219087244087,80.82877424613356,9452190.79351917
2000-08-29,2015-08-31,1509.8399658203125,1972.1800537109375,1.3062179425350093,1.1428343032482042,80.82877424613356,9334545.860979289
2000-08-30,2015-08-31,1502.5899658203125,1972.1800537109375,1.3125204470763656,1.137688779387052,80.82877424613356,9334545.860979289
2000-08-31,2015-08-31,1517.6800537109375,1972.1800537109375,1.2994702334584187,1.1370488754742891,80.82877424613356,9334545.860979289
2000-09-01,2015-09-01,1520.77001953125,1913.8499755859375,1.2584742932898212,1.1428881583296358,80.82877424613356,8731759.159337193
2000-09-05,2015-09-08,1507.0799560546875,1969.4100341796875,1.3067720967740237,1.1279331115576605,80.82877424613356,9007166.422228537
2000-09-06,2015-09-08,1492.25,1969.4100341796875,1.3197587764648602,1.1271877611058179,80.82877424613356,9007166.422228537
2000-09-07,2015-09-08,1502.510009765625,1969.4100341796875,1.3107466981114446,1.1356572243777805,80.82877424613356,9007166.422228537
2000-09-08,2015-09-08,1494.5,1969.4100341796875,1.317771852913809,1.1252756497136551,80.82877424613356,9007166.422228537
2000-09-11,2015-09-11,1489.260009765625,1961.050048828125,1.3167949424336916,1.1369498299512968,81.0687156345193,9175986.076020617
2000-09-12,2015-09-14,1481.989990234375,1953.030029296875,1.3178429288770066,1.1297792713086097,81.0687156345193,9125586.341918454
2000-09-13,2015-09-14,1484.9100341796875,1953.030029296875,1.3152514188348066,1.1283018902883635,81.0687156345193,9125586.341918454
2000-09-14,2015-09-14,1480.8699951171875,1953.030029296875,1.3188396251774441,1.1246252071606777,81.0687156345193,9125586.341918454
2000-09-15,2015-09-15,1465.81005859375,1978.0899658203125,1.3494858724861167,1.1221331177812475,81.0687156345193,9301075.687164556
2000-09-18,2015-09-18,1444.510009765625,1958.030029296875,1.3554977231445906,1.123079785808798,81.0687156345193,9055498.989085834
2000-09-19,2015-09-21,1459.9000244140625,1966.969970703125,1.3473319664424126,1.1220290123875118,81.0687156345193,9135326.878123816
2000-09-20,2015-09-21,1451.3399658203125,1966.969970703125,1.3552785818802786,1.1257129565514563,81.0687156345193,9135326.878123816
2000-09-21,2015-09-21,1449.050048828125,1966.969970703125,1.3574203129104145,1.1252906989638647,81.0687156345193,9135326.878123816
2000-09-22,2015-09-22,1448.719970703125,1942.739990234375,1.3410044932917444,1.1157222323947482,81.0687156345193,8977885.198482394
2000-09-25,2015-09-25,1439.030029296875,1931.3399658203125,1.342112344079425,1.1169530530370129,81.0687156345193,8826126.823563859
2000-09-26,2015-09-28,1427.2099609375,1881.77001953125,1.3184955760084245,1.1200148399424463,81.0687156345193,8362460.240792263
2000-09-27,2015-09-28,1426.5699462890625,1881.77001953125,1.3190871042995822,1.1225216119331325,81.0687156345193,8362460.240792263
2000-09-28,2015-09-28,1458.2900390625,1881.77001953125,1.290394893419827,1.1181420762626186,81.0687156345193,8362460.240792263
2000-09-29,2015-09-29,1436.510009765625,1884.0899658203125,1.3115745473487601,1.1082955644309194,81.0687156345193,8304451.360332195
2000-10-02,2015-10-02,1436.22998046875,1951.3599853515625,1.3586681881648834,1.1019037419256512,81.0687156345193,8953252.437075961
2000-10-03,2015-10-05,1426.4599609375,1987.050048828125,1.3929939172791035,1.101983684628336,81.0687156345193,9329706.44766409
2000-10-04,2015-10-05,1434.3199462890625,1987.050048828125,1.3853603960323573,1.0989559489292435,81.0687156345193,9329706.44766409
2000-10-05,2015-10-05,1436.280029296875,1987.050048828125,1.383469802752098,1.1000641797974364,81.0687156345193,9329706.44766409
2000-10-06,2015-10-06,1408.989990234375,1979.9200439453125,1.4052051878778553,1.1078910587330042,81.0687156345193,9335143.681566048
2000-10-09,2015-10-09,1402.030029296875,2014.8900146484375,1.437123294469602,1.1026939913468525,81.0687156345193,9589748.15272073
2000-10-10,2015-10-12,1387.02001953125,2017.4599609375,1.454528364788354,1.115660968182337,81.28411762855959,9707848.227263216
2000-10-11,2015-10-12,1364.5899658203125,2017.4599609375,1.478436754974026,1.115453900476692,81.28411762855959,9707848.227263216
2000-10-12,2015-10-12,1329.780029296875,2017.4599609375,1.5171381104318717,1.1153503559581641,81.28411762855959,9707848.227263216
2000-10-13,2015-10-13,1374.1700439453125,2003.68994140625,1.458109169410762,1.1143083100047646,81.28411762855959,9545972.074926835
2000-10-16,2015-10-16,1374.6199951171875,2033.1099853515625,1.4790342004142303,1.1017028108593554,81.28411762855959,9674150.074824922
2000-10-17,2015-10-19,1349.969970703125,2033.6600341796875,1.5064483494551113,1.1052728439944062,81.28411762855959,9715838.70640866
2000-10-18,2015-10-19,1342.1300048828125,2033.6600341796875,1.5152481702823235,1.1078394258409554,81.28411762855959,9715838.70640866
2000-10-19,2015-10-19,1388.760009765625,2033.6600341796875,1.4643711079518336,1.1009876731016133,81.28411762855959,9715838.70640866
2000-10-20,2015-10-20,1396.9300537109375,2030.77001953125,1.4537377974913774,1.098070351386786,81.28411762855959,9726282.158745106
2000-10-23,2015-10-23,1395.780029296875,2075.14990234375,1.4867313321491697,1.1158711414887483,81.28411762855959,10386269.540765245
2000-10-24,2015-10-26,1398.1300048828125,2071.179931640625,1.481392949444802,1.123735361090739,81.28411762855959,10420670.409480184
2000-10-25,2015-10-26,1364.9000244140625,2071.179931640625,1.5174590772901195,1.1209315095265904,81.28411762855959,10420670.409480184
2000-10-26,2015-10-26,1364.43994140625,2071.179931640625,1.5179707576619155,1.1206208426970925,81.28411762855959,10420670.409480184
2000-10-27,2015-10-27,1379.5799560546875,2065.889892578125,1.4974774629852854,1.1144291795627548,81.28411762855959,10310243.935243793
2000-10-30,2015-10-30,1398.6600341796875,2079.360107421875,1.4866801485762173,1.1104992751164873,81.28411762855959,10451293.139221493
2000-10-31,2015-11-02,1429.4000244140625,2104.050048828125,1.4719812598930198,1.1075926255404973,81.28411762855959,10607760.466149487
2000-11-01,2015-11-02,1421.219970703125,2104.050048828125,1.4804534781390535,1.113117808282513,81.28411762855959,10607760.466149487
2000-11-02,2015-11-02,1428.3199462890625,2104.050048828125,1.4730943541709167,1.1141470277071528,81.28411762855959,10607760.466149487
2000-11-03,2015-11-03,1426.68994140625,2109.7900390625,1.4788006684780692,1.1293876153415394,81.28411762855959,10714226.978524446
2000-11-06,2015-11-06,1432.18994140625,2099.199951171875,1.4657273385893885,1.1332898423736968,81.28411762855959,10760748.376708787
2000-11-07,2015-11-09,1431.8699951171875,2078.580078125,1.451654190124212,1.1507565828293154,81.28411762855959,10815322.945097975
2000-11-08,2015-11-09,1409.280029296875,2078.580078125,1.4749233898972198,1.1489321373808943,81.28411762855959,10815322.945097975
2000-11-09,2015-11-09,1400.1400146484375,2078.580078125,1.484551585111945,1.1451942261696313,81.28411762855959,10815322.945097975
2000-11-10,2015-11-10,1365.97998046875,2081.719970703125,1.52397546118411,1.1413985105169324,81.50219931880353,10881829.7617908
2000-11-13,2015-11-13,1351.260009765625,2023.0400390625,1.4971508254827985,1.139668927982106,81.50219931880353,10207963.560670167
2000-11-14,2015-11-16,1382.949951171875,2053.18994140625,1.4846451526799154,1.13132391152047,81.50219931880353,10476329.80388404
2000-11-15,2015-11-16,1389.81005859375,2053.18994140625,1.477316938894317,1.125082714321901,81.50219931880353,10476329.80388404
2000-11-16,2015-11-16,1372.3199462890625,2053.18994140625,1.4961452298047198,1.1242558115603978,81.50219931880353,10476329.80388404
2000-11-17,2015-11-17,1367.719970703125,2050.43994140625,1.499166485338478,1.1331678637947562,81.50219931880353,10599642.363111876
2000-11-20,2015-11-20,1342.6199951171875,2089.169921875,1.5560396310742055,1.1205397012287714,81.50219931880353,10928465.54164156
2000-11-21,2015-11-23,1347.3499755859375,2086.590087890625,1.5486622820349298,1.1182951107046544,81.50219931880353,10904491.45140716
2000-11-22,2015-11-23,1322.3599853515625,2086.590087890625,1.577928938416784,1.115858682231296,81.50219931880353,10904491.45140716
2000-11-24,2015-11-24,1341.77001953125,2089.139892578125,1.5570029603940398,1.1050525686050459,81.50219931880353,10928675.248093586
2000-11-27,2015-11-27,1348.969970703125,2090.110107421875,1.5494118867097129,1.1091073801575435,81.50219931880353,10890527.061170481
2000-11-28,2015-11-30,1336.0899658203125,2080.409912109375,1.5570881941562043,1.1149133509351186,81.50219931880353,10826807.401856273
2000-11-29,2015-11-30,1341.9300537109375,2080.409912109375,1.5503117367080832,1.1033956357149148,81.50219931880353,10826807.401856273
2000-11-30,2015-11-30,1314.949951171875,2080.409912109375,1.5821209851031417,1.1128929851807812,81.50219931880353,10826807.401856273
2000-12-01,2015-12-01,1315.22998046875,2102.6298828125,1.5986784927630067,1.1081032141302505,81.50219931880353,11114369.380392388
2000-12-04,2015-12-04,1324.969970703125,2091.68994140625,1.5786696964130047,1.1043850402861717,81.50219931880353,10909555.99916849
2000-12-05,2015-12-07,1376.5400390625,2077.070068359375,1.508906395322852,1.1124255446794618,81.50219931880353,10854315.492647603
2000-12-06,2015-12-07,1351.4599609375,2077.070068359375,1.5369083275826563,1.1182824831711464,81.50219931880353,10854315.492647603
2000-12-07,2015-12-07,1343.550048828125,2077.070068359375,1.545956602190624,1.1144382252678449,81.50219931880353,10854315.492647603
2000-12-08,2015-12-08,1369.8900146484375,2063.590087890625,1.5063910721476539,1.1116320746896389,81.50219931880353,10734109.261911992
2000-12-11,2015-12-11,1380.199951171875,2012.3699951171875,1.4580278700985037,1.0992593726752466,81.7277159385155,10017205.798006292
2000-12-12,2015-12-14,1371.1800537109375,2021.93994140625,1.4745984204875993,1.0835618721195308,81.7277159385155,9977390.548063908
2000-12-13,2015-12-14,1359.989990234375,2021.93994140625,1.4867314876764626,1.0759433702829788,81.7277159385155,9977390.548063908
2000-12-14,2015-12-14,1340.9300537109375,2021.93994140625,1.507863841078557,1.0781503674567703,81.7277159385155,9977390.548063908
2000-12-15,2015-12-15,1312.1500244140625,2043.4100341796875,1.5572990863542204,1.0771214935968598,81.7277159385155,10222421.092690948
2000-12-18,2015-12-18,1322.739990234375,2005.550048828125,1.5162088268555058,1.0921333744970414,81.7277159385155,10070659.573214658
2000-12-19,2015-12-21,1305.5999755859375,2021.1500244140625,1.5480622412749316,1.0767865193849266,81.7277159385155,10036816.679417595
2000-12-20,2015-12-21,1264.739990234375,2021.1500244140625,1.598075525420457,1.074497331097342,81.7277159385155,10036816.679417595
2000-12-21,2015-12-21,1274.8599853515625,2021.1500244140625,1.5853898056551667,1.0819730835016845,81.7277159385155,10036816.679417595
2000-12-22,2015-12-22,1305.949951171875,2038.969970703125,1.561292581598158,1.07452125888794,81.7277159385155,10197811.514762703
2000-12-26,2015-12-28,1315.18994140625,2056.5,1.5636524696965928,1.057161692242993,81.7277159385155,10207591.085239798
2000-12-27,2015-12-28,1328.9200439453125,2056.5,1.5474971646109272,1.05225801295074,81.7277159385155,10207591.085239798
2000-12-28,2015-12-28,1334.219970703125,2056.5,1.5413500360935524,1.049227739331564,81.7277159385155,10207591.085239798
2000-12-29,2015-12-29,1320.280029296875,2078.360107421875,1.5741812807156685,1.0521944515130222,81.7277159385155,10442605.54665995
2001-01-02,2016-01-04,1283.27001953125,2012.6600341796875,1.568383897034287,1.051669540249624,81.7277159385155,9789968.838013925
2001-01-03,2016-01-04,1347.56005859375,2012.6600341796875,1.493558688790468,1.0568429451822892,81.7277159385155,9789968.838013925
2001-01-04,2016-01-04,1333.3399658203125,2012.6600341796875,1.50948751689254,1.0363597278365064,81.7277159385155,9789968.838013925
2001-01-05,2016-01-05,1298.3499755859375,2016.7099609375,1.5532868632183483,1.025908166590602,81.7277159385155,9690682.685289469
2001-01-08,2016-01-08,1295.8599853515625,1922.030029296875,1.4832081019736363,1.0124031219666831,81.7277159385155,8463550.569295697
2001-01-09,2016-01-11,1300.800048828125,1923.6700439453125,1.4788360791332407,1.000085437227783,81.7277159385155,8406985.253172409
2001-01-10,2016-01-11,1313.27001953125,1923.6700439453125,1.4647939992050794,1.0054100893029008,81.95366862430222,8457875.06096197
2001-01-11,2016-01-11,1326.8199462890625,1923.6700439453125,1.449835035511457,0.992960717451649,81.95366862430222,8457875.06096197
2001-01-12,2016-01-12,1318.550048828125,1938.6800537109375,1.4703120715318765,0.9930784191240396,81.95366862430222,8692460.799956705
2001-01-16,2016-01-19,1326.6500244140625,1881.3299560546875,1.4181056958752998,0.9972305122635178,81.95366862430222,8098487.60011366
2001-01-17,2016-01-19,1329.469970703125,1881.3299560546875,1.4150977438472694,0.9850130442994011,81.95366862430222,8098487.60011366
2001-01-18,2016-01-19,1347.969970703125,1881.3299560546875,1.3956764593749462,0.9956234195618838,81.95366862430222,8098487.60011366
2001-01-19,2016-01-19,1342.5400390625,1881.3299560546875,1.4013213023936524,1.0021685771201663,81.95366862430222,8098487.60011366
2001-01-22,2016-01-22,1342.9000244140625,1906.9000244140625,1.4199865885370624,1.0125708786545642,81.95366862430222,8428862.895020928
2001-01-23,2016-01-25,1360.4000244140625,1877.0799560546875,1.379800001740785,1.016825297792389,81.95366862430222,8240356.063362811
2001-01-24,2016-01-25,1364.300048828125,1877.0799560546875,1.3758556687489811,1.0056997206243885,81.95366862430222,8240356.063362811
2001-01-25,2016-01-25,1357.510009765625,1877.0799560546875,1.3827374697434214,1.0167380878377366,81.95366862430222,8240356.063362811
2001-01-26,2016-01-26,1354.949951171875,1903.6300048828125,1.4049448861460845,1.0077394914226863,81.95366862430222,8444686.249532856
2001-01-29,2016-01-29,1364.1700439453125,1940.239990234375,1.4222860257384131,1.0187596580562035,81.95366862430222,8911033.80370434
2001-01-30,2016-02-01,1373.72998046875,1939.3800048828125,1.4117621602908084,1.0492001274270495,81.95366862430222,9285694.839142576
2001-01-31,2016-02-01,1366.010009765625,1939.3800048828125,1.4197406981048142,1.0399382586606674,81.95366862430222,9285694.839142576
2001-02-01,2016-02-01,1373.469970703125,1939.3800048828125,1.4120294190996978,1.0512909223952678,81.95366862430222,9285694.839142576
2001-02-02,2016-02-02,1349.469970703125,1903.030029296875,1.410205540405856,1.045057504179078,81.95366862430222,8846241.162846018
2001-02-05,2016-02-05,1354.31005859375,1880.050048828125,1.3881976559933977,1.0187952074552176,81.95366862430222,8006362.116148677
2001-02-06,2016-02-08,1352.260009765625,1853.43994140625,1.370623939199008,1.0192609301518079,81.95366862430222,7764260.450758234
2001-02-07,2016-02-08,1340.8900146484375,1853.43994140625,1.3822460613163683,1.0068009061744763,81.95366862430222,7764260.450758234
2001-02-08,2016-02-08,1332.530029296875,1853.43994140625,1.390917953559545,1.0020563607715893,81.95366862430222,7764260.450758234
2001-02-09,2016-02-09,1314.760009765625,1852.2099609375,1.4087817907297646,0.9844085044049202,81.95366862430222,7557870.373480998
2001-02-12,2016-02-12,1330.31005859375,1864.780029296875,1.4017634590150396,0.9589719886556084,82.13798584829172,7231084.255951639
2001-02-13,2016-02-16,1318.800048828125,1895.5799560546875,1.4373520517678813,0.9804631225751236,82.13798584829172,7799834.532879651
2001-02-14,2016-02-16,1315.9200439453125,1895.5799560546875,1.4404978211073323,0.9839228521734745,82.13798584829172,7799834.532879651
2001-02-15,2016-02-16,1326.6099853515625,1895.5799560546875,1.4288901613780205,0.9887735329566146,82.13798584829172,7799834.532879651
2001-02-16,2016-02-16,1301.530029296875,1895.5799560546875,1.4564242955490898,0.98791909255302,82.13798584829172,7799834.532879651
2001-02-20,2016-02-22,1278.93994140625,1945.5,1.5211816732072956,0.9727516344414253,82.13798584829172,7975680.242579155
2001-02-21,2016-02-22,1255.27001953125,1945.5,1.5498657418158521,0.9666494436547559,82.13798584829172,7975680.242579155
2001-02-22,2016-02-22,1252.8199462890625,1945.5,1.5528967316993179,0.9613622456148587,82.13798584829172,7975680.242579155
2001-02-23,2016-02-23,1245.8599853515625,1921.27001953125,1.5421235468840402,0.9759913664914619,82.13798584829172,7827868.8509860225
2001-02-26,2016-02-26,1267.6500244140625,1948.050048828125,1.5367412229795516,0.971136615348379,82.13798584829172,8099886.9752561115
2001-02-27,2016-02-29,1257.93994140625,1932.22998046875,1.5360272115286455,0.9767961762282598,82.13798584829172,8038919.940640535
2001-02-28,2016-02-29,1239.93994140625,1932.22998046875,1.5583254607294565,0.9682256091069715,82.13798584829172,8038919.940640535
2001-03-01,2016-03-01,1241.22998046875,1978.3499755859375,1.5938625449884916,0.9568510664270279,82.13798584829172,8269614.470314696
2001-03-02,2016-03-02,1234.1800537109375,1986.449951171875,1.6095301047841515,0.9569928381744259,82.13798584829172,8589160.409392215
2001-03-05,2016-03-07,1241.4100341796875,2001.760009765625,1.6124889880468622,0.9569710995297259,82.13798584829172,8711550.415684056
2001-03-06,2016-03-07,1253.800048828125,2001.760009765625,1.5965544200102617,0.958744771100804,82.13798584829172,8711550.415684056
2001-03-07,2016-03-07,1261.8900146484375,2001.760009765625,1.5863189236213389,0.9521670398273939,82.13798584829172,8711550.415684056
2001-03-08,2016-03-08,1264.739990234375,1979.260009765625,1.5649540815095433,0.9468536452008071,82.13798584829172,8444167.970214669
2001-03-09,2016-03-09,1233.4200439453125,1989.260009765625,1.612800132064195,0.9424460665825183,82.13798584829172,8407947.292754844
2001-03-12,2016-03-14,1180.1600341796875,2019.6400146484375,1.7113272405062085,0.9444508900559104,82.29842464044616,8911404.487473644
2001-03-13,2016-03-14,1197.6600341796875,2019.6400146484375,1.6863216246768626,0.9512415291141036,82.29842464044616,8911404.487473644
2001-03-14,2016-03-14,1166.7099609375,2019.6400146484375,1.7310557741579344,0.9417149492246175,82.29842464044616,8911404.487473644
2001-03-15,2016-03-15,1173.56005859375,2015.9300537109375,1.7177902732362758,0.9331093026017806,82.29842464044616,8885292.873347782
2001-03-16,2016-03-16,1150.530029296875,2027.219970703125,1.7619878830472793,0.9201513589471286,82.29842464044616,8870100.574812159
2001-03-19,2016-03-21,1170.81005859375,2051.60009765625,1.752291144577635,0.9075325482512596,82.29842464044616,8816758.905657832
2001-03-20,2016-03-21,1142.6199951171875,2051.60009765625,1.7955226640733144,0.9119885636496926,82.29842464044616,8816758.905657832
2001-03-21,2016-03-21,1122.1400146484375,2051.60009765625,1.828292433096247,0.9059096304332848,82.29842464044616,8816758.905657832
2001-03-22,2016-03-22,1117.5799560546875,2049.800048828125,1.8341417432578044,0.906100500996488,82.29842464044616,8917323.901271313
2001-03-23,2016-03-23,1139.8299560546875,2036.7099609375,1.7868542146296964,0.9138809511357256,82.29842464044616,8815457.935482495
2001-03-26,2016-03-28,1152.68994140625,2037.050048828125,1.7672142140348515,0.9249143450277572,82.29842464044616,9019439.315204255
2001-03-27,2016-03-28,1182.1700439453125,2037.050048828125,1.7231447026265194,0.9287000126656939,82.29842464044616,9019439.315204255
2001-03-28,2016-03-28,1153.2900390625,2037.050048828125,1.7662946698854924,0.9278645625502733,82.29842464044616,9019439.315204255
2001-03-29,2016-03-29,1147.949951171875,2055.010009765625,1.790156450346799,0.9165911880123262,82.29842464044616,9172582.664991613
2001-03-30,2016-03-30,1160.3299560546875,2063.949951171875,1.7787612397680777,0.8926562410567065,82.29842464044616,9139805.641944624
2001-04-02,2016-04-04,1145.8699951171875,2066.1298828125,1.8031102058843926,0.8822015213244109,82.29842464044616,8997123.37287547
2001-04-03,2016-04-04,1106.4599609375,2066.1298828125,1.8673336187076075,0.8900023994941371,82.29842464044616,8997123.37287547
2001-04-04,2016-04-04,1103.25,2066.1298828125,1.8727667190686608,0.8904279830646536,82.29842464044616,8997123.37287547
2001-04-05,2016-04-05,1151.43994140625,2045.1700439453125,1.776184732177653,0.8953001616564664,82.29842464044616,8724962.842161603
2001-04-06,2016-04-06,1128.4300537109375,2066.659912109375,1.831447066934268,0.8920875725965574,82.29842464044616,8773405.092673097
2001-04-09,2016-04-11,1137.5899658203125,2041.989990234375,1.7950140662166465,0.8645513894048366,82.29842464044616,8201940.250760067
2001-04-10,2016-04-11,1168.3800048828125,2041.989990234375,1.7477104894817033,0.8705272351973985,82.47800788245009,8241658.671316404
2001-04-11,2016-04-11,1165.8900146484375,2041.989990234375,1.7514430731702568,0.8682940425216733,82.47800788245009,8241658.671316404
2001-04-12,2016-04-12,1183.5,2061.719970703125,1.7420532071847274,0.8739271279771318,82.47800788245009,8353124.840440605
2001-04-16,2016-04-18,1179.6800537109375,2094.340087890625,1.7753458501755857,0.8669101092601563,82.47800788245009,8658532.047743898
2001-04-17,2016-04-18,1191.81005859375,2094.340087890625,1.757276734483845,0.8754822555973372,82.47800788245009,8658532.047743898
2001-04-18,2016-04-18,1238.1600341796875,2094.340087890625,1.6914938538443285,0.8853852318935707,82.47800788245009,8658532.047743898
2001-04-19,2016-04-19,1253.68994140625,2100.800048828125,1.6756934704857576,0.8996453313157767,82.47800788245009,8899056.882750485
2001-04-20,2016-04-20,1242.97998046875,2102.39990234375,1.6914189571668703,0.8929943286900031,82.47800788245009,8942407.424161244
2001-04-23,2016-04-25,1224.3599853515625,2087.7900390625,1.7052093044865497,0.9195906645373869,82.47800788245009,9188917.99996091
2001-04-24,2016-04-25,1209.469970703125,2087.7900390625,1.7262024602799886,0.9111692087376091,82.47800788245009,9188917.99996091
2001-04-25,2016-04-25,1228.75,2087.7900390625,1.6991170206002035,0.912736508737966,82.47800788245009,9188917.99996091
2001-04-26,2016-04-26,1234.52001953125,2091.699951171875,1.6943426741399448,0.9022976637092671,82.47800788245009,9173099.092814095
2001-04-27,2016-04-27,1253.050048828125,2095.14990234375,1.6720400787687386,0.8968715236870807,82.47800788245009,9220966.159634624
2001-04-30,2016-05-02,1249.4599609375,2081.429931640625,1.665863650467741,0.8628060082627247,82.47800788245009,8275020.603681728
2001-05-01,2016-05-02,1266.43994140625,2081.429931640625,1.6435283376560386,0.871779562669687,82.47800788245009,8275020.603681728
2001-05-02,2016-05-02,1267.4300537109375,2081.429931640625,1.6422444185747045,0.8759401300004144,82.47800788245009,8275020.603681728
2001-05-03,2016-05-03,1248.5799560546875,2063.3701171875,1.6525734753162455,0.8769142183917138,82.47800788245009,8106754.585422464
2001-05-04,2016-05-04,1266.6099853515625,2051.1201171875,1.6193778202515807,0.8796174256178061,82.47800788245009,8047301.142922405
2001-05-07,2016-05-09,1263.510009765625,2058.68994140625,1.6293420119308173,0.8882270056321935,82.47800788245009,8229367.933899302
2001-05-08,2016-05-09,1261.199951171875,2058.68994140625,1.6323263725893484,0.8852242883488425,82.47800788245009,8229367.933899302
2001-05-09,2016-05-09,1255.5400390625,2058.68994140625,1.6396848187680693,0.8777696243426033,82.47800788245009,8229367.933899302
2001-05-10,2016-05-10,1255.1800537109375,2084.389892578125,1.6606301911949846,0.8841903709590813,82.67337804784128,8667983.10463814
2001-05-11,2016-05-11,1245.6700439453125,2064.4599609375,1.657308828266351,0.8923265325920782,82.67337804784128,8636781.953017786
2001-05-14,2016-05-16,1248.9200439453125,2066.659912109375,1.6547575820633316,0.8819886834773444,82.67337804784128,8565575.179394498
2001-05-15,2016-05-16,1249.43994140625,2066.659912109375,1.6540690301474918,0.8819886834773444,82.67337804784128,8565575.179394498
2001-05-16,2016-05-16,1284.989990234375,2066.659912109375,1.6083081796866199,0.8817739199280733,82.67337804784128,8565575.179394498
2001-05-17,2016-05-17,1288.489990234375,2047.2099609375,1.5888442878513278,0.8897227013757242,82.67337804784128,8461764.462733347
2001-05-18,2016-05-18,1291.9599609375,2047.6300048828125,1.5849020610491418,0.8821147685518722,82.67337804784128,8443544.61394995
2001-05-21,2016-05-23,1312.8299560546875,2048.0400390625,1.5600192771478674,0.8971223990742478,82.67337804784128,8633489.160857309
2001-05-22,2016-05-23,1309.3800048828125,2048.0400390625,1.5641296120493275,0.8967568607976198,82.67337804784128,8633489.160857309
2001-05-23,2016-05-23,1289.050048828125,2048.0400390625,1.5887979221011415,0.9155574529602115,82.67337804784128,8633489.160857309
2001-05-24,2016-05-24,1293.1700439453125,2076.06005859375,1.6054037659733675,0.911677914782265,82.67337804784128,8772395.436243359
2001-05-25,2016-05-25,1277.8900146484375,2090.5400390625,1.6359311169965063,0.9135915209770079,82.67337804784128,9040901.891812574
2001-05-29,2016-05-31,1267.9300537109375,2096.949951171875,1.6538372483833697,0.9232134405456256,82.67337804784128,9215610.947442494
2001-05-30,2016-05-31,1248.0799560546875,2096.949951171875,1.6801407161449458,0.9203005743203352,82.67337804784128,9215610.947442494
2001-05-31,2016-05-31,1255.8199462890625,2096.949951171875,1.6697855113452726,0.9296401937199392,82.67337804784128,9215610.947442494
2001-06-01,2016-06-01,1260.6700439453125,2099.330078125,1.6652494347807858,0.9283617063911236,82.67337804784128,9207742.028929405
2001-06-04,2016-06-06,1267.1099853515625,2109.409912109375,1.664740974734024,0.8953104312387359,82.67337804784128,8611293.351073526
2001-06-05,2016-06-06,1283.5699462890625,2109.409912109375,1.643393036902978,0.8880096555199507,82.67337804784128,8611293.351073526
2001-06-06,2016-06-06,1270.030029296875,2109.409912109375,1.6609134142105322,0.889341672261556,82.67337804784128,8611293.351073526
2001-06-07,2016-06-07,1276.9599609375,2112.1298828125,1.6540298422997124,0.892861313929703,82.67337804784128,8760492.440538146
2001-06-08,2016-06-08,1264.9599609375,2119.1201171875,1.6752467924889545,0.8874968900037001,82.67337804784128,8790344.686710998
2001-06-11,2016-06-13,1254.3900146484375,2079.06005859375,1.6574271433246694,0.8742017253716097,82.84929649198651,8345171.249008875
2001-06-12,2016-06-13,1255.8499755859375,2079.06005859375,1.6555003376288877,0.8759993107314668,82.84929649198651,8345171.249008875
2001-06-13,2016-06-13,1241.5999755859375,2079.06005859375,1.6745007244483854,0.8728405239534671,82.84929649198651,8345171.249008875
2001-06-14,2016-06-14,1219.8699951171875,2075.320068359375,1.7012633122105838,0.8757295569026395,82.84929649198651,8264371.425607599
2001-06-15,2016-06-15,1214.3599853515625,2071.5,1.7058368399715442,0.8634084448149892,82.84929649198651,8206896.470377505
2001-06-18,2016-06-20,1208.4300537109375,2083.25,1.7239309744098137,0.8479015084837608,82.84929649198651,8061805.408742674
2001-06-19,2016-06-20,1212.5799560546875,2083.25,1.7180310375393053,0.8521824106177311,82.84929649198651,8061805.408742674
2001-06-20,2016-06-20,1223.1400146484375,2083.25,1.7031983052232829,0.8448211859541538,82.84929649198651,8061805.408742674
2001-06-21,2016-06-21,1237.0400390625,2088.89990234375,1.6886275596437754,0.8334590812547975,82.84929649198651,7968184.607285261
2001-06-22,2016-06-22,1225.3499755859375,2085.449951171875,1.7019218939263905,0.8409930816237946,82.84929649198651,8084679.362399988
2001-06-25,2016-06-27,1218.5999755859375,2000.5400390625,1.641670834681072,0.8242695532173662,82.84929649198651,6926869.375152353
2001-06-26,2016-06-27,1216.760009765625,2000.5400390625,1.6441533441322158,0.8250686694823969,82.84929649198651,6926869.375152353
2001-06-27,2016-06-27,1211.0699462890625,2000.5400390625,1.651878196789968,0.822146175316139,82.84929649198651,6926869.375152353
2001-06-28,2016-06-28,1226.199951171875,2036.0899658203125,1.6604877237798195,0.8154745510955255,82.84929649198651,7174525.310824107
2001-06-29,2016-06-29,1224.3800048828125,2070.77001953125,1.6912804940239505,0.8249076015977974,82.84929649198651,7619571.841668647
2001-07-02,2016-07-05,1236.719970703125,2088.550048828125,1.6887816953749848,0.826958108673299,82.84929649198651,7739191.716431059
2001-07-03,2016-07-05,1234.449951171875,2088.550048828125,1.6918871816920926,0.8244310333709782,82.84929649198651,7739191.716431059
2001-07-05,2016-07-05,1219.239990234375,2088.550048828125,1.7129933938819069,0.8164861399735074,82.84929649198651,7739191.716431059
2001-07-06,2016-07-06,1190.5899658203125,2099.72998046875,1.7636046336255178,0.8038547058150455,82.84929649198651,7594604.642855044
2001-07-09,2016-07-11,1198.780029296875,2137.159912109375,1.7827790419255578,0.8038639599675456,82.84929649198651,7828746.79775288
2001-07-10,2016-07-11,1181.52001953125,2137.159912109375,1.8088224293967194,0.803799824707241,83.01176153390871,7863708.4476227425
2001-07-11,2016-07-11,1180.1800537109375,2137.159912109375,1.8108761501173714,0.8102679976083471,83.01176153390871,7863708.4476227425
2001-07-12,2016-07-12,1208.1400146484375,2152.139892578125,1.781366287420243,0.8272734755324093,83.01176153390871,8316212.704811405
2001-07-13,2016-07-13,1215.6800537109375,2152.429931640625,1.770556261962349,0.8389876356881639,83.01176153390871,8717487.24444792
2001-07-16,2016-07-18,1202.449951171875,2166.889892578125,1.8020624396602396,0.8403107540540962,83.01176153390871,8969685.074872963
2001-07-17,2016-07-18,1214.43994140625,2166.889892578125,1.7842709373252283,0.8450240148636252,83.01176153390871,8969685.074872963
2001-07-18,2016-07-18,1207.7099609375,2166.889892578125,1.794213811812937,0.8499274506570391,83.01176153390871,8969685.074872963
2001-07-19,2016-07-19,1215.02001953125,2163.780029296875,1.7808595698132224,0.8603177669482724,83.01176153390871,9065859.401957147
2001-07-20,2016-07-20,1210.8499755859375,2173.02001953125,1.794623663827315,0.8638857277415242,83.01176153390871,9145652.384255275
2001-07-23,2016-07-25,1191.030029296875,2168.47998046875,1.8206761602383048,0.854848036234411,83.01176153390871,9139672.758751739
2001-07-24,2016-07-25,1171.6500244140625,2168.47998046875,1.8507915634220196,0.8560869485627682,83.01176153390871,9139672.758751739
2001-07-25,2016-07-25,1190.489990234375,2168.47998046875,1.8215020691117574,0.8604515388971008,83.01176153390871,9139672.758751739
2001-07-26,2016-07-26,1202.9300537109375,2169.179931640625,1.8032469343906474,0.8533624465566222,83.01176153390871,9011161.46902509
2001-07-27,2016-07-27,1205.8199462890625,2166.580078125,1.796769148489124,0.8492548177624616,83.01176153390871,8857263.251306571
2001-07-30,2016-08-01,1204.52001953125,2170.840087890625,1.8022449213716076,0.817544157780538,83.01176153390871,8440764.76803913
2001-07-31,2016-08-01,1211.22998046875,2170.840087890625,1.7922608611871569,0.8185905046294208,83.01176153390871,8440764.76803913
2001-08-01,2016-08-01,1215.9300537109375,2170.840087890625,1.7853330306832746,0.8226706426122694,83.01176153390871,8440764.76803913
2001-08-02,2016-08-02,1220.75,2157.030029296875,1.766971148307905,0.8273440037966906,83.01176153390871,8328286.30542944
2001-08-03,2016-08-03,1214.3499755859375,2163.7900390625,1.7818504406181974,0.8177022818865024,83.01176153390871,8153836.600008983
2001-08-06,2016-08-08,1200.47998046875,2180.889892578125,1.8166816007431923,0.8250807279896595,83.01176153390871,8492280.314287595
2001-08-07,2016-08-08,1204.4000244140625,2180.889892578125,1.8107687216621589,0.8266833818495984,83.01176153390871,8492280.314287595
2001-08-08,2016-08-08,1183.530029296875,2180.889892578125,1.8426992459783829,0.8266833818495984,83.01176153390871,8492280.314287595
2001-08-09,2016-08-09,1183.4300537109375,2181.739990234375,1.843573249971969,0.8387012363235001,83.01176153390871,8525388.207196109
2001-08-10,2016-08-10,1190.1600341796875,2175.489990234375,1.8278970287670782,0.8357113855343673,83.14358927050635,8434186.245105699
2001-08-13,2016-08-15,1191.2900390625,2190.14990234375,1.8384690801807717,0.8276107158395847,83.14358927050635,8443322.223149106
2001-08-14,2016-08-15,1186.72998046875,2190.14990234375,1.8455334729798063,0.831346922835968,83.14358927050635,8443322.223149106
2001-08-15,2016-08-15,1178.02001953125,2190.14990234375,1.8591788475846447,0.84479937982294,83.14358927050635,8443322.223149106
2001-08-16,2016-08-16,1181.6600341796875,2178.14990234375,1.84329658221523,0.8419126641477716,83.14358927050635,8334482.707190674
2001-08-17,2016-08-17,1161.969970703125,2182.219970703125,1.878034739041175,0.8336799643305659,83.14358927050635,8180047.060688496
2001-08-20,2016-08-22,1171.4100341796875,2182.639892578125,1.8632586616919151,0.8328143335561996,83.14358927050635,8247787.403634302
2001-08-21,2016-08-22,1157.260009765625,2182.639892578125,1.886041057463107,0.8395591857129217,83.14358927050635,8247787.403634302
2001-08-22,2016-08-22,1165.31005859375,2182.639892578125,1.873012145121315,0.8350274238787001,83.14358927050635,8247787.403634302
2001-08-23,2016-08-23,1162.0899658203125,2186.89990234375,1.8818679849800013,0.8361915085582984,83.14358927050635,8228309.129258826
2001-08-24,2016-08-24,1184.9300537109375,2175.43994140625,1.8359226644587634,0.8360642957381649,83.14358927050635,8143639.7343759015
2001-08-27,2016-08-29,1179.2099609375,2180.3798828125,1.8490175244780378,0.8501125922746923,83.14358927050635,8476527.061187748
2001-08-28,2016-08-29,1161.510009765625,2180.3798828125,1.877194225172857,0.8491918098619049,83.14358927050635,8476527.061187748
2001-08-29,2016-08-29,1148.56005859375,2180.3798828125,1.8983594862963178,0.8482023557151757,83.14358927050635,8476527.061187748
2001-08-30,2016-08-30,1129.030029296875,2176.1201171875,1.9274244800580904,0.8524574884682306,83.14358927050635,8420346.541278865
2001-08-31,2016-08-31,1133.5799560546875,2170.949951171875,1.9151273269930167,0.8662568102384869,83.14358927050635,8567732.061479755
2001-09-04,2016-09-06,1132.93994140625,2186.47998046875,1.9299169360688302,0.8669179297606255,83.14358927050635,8817268.927766435
2001-09-05,2016-09-06,1131.739990234375,2186.47998046875,1.9319631711661494,0.8572967033925278,83.14358927050635,8817268.927766435
2001-09-06,2016-09-06,1106.4000244140625,2186.47998046875,1.9762110739528285,0.8558789486247913,83.14358927050635,8817268.927766435
2001-09-07,2016-09-07,1085.780029296875,2186.159912109375,2.0134464192761765,0.8460416793823242,83.14358927050635,8453710.360821877
2001-09-10,2016-09-12,1092.5400390625,2159.0400390625,1.9761655974779242,0.8458959936480093,83.21284942353333,8403998.774998888
2001-09-17,2016-09-19,1038.77001953125,2139.1201171875,2.0592817245079793,0.8680383393580046,83.21284942353333,8210879.140245613
2001-09-18,2016-09-19,1032.739990234375,2139.1201171875,2.0713055923224566,0.8724799364039293,83.21284942353333,8210879.140245613
2001-09-19,2016-09-19,1016.0999755859375,2139.1201171875,2.1052260295095166,0.8706978655875998,83.21284942353333,8210879.140245613
2001-09-20,2016-09-20,984.5399780273438,2139.760009765625,2.173360206309669,0.8747401907106175,83.21284942353333,8134243.3728126325
2001-09-21,2016-09-21,965.7999877929688,2163.1201171875,2.239718517837869,0.8709752145116991,83.21284942353333,8278397.38647081
2001-09-24,2016-09-26,1003.4500122070312,2146.10009765625,2.1387214824344114,0.8582645454678801,83.21284942353333,8017070.796209797
2001-09-25,2016-09-26,1012.27001953125,2146.10009765625,2.120086593743081,0.8585567024499179,83.21284942353333,8017070.796209797
2001-09-26,2016-09-26,1007.0399780273438,2146.10009765625,2.131097220052944,0.8558619128746165,83.21284942353333,8017070.796209797
2001-09-27,2016-09-27,1018.6099853515625,2159.929931640625,2.1204680522498,0.8387013044313226,83.21284942353333,8037917.103907023
2001-09-28,2016-09-28,1040.93994140625,2171.3701171875,2.0859706029284495,0.8408771300348782,83.21284942353333,8153150.878174428
2001-10-01,2016-10-03,1038.550048828125,2161.199951171875,2.080978142180554,0.8442477220581835,83.21284942353333,8265050.552092027
2001-10-02,2016-10-03,1051.3299560546875,2161.199951171875,2.055681890091083,0.842077796418834,83.21284942353333,8265050.552092027
2001-10-03,2016-10-03,1072.280029296875,2161.199951171875,2.015518234158512,0.8422872947235442,83.21284942353333,8265050.552092027
2001-10-04,2016-10-04,1069.6300048828125,2150.489990234375,2.0104989392757173,0.8451647738945642,83.21284942353333,8219989.457041219
2001-10-05,2016-10-05,1071.3800048828125,2159.72998046875,2.0158393573015965,0.8539885134137256,83.21284942353333,8489313.855116881
2001-10-08,2016-10-10,1062.43994140625,2163.659912109375,2.0365009143439634,0.8604911183703225,83.21284942353333,8547803.95734182
2001-10-09,2016-10-10,1056.75,2163.659912109375,2.047466204976934,0.857054911457764,83.21284942353333,8547803.95734182
2001-10-10,2016-10-10,1080.989990234375,2163.659912109375,2.001554067711821,0.856627273505288,83.27243153597159,8561084.566629026
2001-10-11,2016-10-11,1097.4300537109375,2136.72998046875,1.947030677028974,0.8541762544713499,83.27243153597159,8450879.652795449
2001-10-12,2016-10-12,1091.6500244140625,2139.179931640625,1.9595840093429382,0.8525161015342623,83.27243153597159,8408798.166600432
2001-10-15,2016-10-17,1089.97998046875,2126.5,1.9509532634585551,0.8612499903685212,83.27243153597159,8423104.202362932
2001-10-16,2016-10-17,1097.5400390625,2126.5,1.9375147368805061,0.8579121328011694,83.27243153597159,8423104.202362932
2001-10-17,2016-10-17,1077.0899658203125,2126.5,1.9743011888338,0.8582659661537354,83.27243153597159,8423104.202362932
2001-10-18,2016-10-18,1068.6099853515625,2139.60009765625,2.0022273111666107,0.8572808192838648,83.27243153597159,8503101.419798322
2001-10-19,2016-10-19,1073.47998046875,2144.2900390625,1.997512834963318,0.8571841168054842,83.27243153597159,8546159.514409743
2001-10-22,2016-10-24,1089.9000244140625,2151.330078125,1.9738783649276175,0.8491338629605355,83.27243153597159,8616365.419567827
2001-10-23,2016-10-24,1084.780029296875,2151.330078125,1.9831947676243946,0.8482327810372526,83.27243153597159,8616365.419567827
2001-10-24,2016-10-24,1085.199951171875,2151.330078125,1.9824273635488492,0.8461607514267298,83.27243153597159,8616365.419567827
2001-10-25,2016-10-25,1100.0899658203125,2143.159912109375,1.9481678578090371,0.8489664833761711,83.27243153597159,8617765.730879448
2001-10-26,2016-10-26,1104.6099853515625,2139.429931640625,1.9368192936982296,0.8491968857141595,83.27243153597159,8555611.2132845
2001-10-29,2016-10-31,1078.300048828125,2126.14990234375,1.9717609255924706,0.8578636718763203,83.27243153597159,8513199.403556611
2001-10-30,2016-10-31,1059.7900390625,2126.14990234375,2.006199175286231,0.856247953567401,83.27243153597159,8513199.403556611
2001-10-31,2016-10-31,1059.780029296875,2126.14990234375,2.0062181241086154,0.8542892249825518,83.27243153597159,8513199.403556611
2001-11-01,2016-11-01,1084.0999755859375,2111.719970703125,1.9479015019456822,0.859391642582292,83.27243153597159,8432393.247901987
2001-11-02,2016-11-02,1087.199951171875,2097.93994140625,1.92967258611897,0.8558789715335515,83.27243153597159,8184931.206970356
2001-11-05,2016-11-07,1102.8399658203125,2131.52001953125,1.9327555090423174,0.8571487478403466,83.27243153597159,8494284.74150934
2001-11-06,2016-11-07,1118.8599853515625,2131.52001953125,1.9050820008202318,0.8599075783557153,83.27243153597159,8494284.74150934
2001-11-07,2016-11-07,1115.800048828125,2131.52001953125,1.9103064404504109,0.859978512260555,83.27243153597159,8494284.74150934
2001-11-08,2016-11-08,1118.5400390625,2139.56005859375,1.9128149050319325,0.8694472290378865,83.27243153597159,8607339.823737435
2001-11-09,2016-11-09,1120.31005859375,2163.260009765625,1.9309475918488317,0.8736482924041896,83.27243153597159,8920095.688794259
2001-11-12,2016-11-14,1118.3299560546875,2164.199951171875,1.9352069927616635,0.886381375696838,83.34579890440817,9277067.976065751
2001-11-13,2016-11-14,1139.0899658203125,2164.199951171875,1.8999376836871111,0.8801762791048965,83.34579890440817,9277067.976065751
2001-11-14,2016-11-14,1141.2099609375,2164.199951171875,1.8964082204417427,0.8793796039720815,83.34579890440817,9277067.976065751
2001-11-15,2016-11-15,1142.239990234375,2180.389892578125,1.908871963177137,0.8836423534149969,83.34579890440817,9663153.8045679
2001-11-16,2016-11-16,1138.6500244140625,2176.93994140625,1.911860444148746,0.8874257310716415,83.34579890440817,9783724.085385684
2001-11-19,2016-11-21,1151.06005859375,2198.179931640625,1.9097004671729652,0.9016330672880603,83.34579890440817,10331259.218779113
2001-11-20,2016-11-21,1142.6600341796875,2198.179931640625,1.9237392276686147,0.9053846769116046,83.34579890440817,10331259.218779113
2001-11-21,2016-11-21,1137.030029296875,2198.179931640625,1.9332646236264768,0.901120570018295,83.34579890440817,10331259.218779113
2001-11-23,2016-11-23,1150.3399658203125,2204.719970703125,1.916581216171977,0.8931927727263017,83.34579890440817,10397812.271630745
2001-11-26,2016-11-28,1157.4200439453125,2201.719970703125,1.9022652858145552,0.9081176755815468,83.34579890440817,10672105.069339301
2001-11-27,2016-11-28,1149.5,2201.719970703125,1.9153718753398217,0.9087037131401842,83.34579890440817,10672105.069339301
2001-11-28,2016-11-28,1128.52001953125,2201.719970703125,1.950979984934292,0.9147543567311548,83.34579890440817,10672105.069339301
2001-11-29,2016-11-29,1140.199951171875,2204.659912109375,1.9335730630785144,0.9011618544562213,83.34579890440817,10522942.0836584
2001-11-30,2016-11-30,1139.449951171875,2198.81005859375,1.92971183713016,0.9110571405510641,83.34579890440817,10611430.23569008
2001-12-03,2016-12-05,1129.9000244140625,2204.7099609375,1.9512433961410052,0.9133005983930388,83.34579890440817,10856919.292688306
2001-12-04,2016-12-05,1144.800048828125,2204.7099609375,1.9258471933106154,0.9143305768606498,83.34579890440817,10856919.292688306
2001-12-05,2016-12-05,1170.3499755859375,2204.7099609375,1.8838039961796116,0.9141832627704484,83.34579890440817,10856919.292688306
2001-12-06,2016-12-06,1167.0999755859375,2212.22998046875,1.8954931254780547,0.9141950716378996,83.34579890440817,10994068.297800813
2001-12-07,2016-12-07,1158.31005859375,2241.35009765625,1.935017382459208,0.9088533261187758,83.34579890440817,11305725.389366563
2001-12-10,2016-12-12,1139.9300537109375,2256.9599609375,1.979910919613159,0.9163319202850311,83.4489498269956,11736804.88179512
2001-12-11,2016-12-12,1136.760009765625,2256.9599609375,1.9854322298009373,0.9172057608203342,83.4489498269956,11736804.88179512
2001-12-12,2016-12-12,1137.0699462890625,2256.9599609375,1.9848910511647122,0.9166229783710822,83.4489498269956,11736804.88179512
2001-12-13,2016-12-13,1119.3800048828125,2271.719970703125,2.0294448362430333,0.9118458325159198,83.4489498269956,11801233.210482717
2001-12-14,2016-12-14,1123.0899658203125,2253.280029296875,2.0063219313432863,0.9046399979490425,83.4489498269956,11666012.39200715
2001-12-17,2016-12-19,1134.3599853515625,2262.530029296875,1.9945432301154984,0.9228376757244309,83.4489498269956,12239618.744199455
2001-12-18,2016-12-19,1142.9200439453125,2262.530029296875,1.9796048212495385,0.9183767769453083,83.4489498269956,12239618.744199455
2001-12-19,2016-12-19,1149.56005859375,2262.530029296875,1.9681703555920467,0.9175898172986676,83.4489498269956,12239618.744199455
2001-12-20,2016-12-20,1139.9300537109375,2270.760009765625,1.9920169683862397,0.9058591743648559,83.4489498269956,12177638.670187593
2001-12-21,2016-12-21,1144.8900146484375,2265.179931640625,1.9785131345880382,0.9102316602316602,83.4489498269956,12281544.242014237
2001-12-24,2016-12-27,1144.6500244140625,2268.8798828125,1.9821603410823514,0.9025182582536707,83.4489498269956,12188622.987790797
2001-12-26,2016-12-27,1149.3699951171875,2268.8798828125,1.9740204568165793,0.892687404269346,83.4489498269956,12188622.987790797
2001-12-27,2016-12-27,1157.1300048828125,2268.8798828125,1.9607821707486353,0.8890979706655244,83.4489498269956,12188622.987790797
2001-12-28,2016-12-28,1161.02001953125,2249.919921875,1.9378821071348815,0.896451740718657,83.4489498269956,12057276.485530682
2001-12-31,2017-01-03,1148.0799560546875,2257.830078125,1.9666139681454824,0.8923445308765373,83.4489498269956,12137650.446360558
2002-01-02,2017-01-03,1154.6700439453125,2257.830078125,1.9553898448862292,0.8891706015535696,83.4489498269956,12137650.446360558
2002-01-03,2017-01-03,1165.27001953125,2257.830078125,1.9376024786368837,0.8921412715959083,83.4489498269956,12137650.446360558
2002-01-04,2017-01-04,1172.510009765625,2270.75,1.9366572405244575,0.8980231471932715,83.4489498269956,12295403.614380512
2002-01-07,2017-01-09,1164.8900146484375,2268.89990234375,1.9477374462931605,0.8925714401971726,83.4489498269956,12180866.63726237
2002-01-08,2017-01-09,1160.7099609375,2268.89990234375,1.9547518145800784,0.8813572309636789,83.4489498269956,12180866.63726237
2002-01-09,2017-01-09,1155.1400146484375,2268.89990234375,1.9641773928455601,0.8812246079016973,83.4489498269956,12180866.63726237
2002-01-10,2017-01-10,1156.550048828125,2268.89990234375,1.9617827215023804,0.8778097050190824,83.57138639467726,11992508.69891078
2002-01-11,2017-01-11,1145.5999755859375,2275.320068359375,1.9861383701545752,0.8768218463839959,83.57138639467726,12033252.603940178
2002-01-14,2017-01-17,1138.4100341796875,2267.889892578125,1.9921555717947577,0.867218690213324,83.57138639467726,11635308.834266435
2002-01-15,2017-01-17,1146.18994140625,2267.889892578125,1.9786335673088105,0.8699283597418216,83.57138639467726,11635308.834266435
2002-01-16,2017-01-17,1127.5699462890625,2267.889892578125,2.0113075025118943,0.8635448847793495,83.57138639467726,11635308.834266435
2002-01-17,2017-01-17,1138.8800048828125,2267.889892578125,1.9913334880363314,0.8618497777078361,83.57138639467726,11635308.834266435
2002-01-18,2017-01-18,1127.5799560546875,2271.889892578125,2.0148370679869894,0.8511386103755167,83.57138639467726,11431579.809214305
2002-01-22,2017-01-23,1119.31005859375,2265.199951171875,2.0237466230025385,0.8514888107163594,83.57138639467726,11544904.060142208
2002-01-23,2017-01-23,1128.1800537109375,2265.199951171875,2.007835490195845,0.845982298307344,83.57138639467726,11544904.060142208
2002-01-24,2017-01-24,1132.1500244140625,2280.070068359375,2.013929266608824,0.836336623468322,83.57138639467726,11490072.757672299
2002-01-25,2017-01-25,1133.280029296875,2298.3701171875,2.02806901892861,0.8460794779328202,83.57138639467726,11866156.214372814
2002-01-28,2017-01-30,1133.06005859375,2280.89990234375,2.0130441321659447,0.8585504744208492,83.57138639467726,11857780.907951586
2002-01-29,2017-01-30,1100.6400146484375,2280.89990234375,2.072339613304271,0.8593225207555661,83.57138639467726,11857780.907951586
2002-01-30,2017-01-30,1113.5699462890625,2280.89990234375,2.048277173737293,0.8630089823247473,83.57138639467726,11857780.907951586
2002-01-31,2017-01-31,1130.199951171875,2278.8701171875,2.01634243111106,0.8426633472265591,83.57138639467726,11644453.575484373
2002-02-01,2017-02-01,1122.199951171875,2279.550048828125,2.0313225343199033,0.8470547787062978,83.57138639467726,11478122.300342672
2002-02-04,2017-02-06,1094.43994140625,2292.56005859375,2.094733545312711,0.8531318713957857,83.57138639467726,11580778.8651282
2002-02-05,2017-02-06,1090.02001953125,2292.56005859375,2.103227479784856,0.8418460192066867,83.57138639467726,11580778.8651282
2002-02-06,2017-02-06,1083.510009765625,2292.56005859375,2.115864217156292,0.8428539393400334,83.57138639467726,11580778.8651282
2002-02-07,2017-02-07,1080.1700439453125,2293.080078125,2.122888049875502,0.8348414037083813,83.57138639467726,11430066.358454116
2002-02-08,2017-02-08,1096.219970703125,2294.669921875,2.093256812684391,0.8345362929062096,83.57138639467726,11552314.333144609
2002-02-11,2017-02-13,1111.93994140625,2328.25,2.0938630885544995,0.8541201592213566,83.6937819290331,12197287.767825693
2002-02-12,2017-02-13,1107.5,2328.25,2.102257336343115,0.8583031978383843,83.6937819290331,12197287.767825693
2002-02-13,2017-02-13,1118.510009765625,2328.25,2.0815638480409007,0.8564962516153666,83.6937819290331,12197287.767825693
2002-02-14,2017-02-14,1116.47998046875,2337.580078125,2.093705322995201,0.861075344212505,83.6937819290331,12245350.859853677
2002-02-15,2017-02-15,1104.1800537109375,2349.25,2.127596846279392,0.8620635467185489,83.6937819290331,12473590.755233333
2002-02-19,2017-02-21,1083.3399658203125,2365.3798828125,2.1834142166272046,0.8490481212258313,83.6937819290331,12425768.137337677
2002-02-20,2017-02-21,1097.97998046875,2365.3798828125,2.154301467138473,0.8468266065729482,83.6937819290331,12425768.137337677
2002-02-21,2017-02-21,1080.949951171875,2365.3798828125,2.1882418147557656,0.8441132738846956,83.6937819290331,12425768.137337677
2002-02-22,2017-02-22,1089.8399658203125,2362.820068359375,2.168043146207161,0.8475803310785157,83.6937819290331,12478425.007921252
2002-02-25,2017-02-27,1109.4300537109375,2369.75,2.136006674844811,0.8382247953504927,83.6937819290331,12250621.419324853
2002-02-26,2017-02-27,1109.3800048828125,2369.75,2.136103039147821,0.8339875109787392,83.6937819290331,12250621.419324853
2002-02-27,2017-02-27,1109.8900146484375,2369.75,2.135121470347338,0.8358516057198062,83.6937819290331,12250621.419324853
2002-02-28,2017-02-28,1106.72998046875,2363.639892578125,2.1356969941096353,0.8447849323753049,83.6937819290331,12303437.618379794
2002-03-01,2017-03-01,1131.780029296875,2395.9599609375,2.1169837768086475,0.848162295731156,83.6937819290331,12674986.67721906
2002-03-04,2017-03-06,1153.8399658203125,2375.31005859375,2.0586130910321208,0.8628041133394431,83.6937819290331,12632633.580499966
2002-03-05,2017-03-06,1146.1400146484375,2375.31005859375,2.0724431816668956,0.8610421953637378,83.6937819290331,12632633.580499966
2002-03-06,2017-03-06,1162.77001953125,2375.31005859375,2.0428029779709265,0.8707893172608362,83.6937819290331,12632633.580499966
2002-03-07,2017-03-07,1157.5400390625,2368.389892578125,2.0460544021408547,0.8926265269175878,83.6937819290331,12580571.564536966
2002-03-08,2017-03-08,1164.31005859375,2362.97998046875,2.029510921964163,0.8857565450740518,83.6937819290331,12530773.1122263
2002-03-11,2017-03-13,1168.260009765625,2373.469970703125,2.0316281913812047,0.8962037058999021,83.82388432508752,12826330.230155617
2002-03-12,2017-03-13,1165.5799560546875,2373.469970703125,2.0362995763387723,0.8891885867142221,83.82388432508752,12826330.230155617
2002-03-13,2017-03-13,1154.0899658203125,2373.469970703125,2.0565727464895622,0.8869202359072946,83.82388432508752,12826330.230155617
2002-03-14,2017-03-14,1153.0400390625,2365.449951171875,2.051489862481399,0.8890909161742928,83.82388432508752,12785484.633908484
2002-03-15,2017-03-15,1166.1600341796875,2385.260009765625,2.045396806488476,0.8887605725458405,83.82388432508752,12925121.478280112
2002-03-18,2017-03-20,1165.550048828125,2373.469970703125,2.0363518264097493,0.8590576429941382,83.82388432508752,12416884.251366626
2002-03-19,2017-03-20,1170.2900390625,2373.469970703125,2.028104052397534,0.8522995930566275,83.82388432508752,12416884.251366626
2002-03-20,2017-03-20,1151.8499755859375,2373.469970703125,2.0605721413465834,0.857814985651976,83.82388432508752,12416884.251366626
2002-03-21,2017-03-21,1153.5899658203125,2344.02001953125,2.031935166724884,0.8521156424705539,83.82388432508752,12118890.095686171
2002-03-22,2017-03-22,1148.699951171875,2348.449951171875,2.0444415870097714,0.8392174778242366,83.82388432508752,11955764.912837144
2002-03-25,2017-03-27,1131.8699951171875,2341.590087890625,2.0687800701424104,0.8293473324993084,83.82388432508752,11699277.025932945
2002-03-26,2017-03-27,1138.489990234375,2341.590087890625,2.0567507031033045,0.8307183681397222,83.82388432508752,11699277.025932945
2002-03-27,2017-03-27,1144.5799560546875,2341.590087890625,2.04580735098837,0.8329089543561815,83.82388432508752,11699277.025932945
2002-03-28,2017-03-28,1147.3900146484375,2358.570068359375,2.0555957767176887,0.8344331730557026,83.82388432508752,11899926.413220461
2002-04-01,2017-04-03,1146.5400390625,2358.840087890625,2.057355179518541,0.834633571579987,83.82388432508752,12000109.963292401
2002-04-02,2017-04-03,1136.760009765625,2358.840087890625,2.075055480159762,0.8357620018686944,83.82388432508752,12000109.963292401
2002-04-03,2017-04-03,1125.4000244140625,2358.840087890625,2.0960014543439796,0.8384070059580676,83.82388432508752,12000109.963292401
2002-04-04,2017-04-04,1126.3399658203125,2360.159912109375,2.0954241026069536,0.8366129985785907,83.82388432508752,11902421.7682659
2002-04-05,2017-04-05,1122.72998046875,2352.949951171875,2.0957398413726307,0.8426757408226012,83.82388432508752,11864111.091412611
2002-04-08,2017-04-10,1125.2900390625,2357.159912109375,2.0947132119583753,0.8456888295388428,83.82388432508752,11976535.894695379
2002-04-09,2017-04-10,1117.800048828125,2357.159912109375,2.1087491582958555,0.8513203495611799,83.82388432508752,11976535.894695379
2002-04-10,2017-04-10,1130.469970703125,2357.159912109375,2.0851150169369634,0.8507342343651397,83.95557114022219,12011060.899626449
2002-04-11,2017-04-11,1103.68994140625,2353.780029296875,2.1326460820127084,0.8417623652109351,83.95557114022219,11879113.186452843
2002-04-12,2017-04-12,1111.010009765625,2344.929931640625,2.1106289871639445,0.8307080011136417,83.95557114022219,11574384.808098514
2002-04-15,2017-04-17,1102.550048828125,2349.010009765625,2.1305246072614423,0.8202559446422307,83.95557114022219,11362646.759154174
2002-04-16,2017-04-17,1128.3699951171875,2349.010009765625,2.08177284040743,0.8258214497141056,83.95557114022219,11362646.759154174
2002-04-17,2017-04-17,1126.0699462890625,2349.010009765625,2.0860249556492767,0.8287911291212303,83.95557114022219,11362646.759154174
2002-04-18,2017-04-18,1124.469970703125,2342.18994140625,2.082927959331534,0.8395167999301221,83.95557114022219,11455772.045351721
2002-04-19,2017-04-19,1125.1700439453125,2338.169921875,2.0780591648853424,0.8328985165801014,83.95557114022219,11305680.749281932
2002-04-22,2017-04-24,1107.8299560546875,2374.14990234375,2.143063463276264,0.8452693590827792,83.95557114022219,11921156.471555132
2002-04-23,2017-04-24,1100.9599609375,2374.14990234375,2.156436188943775,0.8444905201122985,83.95557114022219,11921156.471555132
2002-04-24,2017-04-24,1093.1400146484375,2374.14990234375,2.1718625889907575,0.84846475057141,83.95557114022219,11921156.471555132
2002-04-25,2017-04-25,1091.47998046875,2388.610107421875,2.188414034306022,0.8520438691396309,83.95557114022219,11987090.777271561
2002-04-26,2017-04-26,1076.3199462890625,2387.449951171875,2.2181600920835187,0.8687685642681586,83.95557114022219,12258029.138538834
2002-04-29,2017-05-01,1065.449951171875,2388.330078125,2.2416163945552823,0.8687324866920297,83.95557114022219,12317566.855213325
2002-04-30,2017-05-01,1076.9200439453125,2388.330078125,2.2177413184504555,0.8659612776021679,83.95557114022219,12317566.855213325
2002-05-01,2017-05-01,1086.4599609375,2388.330078125,2.1982679196609545,0.8747406776310334,83.95557114022219,12317566.855213325
2002-05-02,2017-05-02,1084.56005859375,2391.169921875,2.2047372138850583,0.8748298145354504,83.95557114022219,12446485.992716536
2002-05-03,2017-05-03,1073.4300537109375,2388.1298828125,2.224765250941629,0.8823404288705664,83.95557114022219,12449427.47990514
2002-05-06,2017-05-08,1052.6700439453125,2399.3798828125,2.2793275980570704,0.8862288380309262,83.95557114022219,12699212.01954544
2002-05-07,2017-05-08,1049.489990234375,2399.3798828125,2.28623417577967,0.8793133318362295,83.95557114022219,12699212.01954544
2002-05-08,2017-05-08,1088.8499755859375,2399.3798828125,2.2035908863581812,0.8747398827909013,83.95557114022219,12699212.01954544
2002-05-09,2017-05-09,1073.010009765625,2396.919921875,2.233828109766239,0.8817162822878393,83.95557114022219,12785814.930244364
2002-05-10,2017-05-10,1054.989990234375,2399.6298828125,2.274552275400643,0.8912596873784265,84.07710454709184,12939018.226921782
2002-05-13,2017-05-15,1074.56005859375,2402.320068359375,2.2356312698828873,0.8865227103321781,84.07710454709184,12878490.419675484
2002-05-14,2017-05-15,1097.280029296875,2402.320068359375,2.1893409195634,0.8814178551468167,84.07710454709184,12878490.419675484
2002-05-15,2017-05-15,1091.0699462890625,2402.320068359375,2.2018020719296,0.887356070263585,84.07710454709184,12878490.419675484
2002-05-16,2017-05-16,1098.22998046875,2400.669921875,2.1859446241399625,0.8876200841563402,84.07710454709184,12937657.306964535
2002-05-17,2017-05-17,1106.5899658203125,2357.030029296875,2.1299940376285758,0.8945128519825369,84.07710454709184,12323313.15961795
2002-05-20,2017-05-22,1091.8800048828125,2394.02001953125,2.1925669568316635,0.8875029677304416,84.07710454709184,12399495.610286485
2002-05-21,2017-05-22,1079.8800048828125,2394.02001953125,2.216931518970987,0.8952855498780095,84.07710454709184,12399495.610286485
2002-05-22,2017-05-22,1086.02001953125,2394.02001953125,2.204397687405948,0.8949255966833883,84.07710454709184,12399495.610286485
2002-05-23,2017-05-23,1097.0799560546875,2398.419921875,2.186185162383409,0.8869151397503968,84.07710454709184,12361414.155719452
2002-05-24,2017-05-24,1083.8199462890625,2404.389892578125,2.2184403422456085,0.897810773635308,84.07710454709184,12632571.241495527
2002-05-28,2017-05-30,1074.550048828125,2412.909912109375,2.245507237881408,0.8930356294385424,84.07710454709184,12553923.356575642
2002-05-29,2017-05-30,1067.6600341796875,2412.909912109375,2.2599983467239926,0.8940410531988147,84.07710454709184,12553923.356575642
2002-05-30,2017-05-30,1064.6600341796875,2412.909912109375,2.2663665720940713,0.9007778743351788,84.07710454709184,12553923.356575642
2002-05-31,2017-05-31,1067.1400146484375,2411.800048828125,2.260059613285776,0.8934305905886994,84.07710454709184,12475617.54382788
2002-06-03,2017-06-05,1040.6800537109375,2436.10009765625,2.3408732481894083,0.8935689611896375,84.07710454709184,12625057.93303167
2002-06-04,2017-06-05,1040.68994140625,2436.10009765625,2.3408510073273394,0.8896110096275256,84.07710454709184,12625057.93303167
2002-06-05,2017-06-05,1049.9000244140625,2436.10009765625,2.3203162596513036,0.8898976869467529,84.07710454709184,12625057.93303167
2002-06-06,2017-06-06,1029.1500244140625,2429.330078125,2.360520838065488,0.8893086872505825,84.07710454709184,12545433.258022428
2002-06-07,2017-06-07,1027.530029296875,2433.139892578125,2.3679501554257154,0.8809347987793951,84.07710454709184,12402405.296896096
2002-06-10,2017-06-12,1030.739990234375,2429.389892578125,2.3569376521674665,0.8841430487645782,84.15308387960503,12547350.974084333
2002-06-11,2017-06-12,1013.5999755859375,2429.389892578125,2.3967935586953364,0.880332080849172,84.15308387960503,12547350.974084333
2002-06-12,2017-06-12,1020.260009765625,2429.389892578125,2.3811478146009137,0.8782290205930466,84.15308387960503,12547350.974084333
2002-06-13,2017-06-13,1009.5599975585938,2440.35009765625,2.417241276950075,0.8794383510545796,84.15308387960503,12573704.346232817
2002-06-14,2017-06-14,1007.27001953125,2437.919921875,2.4203241182632707,0.8866108333225261,84.15308387960503,12578716.543495424
2002-06-17,2017-06-19,1036.1700439453125,2453.4599609375,2.36781595383295,0.8929180788096917,84.15308387960503,12908253.674830254
2002-06-18,2017-06-19,1037.1400146484375,2453.4599609375,2.365601487055879,0.8929180788096917,84.15308387960503,12908253.674830254
2002-06-19,2017-06-19,1019.989990234375,2453.4599609375,2.4053765080319462,0.895801726413831,84.15308387960503,12908253.674830254
2002-06-20,2017-06-20,1006.2899780273438,2437.030029296875,2.4217969795090752,0.9046010472387154,84.15308387960503,12902299.308698919
2002-06-21,2017-06-21,989.1400146484375,2435.610107421875,2.4623512054433925,0.9194318523482456,84.15308387960503,12819473.22003242
2002-06-24,2017-06-26,992.719970703125,2439.070068359375,2.4569567857407235,0.9147944063236138,84.15308387960503,12832390.436989423
2002-06-25,2017-06-26,976.1400146484375,2439.070068359375,2.4986887452184,0.9181922989024819,84.15308387960503,12832390.436989423
2002-06-26,2017-06-26,973.530029296875,2439.070068359375,2.5053876048599917,0.9276100743127978,84.15308387960503,12832390.436989423
2002-06-27,2017-06-27,990.6400146484375,2419.3798828125,2.442239206005725,0.9357369989316677,84.15308387960503,12774096.552514076
2002-06-28,2017-06-28,989.8200073242188,2440.68994140625,2.465791682675893,0.9386546744564966,84.15308387960503,13042471.905828595
2002-07-01,2017-07-03,968.6500244140625,2429.010009765625,2.507623959680315,0.937313218536327,84.15308387960503,12947327.793840349
2002-07-02,2017-07-03,948.0900268554688,2429.010009765625,2.5620035449818253,0.9355166753133138,84.15308387960503,12947327.793840349
2002-07-03,2017-07-03,953.989990234375,2429.010009765625,2.5461588010675764,0.9362969108333774,84.15308387960503,12947327.793840349
2002-07-05,2017-07-05,989.030029296875,2432.5400390625,2.459520911404329,0.9382225627427394,84.15308387960503,13123970.061436672
2002-07-08,2017-07-10,976.97998046875,2427.429931640625,2.4846260723540685,0.961330867029826,84.15308387960503,13284367.45897105
2002-07-09,2017-07-10,952.8300170898438,2427.429931640625,2.5476001890185405,0.9654836775155806,84.15308387960503,13284367.45897105
2002-07-10,2017-07-10,920.469970703125,2427.429931640625,2.6371636326021255,0.967943262080517,84.1621125689057,13286865.612451084
2002-07-11,2017-07-11,927.3699951171875,2425.530029296875,2.615493322048199,0.9739810458796314,84.1621125689057,13268639.434229009
2002-07-12,2017-07-12,921.3900146484375,2443.25,2.6517001065311505,0.9734531671716258,84.1621125689057,13389896.99223788
2002-07-15,2017-07-17,917.9299926757812,2459.139892578125,2.6790059287742536,0.9671055067396267,84.1621125689057,13262404.068762004
2002-07-16,2017-07-17,900.9400024414062,2459.139892578125,2.729526811901171,0.9691903250041776,84.1621125689057,13262404.068762004
2002-07-17,2017-07-17,906.0399780273438,2459.139892578125,2.7141626773823324,0.966191020413303,84.1621125689057,13262404.068762004
2002-07-18,2017-07-18,881.5599975585938,2460.610107421875,2.791199821040346,0.9661117520044101,84.1621125689057,13314415.862683672
2002-07-19,2017-07-19,847.75,2473.830078125,2.9181127432910645,0.9663071723219525,84.1621125689057,13317669.295306534
2002-07-22,2017-07-24,819.8499755859375,2469.909912109375,3.0126364403977184,0.9533814305773302,84.1621125689057,13062451.73301763
2002-07-23,2017-07-24,797.7000122070312,2469.909912109375,3.0962891742671133,0.9452585592450715,84.1621125689057,13062451.73301763
2002-07-24,2017-07-24,843.4299926757812,2469.909912109375,2.9284112890906178,0.9508484693576302,84.1621125689057,13062451.73301763
2002-07-25,2017-07-25,838.6799926757812,2477.1298828125,2.9536055521120725,0.9537169242713072,84.1621125689057,13189701.672112398
2002-07-26,2017-07-26,852.8400268554688,2477.830078125,2.9053867080571716,0.9430243455226142,84.1621125689057,13357039.638298504
2002-07-29,2017-07-31,898.9600219726562,2470.300048828125,2.7479531775032195,0.9236105367899092,84.1621125689057,12975656.122965585
2002-07-30,2017-07-31,902.780029296875,2470.300048828125,2.7363255374092668,0.919231417518897,84.1621125689057,12975656.122965585
2002-07-31,2017-07-31,911.6199951171875,2470.300048828125,2.709791428511363,0.9226081421143856,84.1621125689057,12975656.122965585
2002-08-01,2017-08-01,884.6599731445312,2476.35009765625,2.799211191678587,0.9257528899187992,84.1621125689057,13000455.299567033
2002-08-02,2017-08-02,864.239990234375,2477.570068359375,2.8667616592093568,0.9297971064057431,84.1621125689057,13027007.816905685
2002-08-05,2017-08-07,834.5999755859375,2480.909912109375,2.9725736696405156,0.9262269254031344,84.1621125689057,13131964.487302683
2002-08-06,2017-08-07,859.5700073242188,2480.909912109375,2.886222054015442,0.9158895829308443,84.1621125689057,13131964.487302683
2002-08-07,2017-08-07,876.77001953125,2480.909912109375,2.8296016707274627,0.9212206980280496,84.1621125689057,13131964.487302683
2002-08-08,2017-08-08,905.4600219726562,2474.919921875,2.7333287630778904,0.9145334549584418,84.1621125689057,13068614.66382372
2002-08-09,2017-08-09,908.6400146484375,2474.02001953125,2.722772472758064,0.9140888349112996,84.1621125689057,12925300.418135047
2002-08-12,2017-08-14,903.7999877929688,2465.840087890625,2.728302855936162,0.9178220434942793,84.13849755087494,12662176.016261011
2002-08-13,2017-08-14,884.2100219726562,2465.840087890625,2.788749309117059,0.9238771906922034,84.13849755087494,12662176.016261011
2002-08-14,2017-08-14,919.6199951171875,2465.840087890625,2.681368501101808,0.9320761249369154,84.13849755087494,12662176.016261011
2002-08-15,2017-08-15,930.25,2464.610107421875,2.6494061891124696,0.9368672459302309,84.13849755087494,12796443.83483028
2002-08-16,2017-08-16,928.77001953125,2468.110107421875,2.6573964011753195,0.9407621892494846,84.13849755087494,12966705.718001045
2002-08-19,2017-08-21,950.7000122070312,2428.3701171875,2.5542969243790026,0.922998965226349,84.13849755087494,12336198.184035316
2002-08-20,2017-08-21,937.4299926757812,2428.3701171875,2.590454899203736,0.9215207133596599,84.13849755087494,12336198.184035316
2002-08-21,2017-08-21,949.3599853515625,2428.3701171875,2.5579023285758535,0.9228431583632649,84.13849755087494,12336198.184035316
2002-08-22,2017-08-22,962.7000122070312,2452.510009765625,2.5475329580012573,0.9094582136364201,84.13849755087494,12480649.734028917
2002-08-23,2017-08-23,940.8599853515625,2444.0400390625,2.597666047142241,0.9175600482299727,84.13849755087494,12564848.24636123
2002-08-26,2017-08-28,947.9500122070312,2444.239990234375,2.5784481868866265,0.9134241208558306,84.13849755087494,12487516.824600648
2002-08-27,2017-08-28,934.8200073242188,2444.239990234375,2.6146637546094498,0.9254845472637272,84.13849755087494,12487516.824600648
2002-08-28,2017-08-28,917.8699951171875,2444.239990234375,2.662947915540382,0.9192602225871903,84.13849755087494,12487516.824600648
2002-08-29,2017-08-29,917.7999877929688,2446.300048828125,2.6653955996564527,0.9200185909601456,84.13849755087494,12381120.295398932
2002-08-30,2017-08-30,916.0700073242188,2457.590087890625,2.6827535758637997,0.9270455174585451,84.13849755087494,12702149.957431126
2002-09-03,2017-09-05,878.02001953125,2457.85009765625,2.79930985966405,0.9373452507752318,84.13849755087494,12708687.116804942
2002-09-04,2017-09-05,893.4000244140625,2457.85009765625,2.7511193535821024,0.9316195384730998,84.13849755087494,12708687.116804942
2002-09-05,2017-09-05,879.1500244140625,2457.85009765625,2.7957118004908916,0.9277627322772247,84.13849755087494,12708687.116804942
2002-09-06,2017-09-06,893.9199829101562,2465.5400390625,2.758121628555539,0.9171691074800666,84.13849755087494,12529140.580075756
2002-09-09,2017-09-11,902.9600219726562,2488.110107421875,2.755504171697671,0.9104988668869972,84.13849755087494,12657710.865629733
2002-09-10,2017-09-11,909.5800170898438,2488.110107421875,2.7354493949663277,0.9094277864454234,84.13604381134807,12657050.09651265
2002-09-11,2017-09-11,909.4500122070312,2488.110107421875,2.735840424460262,0.899900272956869,84.13604381134807,12657050.09651265
2002-09-12,2017-09-12,886.9099731445312,2496.47998046875,2.814806526098137,0.9110176130491617,84.13604381134807,12977757.096940767
2002-09-13,2017-09-13,889.8099975585938,2498.3701171875,2.8077568515102946,0.9062402401863673,84.13604381134807,13169832.976765186
2002-09-16,2017-09-18,891.0999755859375,2503.8701171875,2.8098644212632764,0.9092150108052935,84.13604381134807,13425396.424678545
2002-09-17,2017-09-18,873.52001953125,2503.8701171875,2.8664141189702,0.9108535135023658,84.13604381134807,13425396.424678545
2002-09-18,2017-09-18,869.4600219726562,2503.8701171875,2.879799017678405,0.9155784387839857,84.13604381134807,13425396.424678545
2002-09-19,2017-09-19,843.3200073242188,2506.64990234375,2.9723591051718703,0.9179647870713609,84.13604381134807,13514462.934346963
2002-09-20,2017-09-20,845.3900146484375,2508.239990234375,2.966961930911199,0.9049310638123038,84.13604381134807,13546684.1750715
2002-09-23,2017-09-25,833.7000122070312,2496.659912109375,2.994674194018584,0.9076115973694631,84.13604381134807,13619884.113938075
2002-09-24,2017-09-25,819.2899780273438,2496.659912109375,3.0473458470964587,0.9114371219972749,84.13604381134807,13619884.113938075
2002-09-25,2017-09-25,839.6599731445312,2496.659912109375,2.9734178023984756,0.9164140427124233,84.13604381134807,13619884.113938075
2002-09-26,2017-09-26,854.9500122070312,2496.840087890625,2.920451549494803,0.9151735921496456,84.13604381134807,13478108.255096804
2002-09-27,2017-09-27,827.3699951171875,2507.0400390625,3.030131686981719,0.9171386600907632,84.13604381134807,13703953.517682124
2002-09-30,2017-10-02,815.280029296875,2529.1201171875,3.102148987224302,0.9245505934119556,84.13604381134807,13968258.25680026
2002-10-01,2017-10-02,847.9099731445312,2529.1201171875,2.9827696303748943,0.9187438979622609,84.13604381134807,13968258.25680026
2002-10-02,2017-10-02,827.9099731445312,2529.1201171875,3.054825040434659,0.9175464200732375,84.13604381134807,13968258.25680026
2002-10-03,2017-10-03,818.9500122070312,2534.580078125,3.0949142686919653,0.9213234905003131,84.13604381134807,14048149.965925198
2002-10-04,2017-10-04,800.5800170898438,2537.739990234375,3.1698767594265114,0.915974045195494,84.13604381134807,14094786.106539495
2002-10-07,2017-10-09,785.280029296875,2544.72998046875,3.240538260914713,0.9054786785127898,84.13604381134807,14097565.041487448
2002-10-08,2017-10-09,798.5499877929688,2544.72998046875,3.18668839693038,0.9070841460470723,84.13604381134807,14097565.041487448
2002-10-09,2017-10-09,776.760009765625,2544.72998046875,3.2760826361755955,0.9149743967794913,84.13604381134807,14097565.041487448
2002-10-10,2017-10-10,803.9199829101562,2550.639892578125,3.1727534416359657,0.9115462454043993,84.09926609293885,14165922.572887577
2002-10-11,2017-10-11,835.3200073242188,2555.239990234375,3.0589953165608676,0.9058619921111246,84.09926609293885,14142245.107481092
2002-10-14,2017-10-16,841.4400024414062,2557.639892578125,3.039598646554989,0.8998070377945269,84.09926609293885,14065330.97302328
2002-10-15,2017-10-16,881.27001953125,2557.639892578125,2.902220472606728,0.8977132813112642,84.09926609293885,14065330.97302328
2002-10-16,2017-10-16,860.02001953125,2557.639892578125,2.9739306463728075,0.898578442411124,84.09926609293885,14065330.97302328
2002-10-17,2017-10-17,879.2000122070312,2559.360107421875,2.91101009086338,0.8968425344787956,84.09926609293885,14148886.144713886
2002-10-18,2017-10-18,884.3900146484375,2561.260009765625,2.896075223987888,0.894483859436202,84.09926609293885,14170689.420960084
2002-10-21,2017-10-23,899.719970703125,2564.97998046875,2.850864784588738,0.9134069835295268,84.09926609293885,14601627.935018368
2002-10-22,2017-10-23,890.1599731445312,2564.97998046875,2.8814820457584043,0.911363249778233,84.09926609293885,14601627.935018368
2002-10-23,2017-10-23,896.1400146484375,2564.97998046875,2.862253597140187,0.9159010568231217,84.09926609293885,14601627.935018368
2002-10-24,2017-10-24,882.5,2569.1298828125,2.911195334631728,0.9093388710920012,84.09926609293885,14488459.221098345
2002-10-25,2017-10-25,897.6500244140625,2557.14990234375,2.8487159057483673,0.9176612774888926,84.09926609293885,14504591.905761842
2002-10-28,2017-10-30,890.22998046875,2572.830078125,2.890073502995572,0.9213365834328234,84.09926609293885,14610062.106106754
2002-10-29,2017-10-30,882.1500244140625,2572.830078125,2.916544813150023,0.9252338577298216,84.09926609293885,14610062.106106754
2002-10-30,2017-10-30,890.7100219726562,2572.830078125,2.888515919498639,0.9255350230123499,84.09926609293885,14610062.106106754
2002-10-31,2017-10-31,885.760009765625,2575.260009765625,2.9074015324388456,0.922793017667672,84.09926609293885,14472389.04660651
2002-11-01,2017-11-01,900.9600219726562,2579.360107421875,2.8629018430522075,0.9304134269846965,84.09926609293885,14653218.819477424
2002-11-04,2017-11-06,908.3499755859375,2591.1298828125,2.8525677904500117,0.9342770825559676,84.09926609293885,14880770.514078785
2002-11-05,2017-11-06,915.3900146484375,2591.1298828125,2.8306293944091614,0.9350421819106063,84.09926609293885,14880770.514078785
2002-11-06,2017-11-06,923.760009765625,2591.1298828125,2.8049816569456363,0.9385778871488072,84.09926609293885,14880770.514078785
2002-11-07,2017-11-07,902.6500244140625,2590.639892578125,2.870038024160901,0.9390920535716366,84.09926609293885,14787392.531100657
2002-11-08,2017-11-08,894.739990234375,2594.3798828125,2.899590843293937,0.9497495637525156,84.09926609293885,14820994.653732084
2002-11-11,2017-11-13,876.1900024414062,2584.840087890625,2.95009082583487,0.9497577268814361,84.07180783496084,14705351.749295227
2002-11-12,2017-11-13,882.9500122070312,2584.840087890625,2.9275044477654304,0.9502340152896537,84.07180783496084,14705351.749295227
2002-11-13,2017-11-13,882.530029296875,2584.840087890625,2.9288976035750376,0.9467521258804332,84.07180783496084,14705351.749295227
2002-11-14,2017-11-14,904.27001953125,2578.8701171875,2.8518805904063025,0.9419106271983779,84.07180783496084,14626394.651521198
2002-11-15,2017-11-15,909.8300170898438,2564.6201171875,2.8187903993216454,0.94140794694613,84.07180783496084,14450860.428273994
2002-11-18,2017-11-20,900.3599853515625,2582.139892578125,2.8678972128796683,0.9263932508058367,84.07180783496084,14321788.585063893
2002-11-19,2017-11-20,896.739990234375,2582.139892578125,2.8794744526819285,0.9170664131403693,84.07180783496084,14321788.585063893
2002-11-20,2017-11-20,914.1500244140625,2582.139892578125,2.8246347137967693,0.9128819273989746,84.07180783496084,14321788.585063893
2002-11-21,2017-11-21,933.760009765625,2599.030029296875,2.7834025896538823,0.917660017139856,84.07180783496084,14592974.042396735
2002-11-22,2017-11-22,930.5499877929688,2597.080078125,2.7909087230065124,0.9137129418983274,84.07180783496084,14528671.43450373
2002-11-25,2017-11-27,932.8699951171875,2601.419921875,2.7886199958100364,0.9148861203771719,84.07180783496084,14423125.666700426
2002-11-26,2017-11-27,913.3099975585938,2601.419921875,2.8483427629490117,0.9189516187005305,84.07180783496084,14423125.666700426
2002-11-27,2017-11-27,938.8699951171875,2601.419921875,2.770798870348708,0.9126429965887204,84.07180783496084,14423125.666700426
2002-11-29,2017-11-29,936.3099975585938,2626.070068359375,2.8047015146765397,0.9116355149152886,84.07180783496084,14649473.874771673
2002-12-02,2017-12-04,934.530029296875,2639.43994140625,2.824350056885942,0.9074856952689719,84.07180783496084,15044802.002231989
2002-12-03,2017-12-04,920.75,2639.43994140625,2.866619539947054,0.9088010000348941,84.07180783496084,15044802.002231989
2002-12-04,2017-12-04,917.5800170898438,2639.43994140625,2.8765229105330574,0.9069023799174959,84.07180783496084,15044802.002231989
2002-12-05,2017-12-05,906.5499877929688,2629.570068359375,2.900634387256643,0.9020848478486068,84.07180783496084,14870458.864742737
2002-12-06,2017-12-06,912.22998046875,2629.27001953125,2.882244692484452,0.9104922275232268,84.07180783496084,14859883.533185814
2002-12-09,2017-12-11,892.0,2659.989990234375,2.9820515585587164,0.9204198987175616,84.07180783496084,15391639.92216843
2002-12-10,2017-12-11,904.4500122070312,2659.989990234375,2.9410027689020537,0.9162604982674404,84.07217781021149,15391751.663292907
2002-12-11,2017-12-11,904.9600219726562,2659.989990234375,2.939345303272135,0.9177416597743939,84.07217781021149,15391751.663292907
2002-12-12,2017-12-12,901.5800170898438,2664.110107421875,2.954934733381954,0.9270084732496853,84.07217781021149,15430409.94419077
2002-12-13,2017-12-13,889.47998046875,2662.85009765625,2.993715604765996,0.9428298420760316,84.07217781021149,15419501.194641802
2002-12-16,2017-12-18,910.4000244140625,2690.159912109375,2.9549207381016647,0.929003558204174,84.07217781021149,15492708.252902806
2002-12-17,2017-12-18,902.989990234375,2690.159912109375,2.9791691394177384,0.9267883643518211,84.07217781021149,15492708.252902806
2002-12-18,2017-12-18,891.1199951171875,2690.159912109375,3.0188525976859077,0.933929912485429,84.07217781021149,15492708.252902806
2002-12-19,2017-12-19,884.25,2681.469970703125,3.032479469271275,0.9339417732806992,84.07217781021149,15376994.665336896
2002-12-20,2017-12-20,895.760009765625,2679.25,2.9910355126268966,0.9387088828185605,84.07217781021149,15449464.339423649
2002-12-23,2017-12-26,897.3800048828125,2680.5,2.9870288901188995,0.9411330008989999,84.07217781021149,15533451.430650614
2002-12-24,2017-12-26,892.469970703125,2680.5,3.003462399847684,0.9421503358652781,84.07217781021149,15533451.430650614
2002-12-26,2017-12-26,889.6599731445312,2680.5,3.0129488578942,0.9439556990427249,84.07217781021149,15533451.430650614
2002-12-27,2017-12-27,875.4000244140625,2682.6201171875,3.0644505853002193,0.9444602232040274,84.07217781021149,15531093.855294142
2002-12-30,2018-01-02,879.3900146484375,2695.81005859375,3.0655454504694153,0.9516455412916996,84.07217781021149,15558487.788497873
2002-12-31,2018-01-02,879.8200073242188,2695.81005859375,3.064047232561203,0.9500421191437647,84.07217781021149,15558487.788497873
2003-01-02,2018-01-02,909.030029296875,2695.81005859375,2.9655896633898116,0.9381082896758189,84.07217781021149,15558487.788497873
2003-01-03,2018-01-03,908.5900268554688,2713.06005859375,2.986011268452237,0.9379460601097097,84.07217781021149,15602056.588937134
2003-01-06,2018-01-08,929.010009765625,2747.7099609375,2.957675301723288,0.9480060216990309,84.07217781021149,16139248.28877974
2003-01-07,2018-01-08,922.9299926757812,2747.7099609375,2.977159679220384,0.9412244067514366,84.07217781021149,16139248.28877974
2003-01-08,2018-01-08,909.9299926757812,2747.7099609375,3.0196938039787655,0.9499957916949195,84.07217781021149,16139248.28877974
2003-01-09,2018-01-09,927.5700073242188,2751.2900390625,2.9661265643972317,0.9477383267161424,84.07217781021149,16170298.83804059
2003-01-10,2018-01-10,927.5700073242188,2748.22998046875,2.9628275588563158,0.9451382595899824,84.07655121581706,16053361.20293409
2003-01-13,2018-01-16,926.260009765625,2776.419921875,2.9974520033284473,0.9273817784538703,84.07655121581706,15813123.475225173
2003-01-14,2018-01-16,931.6599731445312,2776.419921875,2.980078571481449,0.9371271295062567,84.07655121581706,15813123.475225173
2003-01-15,2018-01-16,918.219970703125,2776.419921875,3.023698035830088,0.9362543451891794,84.07655121581706,15813123.475225173
2003-01-16,2018-01-16,914.5999755859375,2776.419921875,3.0356658604722675,0.9385588318465771,84.07655121581706,15813123.475225173
2003-01-17,2018-01-17,901.780029296875,2802.56005859375,3.107808963987513,0.9372389338798756,84.07655121581706,16010678.666956268
2003-01-21,2018-01-22,887.6199951171875,2832.969970703125,3.1916473111098673,0.9367298127750773,84.07655121581706,16363416.941013202
2003-01-22,2018-01-22,878.3599853515625,2832.969970703125,3.2252948881422827,0.9353050661914789,84.07655121581706,16363416.941013202
2003-01-23,2018-01-23,887.3400268554688,2839.1298828125,3.199596318080827,0.9394344805091,84.07655121581706,16488056.510488886
2003-01-24,2018-01-24,861.4000244140625,2837.5400390625,3.2941025756211677,0.9346150966817411,84.07655121581706,16268291.437197875
2003-01-27,2018-01-29,847.47998046875,2853.530029296875,3.3670766213481027,0.9163981201378298,84.07655121581706,16064121.721769165
2003-01-28,2018-01-29,858.5399780273438,2853.530029296875,3.323700820378096,0.9153943348467194,84.07655121581706,16064121.721769165
2003-01-29,2018-01-29,864.3599853515625,2853.530029296875,3.301321298597892,0.9157801774781271,84.07655121581706,16064121.721769165
2003-01-30,2018-01-30,844.6099853515625,2822.429931640625,3.341696144482367,0.9150369763499667,84.07655121581706,15848159.423271485
2003-01-31,2018-01-31,855.7000122070312,2823.81005859375,3.3000000213983247,0.906780076203594,84.07655121581706,15814739.992250722
2003-02-03,2018-02-05,860.3200073242188,2648.93994140625,3.079017015592868,0.9146716614360182,84.07655121581706,14506306.607954111
2003-02-04,2018-02-05,848.2000122070312,2648.93994140625,3.123013326200812,0.9181826353854691,84.07655121581706,14506306.607954111
2003-02-05,2018-02-05,843.5900268554688,2648.93994140625,3.1400797272110115,0.9158898303739318,84.07655121581706,14506306.607954111
2003-02-06,2018-02-06,838.1500244140625,2695.139892578125,3.2155817145769996,0.9099591440161657,84.07655121581706,14720716.419116993
2003-02-07,2018-02-07,829.6900024414062,2681.659912109375,3.2321227256185447,0.9118865229431414,84.07655121581706,14717020.276702411
2003-02-10,2018-02-12,835.969970703125,2656.0,3.1771476166375545,0.897615740232238,84.00323858376107,14274651.743503097
2003-02-11,2018-02-12,829.2000122070312,2656.0,3.2030872659187333,0.8995453145676086,84.00323858376107,14274651.743503097
2003-02-12,2018-02-12,818.6799926757812,2656.0,3.244246865394994,0.8968018737672274,84.00323858376107,14274651.743503097
2003-02-13,2018-02-13,817.3699951171875,2662.93994140625,3.2579369897526766,0.903266024993574,84.00323858376107,14313473.05287699
2003-02-14,2018-02-14,834.8900146484375,2698.6298828125,3.2323178328451583,0.8957938254797925,84.00323858376107,14429414.473466348
2003-02-18,2018-02-20,851.1699829101562,2716.260009765625,3.1912074724236783,0.8964129604594967,84.00323858376107,14348287.326060288
2003-02-19,2018-02-20,845.1300048828125,2716.260009765625,3.214014404969881,0.8991321145887742,84.00323858376107,14348287.326060288
2003-02-20,2018-02-20,837.0999755859375,2716.260009765625,3.2448454055494964,0.9020202610400818,84.00323858376107,14348287.326060288
2003-02-21,2018-02-21,848.1699829101562,2701.330078125,3.1848923359165173,0.9053283547047718,84.00323858376107,14366946.783031773
2003-02-24,2018-02-26,832.5800170898438,2779.60009765625,3.3385380871521724,0.9062547280128956,84.00323858376107,15001286.96432646
2003-02-25,2018-02-26,838.5700073242188,2779.60009765625,3.314690572496907,0.9115783954719354,84.00323858376107,15001286.96432646
2003-02-26,2018-02-26,827.5499877929688,2779.60009765625,3.3588304497101062,0.9144589704193984,84.00323858376107,15001286.96432646
2003-02-27,2018-02-27,837.280029296875,2744.280029296875,3.277613144077313,0.909599873221512,84.00323858376107,14682446.391033582
2003-02-28,2018-02-28,841.1500244140625,2713.830078125,3.2263329957285913,0.9096960439821138,84.00323858376107,14489961.171649791
2003-03-03,2018-03-05,834.8099975585938,2720.93994140625,3.2593523668423394,0.8972035561991959,84.00323858376107,14126699.165041842
2003-03-04,2018-03-05,821.989990234375,2720.93994140625,3.3101862233509984,0.9011097857764482,84.00323858376107,14126699.165041842
2003-03-05,2018-03-05,829.8499755859375,2720.93994140625,3.278833549986018,0.8999573615135459,84.00323858376107,14126699.165041842
2003-03-06,2018-03-06,822.0999755859375,2728.1201171875,3.318477312011936,0.905797077883433,84.00323858376107,14349410.790733851
2003-03-07,2018-03-07,828.8900146484375,2726.800048828125,3.289700684818432,0.9016403230404841,84.00323858376107,14174309.508575287
2003-03-10,2018-03-12,807.47998046875,2783.02001953125,3.4465498672990997,0.9147710760475988,83.89531729250697,14957161.343340002
2003-03-11,2018-03-12,800.72998046875,2783.02001953125,3.4756036209635375,0.9126621954715715,83.89531729250697,14957161.343340002
2003-03-12,2018-03-12,804.1900024414062,2783.02001953125,3.4606498602101468,0.9097880737411612,83.89531729250697,14957161.343340002
2003-03-13,2018-03-13,831.9000244140625,2765.31005859375,3.3240894067066034,0.8954997375426638,83.89531729250697,14651955.468896054
2003-03-14,2018-03-14,833.27001953125,2749.47998046875,3.299626670854485,0.9003212213634908,83.89531729250697,14568040.849006359
2003-03-17,2018-03-19,862.7899780273438,2712.919921875,3.1443572491161014,0.89191990529045,83.89531729250697,14118680.192547858
2003-03-18,2018-03-19,866.4500122070312,2712.919921875,3.131074942182319,0.8934991832495033,83.89531729250697,14118680.192547858
2003-03-19,2018-03-19,874.02001953125,2712.919921875,3.1039562724546967,0.8826337158494669,83.89531729250697,14118680.192547858
2003-03-20,2018-03-20,875.6699829101562,2716.93994140625,3.1026984987847963,0.8810972527711571,83.89531729250697,14160573.822277762
2003-03-21,2018-03-21,895.7899780273438,2711.929931640625,3.0274171381250303,0.8765766719294372,83.89531729250697,14223637.990415845
2003-03-24,2018-03-26,864.22998046875,2658.550048828125,3.0762066914019264,0.8689012337959924,83.89531729250697,13387741.120635293
2003-03-25,2018-03-26,874.739990234375,2658.550048828125,3.0392460371176147,0.8744808436095695,83.89531729250697,13387741.120635293
2003-03-26,2018-03-26,869.9500122070312,2658.550048828125,3.055980241995148,0.8739706469895528,83.89531729250697,13387741.120635293
2003-03-27,2018-03-27,868.52001953125,2612.6201171875,3.0081288380635836,0.8793865043471714,83.89531729250697,13124185.634952482
2003-03-28,2018-03-28,863.5,2605.0,3.0167921250723797,0.8811643429684284,83.89531729250697,13055209.65507337
2003-03-31,2018-04-02,848.1799926757812,2581.8798828125,3.0440235623424208,0.9008727610837141,83.89531729250697,13027989.8042259
2003-04-01,2018-04-02,858.47998046875,2581.8798828125,3.0075015627070694,0.9025553581258751,83.89531729250697,13027989.8042259
2003-04-02,2018-04-02,880.9000244140625,2581.8798828125,2.9309567615574283,0.8923283280560259,83.89531729250697,13027989.8042259
2003-04-03,2018-04-03,876.4500122070312,2614.449951171875,2.982999503403853,0.8910890306556685,83.89531729250697,13205964.897200067
2003-04-04,2018-04-04,878.8499755859375,2644.68994140625,3.009262120810791,0.8873363878050279,83.89531729250697,13615710.540906217
2003-04-07,2018-04-09,879.9299926757812,2613.159912109375,2.9697361538535705,0.8922178902652642,83.89531729250697,13450796.244298473
2003-04-08,2018-04-09,878.2899780273438,2613.159912109375,2.9752814873039797,0.8935594615104341,83.89531729250697,13450796.244298473
2003-04-09,2018-04-09,865.989990234375,2613.159912109375,3.017540550788744,0.8908061349785242,83.89531729250697,13450796.244298473
2003-04-10,2018-04-10,871.5800170898438,2656.8701171875,3.0483375766904786,0.8929981573678448,83.79811397056665,13766672.728076626
2003-04-11,2018-04-11,868.2999877929688,2642.18994140625,3.0429459617086105,0.8887570689171989,83.79811397056665,13715946.281666573
2003-04-14,2018-04-16,885.22998046875,2677.840087890625,3.0250219117891217,0.8936569979255582,83.79811397056665,14122330.955234349
2003-04-15,2018-04-16,890.8099975585938,2677.840087890625,3.0060732313620986,0.8935084638022605,83.79811397056665,14122330.955234349
2003-04-16,2018-04-16,879.9099731445312,2677.840087890625,3.0433114405111663,0.8991134434069421,83.79811397056665,14122330.955234349
2003-04-17,2018-04-17,893.5800170898438,2706.389892578125,3.0287045824862204,0.8946593920140996,83.79811397056665,14277001.26448794
2003-04-21,2018-04-23,892.010009765625,2670.2900390625,2.993565105580056,0.8949556491195022,83.79811397056665,14137336.542270403
2003-04-22,2018-04-23,911.3699951171875,2670.2900390625,2.929973614853475,0.8998832136839524,83.79811397056665,14137336.542270403
2003-04-23,2018-04-23,919.02001953125,2670.2900390625,2.905584190020684,0.8954013630188362,83.79811397056665,14137336.542270403
2003-04-24,2018-04-24,911.4299926757812,2634.56005859375,2.8905786289292434,0.908157979683361,83.79811397056665,14011292.92384161
2003-04-25,2018-04-25,898.8099975585938,2639.39990234375,2.9365493369155438,0.9054843382808414,83.79811397056665,14064692.48145013
2003-04-28,2018-04-30,914.8400268554688,2648.050048828125,2.894549835046164,0.9055278596692979,83.79811397056665,14209020.639242526
2003-04-29,2018-04-30,917.8400268554688,2648.050048828125,2.885088873167122,0.9102119057000221,83.79811397056665,14209020.639242526
2003-04-30,2018-04-30,916.9199829101562,2648.050048828125,2.8879837915884883,0.9181787565473811,83.79811397056665,14209020.639242526
2003-05-01,2018-05-01,916.2999877929688,2654.800048828125,2.8973044681824853,0.9229463981720885,83.79811397056665,14320785.322687704
2003-05-02,2018-05-02,930.0800170898438,2635.669921875,2.833809858770893,0.9230614364003461,83.79811397056665,14266788.285632998
2003-05-05,2018-05-07,926.5499877929688,2672.6298828125,2.884496161052976,0.9214521446618262,83.79811397056665,14444485.633790508
2003-05-06,2018-05-07,934.3900146484375,2672.6298828125,2.8602937113129063,0.9281912332875444,83.79811397056665,14444485.633790508
2003-05-07,2018-05-07,929.6199951171875,2672.6298828125,2.874970307061424,0.9375193733017847,83.79811397056665,14444485.633790508
2003-05-08,2018-05-08,920.27001953125,2671.919921875,2.903408635691482,0.9305005046947362,83.79811397056665,14392539.436751343
2003-05-09,2018-05-09,933.4099731445312,2697.7900390625,2.8902519971733454,0.9290498806375196,83.79811397056665,14647025.313010756
2003-05-12,2018-05-14,945.1099853515625,2730.1298828125,2.8886901261517672,0.9345127986027644,83.72429334779932,14992282.11931244
2003-05-13,2018-05-14,942.2999877929688,2730.1298828125,2.8973043809614616,0.9363535204230541,83.72429334779932,14992282.11931244
2003-05-14,2018-05-14,939.280029296875,2730.1298828125,2.9066197488050682,0.9408656595638213,83.72429334779932,14992282.11931244
2003-05-15,2018-05-15,946.6699829101562,2711.449951171875,2.864197661403198,0.9424633043030165,83.72429334779932,14910499.231277447
2003-05-16,2018-05-16,944.2999877929688,2722.4599609375,2.88304563817741,0.9507542025625584,83.72429334779932,15140660.338717248
2003-05-19,2018-05-21,920.77001953125,2733.010009765625,2.9681787545134872,0.9470447174524026,83.72429334779932,15371486.87930521
2003-05-20,2018-05-21,919.72998046875,2733.010009765625,2.971535198159701,0.9506172653774752,83.72429334779932,15371486.87930521
2003-05-21,2018-05-21,923.4199829101562,2733.010009765625,2.9596608914099405,0.9428571317355764,83.72429334779932,15371486.87930521
2003-05-22,2018-05-22,931.8699951171875,2724.43994140625,2.9236266385673653,0.9465074356176706,83.72429334779932,15314281.82001523
2003-05-23,2018-05-23,933.219970703125,2733.2900390625,2.928880783598245,0.9467806824638737,83.72429334779932,15338844.855093542
2003-05-27,2018-05-29,951.47998046875,2689.860107421875,2.827027538820844,0.9327961377189352,83.72429334779932,14635128.768048324
2003-05-28,2018-05-29,953.219970703125,2689.860107421875,2.821867134652823,0.9227245645131417,83.72429334779932,14635128.768048324
2003-05-29,2018-05-29,949.6400146484375,2689.860107421875,2.8325050186703407,0.9256918137764,83.72429334779932,14635128.768048324
2003-05-30,2018-05-30,963.5900268554688,2724.010009765625,2.8269387746311803,0.9085833564091069,83.72429334779932,14720965.109171204
2003-06-02,2018-06-04,967.0,2746.8701171875,2.840610255623061,0.9237083705291764,83.72429334779932,15205321.581199318
2003-06-03,2018-06-04,971.5599975585938,2746.8701171875,2.827277907787511,0.9199093514707236,83.72429334779932,15205321.581199318
2003-06-04,2018-06-04,986.239990234375,2746.8701171875,2.7851944196003653,0.9223091633758763,83.72429334779932,15205321.581199318
2003-06-05,2018-06-05,990.1400146484375,2748.800048828125,2.776173074677851,0.9341063225981731,83.72429334779932,15307031.761075705
2003-06-06,2018-06-06,987.760009765625,2772.35009765625,2.806704128783338,0.9260642645467372,83.72429334779932,15499708.141010694
2003-06-09,2018-06-11,975.9299926757812,2782.0,2.8506143072541295,0.9260704054056759,83.72429334779932,15491571.446966216
2003-06-10,2018-06-11,984.8400268554688,2782.0,2.8248242599183833,0.930084154809994,83.64774048976699,15468263.365500614
2003-06-11,2018-06-11,997.47998046875,2782.0,2.7890284060564734,0.9299260644330846,83.64774048976699,15468263.365500614
2003-06-12,2018-06-12,998.510009765625,2786.85009765625,2.791008673323558,0.9384968458532179,83.64774048976699,15732490.776229445
2003-06-13,2018-06-13,988.6099853515625,2775.6298828125,2.8076085857310558,0.9408978963564393,83.64774048976699,15644212.478380155
2003-06-16,2018-06-18,1010.739990234375,2773.75,2.7442764972194382,0.9403008954356583,83.64774048976699,15665125.526390992
2003-06-17,2018-06-18,1011.6599731445312,2773.75,2.7417809082417133,0.9367177592979897,83.64774048976699,15665125.526390992
2003-06-18,2018-06-18,1010.0900268554688,2773.75,2.7460423588529195,0.9379090594821068,83.64774048976699,15665125.526390992
2003-06-19,2018-06-19,994.7000122070312,2762.590087890625,2.7773097959062203,0.9298269592730092,83.64774048976699,15451175.825284425
2003-06-20,2018-06-20,995.6900024414062,2767.320068359375,2.779298839572535,0.9302036460935863,83.64774048976699,15479242.68956555
2003-06-23,2018-06-25,981.6400146484375,2717.070068359375,2.767888459938607,0.9339648060065522,83.64774048976699,14986125.67556743
2003-06-24,2018-06-25,983.4500122070312,2717.070068359375,2.762794279967318,0.9323015448359571,83.64774048976699,14986125.67556743
2003-06-25,2018-06-25,975.3200073242188,2717.070068359375,2.785824188938389,0.9322224724452575,83.64774048976699,14986125.67556743
2003-06-26,2018-06-26,985.8200073242188,2723.06005859375,2.762228437607864,0.9193610244653042,83.64774048976699,14974243.126592543
2003-06-27,2018-06-27,976.219970703125,2699.6298828125,2.7653909608795284,0.9210825838403639,83.64774048976699,14861877.7518829
2003-06-30,2018-07-02,974.5,2726.7099609375,2.798060503783992,0.9251274402810361,83.64774048976699,15251082.803867944
2003-07-01,2018-07-02,982.3200073242188,2726.7099609375,2.7757858341548958,0.9284636117736071,83.64774048976699,15251082.803867944
2003-07-02,2018-07-02,993.75,2726.7099609375,2.7438590801886793,0.9370291803189132,83.64774048976699,15251082.803867944
2003-07-03,2018-07-03,985.7000122070312,2713.219970703125,2.752581857666909,0.9382330872067506,83.64774048976699,15162697.259913802
2003-07-07,2018-07-09,1004.4199829101562,2784.169921875,2.7719180912831756,0.9350664789112391,83.64774048976699,15716126.23794217
2003-07-08,2018-07-09,1007.8400268554688,2784.169921875,2.76251175552315,0.933801243723573,83.64774048976699,15716126.23794217
2003-07-09,2018-07-09,1002.2100219726562,2784.169921875,2.778030413620192,0.9372888494916846,83.64774048976699,15716126.23794217
2003-07-10,2018-07-10,988.7000122070312,2793.840087890625,2.82577126873303,0.9429166708270544,83.57226344605391,15906143.693171445
2003-07-11,2018-07-11,998.1400146484375,2774.02001953125,2.7791892708642774,0.9399626650792315,83.57226344605391,15694076.474194791
2003-07-14,2018-07-16,1003.8599853515625,2798.429931640625,2.787669567943367,0.9547995320223287,83.57226344605391,16286880.893625744
2003-07-15,2018-07-16,1000.4199829101562,2798.429931640625,2.7972551322897163,0.9536653783567297,83.57226344605391,16286880.893625744
2003-07-16,2018-07-16,994.0900268554688,2798.429931640625,2.815066901428124,0.9523725239132912,83.57226344605391,16286880.893625744
2003-07-17,2018-07-17,981.72998046875,2809.550048828125,2.8618358456228865,0.9457498808107757,83.57226344605391,16385466.666540194
2003-07-18,2018-07-18,993.3200073242188,2815.6201171875,2.8345549233143394,0.9543320620252648,83.57226344605391,16592599.257438269
2003-07-21,2018-07-23,978.7999877929688,2806.97998046875,2.8677768854472743,0.9367608481235037,83.57226344605391,16051442.785969637
2003-07-22,2018-07-23,988.1099853515625,2806.97998046875,2.840756618272658,0.9330617084190455,83.57226344605391,16051442.785969637
2003-07-23,2018-07-23,988.6099853515625,2806.97998046875,2.83931987544163,0.9354194765998914,83.57226344605391,16051442.785969637
2003-07-24,2018-07-24,981.5999755859375,2820.39990234375,2.873268105635592,0.9370323828841408,83.57226344605391,16271924.704358604
2003-07-25,2018-07-25,998.6799926757812,2846.070068359375,2.849831867296999,0.9366873973852557,83.57226344605391,16458951.264776055
2003-07-28,2018-07-30,996.52001953125,2802.60009765625,2.812387150008844,0.9290176258751026,83.57226344605391,15982920.401185885
2003-07-29,2018-07-30,989.280029296875,2802.60009765625,2.832969447132357,0.9258387447041706,83.57226344605391,15982920.401185885
2003-07-30,2018-07-30,987.489990234375,2802.60009765625,2.8381048166281353,0.9222979650296156,83.57226344605391,15982920.401185885
2003-07-31,2018-07-31,990.3099975585938,2816.2900390625,2.843846922686316,0.9206536624385206,83.57226344605391,16123962.965774637
2003-08-01,2018-08-01,980.1500244140625,2813.360107421875,2.8703362111363644,0.9307250579666968,83.57226344605391,16288170.532252837
2003-08-04,2018-08-06,982.8200073242188,2850.39990234375,2.9002257596526952,0.9245615777316797,83.57226344605391,16497537.682941735
2003-08-05,2018-08-06,965.4600219726562,2850.39990234375,2.9523748653203987,0.9277231004509997,83.57226344605391,16497537.682941735
2003-08-06,2018-08-06,967.0800170898438,2850.39990234375,2.9474292219595535,0.9254076870531457,83.57226344605391,16497537.682941735
2003-08-07,2018-08-07,974.1199951171875,2858.449951171875,2.934392031269208,0.934766146984759,83.57226344605391,16597692.44287711
2003-08-08,2018-08-08,977.5900268554688,2857.699951171875,2.9232089860449957,0.9354364644425216,83.57226344605391,16591909.029648457
2003-08-11,2018-08-13,980.5900268554688,2821.929931640625,2.8777877138827512,0.933578040529404,83.47990573515912,16061364.72339115
2003-08-12,2018-08-13,990.3499755859375,2821.929931640625,2.8494269714815097,0.9327908872349099,83.47990573515912,16061364.72339115
2003-08-13,2018-08-13,984.030029296875,2821.929931640625,2.867727455082845,0.9280956429115562,83.47990573515912,16061364.72339115
2003-08-14,2018-08-14,990.510009765625,2839.9599609375,2.8671693702615815,0.9301588801995891,83.47990573515912,16235465.22823352
2003-08-15,2018-08-15,990.6699829101562,2818.3701171875,2.844913206018777,0.9338202363978805,83.47990573515912,16173655.88557303
2003-08-18,2018-08-20,999.739990234375,2857.050048828125,2.857793102943026,0.9252512316775524,83.47990573515912,16348979.676976196
2003-08-19,2018-08-20,1002.3499755859375,2857.050048828125,2.850351791706282,0.9317280826386265,83.47990573515912,16348979.676976196
2003-08-20,2018-08-20,1000.2999877929688,2857.050048828125,2.856193225726047,0.935753013371797,83.47990573515912,16348979.676976196
2003-08-21,2018-08-21,1003.27001953125,2862.9599609375,2.8536285398771692,0.9331069875100151,83.47990573515912,16277530.595451105
2003-08-22,2018-08-22,993.0599975585938,2861.820068359375,2.8818199055395124,0.9373904561071489,83.47990573515912,16311505.489646193
2003-08-25,2018-08-27,993.7100219726562,2896.739990234375,2.915075752666691,0.949262087298936,83.47990573515912,16910166.088040013
2003-08-26,2018-08-27,996.72998046875,2896.739990234375,2.9062434631213496,0.948695607719308,83.47990573515912,16910166.088040013
2003-08-27,2018-08-27,996.7899780273438,2896.739990234375,2.906068534082826,0.9472420369495697,83.47990573515912,16910166.088040013
2003-08-28,2018-08-28,1002.8400268554688,2897.52001953125,2.8893142893555903,0.9472979997160762,83.47990573515912,16882339.94329695
2003-08-29,2018-08-29,1008.010009765625,2914.0400390625,2.89088402975289,0.950996690426203,83.47990573515912,17041689.799624942
2003-09-02,2018-09-04,1021.989990234375,2896.719970703125,2.834391724363968,0.9540363715847912,83.47990573515912,16863067.37678878
2003-09-03,2018-09-04,1026.27001953125,2896.719970703125,2.822570976034363,0.9583987052606553,83.47990573515912,16863067.37678878
2003-09-04,2018-09-04,1027.969970703125,2896.719970703125,2.8179032980134493,0.9506889078918236,83.47990573515912,16863067.37678878
2003-09-05,2018-09-05,1021.3900146484375,2888.60009765625,2.8281068506925893,0.9543710733915869,83.47990573515912,16877712.30454603
2003-09-08,2018-09-10,1031.6400146484375,2877.1298828125,2.788889381915812,0.9512048502562039,83.47990573515912,16641045.943654906
2003-09-09,2018-09-10,1023.1699829101562,2877.1298828125,2.811976436827446,0.94957623908267,83.47990573515912,16641045.943654906
2003-09-10,2018-09-10,1010.9199829101562,2877.1298828125,2.8460510539420207,0.9474673140692695,83.39308173417031,16613337.692441817
2003-09-11,2018-09-11,1016.4199829101562,2887.889892578125,2.8412368323472763,0.9493337964317529,83.39308173417031,16767777.679129973
2003-09-12,2018-09-12,1018.6300048828125,2888.919921875,2.8360836692684637,0.9517097761842526,83.39308173417031,16887905.32039968
2003-09-15,2018-09-17,1014.8099975585938,2888.800048828125,2.8466412981522975,0.9535218417322734,83.39308173417031,16970143.248252682
2003-09-16,2018-09-17,1029.3199462890625,2888.800048828125,2.806513231617555,0.9635338719107486,83.39308173417031,16970143.248252682
2003-09-17,2018-09-17,1025.969970703125,2888.800048828125,2.8156769996380615,0.9641977636826103,83.39308173417031,16970143.248252682
2003-09-18,2018-09-18,1039.5799560546875,2904.31005859375,2.7937341824248945,0.9692788265868402,83.39308173417031,17051247.790757097
2003-09-19,2018-09-19,1036.300048828125,2907.949951171875,2.8060887910410313,0.9856640928595942,83.39308173417031,17227499.100291204
2003-09-22,2018-09-24,1022.8200073242188,2919.3701171875,2.854236421151765,1.0040510607799356,83.39308173417031,17394561.39614386
2003-09-23,2018-09-24,1029.030029296875,2919.3701171875,2.8370115876815314,1.002262451587457,83.39308173417031,17394561.39614386
2003-09-24,2018-09-24,1009.3800048828125,2919.3701171875,2.892240883577275,1.005666303414115,83.39308173417031,17394561.39614386
2003-09-25,2018-09-25,1003.27001953125,2915.56005859375,2.906057194807799,1.006119577591522,83.39308173417031,17422511.14784022
2003-09-26,2018-09-26,996.8499755859375,2905.969970703125,2.9151527731091407,1.0114513322648038,83.39308173417031,17376658.372492418
2003-09-29,2018-10-01,1006.5800170898438,2924.590087890625,2.9054720322642633,1.0268543397671899,83.39308173417031,17753771.8882597
2003-09-30,2018-10-01,995.969970703125,2924.590087890625,2.9364239624874955,1.0225177166276034,83.39308173417031,17753771.8882597
2003-10-01,2018-10-01,1018.219970703125,2924.590087890625,2.8722576378766846,1.0230692635552758,83.39308173417031,17753771.8882597
2003-10-02,2018-10-02,1020.239990234375,2923.429931640625,2.865433583885532,1.0277441717572304,83.39308173417031,17779331.6854041
2003-10-03,2018-10-03,1029.8499755859375,2925.510009765625,2.8407147440103047,1.024970724495748,83.39308173417031,17709074.35369759
2003-10-06,2018-10-08,1034.3499755859375,2884.429931640625,2.788640208558671,1.0251058868209963,83.39308173417031,17353175.91053317
2003-10-07,2018-10-08,1039.25,2884.429931640625,2.775491875526221,1.03461916612685,83.39308173417031,17353175.91053317
2003-10-08,2018-10-08,1033.780029296875,2884.429931640625,2.790177648916732,1.0383035045964804,83.39308173417031,17353175.91053317
2003-10-09,2018-10-09,1038.72998046875,2880.340087890625,2.772944020149305,1.0366361292745327,83.39308173417031,17165948.781648125
2003-10-10,2018-10-10,1038.06005859375,2785.679931640625,2.6835440864706412,1.0408806525409482,83.27000146303246,16211419.96180664
2003-10-13,2018-10-15,1045.3499755859375,2750.7900390625,2.6314536789658725,1.0294732784630207,83.27000146303246,15698508.044013917
2003-10-14,2018-10-15,1049.47998046875,2750.7900390625,2.6210981536149554,1.0312712602134055,83.27000146303246,15698508.044013917
2003-10-15,2018-10-15,1046.760009765625,2750.7900390625,2.6279089890703946,1.0244909063485046,83.27000146303246,15698508.044013917
2003-10-16,2018-10-16,1050.0699462890625,2809.919921875,2.675935952462244,1.018866783622455,83.27000146303246,16168785.68863836
2003-10-17,2018-10-17,1039.3199462890625,2809.2099609375,2.7029308645214667,1.0278316535403391,83.27000146303246,16279369.075257968
2003-10-20,2018-10-22,1044.6800537109375,2755.8798828125,2.6380133065841522,1.0208749595696793,83.27000146303246,15812149.838714361
2003-10-21,2018-10-22,1046.030029296875,2755.8798828125,2.634608764210105,1.0266521163144258,83.27000146303246,15812149.838714361
2003-10-22,2018-10-22,1030.3599853515625,2755.8798828125,2.6746767362789075,1.0323054726692134,83.27000146303246,15812149.838714361
2003-10-23,2018-10-23,1033.77001953125,2740.68994140625,2.651160209355831,1.0304972187084305,83.27000146303246,15733093.93420516
2003-10-24,2018-10-24,1028.9100341796875,2656.10009765625,2.5814697198223575,1.029424121472418,83.27000146303246,14869628.479794547
2003-10-27,2018-10-29,1031.1300048828125,2641.25,2.5615101757223884,1.0320759643676387,83.27000146303246,14612697.007866275
2003-10-28,2018-10-29,1046.7900390625,2641.25,2.523189848429863,1.0347479940124598,83.27000146303246,14612697.007866275
2003-10-29,2018-10-29,1048.1099853515625,2641.25,2.5200122476784323,1.0340786903441561,83.27000146303246,14612697.007866275
2003-10-30,2018-10-30,1046.93994140625,2682.6298828125,2.562353174919653,1.0342909675484473,83.27000146303246,15091225.959396519
2003-10-31,2018-10-31,1050.7099609375,2711.739990234375,2.58086445455872,1.0277454723011363,83.27000146303246,15527887.38768446
2003-11-03,2018-11-05,1059.02001953125,2738.31005859375,2.585701882959491,1.0211100796280161,83.27000146303246,15797850.970705383
2003-11-04,2018-11-05,1053.25,2738.31005859375,2.5998671337230004,1.0327612668847794,83.27000146303246,15797850.970705383
2003-11-05,2018-11-05,1051.81005859375,2738.31005859375,2.603426385040297,1.0298470718222836,83.27000146303246,15797850.970705383
2003-11-06,2018-11-06,1058.050048828125,2755.449951171875,2.6042718434952636,1.0279205235494628,83.27000146303246,15983878.62482461
2003-11-07,2018-11-07,1053.2099609375,2813.889892578125,2.6717273828984496,1.0368882929095689,83.27000146303246,16562380.784606617
2003-11-10,2018-11-12,1047.1099853515625,2726.219970703125,2.603566013925279,1.047052305311337,83.00439231106245,15762010.20929531
2003-11-11,2018-11-12,1046.5699462890625,2726.219970703125,2.6049094763037877,1.04666731805626,83.00439231106245,15762010.20929531
2003-11-12,2018-11-12,1058.530029296875,2726.219970703125,2.575477213919011,1.0475340481386153,83.00439231106245,15762010.20929531
2003-11-13,2018-11-13,1058.4100341796875,2722.179931640625,2.5719521203806703,1.0524483979471893,83.00439231106245,15689939.700605664
2003-11-14,2018-11-14,1050.3499755859375,2701.580078125,2.5720761088397457,1.0506832710841447,83.00439231106245,15516388.496554736
2003-11-17,2018-11-19,1043.6300048828125,2690.72998046875,2.578241299962325,1.0341253201339655,83.00439231106245,15177390.2798042
2003-11-18,2018-11-19,1034.1500244140625,2690.72998046875,2.601875856448668,1.0432167860804145,83.00439231106245,15177390.2798042
2003-11-19,2018-11-19,1042.43994140625,2690.72998046875,2.581184654953799,1.0331775522530662,83.00439231106245,15177390.2798042
2003-11-20,2018-11-20,1033.6500244140625,2641.889892578125,2.5558843227191073,1.0315871632427251,83.00439231106245,14657453.05368191
2003-11-21,2018-11-21,1035.280029296875,2649.929931640625,2.5596262428054004,1.0363494522270116,83.00439231106245,14789681.8364079
2003-11-24,2018-11-26,1052.0799560546875,2673.449951171875,2.541109100868478,1.0323551065433325,83.00439231106245,15057639.16892755
2003-11-25,2018-11-26,1053.8900146484375,2673.449951171875,2.536744739975261,1.0321663358619824,83.00439231106245,15057639.16892755
2003-11-26,2018-11-26,1058.449951171875,2673.449951171875,2.5258161221623507,1.0354790972785906,83.00439231106245,15057639.16892755
2003-11-28,2018-11-28,1058.199951171875,2743.7900390625,2.5928842994407284,1.0378306462372617,83.00439231106245,15910049.876855478
2003-12-01,2018-12-03,1070.1199951171875,2790.3701171875,2.6075301180424444,1.0420720197524238,83.00439231106245,16348987.090414956
2003-12-02,2018-12-03,1066.6199951171875,2790.3701171875,2.616086450620989,1.0462889448722408,83.00439231106245,16348987.090414956
2003-12-03,2018-12-03,1064.72998046875,2790.3701171875,2.620730296294496,1.0504431882048295,83.00439231106245,16348987.090414956
2003-12-04,2018-12-04,1069.719970703125,2700.06005859375,2.524081191845942,1.0491087236319216,83.00439231106245,15456759.549701065
2003-12-05,2018-12-06,1061.5,2695.949951171875,2.539755017590085,1.050464594101972,83.00439231106245,15298065.796023622
2003-12-08,2018-12-10,1069.300048828125,2637.719970703125,2.466772514967968,1.047407085612586,83.00439231106245,14631451.26033298
2003-12-09,2018-12-10,1060.1800537109375,2637.719970703125,2.4879924513485614,1.0505369572186798,83.00439231106245,14631451.26033298
2003-12-10,2018-12-10,1059.050048828125,2637.719970703125,2.4906471357249376,1.0380328635579406,82.74891734145561,14555639.37752895
2003-12-11,2018-12-11,1071.2099609375,2636.780029296875,2.461496929126034,1.0481662922507384,82.74891734145561,14695040.736291364
2003-12-12,2018-12-12,1074.1400146484375,2651.070068359375,2.468086126767246,1.0529717901579252,82.74891734145561,14873408.998168636
2003-12-15,2018-12-17,1068.0400390625,2545.93994140625,2.383749530252644,1.0524410770178683,82.74891734145561,13888299.078938533
2003-12-16,2018-12-17,1075.1300048828125,2545.93994140625,2.3680298474078523,1.054692560102149,82.74891734145561,13888299.078938533
2003-12-17,2018-12-17,1076.47998046875,2545.93994140625,2.3650601846748955,1.0559694756002536,82.74891734145561,13888299.078938533
2003-12-18,2018-12-18,1089.1800537109375,2546.159912109375,2.3376850351182727,1.0481096217471688,82.74891734145561,13772165.473506209
2003-12-19,2018-12-19,1088.6600341796875,2506.9599609375,2.3027941526543785,1.0446941141179216,82.74891734145561,13342904.228757687
2003-12-22,2018-12-24,1092.93994140625,2351.10009765625,2.1511704427520204,1.033156601186648,82.74891734145561,11605665.547886413
2003-12-23,2018-12-24,1096.02001953125,2351.10009765625,2.145125139832553,1.033733598985588,82.74891734145561,11605665.547886413
2003-12-24,2018-12-24,1094.0400390625,2351.10009765625,2.149007361440761,1.035371980633032,82.74891734145561,11605665.547886413
2003-12-26,2018-12-26,1095.8900146484375,2467.699951171875,2.2517770197618923,1.027473276527182,82.74891734145561,12544033.207089126
2003-12-29,2018-12-31,1109.47998046875,2506.85009765625,2.259482047253451,1.0306398756262625,82.74891734145561,12886759.760254923
2003-12-30,2018-12-31,1109.6400146484375,2506.85009765625,2.2591561808903267,1.0315071314082618,82.74891734145561,12886759.760254923
2003-12-31,2018-12-31,1111.9200439453125,2506.85009765625,2.2545237054648726,1.0272811942602234,82.74891734145561,12886759.760254923
2004-01-02,2019-01-02,1108.47998046875,2510.030029296875,2.2643891396536024,1.0257973576933497,82.74891734145561,12778292.111165691
2004-01-05,2019-01-07,1122.219970703125,2549.68994140625,2.2720054962208045,1.0214797190883305,82.74891734145561,12896415.238978457
2004-01-06,2019-01-07,1123.6700439453125,2549.68994140625,2.2690735195307385,1.021575823632363,82.74891734145561,12896415.238978457
2004-01-07,2019-01-07,1126.3299560546875,2549.68994140625,2.2637149333551534,1.0220569114891798,82.74891734145561,12896415.238978457
2004-01-08,2019-01-08,1131.9200439453125,2574.409912109375,2.274374348152947,1.0230385154722859,82.74891734145561,13138426.048016924
2004-01-09,2019-01-09,1121.8599853515625,2584.9599609375,2.3041734215410483,1.0206042325744074,82.74891734145561,13267473.575052507
2004-01-12,2019-01-14,1127.22998046875,2582.610107421875,2.2911119755242106,1.017429659808442,82.52336811117473,13115185.537464142
2004-01-13,2019-01-14,1121.219970703125,2582.610107421875,2.303392888910373,1.0208772812870353,82.52336811117473,13115185.537464142
2004-01-14,2019-01-14,1130.52001953125,2582.610107421875,2.2844443820576554,1.0208772812870353,82.52336811117473,13115185.537464142
2004-01-15,2019-01-15,1132.050048828125,2610.300048828125,2.3058168245567003,1.0186318191350274,82.52336811117473,13318213.883439075
2004-01-16,2019-01-16,1139.8299560546875,2616.10009765625,2.2951669972873856,1.0177423624579187,82.52336811117473,13455086.430363677
2004-01-20,2019-01-22,1138.77001953125,2632.89990234375,2.312055864824687,1.0249532539153767,82.52336811117473,13828633.061277483
2004-01-21,2019-01-22,1147.6199951171875,2632.89990234375,2.294226236512109,1.026776525378934,82.52336811117473,13828633.061277483
2004-01-22,2019-01-22,1143.93994140625,2632.89990234375,2.3016067601478407,1.0333553284381465,82.52336811117473,13828633.061277483
2004-01-23,2019-01-23,1141.550048828125,2638.699951171875,2.311506143669015,1.0244028417511344,82.52336811117473,13812533.952815037
2004-01-26,2019-01-28,1155.3699951171875,2643.85009765625,2.288314660091279,1.028678919562937,82.52336811117473,13868828.316373292
2004-01-27,2019-01-28,1144.050048828125,2643.85009765625,2.310956675684252,1.0356906595710333,82.52336811117473,13868828.316373292
2004-01-28,2019-01-28,1128.47998046875,2643.85009765625,2.3428418256547565,1.0308113102523955,82.52336811117473,13868828.316373292
2004-01-29,2019-01-29,1134.1099853515625,2640.0,2.327816555800474,1.031573921489924,82.52336811117473,13802260.798692264
2004-01-30,2019-01-30,1131.1300048828125,2681.050048828125,2.370240412025749,1.0349697176835393,82.52336811117473,14208432.440619357
2004-02-02,2019-02-04,1135.260009765625,2724.8701171875,2.400216773028102,1.0371304683625584,82.52336811117473,14608826.978599418
2004-02-03,2019-02-04,1136.030029296875,2724.8701171875,2.3985898672713857,1.0376220941823318,82.52336811117473,14608826.978599418
2004-02-04,2019-02-04,1126.52001953125,2724.8701171875,2.4188386091188425,1.0378189351086875,82.52336811117473,14608826.978599418
2004-02-05,2019-02-05,1128.5899658203125,2737.699951171875,2.4257702390451303,1.0409030591676738,82.52336811117473,14842852.917778417
2004-02-06,2019-02-06,1142.760009765625,2731.610107421875,2.3903620043390528,1.042588952810041,82.52336811117473,14783083.855606522
2004-02-09,2019-02-11,1139.81005859375,2709.800048828125,2.3774137001136513,1.037705517626879,82.52336811117473,14555912.270013709
2004-02-10,2019-02-11,1145.5400390625,2709.800048828125,2.3655218992134066,1.0400643649761225,82.30994267541297,14492404.727887038
2004-02-11,2019-02-11,1157.760009765625,2709.800048828125,2.3405541960088017,1.042434036226516,82.30994267541297,14492404.727887038
2004-02-12,2019-02-12,1152.1099853515625,2744.72998046875,2.382350656939411,1.048433032538606,82.30994267541297,14941410.180370845
2004-02-13,2019-02-13,1145.81005859375,2753.030029296875,2.402693193910047,1.050522838361119,82.30994267541297,15042891.588262048
2004-02-17,2019-02-19,1156.989990234375,2779.760009765625,2.402579134848453,1.047164120621442,82.30994267541297,15303430.27336087
2004-02-18,2019-02-19,1151.8199462890625,2779.760009765625,2.413363320127825,1.039975618078552,82.30994267541297,15303430.27336087
2004-02-19,2019-02-19,1147.06005859375,2779.760009765625,2.4233779120279895,1.0344308262068087,82.30994267541297,15303430.27336087
2004-02-20,2019-02-20,1144.1099853515625,2784.699951171875,2.433944277058461,1.0148875786450895,82.30994267541297,15344041.204840936
2004-02-23,2019-02-25,1140.989990234375,2796.110107421875,2.4506000327378117,1.0228254852484993,82.30994267541297,15493917.618183691
2004-02-24,2019-02-25,1139.0899658203125,2796.110107421875,2.4546876816777714,1.023770853032614,82.30994267541297,15493917.618183691
2004-02-25,2019-02-25,1143.6700439453125,2796.110107421875,2.4448573451973514,1.0165366792047226,82.30994267541297,15493917.618183691
2004-02-26,2019-02-26,1144.9100341796875,2793.89990234375,2.440278990432241,1.0143039296189074,82.30994267541297,15536775.105779037
2004-02-27,2019-02-27,1144.93994140625,2792.3798828125,2.438887649759877,1.0119542311749141,82.30994267541297,15410260.42215037
2004-03-01,2019-03-01,1155.969970703125,2803.68994140625,2.425400323938251,1.0224680792756482,82.30994267541297,15698028.945087586
2004-03-02,2019-03-04,1149.0999755859375,2792.81005859375,2.430432615029574,1.0162324284102717,82.30994267541297,15731864.512079772
2004-03-03,2019-03-04,1151.030029296875,2792.81005859375,2.4263572517736853,1.0166016067528352,82.30994267541297,15731864.512079772
2004-03-04,2019-03-04,1154.8699951171875,2792.81005859375,2.4182895654071928,1.0061843014834972,82.30994267541297,15731864.512079772
2004-03-05,2019-03-05,1156.8599853515625,2789.64990234375,2.4113980409617097,0.9980089323861259,82.30994267541297,15665779.184346832
2004-03-08,2019-03-08,1147.199951171875,2743.070068359375,2.391100231095115,1.0030910393313828,82.30994267541297,15204941.705383971
2004-03-09,2019-03-11,1140.5799560546875,2783.300048828125,2.4402498343524055,0.9965907297995761,82.30994267541297,15447680.569774099
2004-03-10,2019-03-11,1123.8900146484375,2783.300048828125,2.476487923685989,1.0017134317111736,82.09351281046878,15380767.17037376
2004-03-11,2019-03-11,1106.780029296875,2783.300048828125,2.5147725610809264,1.0022557069012874,82.09351281046878,15380767.17037376
2004-03-12,2019-03-12,1120.5699462890625,2791.52001953125,2.4911608853831857,1.0062539659578007,82.09351281046878,15515766.299221858
2004-03-15,2019-03-15,1104.489990234375,2822.47998046875,2.555459990968152,1.0130813237729477,82.09351281046878,15893985.116536103
2004-03-16,2019-03-18,1110.699951171875,2832.93994140625,2.5505897775697908,1.0262257193341464,82.09351281046878,15945293.867813434
2004-03-17,2019-03-18,1123.75,2832.93994140625,2.52096991448832,1.0304913616101081,82.09351281046878,15945293.867813434
2004-03-18,2019-03-18,1122.3199462890625,2832.93994140625,2.5241821200570587,1.0446764308722494,82.09351281046878,15945293.867813434
2004-03-19,2019-03-19,1109.780029296875,2832.570068359375,2.5523707343643682,1.0441871111448098,82.09351281046878,15898190.66288301
2004-03-22,2019-03-22,1095.4000244140625,2800.7099609375,2.5567919467918765,1.0378980661171777,82.09351281046878,15476528.656056121
2004-03-23,2019-03-25,1093.949951171875,2798.360107421875,2.558033029229701,1.0311071476119875,82.09351281046878,15288601.444531318
2004-03-24,2019-03-25,1091.3299560546875,2798.360107421875,2.564174191221089,1.0345958618709612,82.09351281046878,15288601.444531318
2004-03-25,2019-03-25,1109.18994140625,2798.360107421875,2.522886300135454,1.0372279669327238,82.09351281046878,15288601.444531318
2004-03-26,2019-03-26,1108.06005859375,2818.4599609375,2.5435985523333775,1.0366170698540838,82.09351281046878,15467234.518545501
2004-03-29,2019-03-29,1122.469970703125,2834.39990234375,2.525145417091432,1.0490897212029962,82.09351281046878,15743664.040739048
2004-03-30,2019-04-01,1127.0,2867.18994140625,2.544090453776619,1.0487056555844374,82.09351281046878,16125747.812535036
2004-03-31,2019-04-01,1126.2099609375,2867.18994140625,2.545875139498404,1.065108950405128,82.09351281046878,16125747.812535036
2004-04-01,2019-04-01,1132.1700439453125,2867.18994140625,2.532472888449559,1.0699345000212908,82.09351281046878,16125747.812535036
2004-04-02,2019-04-02,1141.81005859375,2867.239990234375,2.511135690787012,1.0653952370582176,82.09351281046878,16233536.463924915
2004-04-05,2019-04-05,1150.5699462890625,2892.739990234375,2.5141800370888707,1.0624988202715249,82.09351281046878,16516003.798573863
2004-04-06,2019-04-08,1148.1600341796875,2895.77001953125,2.5220961654532394,1.056268875555243,82.09351281046878,16556377.952869087
2004-04-07,2019-04-08,1140.530029296875,2895.77001953125,2.5389686769724618,1.0616897665762044,82.09351281046878,16556377.952869087
2004-04-08,2019-04-08,1139.3199462890625,2895.77001953125,2.541665340770353,1.0497181023984918,82.09351281046878,16556377.952869087
2004-04-12,2019-04-12,1145.199951171875,2907.409912109375,2.5387792840317913,1.059525427754847,81.85880778512139,16565475.843142621
2004-04-13,2019-04-15,1129.43994140625,2905.580078125,2.572584846350752,1.0487549166633992,81.85880778512139,16645559.661342632
2004-04-14,2019-04-15,1128.1700439453125,2905.580078125,2.5754806145746647,1.0309009088576941,81.85880778512139,16645559.661342632
2004-04-15,2019-04-15,1128.8399658203125,2905.580078125,2.5739521686881055,1.0352832531721634,81.85880778512139,16645559.661342632
2004-04-16,2019-04-16,1134.6099853515625,2907.06005859375,2.562166820427716,1.038432259966728,81.85880778512139,16638904.688293755
2004-04-19,2019-04-22,1135.8199462890625,2907.969970703125,2.5602385133348027,1.032475360201885,81.85880778512139,16639387.95198996
2004-04-20,2019-04-22,1118.1500244140625,2907.969970703125,2.6006974978397657,1.027074197893024,81.85880778512139,16639387.95198996
2004-04-21,2019-04-22,1124.0899658203125,2907.969970703125,2.5869548337983903,1.0234111131569346,81.85880778512139,16639387.95198996
2004-04-22,2019-04-22,1139.9300537109375,2907.969970703125,2.551007372107171,1.023130430354919,81.85880778512139,16639387.95198996
2004-04-23,2019-04-23,1140.5999755859375,2933.679931640625,2.5720497934725666,1.0253664080202296,81.85880778512139,16879474.391999315
2004-04-26,2019-04-26,1135.530029296875,2939.8798828125,2.5889935157706803,1.0267790139462076,81.85880778512139,16842425.339541405
2004-04-27,2019-04-29,1138.1099853515625,2943.030029296875,2.5858924595831327,1.018928102080076,81.85880778512139,16884197.097556017
2004-04-28,2019-04-29,1122.4100341796875,2943.030029296875,2.6220631851779426,1.0142974525019555,81.85880778512139,16884197.097556017
2004-04-29,2019-04-29,1113.8900146484375,2943.030029296875,2.6421190517860462,1.0151278268856865,81.85880778512139,16884197.097556017
2004-04-30,2019-04-30,1107.300048828125,2945.830078125,2.660372029462677,1.0118419785631785,81.85880778512139,16930031.031244535
2004-05-03,2019-05-03,1117.489990234375,2945.639892578125,2.6359429778519323,1.0121187276696855,81.85880778512139,16884407.558862373
2004-05-04,2019-05-06,1119.550048828125,2932.469970703125,2.6193290543577317,1.0097945962298882,81.85880778512139,16554884.999943003
2004-05-05,2019-05-06,1121.530029296875,2932.469970703125,2.6147048176156185,1.0165686584163292,81.85880778512139,16554884.999943003
2004-05-06,2019-05-06,1113.989990234375,2932.469970703125,2.6324024420418315,1.0080463208679795,81.85880778512139,16554884.999943003
2004-05-07,2019-05-07,1098.699951171875,2884.050048828125,2.624966029853731,0.9865996145834409,81.85880778512139,16159387.26027815
2004-05-10,2019-05-10,1087.1199951171875,2881.39990234375,2.6504892884737585,0.9655059875617997,81.62116070412753,15824761.947953422
2004-05-11,2019-05-13,1095.449951171875,2811.8701171875,2.5668631544320735,0.9709048783268996,81.62116070412753,15166481.340922665
2004-05-12,2019-05-13,1097.280029296875,2811.8701171875,2.562582059375778,0.9706470580131131,81.62116070412753,15166481.340922665
2004-05-13,2019-05-13,1096.43994140625,2811.8701171875,2.564545499483636,0.9569247127408695,81.62116070412753,15166481.340922665
2004-05-14,2019-05-14,1095.699951171875,2834.409912109375,2.586848625007158,0.9565682126436804,81.62116070412753,15252540.546228532
2004-05-17,2019-05-17,1084.0999755859375,2859.530029296875,2.6376995606437017,0.960159065841548,81.62116070412753,15643689.75673714
2004-05-18,2019-05-20,1091.489990234375,2840.22998046875,2.602158522643775,0.9655535734777121,81.62116070412753,15537607.951765593
2004-05-19,2019-05-20,1088.6800537109375,2840.22998046875,2.6088748211996524,0.9761630939443159,81.62116070412753,15537607.951765593
2004-05-20,2019-05-20,1089.18994140625,2840.22998046875,2.607653516155077,0.9772021678497879,81.62116070412753,15537607.951765593
2004-05-21,2019-05-21,1093.56005859375,2864.360107421875,2.619298396016094,0.9797935132894359,81.62116070412753,15733529.027078204
2004-05-24,2019-05-24,1095.4100341796875,2826.06005859375,2.5799106913513743,0.9685112800312136,81.62116070412753,15271338.426913753
2004-05-25,2019-05-28,1113.050048828125,2802.389892578125,2.5177573061774012,0.9794204908032392,81.62116070412753,15048466.800781459
2004-05-26,2019-05-28,1114.93994140625,2802.389892578125,2.513489550875297,0.9789826755589421,81.62116070412753,15048466.800781459
2004-05-27,2019-05-28,1121.280029296875,2802.389892578125,2.499277450197191,0.9859458268338315,81.62116070412753,15048466.800781459
2004-05-28,2019-05-28,1120.6800537109375,2802.389892578125,2.5006154819107356,0.9958079609890059,81.62116070412753,15048466.800781459
2004-06-01,2019-06-03,1121.199951171875,2744.449951171875,2.4477792282307753,0.9800036205422936,81.62116070412753,14240049.22418132
2004-06-02,2019-06-03,1124.989990234375,2744.449951171875,2.4395327736205985,0.9850887527443423,81.62116070412753,14240049.22418132
2004-06-03,2019-06-03,1116.6400146484375,2744.449951171875,2.4577750350778325,0.9734796187554067,81.62116070412753,14240049.22418132
2004-06-04,2019-06-04,1122.5,2803.27001953125,2.497345228981069,0.970941923000992,81.62116070412753,14717242.362093158
2004-06-07,2019-06-07,1140.4200439453125,2873.340087890625,2.5195454106104895,0.989363251806274,81.62116070412753,15435213.20025568
2004-06-08,2019-06-10,1142.1800537109375,2886.72998046875,2.52738609038897,0.9901305460258746,81.62116070412753,15552563.183056235
2004-06-09,2019-06-10,1131.3299560546875,2886.72998046875,2.551625160298688,0.9824168683501971,81.62116070412753,15552563.183056235
2004-06-10,2019-06-10,1136.469970703125,2886.72998046875,2.540084696371478,0.99248650891617,81.36631993842646,15472781.975450031
2004-06-14,2019-06-14,1125.2900390625,2886.97998046875,2.5655429980291538,0.9759527996249024,81.36631993842646,15444920.81061142
2004-06-15,2019-06-17,1132.010009765625,2889.669921875,2.5526893728380426,0.9923772302781448,81.36631993842646,15528584.51137038
2004-06-16,2019-06-17,1133.56005859375,2889.669921875,2.549198783044465,0.9862476156841895,81.36631993842646,15528584.51137038
2004-06-17,2019-06-17,1132.050048828125,2889.669921875,2.552599087704936,0.9908376946947233,81.36631993842646,15528584.51137038
2004-06-18,2019-06-18,1135.02001953125,2917.75,2.5706595036138626,0.9983351751855489,81.36631993842646,15767873.13442086
2004-06-21,2019-06-21,1130.300048828125,2950.4599609375,2.61033339244432,0.9870905421973681,81.36631993842646,15753782.356467798
2004-06-22,2019-06-24,1134.4100341796875,2945.35009765625,2.596371690053047,0.9828005683720623,81.36631993842646,15717566.595008418
2004-06-23,2019-06-24,1144.06005859375,2945.35009765625,2.574471572127604,0.9917012971803955,81.36631993842646,15717566.595008418
2004-06-24,2019-06-24,1140.6500244140625,2945.35009765625,2.582168092416637,1.0011381100454901,81.36631993842646,15717566.595008418
2004-06-25,2019-06-25,1134.4300537109375,2917.3798828125,2.571670129215277,0.9974628717566121,81.36631993842646,15476904.677037783
2004-06-28,2019-06-28,1133.3499755859375,2941.760009765625,2.595632481700762,0.9977498266448078,81.36631993842646,15790342.370119963
2004-06-29,2019-07-01,1136.199951171875,2964.330078125,2.6089862748784616,1.0017746680695143,81.36631993842646,16141374.015516099
2004-06-30,2019-07-01,1140.8399658203125,2964.330078125,2.598375027993975,0.995517599429677,81.36631993842646,16141374.015516099
2004-07-01,2019-07-01,1128.93994140625,2964.330078125,2.6257641964837553,0.9991887394161231,81.36631993842646,16141374.015516099
2004-07-02,2019-07-02,1125.3800048828125,2973.010009765625,2.6417832171055937,1.000979079772133,81.36631993842646,16214047.238320075
2004-07-06,2019-07-08,1116.2099609375,2975.949951171875,2.6661202240771864,0.9914449811960291,81.36631993842646,16266121.468526866
2004-07-07,2019-07-08,1118.3299560546875,2975.949951171875,2.661066114754372,0.999576136923592,81.36631993842646,16266121.468526866
2004-07-08,2019-07-08,1109.1099853515625,2975.949951171875,2.683187411957676,0.9965457100968818,81.36631993842646,16266121.468526866
2004-07-09,2019-07-09,1112.81005859375,2979.6298828125,2.6775727446046242,1.0050009277563763,81.36631993842646,16358484.478543278
2004-07-12,2019-07-12,1114.3499755859375,3013.77001953125,2.7045094320090746,1.002566705606094,81.06659011940647,16529791.576176867
2004-07-13,2019-07-15,1115.1400146484375,3014.300048828125,2.703068681270865,0.9945766699275609,81.06659011940647,16349722.730480317
2004-07-14,2019-07-15,1111.469970703125,3014.300048828125,2.711994141345316,0.9879248669259566,81.06659011940647,16349722.730480317
2004-07-15,2019-07-15,1106.68994140625,3014.300048828125,2.7237078209980936,0.9824343898844351,81.06659011940647,16349722.730480317
2004-07-16,2019-07-16,1101.3900146484375,3004.0400390625,2.727498886960026,0.9922652129862634,81.06659011940647,16273914.972061612
2004-07-19,2019-07-19,1100.9000244140625,2976.610107421875,2.703796931066589,0.9919738090565503,81.06659011940647,15916251.564919785
2004-07-20,2019-07-22,1108.6700439453125,2985.030029296875,2.692442215426286,0.9937321382748144,81.06659011940647,16088532.265042331
2004-07-21,2019-07-22,1093.8800048828125,2985.030029296875,2.7288459574838484,0.9812505221034741,81.06659011940647,16088532.265042331
2004-07-22,2019-07-22,1096.8399658203125,2985.030029296875,2.721481822614304,0.9822339236544799,81.06659011940647,16088532.265042331
2004-07-23,2019-07-23,1086.199951171875,3005.469970703125,2.7669583003208533,0.9796096035755574,81.06659011940647,16290075.929973878
2004-07-26,2019-07-26,1084.0699462890625,3025.860107421875,2.7912037574511293,0.9890415732204162,81.06659011940647,16655352.730513595
2004-07-27,2019-07-29,1094.8299560546875,3020.969970703125,2.7593051815913463,0.9797349019280804,81.06659011940647,16604193.636905216
2004-07-28,2019-07-29,1095.4200439453125,3020.969970703125,2.7578187813897106,0.972107411497658,81.06659011940647,16604193.636905216
2004-07-29,2019-07-29,1100.4300537109375,3020.969970703125,2.7452630546717853,0.9689858410796651,81.06659011940647,16604193.636905216
2004-07-30,2019-07-30,1101.719970703125,3013.179931640625,2.734978045026808,0.9776041371926267,81.06659011940647,16592503.651896838
2004-08-02,2019-08-02,1106.6199951171875,2932.050048828125,2.6495545551005795,0.9691565289551184,81.06659011940647,15535413.940481208
2004-08-03,2019-08-05,1099.68994140625,2844.739990234375,2.5868564248178973,0.9631902576528893,81.06659011940647,14578082.02041667
2004-08-04,2019-08-05,1098.6300048828125,2844.739990234375,2.589352172788886,0.9601531844955307,81.06659011940647,14578082.02041667
2004-08-05,2019-08-05,1080.699951171875,2844.739990234375,2.632312500014119,0.9537092033915339,81.06659011940647,14578082.02041667
2004-08-06,2019-08-06,1063.969970703125,2881.77001953125,2.708506911738149,0.9555062915406234,81.06659011940647,14668137.64047644
2004-08-09,2019-08-09,1065.219970703125,2918.64990234375,2.739950416454568,0.9568368647925821,81.06659011940647,15050317.406105481
2004-08-10,2019-08-12,1079.0400390625,2882.699951171875,2.671541228142419,0.9475094643728819,80.76539306662838,14535290.474000331
2004-08-11,2019-08-12,1075.7900390625,2882.699951171875,2.679612049284274,0.9514445806398951,80.76539306662838,14535290.474000331
2004-08-12,2019-08-12,1063.22998046875,2882.699951171875,2.711266615996822,0.9504149205859689,80.76539306662838,14535290.474000331
2004-08-13,2019-08-13,1064.800048828125,2926.320068359375,2.7482343483924163,0.9517434924433154,80.76539306662838,14900878.062510803
2004-08-16,2019-08-16,1079.3399658203125,2888.679931640625,2.676339265770809,0.960983791735152,80.76539306662838,14749733.621439114
2004-08-17,2019-08-19,1081.7099609375,2923.64990234375,2.7028039011583767,0.9679854775737429,80.76539306662838,15131287.614000715
2004-08-18,2019-08-19,1095.1700439453125,2923.64990234375,2.6695853475058553,0.9725852143686953,80.76539306662838,15131287.614000715
2004-08-19,2019-08-19,1091.22998046875,2923.64990234375,2.6792243199621986,0.9732077515652607,80.76539306662838,15131287.614000715
2004-08-20,2019-08-20,1098.3499755859375,2900.510009765625,2.640788523000866,0.9767573723892696,80.76539306662838,14966113.220224146
2004-08-23,2019-08-23,1095.6800537109375,2847.110107421875,2.5984867551244117,0.9701841114623,80.76539306662838,14482100.676418994
2004-08-24,2019-08-26,1096.18994140625,2878.3798828125,2.6258039543037253,0.9558938375582376,80.76539306662838,14375308.990636181
2004-08-25,2019-08-26,1104.9599609375,2878.3798828125,2.6049630616211172,0.9523342309594459,80.76539306662838,14375308.990636181
2004-08-26,2019-08-26,1105.0899658203125,2878.3798828125,2.6046566088181495,0.9565042396311889,80.76539306662838,14375308.990636181
2004-08-27,2019-08-27,1107.77001953125,2869.159912109375,2.590032101900946,0.9664234295734413,80.76539306662838,14558157.00600275
2004-08-30,2019-08-30,1099.1500244140625,2926.4599609375,2.6624754546109792,0.9683224646387414,80.76539306662838,15157334.10463085
2004-08-31,2019-09-03,1104.239990234375,2906.27001953125,2.631918826734752,0.9727306272289091,80.76539306662838,14926262.603489779
2004-09-01,2019-09-03,1105.9100341796875,2906.27001953125,2.6279443442133026,0.9710406016896569,80.76539306662838,14926262.603489779
2004-09-02,2019-09-03,1118.31005859375,2906.27001953125,2.598805221501647,0.9697990940041739,80.76539306662838,14926262.603489779
2004-09-03,2019-09-03,1113.6300048828125,2906.27001953125,2.6097267555547567,0.9618059711187245,80.76539306662838,14926262.603489779
2004-09-07,2019-09-09,1121.300048828125,2978.429931640625,2.656229199983888,0.9778275304849656,80.76539306662838,15726054.317149635
2004-09-08,2019-09-09,1116.27001953125,2978.429931640625,2.668198446188981,0.97926014642765,80.76539306662838,15726054.317149635
2004-09-09,2019-09-09,1118.3800048828125,2978.429931640625,2.6631645045842127,0.9776487822610265,80.76539306662838,15726054.317149635
2004-09-10,2019-09-10,1123.9200439453125,2979.389892578125,2.6508913233004816,0.9795309015537981,80.47496797738971,15735795.525380779
2004-09-13,2019-09-13,1125.8199462890625,3007.389892578125,2.671288515087257,0.9829713721276769,80.47496797738971,16180713.428653821
2004-09-14,2019-09-16,1128.3299560546875,2997.9599609375,2.656988715800962,0.9837958598590143,80.47496797738971,15999462.620986175
2004-09-15,2019-09-16,1120.3699951171875,2997.9599609375,2.6758659853470297,0.979503750934171,80.47496797738971,15999462.620986175
2004-09-16,2019-09-16,1123.5,2997.9599609375,2.6684111801846906,0.9831675831545531,80.47496797738971,15999462.620986175
2004-09-17,2019-09-17,1128.550048828125,3005.699951171875,2.6633288920530935,0.9859708853394469,80.47496797738971,16162373.604293577
2004-09-20,2019-09-20,1122.199951171875,2992.070068359375,2.666253964130776,0.9829951484521444,80.47496797738971,16014840.581870478
2004-09-21,2019-09-23,1129.300048828125,2991.780029296875,2.649233950181306,0.9806157918043984,80.47496797738971,15918661.860681243
2004-09-22,2019-09-23,1113.56005859375,2991.780029296875,2.686680440994821,0.973345406080048,80.47496797738971,15918661.860681243
2004-09-23,2019-09-23,1108.3599853515625,2991.780029296875,2.6992854928337273,0.9721148862552603,80.47496797738971,15918661.860681243
2004-09-24,2019-09-24,1110.1099853515625,2966.60009765625,2.6723479085874113,0.9735299214926061,80.47496797738971,15691448.28961628
2004-09-27,2019-09-27,1103.52001953125,2961.7900390625,2.6839477187922705,0.9692902624712156,80.47496797738971,15683637.347861815
2004-09-28,2019-09-30,1110.06005859375,2976.739990234375,2.6816026459013207,0.969760152831903,80.47496797738971,15858315.069624413
2004-09-29,2019-09-30,1114.800048828125,2976.739990234375,2.6702008071882637,0.9722933120884949,80.47496797738971,15858315.069624413
2004-09-30,2019-09-30,1114.5799560546875,2976.739990234375,2.6707280837628122,0.9805959161393157,80.47496797738971,15858315.069624413
2004-10-01,2019-10-01,1131.5,2940.25,2.598541758727353,0.978177018107036,80.47496797738971,15570911.254280966
2004-10-04,2019-10-04,1135.1700439453125,2952.010009765625,2.6005002735148284,0.9636986727055774,80.47496797738971,15377894.6755195
2004-10-05,2019-10-07,1134.47998046875,2938.7900390625,2.5904291742973165,0.9613182269577991,80.47496797738971,15249582.88205723
2004-10-06,2019-10-07,1142.050048828125,2938.7900390625,2.5732585380807413,0.9589006956220951,80.47496797738971,15249582.88205723
2004-10-07,2019-10-07,1130.6500244140625,2938.7900390625,2.599203976124682,0.9608856030284116,80.47496797738971,15249582.88205723
2004-10-08,2019-10-08,1122.1400146484375,2893.06005859375,2.5781631711084962,0.9794611821980237,80.47496797738971,14970061.386121023
2004-10-11,2019-10-11,1124.3900146484375,2970.27001953125,2.6416723564198166,0.986376470186103,80.34019920136967,15743628.679878939
2004-10-12,2019-10-14,1121.8399658203125,2966.14990234375,2.64400448612547,0.9889577956106945,80.34019920136967,15845896.099369984
2004-10-13,2019-10-14,1113.6500244140625,2966.14990234375,2.6634488729117254,0.9889577956106945,80.34019920136967,15845896.099369984
2004-10-14,2019-10-14,1103.2900390625,2966.14990234375,2.688458879647078,0.989138149790096,80.34019920136967,15845896.099369984
2004-10-15,2019-10-15,1108.199951171875,2995.679931640625,2.7031944266671544,0.9910212834082472,80.34019920136967,16086121.868995328
2004-10-18,2019-10-18,1114.02001953125,2986.199951171875,2.6805621971034133,0.9929675610140516,80.34019920136967,16049874.205468945
2004-10-19,2019-10-21,1103.22998046875,3006.719970703125,2.7253791357497406,1.000535289875804,80.34019920136967,16187087.97346843
2004-10-20,2019-10-21,1103.6600341796875,3006.719970703125,2.724317160707841,1.000997175222038,80.34019920136967,16187087.97346843
2004-10-21,2019-10-21,1106.489990234375,3006.719970703125,2.717349453894514,1.0092914387413836,80.34019920136967,16187087.97346843
2004-10-22,2019-10-22,1095.739990234375,2995.989990234375,2.734216161622013,1.0100539556872092,80.34019920136967,16140089.981548645
2004-10-25,2019-10-25,1094.800048828125,3022.550048828125,2.7608238162424867,1.0188180521783317,80.34019920136967,16373042.525277361
2004-10-26,2019-10-28,1111.0899658203125,3039.419921875,2.7355299889068934,1.0192538512243754,80.34019920136967,16551494.996875182
2004-10-27,2019-10-28,1125.4000244140625,3039.419921875,2.7007462732706697,1.0195405494981018,80.34019920136967,16551494.996875182
2004-10-28,2019-10-28,1127.43994140625,3039.419921875,2.695859717444414,1.0195405494981018,80.34019920136967,16551494.996875182
2004-10-29,2019-10-29,1130.199951171875,3036.889892578125,2.6870377134853465,1.0306847865025246,80.34019920136967,16585508.746862505
2004-11-01,2019-11-01,1130.510009765625,3066.909912109375,2.7128551588368515,1.014523300078394,80.34019920136967,16609799.510109123
2004-11-02,2019-11-04,1130.56005859375,3078.27001953125,2.722783275538819,1.0202696477049562,80.34019920136967,16763761.512727331
2004-11-03,2019-11-04,1143.199951171875,3078.27001953125,2.6926785785599163,1.019788903314825,80.34019920136967,16763761.512727331
2004-11-04,2019-11-04,1161.6700439453125,3078.27001953125,2.649866057556843,1.0201734478950768,80.34019920136967,16763761.512727331
2004-11-05,2019-11-05,1166.1700439453125,3074.6201171875,2.6365109729500857,1.0303725703408275,80.34019920136967,16849112.8914341
2004-11-08,2019-11-08,1164.8900146484375,3093.080078125,2.655255036294983,1.034595713251215,80.34019920136967,17154444.13999601
2004-11-09,2019-11-11,1164.0799560546875,3087.010009765625,2.6518882948798064,1.0328699567357418,80.34019920136967,17089248.875340104
2004-11-10,2019-11-11,1162.9100341796875,3087.010009765625,2.654556172905663,1.0210899941886225,80.07089912075759,16998445.803174887
2004-11-11,2019-11-11,1173.47998046875,3087.010009765625,2.6306456532241054,1.0238657443976908,80.07089912075759,16998445.803174887
2004-11-12,2019-11-12,1184.1700439453125,3091.840087890625,2.6109764418541674,1.0321059937721322,80.07089912075759,16995137.063607275
2004-11-15,2019-11-15,1183.81005859375,3120.4599609375,2.6359464833778317,1.0292381462475482,80.07089912075759,17107597.097036462
2004-11-16,2019-11-18,1175.4300537109375,3122.030029296875,2.6560747017147874,1.0311041489809019,80.07089912075759,17172983.181751285
2004-11-17,2019-11-18,1181.93994140625,3122.030029296875,2.641445575976003,1.044680387404585,80.07089912075759,17172983.181751285
2004-11-18,2019-11-18,1183.550048828125,3122.030029296875,2.6378521401677166,1.0421763597036313,80.07089912075759,17172983.181751285
2004-11-19,2019-11-19,1170.3399658203125,3120.179931640625,2.666045783930513,1.0541521210056886,80.07089912075759,17147637.970813483
2004-11-22,2019-11-22,1177.239990234375,3110.2900390625,2.642018674920546,1.0525881662444714,80.07089912075759,17042412.103206422
2004-11-23,2019-11-25,1176.93994140625,3133.639892578125,2.662531691153195,1.0522597641555058,80.07089912075759,17281810.879510373
2004-11-24,2019-11-25,1181.760009765625,3133.639892578125,2.65167196950556,1.0572735047528667,80.07089912075759,17281810.879510373
2004-11-26,2019-11-26,1182.6500244140625,3140.52001953125,2.655493979368244,1.063025437069884,80.07089912075759,17407591.994550224
2004-11-29,2019-11-29,1178.5699462890625,3140.97998046875,2.665077274674011,1.0629137371163717,80.07089912075759,17542387.75568017
2004-11-30,2019-12-02,1173.8199462890625,3113.8701171875,2.65276640342648,1.0644800975494815,80.07089912075759,17310404.089492697
2004-12-01,2019-12-02,1191.3699951171875,3113.8701171875,2.613688551793021,1.0685299129790577,80.07089912075759,17310404.089492697
2004-12-02,2019-12-02,1190.3299560546875,3113.8701171875,2.615972236394292,1.062415182184542,80.07089912075759,17310404.089492697
2004-12-03,2019-12-03,1191.1700439453125,3093.199951171875,2.5967744629698615,1.0679009411754155,80.07089912075759,17002057.47902344
2004-12-06,2019-12-06,1190.25,3145.909912109375,2.6430665088085488,1.0543779875723647,80.07089912075759,17390649.068296634
2004-12-07,2019-12-09,1177.0699462890625,3135.9599609375,2.6642086741099895,1.056066481205477,80.07089912075759,17276145.3182788
2004-12-08,2019-12-09,1182.81005859375,3135.9599609375,2.6512794156196655,1.04418917789111,80.07089912075759,17276145.3182788
2004-12-09,2019-12-09,1189.239990234375,3135.9599609375,2.6369445920831054,1.0377053743282827,80.07089912075759,17276145.3182788
2004-12-10,2019-12-10,1188.0,3132.52001953125,2.636801363241793,1.0339173890993514,79.79025786100478,17139482.580911815
2004-12-13,2019-12-13,1198.6800537109375,3168.800048828125,2.643574521005822,1.0451141413947078,79.79025786100478,17663914.82796016
2004-12-14,2019-12-16,1203.3800048828125,3191.449951171875,2.6520716134739706,1.03992399904444,79.79025786100478,17858340.02082165
2004-12-15,2019-12-16,1205.719970703125,3191.449951171875,2.646924682943384,1.049400494253035,79.79025786100478,17858340.02082165
2004-12-16,2019-12-16,1203.2099609375,3191.449951171875,2.6524464181506664,1.0460891146532083,79.79025786100478,17858340.02082165
2004-12-17,2019-12-17,1194.199951171875,3192.52001953125,2.673354672639546,1.0520978856798062,79.79025786100478,17912512.230893243
2004-12-20,2019-12-20,1194.6500244140625,3221.219970703125,2.696371242517682,1.050244854847017,79.79025786100478,18113835.20448803
2004-12-21,2019-12-23,1205.449951171875,3224.010009765625,2.674528300931459,1.0498465709054547,79.79025786100478,18168025.50452839
2004-12-22,2019-12-23,1209.5699462890625,3224.010009765625,2.665418415575574,1.0512576488046843,79.79025786100478,18168025.50452839
2004-12-23,2019-12-23,1210.1300048828125,3224.010009765625,2.664184836965376,1.0574504811418024,79.79025786100478,18168025.50452839
2004-12-27,2019-12-27,1204.9200439453125,3240.02001953125,2.6889917184233547,1.0646515741734501,79.79025786100478,18319020.473279368
2004-12-28,2019-12-30,1213.5400390625,3221.2900390625,2.6544571545830937,1.0604515826612606,79.79025786100478,18126012.509667635
2004-12-29,2019-12-30,1213.449951171875,3221.2900390625,2.6546542244709617,1.0527996809072242,79.79025786100478,18126012.509667635
2004-12-30,2019-12-30,1213.550048828125,3221.2900390625,2.654435259734995,1.0633368721188676,79.79025786100478,18126012.509667635
2004-12-31,2019-12-31,1211.9200439453125,3230.780029296875,2.665835956289096,1.0620719815608457,79.79025786100478,18065801.724860087
2005-01-03,2020-01-03,1202.0799560546875,3234.85009765625,2.6910440369318356,1.0564823975517619,79.79025786100478,18015981.813017808
2005-01-04,2020-01-06,1188.050048828125,3246.280029296875,2.7324438330682765,1.0347326114290878,79.79025786100478,17964998.646652874
2005-01-05,2020-01-06,1183.739990234375,3246.280029296875,2.742392802539455,1.0388145537398825,79.79025786100478,17964998.646652874
2005-01-06,2020-01-06,1187.8900146484375,3246.280029296875,2.732811951666779,1.0293068692482228,79.79025786100478,17964998.646652874
2005-01-07,2020-01-07,1186.18994140625,3237.179931640625,2.7290569736267436,1.0335208204861428,79.79025786100478,18000773.004648346
2005-01-10,2020-01-10,1190.25,3265.35009765625,2.7434153309441296,1.0512336153311503,79.47519626881568,18418637.801218323
2005-01-11,2020-01-13,1182.989990234375,3288.1298828125,2.77950778109378,1.0594276139234167,79.47519626881568,18632310.002554342
2005-01-12,2020-01-13,1187.699951171875,3288.1298828125,2.7684853228866273,1.0695626638115274,79.47519626881568,18632310.002554342
2005-01-13,2020-01-13,1177.449951171875,3288.1298828125,2.79258568870799,1.0693539222244057,79.47519626881568,18632310.002554342
2005-01-14,2020-01-14,1184.52001953125,3283.14990234375,2.7717133085205186,1.0785643571726593,79.47519626881568,18700099.839625847
2005-01-18,2020-01-21,1195.97998046875,3320.7900390625,2.7766267774490307,1.0773811286863064,79.47519626881568,19076905.731383096
2005-01-19,2020-01-21,1184.6300048828125,3320.7900390625,2.803229721832855,1.0705761597554087,79.47519626881568,19076905.731383096
2005-01-20,2020-01-21,1175.4100341796875,3320.7900390625,2.8252183854973314,1.0658120692043709,79.47519626881568,19076905.731383096
2005-01-21,2020-01-21,1167.8699951171875,3320.7900390625,2.843458649461477,1.0737062261539598,79.47519626881568,19076905.731383096
2005-01-24,2020-01-24,1163.75,3295.469970703125,2.8317679662325457,1.067966465174693,79.47519626881568,18692559.171719015
2005-01-25,2020-01-27,1168.4100341796875,3243.6298828125,2.7761058086853683,1.0459719810073398,79.47519626881568,18047863.705454737
2005-01-26,2020-01-27,1174.0699462890625,3243.6298828125,2.7627228625217706,1.0556127124796006,79.47519626881568,18047863.705454737
2005-01-27,2020-01-27,1174.550048828125,3243.6298828125,2.761593587304979,1.0578707201488344,79.47519626881568,18047863.705454737
2005-01-28,2020-01-28,1171.3599853515625,3276.239990234375,2.7969539946774526,1.060254985006714,79.47519626881568,18360569.10892106
2005-01-31,2020-01-31,1181.27001953125,3225.52001953125,2.730552681605512,1.0509362983105088,79.47519626881568,17910492.003177535
2005-02-01,2020-02-03,1189.4100341796875,3248.919921875,2.7315390222983242,1.0456580691448114,79.47519626881568,17982577.238428514
2005-02-02,2020-02-03,1193.18994140625,3248.919921875,2.722885777972568,1.045456278404148,79.47519626881568,17982577.238428514
2005-02-03,2020-02-03,1189.8900146484375,3248.919921875,2.7304371680393666,1.0374497663963511,79.47519626881568,17982577.238428514
2005-02-04,2020-02-04,1203.030029296875,3297.590087890625,2.7410704700513087,1.0439446227985285,79.47519626881568,18464665.66365034
2005-02-07,2020-02-07,1201.719970703125,3327.7099609375,2.7691226259562454,1.0491127899208144,79.47519626881568,19083281.810355116
2005-02-08,2020-02-10,1202.300048828125,3352.090087890625,2.7880645028317916,1.0372244593006694,79.47519626881568,19210306.20046619
2005-02-09,2020-02-10,1191.989990234375,3352.090087890625,2.8121797291531956,1.0384032621063806,79.47519626881568,19210306.20046619
2005-02-10,2020-02-10,1197.010009765625,3352.090087890625,2.800386012266485,1.0361462574113887,79.19452748031652,19107149.22020226
2005-02-11,2020-02-11,1205.300048828125,3357.75,2.7858208445810932,1.0379763483719342,79.19452748031652,19188472.193432603
2005-02-14,2020-02-14,1206.1400146484375,3380.159912109375,2.802460635629119,1.0443197414687797,79.19452748031652,19381138.22073074
2005-02-15,2020-02-18,1210.1199951171875,3370.2900390625,2.7850874728634847,1.0505021389304312,79.19452748031652,19314564.021783475
2005-02-16,2020-02-18,1210.3399658203125,3370.2900390625,2.7845813029715774,1.0412400297277309,79.19452748031652,19314564.021783475
2005-02-17,2020-02-18,1200.75,3370.2900390625,2.8068207695711016,1.0412400297277309,79.19452748031652,19314564.021783475
2005-02-18,2020-02-18,1201.5899658203125,3370.2900390625,2.8048586746991013,1.0397614757819262,79.19452748031652,19314564.021783475
2005-02-22,2020-02-24,1184.1600341796875,3225.889892578125,2.7242009521228447,1.0702964176688954,79.19452748031652,18499781.819068108
2005-02-23,2020-02-24,1190.800048828125,3225.889892578125,2.709010547784867,1.0619418940100285,79.19452748031652,18499781.819068108
2005-02-24,2020-02-24,1200.199951171875,3225.889892578125,2.687793720894895,1.0574123147539618,79.19452748031652,18499781.819068108
2005-02-25,2020-02-25,1211.3699951171875,3128.2099609375,2.5823736542482862,1.0533732849539044,79.19452748031652,17463393.331214353
2005-02-28,2020-02-28,1203.5999755859375,2954.219970703125,2.4544865658251194,1.0490768673368487,79.19452748031652,15655841.130000386
2005-03-01,2020-03-02,1210.4100341796875,3090.22998046875,2.55304392165176,1.0310866610130989,79.19452748031652,16356611.41334784
2005-03-02,2020-03-02,1210.0799560546875,3090.22998046875,2.553740325179878,1.027937406193653,79.19452748031652,16356611.41334784
2005-03-03,2020-03-03,1210.469970703125,3003.3701171875,2.4811603673595752,1.0303637436450999,79.19452748031652,15803684.612447053
2005-03-04,2020-03-04,1222.1199951171875,3130.1201171875,2.5612215901003705,1.021442901310408,79.19452748031652,16533229.554841425
2005-03-07,2020-03-09,1225.31005859375,2746.56005859375,2.2415224941072394,0.9890380356076175,79.19452748031652,12607817.701199386
2005-03-08,2020-03-09,1219.4300537109375,2746.56005859375,2.2523309559539646,0.9939562383414979,79.19452748031652,12607817.701199386
2005-03-09,2020-03-09,1207.010009765625,2746.56005859375,2.275507275310063,0.9993077723804187,79.19452748031652,12607817.701199386
2005-03-10,2020-03-10,1209.25,2882.22998046875,2.383485615438288,0.9921293101986425,78.8812254916889,13442908.31813525
2005-03-11,2020-03-11,1200.0799560546875,2741.3798828125,2.284331030596411,1.0090891538130773,78.8812254916889,12711180.032621067
2005-03-14,2020-03-16,1206.8299560546875,2386.1298828125,1.9771881455554228,1.0167540572739002,78.8812254916889,10080906.64054465
2005-03-15,2020-03-16,1197.75,2386.1298828125,1.9921769006992278,1.0205471839075972,78.8812254916889,10080906.64054465
2005-03-16,2020-03-16,1188.0699462890625,2386.1298828125,2.0084085876135314,1.0239754394865057,78.8812254916889,10080906.64054465
2005-03-17,2020-03-17,1190.2099609375,2529.18994140625,2.124994769338065,1.0157371500207724,78.8812254916889,11182507.90962072
2005-03-18,2020-03-18,1189.6500244140625,2398.10009765625,2.0158030079790774,1.0254703451457676,78.8812254916889,10311978.002654653
2005-03-21,2020-03-23,1183.780029296875,2237.39990234375,1.8900470078657174,1.0499191991927534,78.8812254916889,9495310.574777685
2005-03-22,2020-03-23,1171.7099609375,2237.39990234375,1.9095168402883407,1.0460416627080753,78.8812254916889,9495310.574777685
2005-03-23,2020-03-23,1172.530029296875,2237.39990234375,1.9081813228147684,1.0429798335032916,78.8812254916889,9495310.574777685
2005-03-24,2020-03-24,1171.4200439453125,2447.330078125,2.0891994214837366,1.0414114394463936,78.8812254916889,11394975.22686616
2005-03-28,2020-03-30,1174.280029296875,2626.64990234375,2.236817315130968,1.001613242762373,78.8812254916889,12255261.142427962
2005-03-29,2020-03-30,1165.3599853515625,2626.64990234375,2.2539386415875176,1.0007733176343006,78.8812254916889,12255261.142427962
2005-03-30,2020-03-30,1181.4100341796875,2626.64990234375,2.2233177528135397,0.9989119616249894,78.8812254916889,12255261.142427962
2005-03-31,2020-03-31,1180.5899658203125,2584.590087890625,2.189236028357032,1.0083535960197831,78.8812254916889,12025704.814648613
2005-04-01,2020-04-01,1172.9200439453125,2470.5,2.1062816794314987,0.9985881439524826,78.8812254916889,10950736.903488927
2005-04-04,2020-04-06,1176.1199951171875,2663.679931640625,2.264802862547387,1.0038142040895472,78.8812254916889,12837957.833629727
2005-04-05,2020-04-06,1181.3900146484375,2663.679931640625,2.2546998862465357,1.0039069378729653,78.8812254916889,12837957.833629727
2005-04-06,2020-04-06,1184.0699462890625,2663.679931640625,2.2495967742351186,1.000119621717379,78.8812254916889,12837957.833629727
2005-04-07,2020-04-07,1191.1400146484375,2659.409912109375,2.232659367836194,1.0048347135425375,78.8812254916889,12889872.87761696
2005-04-08,2020-04-08,1181.199951171875,2749.97998046875,2.328124021458416,1.0045395460228255,78.8812254916889,13568769.718932118
2005-04-11,2020-04-13,1181.2099609375,2761.6298828125,2.337966978047371,1.0056251291129628,78.5832633857892,13510849.645776674
2005-04-12,2020-04-13,1187.760009765625,2761.6298828125,2.32507397126246,1.0049721286477244,78.5832633857892,13510849.645776674
2005-04-13,2020-04-13,1173.7900390625,2761.6298828125,2.352746054156499,1.0094670037571853,78.5832633857892,13510849.645776674
2005-04-14,2020-04-14,1162.050048828125,2846.06005859375,2.4491716698982744,0.9937488279404623,78.5832633857892,14070173.399833903
2005-04-15,2020-04-15,1142.6199951171875,2783.360107421875,2.4359455631059674,0.994373755335919,78.5832633857892,13426377.324613247
2005-04-18,2020-04-20,1145.97998046875,2823.159912109375,2.4635333602901106,1.0022339929543682,78.5832633857892,13886924.911497343
2005-04-19,2020-04-20,1152.780029296875,2823.159912109375,2.449001405611901,1.007579988339578,78.5832633857892,13886924.911497343
2005-04-20,2020-04-20,1137.5,2823.159912109375,2.4818988238324176,1.007674307033545,78.5832633857892,13886924.911497343
2005-04-21,2020-04-21,1159.949951171875,2736.56005859375,2.3592052879773444,1.0084199878567075,78.5832633857892,13153983.44038717
2005-04-22,2020-04-22,1152.1199951171875,2799.31005859375,2.4297035642620015,1.0167154674295054,78.5832633857892,13696349.349473186
2005-04-25,2020-04-27,1162.0999755859375,2878.47998046875,2.4769641519159347,1.0168858544846167,78.5832633857892,14315407.29353448
2005-04-26,2020-04-27,1151.8299560546875,2878.47998046875,2.4990494172666606,1.0129570294422583,78.5832633857892,14315407.29353448
2005-04-27,2020-04-27,1156.3800048828125,2878.47998046875,2.489216320166704,1.0147739303020638,78.5832633857892,14315407.29353448
2005-04-28,2020-04-28,1143.219970703125,2863.389892578125,2.5046709871740855,1.011721955913698,78.5832633857892,14140232.329467244
2005-04-29,2020-04-29,1156.8499755859375,2939.510009765625,2.540960428578287,1.0199808481422443,78.5832633857892,14656774.29822971
2005-05-02,2020-05-04,1162.1600341796875,2842.739990234375,2.4460830751600637,1.0155851618654836,78.5832633857892,13844392.157156747
2005-05-03,2020-05-04,1161.1700439453125,2842.739990234375,2.4481685564119315,1.0178124932478005,78.5832633857892,13844392.157156747
2005-05-04,2020-05-04,1175.6500244140625,2842.739990234375,2.4180155073370417,1.0212208418539312,78.5832633857892,13844392.157156747
2005-05-05,2020-05-05,1172.6300048828125,2868.43994140625,2.446159427493849,1.020926192854825,78.5832633857892,14050716.780162182
2005-05-06,2020-05-06,1171.3499755859375,2848.419921875,2.4317411373574767,1.0131531720585678,78.5832633857892,13828017.707956374
2005-05-09,2020-05-11,1178.8399658203125,2930.18994140625,2.485655412409806,1.0114369467813822,78.5832633857892,14619584.33908233
2005-05-10,2020-05-11,1166.219970703125,2930.18994140625,2.5125533904548134,1.0138346258909068,78.20304364077555,14500464.164169349
2005-05-11,2020-05-11,1171.1099853515625,2930.18994140625,2.5020621274325645,1.011054361402002,78.20304364077555,14500464.164169349
2005-05-12,2020-05-12,1159.3599853515625,2870.1201171875,2.475607363934653,1.006983731505307,78.20304364077555,14143418.10889129
2005-05-13,2020-05-13,1154.050048828125,2820.0,2.4435681995452074,0.9983971943507073,78.20304364077555,13627419.992312782
2005-05-16,2020-05-18,1165.68994140625,2953.909912109375,2.5340442661329607,1.0033505073850897,78.20304364077555,14765556.826552048
2005-05-17,2020-05-18,1173.800048828125,2953.909912109375,2.516535857242842,0.9979335369874367,78.20304364077555,14765556.826552048
2005-05-18,2020-05-18,1185.56005859375,2953.909912109375,2.4915734050733374,1.0018502760762769,78.20304364077555,14765556.826552048
2005-05-19,2020-05-19,1191.0799560546875,2922.93994140625,2.4540249599096144,0.9979646675360111,78.20304364077555,14545448.871633027
2005-05-20,2020-05-20,1189.280029296875,2971.610107421875,2.49866308541206,0.9968561815766244,78.20304364077555,15053852.6619314
2005-05-23,2020-05-26,1193.8599853515625,2991.77001953125,2.505963895464883,0.9993225160094444,78.20304364077555,15195044.274815693
2005-05-24,2020-05-26,1194.0699462890625,2991.77001953125,2.5055232558436717,1.0009015719432286,78.20304364077555,15195044.274815693
2005-05-25,2020-05-26,1190.010009765625,2991.77001953125,2.51407130610648,1.0000649717195889,78.20304364077555,15195044.274815693
2005-05-26,2020-05-26,1197.6199951171875,2991.77001953125,2.4980962506713196,0.9968249345254859,78.20304364077555,15195044.274815693
2005-05-27,2020-05-27,1198.780029296875,3036.1298828125,2.532683068296769,0.995471327771087,78.20304364077555,15522081.706378471
2005-05-31,2020-06-01,1191.5,3055.72998046875,2.564607621039656,0.9936162238650132,78.20304364077555,15738699.14916984
2005-06-01,2020-06-01,1202.219970703125,3055.72998046875,2.5417394943802085,0.9912386945801671,78.20304364077555,15738699.14916984
2005-06-02,2020-06-02,1204.2900390625,3080.820068359375,2.558204392986337,0.9938822422227378,78.20304364077555,15911485.70054873
2005-06-03,2020-06-03,1196.02001953125,3122.8701171875,2.61105170999682,1.0108602631446515,78.20304364077555,16573110.248257235
2005-06-06,2020-06-08,1197.510009765625,3232.389892578125,2.6992591846566394,1.0258631970424763,78.20304364077555,17713582.26213466
2005-06-07,2020-06-08,1197.260009765625,3232.389892578125,2.6998228172766714,1.0281722358576972,78.20304364077555,17713582.26213466
2005-06-08,2020-06-08,1194.6700439453125,3232.389892578125,2.705675854986192,1.0225144696638713,78.20304364077555,17713582.26213466
2005-06-09,2020-06-09,1200.9300537109375,3207.179931640625,2.670580123905026,1.0086434052482538,78.20304364077555,17190194.009742055
2005-06-10,2020-06-10,1198.1099853515625,3190.139892578125,2.662643606665242,0.9921490617249257,77.86118987518397,16775489.984133758
2005-06-13,2020-06-15,1200.8199462890625,3066.590087890625,2.5537467939031324,0.9804568296152959,77.86118987518397,15622470.025704157
2005-06-14,2020-06-15,1203.9100341796875,3066.590087890625,2.5471920665401866,0.9809048949957518,77.86118987518397,15622470.025704157
2005-06-15,2020-06-15,1206.5799560546875,3066.590087890625,2.54155563624466,0.9829715014120355,77.86118987518397,15622470.025704157
2005-06-16,2020-06-16,1210.9599609375,3124.739990234375,2.5803825816134056,0.9862701706145773,77.86118987518397,16145557.759315718
2005-06-17,2020-06-17,1216.9599609375,3113.489990234375,2.5584161272124843,0.9896803176100178,77.86118987518397,16038336.879784573
2005-06-20,2020-06-22,1216.0999755859375,3117.860107421875,2.5638189047077624,0.9769639028117686,77.86118987518397,15934325.688443456
2005-06-21,2020-06-22,1213.6099853515625,3117.860107421875,2.5690791482064834,0.9854349015124794,77.86118987518397,15934325.688443456
2005-06-22,2020-06-22,1213.8800048828125,3117.860107421875,2.568507673641821,0.9822636923813595,77.86118987518397,15934325.688443456
2005-06-23,2020-06-23,1200.72998046875,3131.2900390625,2.607821983290601,0.9814818368993445,77.86118987518397,16063589.39788659
2005-06-24,2020-06-24,1191.5699462890625,3050.330078125,2.55992532173602,0.9767091677917871,77.86118987518397,15277847.733707484
2005-06-27,2020-06-29,1190.68994140625,3053.239990234375,2.5642611766992696,0.9811310717149131,77.86118987518397,15488817.602984417
2005-06-28,2020-06-29,1201.5699462890625,3053.239990234375,2.541042241996834,0.9767514402680665,77.86118987518397,15488817.602984417
2005-06-29,2020-06-29,1199.8499755859375,3053.239990234375,2.544684795899878,0.9708257872976801,77.86118987518397,15488817.602984417
2005-06-30,2020-06-30,1191.3299560546875,3100.2900390625,2.6023773038744795,0.970503299165997,77.86118987518397,15971393.595876645
2005-07-01,2020-07-01,1194.43994140625,3115.860107421875,2.6086369012019803,0.9664310048112161,77.86118987518397,16198625.113113914
2005-07-05,2020-07-06,1204.989990234375,3179.719970703125,2.6387936800077965,0.9644016085813621,77.86118987518397,16634063.0467746
2005-07-06,2020-07-06,1194.93994140625,3179.719970703125,2.660987268499128,0.9583875490456222,77.86118987518397,16634063.0467746
2005-07-07,2020-07-07,1197.8699951171875,3145.320068359375,2.6257607930580718,0.9585625103541783,77.86118987518397,16292043.64384048
2005-07-08,2020-07-08,1211.8599853515625,3169.93994140625,2.6157641804524516,0.9582932556792468,77.86118987518397,16551896.600760873
2005-07-11,2020-07-13,1219.43994140625,3155.219970703125,2.587433676368306,0.9571173373589945,77.5415599352201,16156674.030889664
2005-07-12,2020-07-13,1222.2099609375,3155.219970703125,2.58156951059612,0.9635004014439468,77.5415599352201,16156674.030889664
2005-07-13,2020-07-13,1223.2900390625,3155.219970703125,2.579290168275391,0.9544683655311577,77.5415599352201,16156674.030889664
2005-07-14,2020-07-14,1226.5,3197.52001953125,2.607028144746229,0.9554328655402777,77.5415599352201,16598085.72816012
2005-07-15,2020-07-15,1227.9200439453125,3226.56005859375,2.6276629936154463,0.9557526389947394,77.5415599352201,16831895.367695093
2005-07-18,2020-07-20,1221.1300048828125,3251.840087890625,2.662976157237814,0.9571006964166461,77.5415599352201,17003037.40338247
2005-07-19,2020-07-20,1229.3499755859375,3251.840087890625,2.645170335925472,0.9485384844157286,77.5415599352201,17003037.40338247
2005-07-20,2020-07-20,1235.199951171875,3251.840087890625,2.6326426622713974,0.9499688915897112,77.5415599352201,17003037.40338247
2005-07-21,2020-07-21,1227.0400390625,3257.300048828125,2.6545996423367018,0.9707144693404806,77.5415599352201,17075150.290123016
2005-07-22,2020-07-22,1233.6800537109375,3276.02001953125,2.6554859257689283,0.959856224646659,77.5415599352201,17138287.720203526
2005-07-25,2020-07-27,1229.030029296875,3239.409912109375,2.635745128182615,0.9494177427024267,77.5415599352201,16624263.899756063
2005-07-26,2020-07-27,1231.1600341796875,3239.409912109375,2.631185079255573,0.94207620836662,77.5415599352201,16624263.899756063
2005-07-27,2020-07-27,1236.7900390625,3239.409912109375,2.6192076341145842,0.9425789158945566,77.5415599352201,16624263.899756063
2005-07-28,2020-07-28,1243.719970703125,3218.43994140625,2.5877528842660107,0.9375701855729484,77.5415599352201,16269235.930346373
2005-07-29,2020-07-29,1234.1800537109375,3258.43994140625,2.640165777763755,0.9347829951628934,77.5415599352201,16556809.855051864
2005-08-01,2020-08-03,1235.3499755859375,3294.610107421875,2.66694473026497,0.9433790426204542,77.5415599352201,17045502.39360356
2005-08-02,2020-08-03,1244.1199951171875,3294.610107421875,2.6481449702217392,0.9504084558267026,77.5415599352201,17045502.39360356
2005-08-03,2020-08-03,1245.0400390625,3294.610107421875,2.6461880775357844,0.9528892778438054,77.5415599352201,17045502.39360356
2005-08-04,2020-08-04,1235.8599853515625,3306.510009765625,2.6754729896243297,0.9532499827321764,77.5415599352201,17185237.519801036
2005-08-05,2020-08-05,1226.4200439453125,3327.77001953125,2.713401526630332,0.9446690118978971,77.5415599352201,17252686.67837354
2005-08-08,2020-08-10,1223.1300048828125,3360.469970703125,2.747434824824766,0.9444146747398838,77.5415599352201,17581978.056086957
2005-08-09,2020-08-10,1231.3800048828125,3360.469970703125,2.729027560442589,0.9469493615142703,77.5415599352201,17581978.056086957
2005-08-10,2020-08-10,1229.1300048828125,3360.469970703125,2.734023217522477,0.9566199459054215,77.2101460073427,17464092.219203707
2005-08-11,2020-08-11,1237.81005859375,3333.68994140625,2.693216069995089,0.9661987211826911,77.2101460073427,17281776.844500173
2005-08-12,2020-08-12,1230.3900146484375,3380.35009765625,2.7473809584045803,0.9742181021660671,77.2101460073427,17801696.985018533
2005-08-15,2020-08-17,1233.8699951171875,3381.989990234375,2.7409613683921124,0.9746089734741595,77.2101460073427,17823800.626194853
2005-08-16,2020-08-17,1219.3399658203125,3381.989990234375,2.773623505368445,0.972208050528868,77.2101460073427,17823800.626194853
2005-08-17,2020-08-17,1220.239990234375,3381.989990234375,2.7715777365932635,0.9699954695911499,77.2101460073427,17823800.626194853
2005-08-18,2020-08-18,1219.02001953125,3389.780029296875,2.7807418869136766,0.9595781606473119,77.2101460073427,17741585.657242667
2005-08-19,2020-08-19,1219.7099609375,3374.85009765625,2.766928372924211,0.9527707053362654,77.2101460073427,17418498.246602174
2005-08-22,2020-08-24,1221.72998046875,3431.280029296875,2.808542054423819,0.9652383676253825,77.2101460073427,18049954.36193059
2005-08-23,2020-08-24,1217.5899658203125,3431.280029296875,2.8180915789538057,0.9637447507113059,77.2101460073427,18049954.36193059
2005-08-24,2020-08-24,1209.5899658203125,3431.280029296875,2.8367299053856403,0.9605098038374268,77.2101460073427,18049954.36193059
2005-08-25,2020-08-25,1212.3699951171875,3443.6201171875,2.840403615279707,0.9629599028771905,77.2101460073427,18181673.493407045
2005-08-26,2020-08-26,1205.0999755859375,3478.72998046875,2.8866733473937214,0.9659131739471422,77.2101460073427,18579664.407744724
2005-08-29,2020-08-31,1212.280029296875,3500.31005859375,2.8873774821020004,0.9536008440246198,77.2101460073427,18521832.11881583
2005-08-30,2020-08-31,1208.4100341796875,3500.31005859375,2.8966244565900907,0.9477773247265631,77.2101460073427,18521832.11881583
2005-08-31,2020-08-31,1220.3299560546875,3500.31005859375,2.86833084874046,0.9537731785518934,77.2101460073427,18521832.11881583
2005-09-01,2020-09-01,1221.5899658203125,3526.64990234375,2.886934242272989,0.9646373500000208,77.2101460073427,18864162.885249753
2005-09-02,2020-09-02,1218.02001953125,3580.840087890625,2.939886069580939,0.964444451547301,77.2101460073427,19277829.119606953
2005-09-06,2020-09-08,1233.3900146484375,3331.840087890625,2.701367814170544,0.9698476390222402,77.2101460073427,17347159.019573264
2005-09-07,2020-09-08,1236.3599853515625,3331.840087890625,2.6948786173658044,0.9661456101477119,77.2101460073427,17347159.019573264
2005-09-08,2020-09-08,1231.6700439453125,3331.840087890625,2.7051401503750157,0.961949129040184,77.2101460073427,17347159.019573264
2005-09-09,2020-09-09,1241.47998046875,3398.9599609375,2.737829054363118,0.9666849084497039,77.2101460073427,17809627.36928983
2005-09-12,2020-09-14,1240.56005859375,3383.5400390625,2.7274294506127723,0.9627664094609197,76.88144926276983,17611653.143946797
2005-09-13,2020-09-14,1231.199951171875,3383.5400390625,2.748164533179192,0.9587661233930359,76.88144926276983,17611653.143946797
2005-09-14,2020-09-14,1227.1600341796875,3383.5400390625,2.7572117285617725,0.9608490582977728,76.88144926276983,17611653.143946797
2005-09-15,2020-09-15,1227.72998046875,3401.199951171875,2.7703159532467305,0.9558318064771629,76.88144926276983,17643327.862403538
2005-09-16,2020-09-16,1237.9100341796875,3385.489990234375,2.734843322017178,0.9466492723050305,76.88144926276983,17428710.922694203
2005-09-19,2020-09-21,1231.02001953125,3281.06005859375,2.665318196728529,0.9378039061513986,76.88144926276983,16369736.172973953
2005-09-20,2020-09-21,1221.3399658203125,3281.06005859375,2.68644288274807,0.9336995660798861,76.88144926276983,16369736.172973953
2005-09-21,2020-09-21,1210.199951171875,3281.06005859375,2.7111718649604932,0.9336995660798861,76.88144926276983,16369736.172973953
2005-09-22,2020-09-22,1214.6199951171875,3315.570068359375,2.7297180037279776,0.9378303772931498,76.88144926276983,16686092.173124105
2005-09-23,2020-09-23,1215.2900390625,3236.919921875,2.663495805801245,0.9338015064662305,76.88144926276983,16138665.306463175
2005-09-26,2020-09-28,1215.6300048828125,3351.60009765625,2.7570889861174055,0.9399394389637228,76.88144926276983,17203871.956191782
2005-09-27,2020-09-28,1215.6600341796875,3351.60009765625,2.757020880363044,0.9322207284552635,76.88144926276983,17203871.956191782
2005-09-28,2020-09-28,1216.8900146484375,3351.60009765625,2.7542342013748344,0.9350278458363683,76.88144926276983,17203871.956191782
2005-09-29,2020-09-29,1227.6800537109375,3335.469970703125,2.7168886230748157,0.9313869390423493,76.88144926276983,17036791.700659465
2005-09-30,2020-09-30,1228.81005859375,3363.0,2.736794003662874,0.9312885802702618,76.88144926276983,17319672.071571853
2005-10-03,2020-10-05,1226.699951171875,3408.60009765625,2.778674682753505,0.9235011127897634,76.88144926276983,17649752.322531983
2005-10-04,2020-10-05,1214.469970703125,3408.60009765625,2.8066565496739453,0.9226935159086055,76.88144926276983,17649752.322531983
2005-10-05,2020-10-05,1196.3900146484375,3408.60009765625,2.849071001865455,0.9247151932272908,76.88144926276983,17649752.322531983
2005-10-06,2020-10-06,1191.489990234375,3360.969970703125,2.820812594524606,0.9326539981286645,76.88144926276983,17314291.771556467
2005-10-07,2020-10-07,1195.9000244140625,3419.43994140625,2.859302509908069,0.928458433143088,76.88144926276983,17771857.726538535
2005-10-10,2020-10-12,1187.3299560546875,3534.219970703125,2.9766114740731275,0.924811790012774,76.7117711673443,18638555.243899822
2005-10-11,2020-10-12,1184.8699951171875,3534.219970703125,2.9827913486437634,0.9221475422960168,76.7117711673443,18638555.243899822
2005-10-12,2020-10-12,1177.6800537109375,3534.219970703125,3.001001808230168,0.9235988567582378,76.7117711673443,18638555.243899822
2005-10-13,2020-10-13,1176.8399658203125,3511.929931640625,2.984203488698351,0.9201519374416325,76.7117711673443,18378996.272755973
2005-10-14,2020-10-14,1186.5699462890625,3488.669921875,2.9401300216524433,0.9247698237486154,76.7117711673443,18226097.8057415
2005-10-17,2020-10-19,1190.0999755859375,3426.919921875,2.879522722608056,0.9159600638641976,76.7117711673443,17715187.619652115
2005-10-18,2020-10-19,1178.1400146484375,3426.919921875,2.90875437491834,0.9105017801151717,76.7117711673443,17715187.619652115
2005-10-19,2020-10-19,1195.760009765625,3426.919921875,2.8658927325615227,0.9126298910730863,76.7117711673443,17715187.619652115
2005-10-20,2020-10-20,1177.800048828125,3443.1201171875,2.923348594367354,0.9146648465334455,76.7117711673443,17857563.87420498
2005-10-21,2020-10-21,1179.5899658203125,3435.56005859375,2.9125036310431707,0.9100689903954547,76.7117711673443,17798240.84509037
2005-10-24,2020-10-26,1199.3800048828125,3400.969970703125,2.8356066941731473,0.9065817749247368,76.7117711673443,17311211.279980354
2005-10-25,2020-10-26,1196.5400390625,3400.969970703125,2.8423369546144195,0.9094170628282724,76.7117711673443,17311211.279980354
2005-10-26,2020-10-26,1191.3800048828125,3400.969970703125,2.854647515288503,0.903140327407712,76.7117711673443,17311211.279980354
2005-10-27,2020-10-27,1178.9000244140625,3390.679931640625,2.876138655884635,0.908737865618692,76.7117711673443,17267334.156780493
2005-10-28,2020-10-28,1198.4100341796875,3271.030029296875,2.7294748341588257,0.9046032572900261,76.7117711673443,16233111.224152382
2005-10-31,2020-11-02,1207.010009765625,3310.239990234375,2.742512459260509,0.898144964259,76.7117711673443,16556457.155643381
2005-11-01,2020-11-02,1202.760009765625,3310.239990234375,2.752203235356505,0.8956834525322748,76.7117711673443,16556457.155643381
2005-11-02,2020-11-02,1214.760009765625,3310.239990234375,2.725015611003733,0.8953767046111458,76.7117711673443,16556457.155643381
2005-11-03,2020-11-03,1219.93994140625,3369.159912109375,2.761742441374347,0.8934055398698018,76.7117711673443,17066618.23538611
2005-11-04,2020-11-04,1220.1400146484375,3443.43994140625,2.8221678660366027,0.8836615651847332,76.7117711673443,17616073.75757914
2005-11-07,2020-11-09,1222.81005859375,3550.5,2.9035580587905274,0.8778523715435915,76.7117711673443,18122517.71602364
2005-11-08,2020-11-09,1218.5899658203125,3550.5,2.9136133560807114,0.8794974191656237,76.7117711673443,18122517.71602364
2005-11-09,2020-11-09,1220.6500244140625,3550.5,2.9086961282815804,0.8769577053289838,76.7117711673443,18122517.71602364
2005-11-10,2020-11-10,1230.9599609375,3545.530029296875,2.880296794216277,0.8912936745812258,76.42263585967805,18487790.417588696
2005-11-11,2020-11-11,1234.719970703125,3572.659912109375,2.8934981185044606,0.891731627582394,76.42263585967805,18739358.114941437
2005-11-14,2020-11-16,1233.760009765625,3626.909912109375,2.9397207588195147,0.8811852992313509,76.42263585967805,19013886.64504096
2005-11-15,2020-11-16,1229.010009765625,3626.909912109375,2.951082483698432,0.8807404614753446,76.42263585967805,19013886.64504096
2005-11-16,2020-11-16,1231.2099609375,3626.909912109375,2.945809429082005,0.8788917199288308,76.42263585967805,19013886.64504096
2005-11-17,2020-11-17,1242.800048828125,3609.530029296875,2.9043529831692667,0.8799007029240469,76.42263585967805,18837613.9438741
2005-11-18,2020-11-18,1248.27001953125,3567.7900390625,2.858187718393073,0.8748089928583893,76.42263585967805,18405982.952590086
2005-11-21,2020-11-23,1254.8499755859375,3577.590087890625,2.8510102063954785,0.871825661289998,76.42263585967805,18384488.457289085
2005-11-22,2020-11-23,1261.22998046875,3577.590087890625,2.8365882061897816,0.8734393472124211,76.42263585967805,18384488.457289085
2005-11-23,2020-11-23,1265.6099853515625,3577.590087890625,2.826771382415127,0.8741748019142354,76.42263585967805,18384488.457289085
2005-11-25,2020-11-25,1268.25,3629.64990234375,2.861935661221171,0.873562362265642,76.42263585967805,18990590.807834715
2005-11-28,2020-11-30,1257.4599609375,3621.6298828125,2.880115467145683,0.8753742590135135,76.42263585967805,18807243.894141074
2005-11-29,2020-11-30,1257.47998046875,3621.6298828125,2.880069614676861,0.8691607576820198,76.42263585967805,18807243.894141074
2005-11-30,2020-11-30,1249.47998046875,3621.6298828125,2.8985097315875548,0.8693785472032138,76.42263585967805,18807243.894141074
2005-12-01,2020-12-01,1264.6700439453125,3662.449951171875,2.8959727232459445,0.8661988242584452,76.42263585967805,19192673.550693393
2005-12-02,2020-12-02,1265.0799560546875,3669.010009765625,2.900219857413518,0.8659941946925256,76.42263585967805,19247764.910943255
2005-12-05,2020-12-07,1262.0899658203125,3691.9599609375,2.9252747909598193,0.862280711723281,76.42263585967805,19399393.429781094
2005-12-06,2020-12-07,1263.699951171875,3691.9599609375,2.921547917695028,0.8634239126895835,76.42263585967805,19399393.429781094
2005-12-07,2020-12-07,1257.3699951171875,3691.9599609375,2.9362558159290315,0.8609270354276735,76.42263585967805,19399393.429781094
2005-12-08,2020-12-08,1255.8399658203125,3702.25,2.948026898938271,0.8638425253416434,76.42263585967805,19424747.615030505
2005-12-09,2020-12-09,1259.3699951171875,3672.820068359375,2.916394770877172,0.8631880194220708,76.42263585967805,19229298.718234688
2005-12-12,2020-12-14,1260.4300537109375,3647.489990234375,2.8938456199893796,0.866880747856277,76.15660621766511,18872223.94516536
2005-12-13,2020-12-14,1267.4300537109375,3647.489990234375,2.877862947588157,0.8658697284071579,76.15660621766511,18872223.94516536
2005-12-14,2020-12-14,1272.739990234375,3647.489990234375,2.8658563557531416,0.8842109765404075,76.15660621766511,18872223.94516536
2005-12-15,2020-12-15,1270.93994140625,3694.6201171875,2.9069981962322577,0.8941712724304495,76.15660621766511,19265266.15476974
2005-12-16,2020-12-16,1267.3199462890625,3701.169921875,2.9204700302498052,0.8961778211045521,76.15660621766511,19211165.06085658
2005-12-19,2020-12-21,1259.9200439453125,3694.919921875,2.9326622269653964,0.891486411131592,76.15660621766511,19112030.440793913
2005-12-20,2020-12-21,1259.6199951171875,3694.919921875,2.9333608042092463,0.8824377568876859,76.15660621766511,19112030.440793913
2005-12-21,2020-12-21,1262.7900390625,3694.919921875,2.925997044305261,0.880634982773142,76.15660621766511,19112030.440793913
2005-12-22,2020-12-22,1268.1199951171875,3687.260009765625,2.907658600103442,0.8857461040519429,76.15660621766511,19018822.586909227
2005-12-23,2020-12-23,1268.6600341796875,3690.010009765625,2.9085885188710754,0.8897730838686564,76.15660621766511,19094982.835903376
2005-12-27,2020-12-28,1256.5400390625,3735.360107421875,2.9727346453749406,0.8824837828218576,76.15660621766511,19452274.8704052
2005-12-28,2020-12-28,1258.1700439453125,3735.360107421875,2.9688833599222426,0.8794851856758183,76.15660621766511,19452274.8704052
2005-12-29,2020-12-29,1254.4200439453125,3727.0400390625,2.971126025171345,0.8801375531745691,76.15660621766511,19430953.950457267
2005-12-30,2020-12-30,1248.2900390625,3732.0400390625,2.9897218773494054,0.8777673771936206,76.15660621766511,19433487.040042408
2006-01-03,2021-01-04,1268.800048828125,3700.64990234375,2.916653341684297,0.8901448131137171,76.15660621766511,19095737.217101354
2006-01-04,2021-01-04,1273.4599609375,3700.64990234375,2.905980569361123,0.888306636798548,76.15660621766511,19095737.217101354
2006-01-05,2021-01-05,1273.47998046875,3726.860107421875,2.9265164467289626,0.8890086206896551,76.15660621766511,19269454.9430167
2006-01-06,2021-01-06,1285.449951171875,3748.139892578125,2.9158193900596046,0.8976134448087102,76.15660621766511,19308985.139374785
2006-01-09,2021-01-11,1290.1500244140625,3799.610107421875,2.9450916835408463,0.908774249921085,76.15660621766511,20120335.957503654
2006-01-10,2021-01-11,1289.68994140625,3799.610107421875,2.946142313305834,0.9094889138794989,75.86530172539659,20005123.50767389
2006-01-11,2021-01-11,1294.1800537109375,3799.610107421875,2.935920775881885,0.9108418317276533,75.86530172539659,20005123.50767389
2006-01-12,2021-01-12,1286.06005859375,3801.18994140625,2.9556861796661997,0.9083835021111453,75.86530172539659,20028267.83207409
2006-01-13,2021-01-13,1287.6099853515625,3809.840087890625,2.9588463364163844,0.9083522832475811,75.86530172539659,19987924.535350993
2006-01-17,2021-01-19,1282.9300537109375,3798.909912109375,2.961120055704396,0.8972012263797184,75.86530172539659,19887770.28449596
2006-01-18,2021-01-19,1277.9300537109375,3798.909912109375,2.972705666540864,0.8997310516020702,75.86530172539659,19887770.28449596
2006-01-19,2021-01-19,1285.0400390625,3798.909912109375,2.956258012692637,0.8978614972267316,75.86530172539659,19887770.28449596
2006-01-20,2021-01-20,1261.489990234375,3851.85009765625,3.0534131285025943,0.9013360475366824,75.86530172539659,20360966.150573857
2006-01-23,2021-01-25,1263.8199462890625,3855.360107421875,3.050561212253626,0.9065868727227454,75.86530172539659,20353533.3002731
2006-01-24,2021-01-25,1266.8599853515625,3855.360107421875,3.043240888496439,0.9020949200395821,75.86530172539659,20353533.3002731
2006-01-25,2021-01-25,1264.6800537109375,3855.360107421875,3.0484865291495127,0.8964066980774281,75.86530172539659,20353533.3002731
2006-01-26,2021-01-26,1273.8299560546875,3849.6201171875,3.0220832057604947,0.8922521396452768,75.86530172539659,20303377.540612157
2006-01-27,2021-01-27,1283.719970703125,3750.77001953125,2.921797670154544,0.8824786667769701,75.86530172539659,19480574.55744895
2006-01-30,2021-02-01,1285.18994140625,3773.860107421875,2.936422069482221,0.8900356620023924,75.86530172539659,19972128.11302008
2006-01-31,2021-02-01,1280.0799560546875,3773.860107421875,2.9481440511366372,0.8923876838117655,75.86530172539659,19972128.11302008
2006-02-01,2021-02-01,1282.4599609375,3773.860107421875,2.942672849344255,0.8873950659153295,75.86530172539659,19972128.11302008
2006-02-02,2021-02-02,1270.8399658203125,3826.31005859375,3.0108512177014446,0.8849596864889515,75.86530172539659,20445292.77183329
2006-02-03,2021-02-03,1264.030029296875,3830.169921875,3.0301257352292152,0.8834048315006915,75.86530172539659,20518720.782610573
2006-02-06,2021-02-08,1265.02001953125,3915.590087890625,3.0952791477098813,0.8851935986900021,75.86530172539659,21309852.884987388
2006-02-07,2021-02-08,1254.780029296875,3915.590087890625,3.1205390558253896,0.8952688229042803,75.86530172539659,21309852.884987388
2006-02-08,2021-02-08,1265.6500244140625,3915.590087890625,3.093738405056613,0.88952657123903,75.86530172539659,21309852.884987388
2006-02-09,2021-02-09,1263.780029296875,3911.22998046875,3.094866107865961,0.88627748206456,75.86530172539659,21218609.794777904
2006-02-10,2021-02-10,1266.989990234375,3909.8798828125,3.085959567911999,0.8875073862612886,75.58303636630215,20904065.149861753
2006-02-13,2021-02-16,1262.8599853515625,3932.590087890625,3.114034915593471,0.8966817164313777,75.58303636630215,21324926.52678172
2006-02-14,2021-02-16,1275.530029296875,3932.590087890625,3.083102708337201,0.8961479796344469,75.58303636630215,21324926.52678172
2006-02-15,2021-02-16,1280.0,3932.590087890625,3.0723360061645506,0.8935645146349301,75.58303636630215,21324926.52678172
2006-02-16,2021-02-16,1289.3800048828125,3932.590087890625,3.049985320850423,0.8972160893838201,75.58303636630215,21324926.52678172
2006-02-17,2021-02-17,1287.239990234375,3931.330078125,3.054077023670777,0.898112386781244,75.58303636630215,21527642.280804962
2006-02-21,2021-02-22,1283.030029296875,3876.5,3.021363422120678,0.8882771114702774,75.58303636630215,20915353.019087344
2006-02-22,2021-02-22,1292.6700439453125,3876.5,2.9988317731636074,0.8910902514626711,75.58303636630215,20915353.019087344
2006-02-23,2021-02-23,1287.7900390625,3881.3701171875,3.0139774337850165,0.8967626328977382,75.58303636630215,20798709.05382579
2006-02-24,2021-02-24,1289.4300537109375,3925.429931640625,3.0443139744907963,0.9010869602124842,75.58303636630215,21237034.986379094
2006-02-27,2021-03-01,1294.1199951171875,3901.820068359375,3.0150373095858476,0.9164701763282358,75.58303636630215,21408949.21317299
2006-02-28,2021-03-01,1280.6600341796875,3901.820068359375,3.0467258790180347,0.9197944339749013,75.58303636630215,21408949.21317299
2006-03-01,2021-03-01,1291.239990234375,3901.820068359375,3.021762102993069,0.9176546664864607,75.58303636630215,21408949.21317299
2006-03-02,2021-03-02,1289.1400146484375,3870.2900390625,3.0022262865821987,0.9224015996438211,75.58303636630215,21256937.86675786
2006-03-03,2021-03-03,1287.22998046875,3819.719970703125,2.9673951264809406,0.9170861599209128,75.58303636630215,20821679.653486203
2006-03-06,2021-03-08,1278.260009765625,3821.35009765625,2.9894935838264334,0.9220086920210766,75.58303636630215,21314577.369929563
2006-03-07,2021-03-08,1275.8800048828125,3821.35009765625,2.9950701343636426,0.9205994889076426,75.58303636630215,21314577.369929563
2006-03-08,2021-03-08,1278.469970703125,3821.35009765625,2.9890026244062717,0.9202087845789098,75.58303636630215,21314577.369929563
2006-03-09,2021-03-09,1272.22998046875,3875.43994140625,3.0461787576947006,0.9216497952908175,75.58303636630215,21910142.37234883
2006-03-10,2021-03-10,1281.4200439453125,3898.81005859375,3.042569902832065,0.9124117939412093,75.33201268982765,21889631.478679385
2006-03-13,2021-03-15,1284.1300048828125,3968.93994140625,3.0907617813731005,0.9195768868830742,75.33201268982765,22624698.165594146
2006-03-14,2021-03-15,1297.47998046875,3968.93994140625,3.0589604472913425,0.9272348443420046,75.33201268982765,22624698.165594146
2006-03-15,2021-03-15,1303.02001953125,3968.93994140625,3.0459546913439146,0.9284972760554835,75.33201268982765,22624698.165594146
2006-03-16,2021-03-16,1305.3299560546875,3962.7099609375,3.035791787782644,0.9337269443027423,75.33201268982765,22578564.296489116
2006-03-17,2021-03-17,1307.25,3974.1201171875,3.0400612868139225,0.9406349399008304,75.33201268982765,22640934.688323762
2006-03-20,2021-03-22,1305.0799560546875,3940.590087890625,3.019424265623692,0.9355589896680941,75.33201268982765,22318638.162316684
2006-03-21,2021-03-22,1297.22998046875,3940.590087890625,3.0376958189531704,0.9287749621524238,75.33201268982765,22318638.162316684
2006-03-22,2021-03-22,1305.0400390625,3940.590087890625,3.0195166201348287,0.9315564271298835,75.33201268982765,22318638.162316684
2006-03-23,2021-03-23,1301.6700439453125,3910.52001953125,3.0042329373107584,0.9231604793872967,75.33201268982765,22044033.189817976
2006-03-24,2021-03-24,1302.949951171875,3889.139892578125,2.9848728180850133,0.9239676412327958,75.33201268982765,21793834.37902417
2006-03-27,2021-03-29,1301.6099853515625,3971.090087890625,3.0509062872762462,0.9405551033053192,75.33201268982765,22844000.694170143
2006-03-28,2021-03-29,1293.22998046875,3971.090087890625,3.070675864204173,0.9323284508707752,75.33201268982765,22844000.694170143
2006-03-29,2021-03-29,1302.8900146484375,3971.090087890625,3.0479089126814403,0.9322493291645583,75.33201268982765,22844000.694170143
2006-03-30,2021-03-30,1300.25,3958.550048828125,3.0444530273625263,0.9362884734550915,75.33201268982765,22753703.530483764
2006-03-31,2021-03-31,1294.8699951171875,3972.889892578125,3.068176656775936,0.9366932600559027,75.33201268982765,23012719.35616285
2006-04-03,2021-04-05,1297.81005859375,4077.909912109375,3.1421469460084315,0.9395330992011675,75.33201268982765,23999660.81532839
2006-04-04,2021-04-05,1305.9300537109375,4077.909912109375,3.1226097450790458,0.942413144178403,75.33201268982765,23999660.81532839
2006-04-05,2021-04-05,1311.56005859375,4077.909912109375,3.109205625308303,0.942413144178403,75.33201268982765,23999660.81532839
2006-04-06,2021-04-06,1309.0400390625,4073.93994140625,3.112158390757779,0.9355833073147096,75.33201268982765,23818022.065912873
2006-04-07,2021-04-07,1295.5,4079.949951171875,3.1493245474117137,0.9285605653856351,75.33201268982765,23744970.7152095
2006-04-10,2021-04-12,1296.6199951171875,4127.990234375,3.1836546173282754,0.926391325492731,75.09379895300444,24003655.777659222
2006-04-11,2021-04-12,1286.5699462890625,4127.990234375,3.208523754407315,0.927958726788869,75.09379895300444,24003655.777659222
2006-04-12,2021-04-12,1288.1199951171875,4127.990234375,3.2046628031726607,0.926391325492731,75.09379895300444,24003655.777659222
2006-04-13,2021-04-13,1289.1199951171875,4141.58984375,3.2127264020705137,0.9226758875027957,75.09379895300444,24016157.99916677
2006-04-17,2021-04-19,1285.3299560546875,4163.259765625,3.2390591583223505,0.9228334099230183,75.09379895300444,23989364.230024494
2006-04-18,2021-04-19,1307.280029296875,4163.259765625,3.1846732699375995,0.9301762861466889,75.09379895300444,23989364.230024494
2006-04-19,2021-04-19,1309.9300537109375,4163.259765625,3.1782305885957687,0.9263718575716344,75.09379895300444,23989364.230024494
2006-04-20,2021-04-20,1311.4599609375,4134.93994140625,3.1529288461466862,0.9206881543402877,75.09379895300444,23565331.338916063
2006-04-21,2021-04-21,1311.280029296875,4173.419921875,3.182706842651177,0.9275433310729174,75.09379895300444,23888662.250474423
2006-04-24,2021-04-26,1308.1099853515625,4187.6201171875,3.201275247556536,0.9413089178502603,75.09379895300444,23922522.413077354
2006-04-25,2021-04-26,1301.739990234375,4187.6201171875,3.2169405170025773,0.9387694466229224,75.09379895300444,23922522.413077354
2006-04-26,2021-04-26,1305.4100341796875,4187.6201171875,3.2078963755008805,0.93999650175381,75.09379895300444,23922522.413077354
2006-04-27,2021-04-27,1309.719970703125,4186.72021484375,3.1966529552085117,0.9476440987021009,75.09379895300444,24018355.649740063
2006-04-28,2021-04-28,1310.6099853515625,4183.18017578125,3.1917810962344677,0.9554559856930419,75.09379895300444,24161734.407593817
2006-05-01,2021-05-03,1305.18994140625,4192.66015625,3.2122988564658295,0.9624217894695679,75.09379895300444,24406962.498076916
2006-05-02,2021-05-03,1313.2099609375,4192.66015625,3.192680744864943,0.964034902460722,75.09379895300444,24406962.498076916
2006-05-03,2021-05-03,1308.1199951171875,4192.66015625,3.2051036387333887,0.960391917146345,75.09379895300444,24406962.498076916
2006-05-04,2021-05-04,1312.25,4164.66015625,3.1736789150314344,0.9603996906731701,75.09379895300444,24115884.383788876
2006-05-05,2021-05-05,1325.760009765625,4167.58984375,3.143547710785732,0.9712953513832413,75.09379895300444,24215621.404697232
2006-05-08,2021-05-10,1324.6600341796875,4188.43017578125,3.1618906494563253,0.9721704718795534,75.09379895300444,24148622.35812877
2006-05-09,2021-05-10,1325.1400146484375,4188.43017578125,3.1607453774554153,0.978037983126537,75.09379895300444,24148622.35812877
2006-05-10,2021-05-10,1322.8499755859375,4188.43017578125,3.166217071536056,0.9796264260799589,74.79185993313816,24011316.725595117
2006-05-11,2021-05-11,1305.9200439453125,4152.10009765625,3.179444344167005,0.9857272557049451,74.79185993313816,23800774.29021228
2006-05-12,2021-05-12,1291.239990234375,4063.0400390625,3.1466188081156092,0.9885877523971853,74.79185993313816,23036565.469489098
2006-05-15,2021-05-17,1294.5,4163.2900390625,3.2161375350038623,0.9883650007202094,74.79185993313816,24068731.838288948
2006-05-16,2021-05-17,1292.0799560546875,4163.2900390625,3.222161306313375,0.9968294500183957,74.79185993313816,24068731.838288948
2006-05-17,2021-05-17,1270.3199462890625,4163.2900390625,3.277355481368738,0.9864935438718718,74.79185993313816,24068731.838288948
2006-05-18,2021-05-18,1261.81005859375,4127.830078125,3.2713561363786754,0.9850495515064959,74.79185993313816,23726072.903222576
2006-05-19,2021-05-19,1267.030029296875,4115.68017578125,3.248289370114774,0.9749954562536298,74.79185993313816,23511678.57841703
2006-05-22,2021-05-24,1262.0699462890625,4197.0498046875,3.3255286816933793,0.9772025804137574,74.79185993313816,24190235.842185214
2006-05-23,2021-05-24,1256.5799560546875,4197.0498046875,3.340057896407223,0.9712769690661863,74.79185993313816,24190235.842185214
2006-05-24,2021-05-24,1258.5699462890625,4197.0498046875,3.334776757591144,0.9661078657272555,74.79185993313816,24190235.842185214
2006-05-25,2021-05-25,1272.8800048828125,4188.1298828125,3.290278633293544,0.9739709721204207,74.79185993313816,24096271.45436114
2006-05-26,2021-05-26,1280.1600341796875,4195.990234375,3.2777075696350297,0.9658411050099284,74.79185993313816,24144887.69602175
2006-05-30,2021-06-01,1259.8699951171875,4202.0400390625,3.335296542776737,0.9763084683557005,74.79185993313816,24411282.57081645
2006-05-31,2021-06-01,1270.0899658203125,4202.0400390625,3.308458575490383,0.9730116182669389,74.79185993313816,24411282.57081645
2006-06-01,2021-06-01,1285.7099609375,4202.0400390625,3.268264357226028,0.9734441051567665,74.79185993313816,24411282.57081645
2006-06-02,2021-06-02,1288.219970703125,4208.1201171875,3.2666161159500273,0.979978456333104,74.79185993313816,24461073.454403244
2006-06-05,2021-06-07,1265.2900390625,4226.52001953125,3.3403566684701276,0.9757610854413435,74.79185993313816,24650951.381686106
2006-06-06,2021-06-07,1263.8499755859375,4226.52001953125,3.344162757586619,0.9682197616116538,74.79185993313816,24650951.381686106
2006-06-07,2021-06-07,1256.1500244140625,4226.52001953125,3.3646618137851263,0.9663845232321218,74.79185993313816,24650951.381686106
2006-06-08,2021-06-08,1257.9300537109375,4227.259765625,3.360488727616004,0.9590907483804403,74.79185993313816,24548573.373849325
2006-06-09,2021-06-09,1252.300048828125,4219.5498046875,3.3694399426368005,0.9605914588405342,74.79185993313816,24547100.919332854
2006-06-12,2021-06-14,1237.43994140625,4255.14990234375,3.43867185789083,0.9591624608166414,74.49101806827257,24774510.791935295
2006-06-13,2021-06-14,1223.68994140625,4255.14990234375,3.477310516627915,0.952004526791827,74.49101806827257,24774510.791935295
2006-06-14,2021-06-14,1230.0400390625,4255.14990234375,3.4593588559823623,0.9551540923803697,74.49101806827257,24774510.791935295
2006-06-15,2021-06-15,1256.1600341796875,4246.58984375,3.3806121260044373,0.9592555801692001,74.49101806827257,24809577.846402124
2006-06-16,2021-06-16,1251.5400390625,4223.7001953125,3.3748022943607756,0.9560882422905942,74.49101806827257,24635478.645934142
2006-06-19,2021-06-21,1240.1300048828125,4224.7900390625,3.4067315704225107,0.9551135294004458,74.49101806827257,24681235.58263877
2006-06-20,2021-06-21,1240.1199951171875,4224.7900390625,3.406759068232966,0.9591035242423842,74.49101806827257,24681235.58263877
2006-06-21,2021-06-21,1252.199951171875,4224.7900390625,3.373894109410177,0.9596464255454201,74.49101806827257,24681235.58263877
2006-06-22,2021-06-22,1245.5999755859375,4246.43994140625,3.4091522355792434,0.9508442350815697,74.49101806827257,24913684.249150686
2006-06-23,2021-06-23,1244.5,4241.83984375,3.408469139212535,0.9494937228361576,74.49101806827257,24964336.562002935
2006-06-26,2021-06-28,1250.56005859375,4290.60986328125,3.4309506639017595,0.9535535831370295,74.49101806827257,25420029.183991566
2006-06-27,2021-06-28,1239.199951171875,4290.60986328125,3.4624031894318157,0.9527338281202089,74.49101806827257,25420029.183991566
2006-06-28,2021-06-28,1246.0,4290.60986328125,3.443507113387841,0.9520790132597433,74.49101806827257,25420029.183991566
2006-06-29,2021-06-29,1272.8699951171875,4291.7998046875,3.3717503131907614,0.9605123348723088,74.49101806827257,25359837.456616044
2006-06-30,2021-06-30,1270.199951171875,4297.5,3.3833255906167885,0.9654555482971869,74.49101806827257,25385034.64398686
2006-07-03,2021-07-06,1280.18994140625,4343.5400390625,3.3928871791409736,0.9665882384854984,74.49101806827257,25887395.38988652
2006-07-05,2021-07-06,1270.9100341796875,4343.5400390625,3.417661299578967,0.9597300394487955,74.49101806827257,25887395.38988652
2006-07-06,2021-07-06,1274.0799560546875,4343.5400390625,3.409158128907933,0.9623112815416646,74.49101806827257,25887395.38988652
2006-07-07,2021-07-07,1265.47998046875,4358.1298828125,3.4438552565629625,0.9705335053004409,74.49101806827257,25906001.853035964
2006-07-10,2021-07-12,1267.3399658203125,4384.6298828125,3.4597108913664347,0.9642606596255523,74.24187511769078,25877532.1455777
2006-07-11,2021-07-12,1272.4300537109375,4384.6298828125,3.445871048098155,0.9642606596255523,74.24187511769078,25877532.1455777
2006-07-12,2021-07-12,1258.5999755859375,4384.6298828125,3.483735871495825,0.9558147486898164,74.24187511769078,25877532.1455777
2006-07-13,2021-07-13,1242.280029296875,4369.2099609375,3.5170894306418607,0.9565198582549205,74.24187511769078,25787039.401785977
2006-07-14,2021-07-14,1236.199951171875,4374.2998046875,3.538505078034354,0.952748100242671,74.24187511769078,25916414.528192304
2006-07-17,2021-07-19,1234.489990234375,4258.490234375,3.4495947865616157,0.9384523302951732,74.24187511769078,24737577.246590666
2006-07-18,2021-07-19,1236.8599853515625,4258.490234375,3.4429848849581592,0.9364527302021669,74.24187511769078,24737577.246590666
2006-07-19,2021-07-19,1259.81005859375,4258.490234375,3.3802637193804403,0.9404604881219021,74.24187511769078,24737577.246590666
2006-07-20,2021-07-20,1249.1300048828125,4323.06005859375,3.4608567896816465,0.936508186041639,74.24187511769078,25155164.580990843
2006-07-21,2021-07-21,1240.2900390625,4358.68994140625,3.514250541511129,0.9466069201602804,74.24187511769078,25569816.19605905
2006-07-24,2021-07-26,1260.9100341796875,4422.2998046875,3.50722865613844,0.9468436721050254,74.24187511769078,26293786.848194584
2006-07-25,2021-07-26,1268.8800048828125,4422.2998046875,3.4851993787197566,0.9436107322102092,74.24187511769078,26293786.848194584
2006-07-26,2021-07-26,1268.4000244140625,4422.2998046875,3.4865182273473874,0.950098841151676,74.24187511769078,26293786.848194584
2006-07-27,2021-07-27,1263.199951171875,4401.4599609375,3.4843731246618956,0.9529330622300216,74.24187511769078,26043676.45883414
2006-07-28,2021-07-28,1278.550048828125,4400.64013671875,3.4418990017263895,0.9569984469254716,74.24187511769078,25874913.13729438
2006-07-31,2021-08-02,1276.6600341796875,4387.16015625,3.4364357297899994,0.9580473254312147,74.24187511769078,25732450.993100755
2006-08-01,2021-08-02,1270.9200439453125,4387.16015625,3.4519560669064235,0.9576292215406795,74.24187511769078,25732450.993100755
2006-08-02,2021-08-02,1277.4100341796875,4387.16015625,3.4344181107574405,0.9576292215406795,74.24187511769078,25732450.993100755
2006-08-03,2021-08-03,1280.27001953125,4423.14990234375,3.454857049580224,0.9498348080909517,74.24187511769078,25882074.841359183
2006-08-04,2021-08-04,1279.3599853515625,4402.66015625,3.441298935920814,0.9520527089314763,74.24187511769078,25624987.62663597
2006-08-07,2021-08-09,1275.77001953125,4432.35009765625,3.4742547871479275,0.9578577195805483,74.24187511769078,26282487.04025978
2006-08-08,2021-08-09,1271.47998046875,4432.35009765625,3.485977102071397,0.95305558266705,74.24187511769078,26282487.04025978
2006-08-09,2021-08-09,1265.949951171875,4432.35009765625,3.5012048411181467,0.9557819183615108,74.24187511769078,26282487.04025978
2006-08-10,2021-08-10,1271.81005859375,4436.75,3.488531931337096,0.9578499153187584,74.04572152952743,26237986.80999755
2006-08-11,2021-08-11,1266.739990234375,4442.41015625,3.506962905172083,0.9511351972291676,74.04572152952743,26380268.044199638
2006-08-14,2021-08-16,1268.2099609375,4479.7099609375,3.5323093958558407,0.9401715436012379,74.04572152952743,26362648.91331017
2006-08-15,2021-08-16,1285.5799560546875,4479.7099609375,3.4845829229364065,0.9455235314896442,74.04572152952743,26362648.91331017
2006-08-16,2021-08-16,1295.4300537109375,4479.7099609375,3.4580871025068123,0.9460539421731728,74.04572152952743,26362648.91331017
2006-08-17,2021-08-17,1297.47998046875,4448.080078125,3.428245633907977,0.9430284351282597,74.04572152952743,25998200.91066084
2006-08-18,2021-08-18,1302.300048828125,4400.27001953125,3.3788450084839003,0.946160540206225,74.04572152952743,25689474.171513043
2006-08-21,2021-08-23,1297.52001953125,4479.52978515625,3.45237816582942,0.9471414605649054,74.04572152952743,26432830.03894549
2006-08-22,2021-08-23,1298.8199462890625,4479.52978515625,3.448922845660776,0.9430754287513995,74.04572152952743,26432830.03894549
2006-08-23,2021-08-23,1292.989990234375,4479.52978515625,3.464473676508713,0.9437236610868102,74.04572152952743,26432830.03894549
2006-08-24,2021-08-24,1296.06005859375,4486.22998046875,3.4614367989523536,0.9417654324748463,74.04572152952743,26433511.47421436
2006-08-25,2021-08-25,1295.0899658203125,4496.18994140625,3.4717201584975252,0.9357837400467667,74.04572152952743,26531710.85592454
2006-08-28,2021-08-30,1301.780029296875,4528.7900390625,3.478921121188667,0.9376546861881586,74.04572152952743,26841856.58841166
2006-08-29,2021-08-30,1304.280029296875,4528.7900390625,3.4722528424390027,0.9413906528429096,74.04572152952743,26841856.58841166
2006-08-30,2021-08-30,1305.3699951171875,4528.7900390625,3.4693535595292544,0.9388566143859924,74.04572152952743,26841856.58841166
2006-08-31,2021-08-31,1303.8199462890625,4522.68017578125,3.468791982093632,0.9368098131591452,74.04572152952743,26818609.370146118
2006-09-01,2021-09-01,1311.010009765625,4524.08984375,3.450843098107841,0.9401674530257139,74.04572152952743,26867603.9719695
2006-09-05,2021-09-07,1313.25,4520.02978515625,3.4418654370121837,0.9453387399999238,74.04572152952743,26755531.247294664
2006-09-06,2021-09-07,1300.260009765625,4520.02978515625,3.4762507123256032,0.9421757206164886,74.04572152952743,26755531.247294664
2006-09-07,2021-09-07,1294.02001953125,4520.02978515625,3.493013799580628,0.9431466625920651,74.04572152952743,26755531.247294664
2006-09-08,2021-09-08,1298.9200439453125,4514.06982421875,3.4752484152202388,0.9431038948076408,74.04572152952743,26866167.769872665
2006-09-11,2021-09-13,1299.5400390625,4468.72998046875,3.438701268252214,0.9350488988684352,73.83746466389675,26267519.851054274
2006-09-12,2021-09-13,1313.0,4468.72998046875,3.403450099366908,0.9329061381788126,73.83746466389675,26267519.851054274
2006-09-13,2021-09-13,1318.0699462890625,4468.72998046875,3.3903587537597373,0.9358450725542772,73.83746466389675,26267519.851054274
2006-09-14,2021-09-14,1316.280029296875,4443.0498046875,3.3754594051395506,0.9355618234363294,73.83746466389675,26085021.3249565
2006-09-15,2021-09-15,1319.6600341796875,4480.7001953125,3.395344315399946,0.9340172012416942,73.83746466389675,26299823.20770096
2006-09-18,2021-09-20,1321.1800537109375,4357.72998046875,3.2983619213965083,0.9328272223321679,73.83746466389675,25384679.747001044
2006-09-19,2021-09-20,1317.6400146484375,4357.72998046875,3.3072234692503977,0.9351275688629095,73.83746466389675,25384679.747001044
2006-09-20,2021-09-20,1325.1800537109375,4357.72998046875,3.2884059553007012,0.9362421379920143,73.83746466389675,25384679.747001044
2006-09-21,2021-09-21,1318.030029296875,4354.18994140625,3.3035589816789415,0.9405035741313433,73.83746466389675,25184251.094338425
2006-09-22,2021-09-22,1314.780029296875,4395.64013671875,3.343251371919205,0.9352956720607642,73.83746466389675,25425719.185548007
2006-09-25,2021-09-27,1326.3699951171875,4443.10986328125,3.349826880612368,0.9509680308222958,73.83746466389675,26338120.335230038
2006-09-26,2021-09-27,1336.3499755859375,4443.10986328125,3.32481007554411,0.9455694085376013,73.83746466389675,26338120.335230038
2006-09-27,2021-09-27,1336.5899658203125,4443.10986328125,3.324213092198666,0.9431539308271708,73.83746466389675,26338120.335230038
2006-09-28,2021-09-28,1338.8800048828125,4352.6298828125,3.250948454632774,0.942529463375505,73.83746466389675,25662403.285560288
2006-09-29,2021-09-29,1335.8499755859375,4359.4599609375,3.2634352963365747,0.9454730480123441,73.83746466389675,25899911.918252133
2006-10-02,2021-10-04,1331.3199462890625,4300.4599609375,3.2302227371599552,0.9429457346848631,73.83746466389675,25229561.900909156
2006-10-03,2021-10-04,1334.1099853515625,4300.4599609375,3.2234673363937456,0.9398305440750208,73.83746466389675,25229561.900909156
2006-10-04,2021-10-04,1350.199951171875,4300.4599609375,3.185054152316488,0.9416652426036737,73.83746466389675,25229561.900909156
2006-10-05,2021-10-05,1353.219970703125,4345.72021484375,3.211392315312742,0.9416037654315593,73.83746466389675,25607075.55251228
2006-10-06,2021-10-06,1349.5899658203125,4363.5498046875,3.233241143753786,0.9367868037183954,73.83746466389675,25920381.50594382
2006-10-09,2021-10-11,1350.6600341796875,4361.18994140625,3.228932396785534,0.9435246546655393,73.83746466389675,26153095.42262061
2006-10-10,2021-10-11,1353.4200439453125,4361.18994140625,3.222347682019753,0.9381632686629452,73.75283849146264,26111659.843796387
2006-10-11,2021-10-11,1349.949951171875,4361.18994140625,3.230630837550944,0.9376148208286934,73.75283849146264,26111659.843796387
2006-10-12,2021-10-12,1362.8299560546875,4350.64990234375,3.192364449442119,0.9498073638549597,73.75283849146264,26383122.88774494
2006-10-13,2021-10-13,1365.6199951171875,4363.7998046875,3.1954715223051715,0.9491555070290901,73.75283849146264,26535251.72638695
2006-10-16,2021-10-18,1369.06005859375,4486.4599609375,3.277036630186869,0.9610289036432988,73.75283849146264,27828571.14511189
2006-10-17,2021-10-18,1364.050048828125,4486.4599609375,3.2890728348214804,0.964027329689958,73.75283849146264,27828571.14511189
2006-10-18,2021-10-18,1365.800048828125,4486.4599609375,3.2848585448411307,0.9613521632849561,73.75283849146264,27828571.14511189
2006-10-19,2021-10-19,1366.9599609375,4519.6298828125,3.3063366974646495,0.966224254663361,73.75283849146264,28095252.585417308
2006-10-20,2021-10-20,1368.5999755859375,4536.18994140625,3.3144746619363157,0.9648163585733135,73.75283849146264,28321148.932162844
2006-10-23,2021-10-25,1377.02001953125,4566.47998046875,3.316204496448222,0.9527577414690517,73.75283849146264,28280996.85826377
2006-10-24,2021-10-25,1377.3800048828125,4566.47998046875,3.3153377893395994,0.9524384527633445,73.75283849146264,28280996.85826377
2006-10-25,2021-10-25,1382.219970703125,4566.47998046875,3.3037288400237883,0.9556414926158957,73.75283849146264,28280996.85826377
2006-10-26,2021-10-26,1389.0799560546875,4574.7900390625,3.2933957610733766,0.9610153913596557,73.75283849146264,28384737.513306975
2006-10-27,2021-10-27,1377.3399658203125,4551.68017578125,3.304688957508303,0.9711515713710446,73.75283849146264,28332836.610055454
2006-10-30,2021-11-01,1377.9300537109375,4613.669921875,3.3482613355081496,0.971311958746649,73.75283849146264,28871226.832892455
2006-10-31,2021-11-01,1377.93994140625,4613.669921875,3.3482373093609152,0.978131682211909,73.75283849146264,28871226.832892455
2006-11-01,2021-11-01,1367.81005859375,4613.669921875,3.373034064845472,0.9745435836154817,73.75283849146264,28871226.832892455
2006-11-02,2021-11-02,1367.3399658203125,4630.64990234375,3.3866119751467,0.9743296606040017,73.75283849146264,28965791.297312558
2006-11-03,2021-11-03,1364.300048828125,4660.56982421875,3.416088585661181,0.9659433356775065,73.75283849146264,29172186.45975036
2006-11-06,2021-11-08,1379.780029296875,4701.7001953125,3.407572290858891,0.9602691058003414,73.75283849146264,29349014.315910317
2006-11-07,2021-11-08,1382.8399658203125,4701.7001953125,3.4000320438550613,0.9650055447578616,73.75283849146264,29349014.315910317
2006-11-08,2021-11-08,1385.719970703125,4701.7001953125,3.392965602514064,0.963039944926948,73.75283849146264,29349014.315910317
2006-11-09,2021-11-09,1378.3299560546875,4685.25,3.3992223555896546,0.9614907625644222,73.75283849146264,29134974.04357566
2006-11-10,2021-11-10,1380.9000244140625,4646.7099609375,3.364986515160047,0.9607897020829118,73.58915161313169,28609970.65291602
2006-11-13,2021-11-15,1384.4200439453125,4682.7998046875,3.382499282040502,0.9689790484485049,73.58915161313169,29278225.69280731
2006-11-14,2021-11-15,1393.219970703125,4682.7998046875,3.361134568236344,0.9689790484485049,73.58915161313169,29278225.69280731
2006-11-15,2021-11-15,1396.5699462890625,4682.7998046875,3.3530721587776835,0.9669240368455495,73.58915161313169,29278225.69280731
2006-11-16,2021-11-16,1399.760009765625,4700.89990234375,3.3583613401920704,0.9654204246801553,73.58915161313169,29482281.62220172
2006-11-17,2021-11-17,1401.199951171875,4688.669921875,3.3461819049834345,0.977573578642317,73.58915161313169,29645929.18579124
2006-11-20,2021-11-22,1400.5,4682.93994140625,3.343762899968761,0.9669434056507804,73.58915161313169,29333504.65908187
2006-11-21,2021-11-22,1402.81005859375,4682.93994140625,3.338256603392674,0.9684201586391015,73.58915161313169,29333504.65908187
2006-11-22,2021-11-22,1406.0899658203125,4682.93994140625,3.3304696393834403,0.9775436656391118,73.58915161313169,29333504.65908187
2006-11-24,2021-11-24,1400.949951171875,4701.4599609375,3.3559085797496153,0.9935369699433849,73.58915161313169,29836074.01309091
2006-11-27,2021-11-29,1381.9599609375,4655.27001953125,3.3685997793837585,0.9794074685404931,73.58915161313169,28957556.689520605
2006-11-28,2021-11-29,1386.719970703125,4655.27001953125,3.3570368335943366,0.9799138197290812,73.58915161313169,28957556.689520605
2006-11-29,2021-11-29,1399.47998046875,4655.27001953125,3.326428448066822,0.9767156357635453,73.58915161313169,28957556.689520605
2006-11-30,2021-11-30,1400.6300048828125,4567.0,3.260675541776724,0.9837828540306491,73.58915161313169,28247437.00027504
2006-12-01,2021-12-01,1396.7099609375,4513.0400390625,3.2311934226009646,0.9832422138366346,73.58915161313169,27627821.328258693
2006-12-04,2021-12-06,1409.1199951171875,4591.669921875,3.2585371989509953,0.979821419136124,73.58915161313169,28196563.2424085
2006-12-05,2021-12-06,1414.760009765625,4591.669921875,3.2455468702678942,0.9834015034188582,73.58915161313169,28196563.2424085
2006-12-06,2021-12-06,1412.9000244140625,4591.669921875,3.2498194086868892,0.9802462722514911,73.58915161313169,28196563.2424085
2006-12-07,2021-12-07,1407.2900390625,4686.75,3.3303369383060444,0.9853917038782425,73.58915161313169,29130978.559629314
2006-12-08,2021-12-08,1409.8399658203125,4701.2099609375,3.3345699334052505,0.9762232404516281,73.58915161313169,29274888.4471021
2006-12-11,2021-12-13,1413.0400390625,4668.97021484375,3.304202347968455,0.972088021360736,73.43070157722556,28913336.2493508
2006-12-12,2021-12-13,1411.56005859375,4668.97021484375,3.30766670990617,0.9725878527745173,73.43070157722556,28913336.2493508
2006-12-13,2021-12-13,1413.2099609375,4668.97021484375,3.303805056501606,0.9667887391437909,73.43070157722556,28913336.2493508
2006-12-14,2021-12-14,1425.489990234375,4634.08984375,3.2508750503313433,0.9644786125904833,73.43070157722556,28648490.251142666
2006-12-15,2021-12-15,1427.0899658203125,4709.85009765625,3.3003175766490362,0.9626999132192706,73.43070157722556,29337741.916191727
2006-12-18,2021-12-20,1422.47998046875,4568.02001953125,3.211307070926896,0.9616094435163074,73.43070157722556,28077672.87077345
2006-12-19,2021-12-20,1425.550048828125,4568.02001953125,3.2043911915168435,0.9619353926513305,73.43070157722556,28077672.87077345
2006-12-20,2021-12-20,1423.530029296875,4568.02001953125,3.208938291092837,0.9592530104325558,73.43070157722556,28077672.87077345
2006-12-21,2021-12-21,1418.300048828125,4649.22998046875,3.2780299093342,0.9608758279124903,73.43070157722556,28803777.94865621
2006-12-22,2021-12-22,1410.760009765625,4696.56005859375,3.3290992274256537,0.958013323324949,73.43070157722556,29313305.71810256
2006-12-26,2021-12-27,1416.9000244140625,4791.18994140625,3.381459424695524,0.9598136127174165,73.43070157722556,30224686.292278007
2006-12-27,2021-12-27,1426.8399658203125,4791.18994140625,3.3579028175396815,0.9626421100836163,73.43070157722556,30224686.292278007
2006-12-28,2021-12-28,1424.72998046875,4786.35009765625,3.3594787526556398,0.9654905846165298,73.43070157722556,30345375.457635343
2006-12-29,2021-12-29,1418.300048828125,4793.06005859375,3.3794400998251612,0.9646411109957603,73.43070157722556,30395249.234057136
2007-01-03,2022-01-03,1416.5999755859375,4796.56005859375,3.38596649813564,0.9648232095215665,73.43070157722556,30554712.47532864
2007-01-04,2022-01-04,1418.3399658203125,4793.5400390625,3.3796834007212815,0.9705293373104031,73.43070157722556,30594650.670179844
2007-01-05,2022-01-05,1409.7099609375,4700.580078125,3.3344306335176714,0.9788019311771933,73.43070157722556,30099419.865317285
2007-01-08,2022-01-10,1412.8399658203125,4670.2900390625,3.3056044223316343,0.9741173968961497,73.43070157722556,29650344.80067133
2007-01-09,2022-01-10,1412.1099853515625,4670.2900390625,3.3073132316246405,0.9691365738327762,73.43070157722556,29650344.80067133
2007-01-10,2022-01-10,1414.8499755859375,4670.2900390625,3.300908308054622,0.9674336386006116,73.30029424762307,29579928.810190357
2007-01-11,2022-01-11,1423.8199462890625,4713.06982421875,3.3101585888739242,0.958254338766164,73.30029424762307,29825022.01875271
2007-01-12,2022-01-12,1430.72998046875,4726.35009765625,3.3034535951415207,0.9586949156777521,73.30029424762307,29955601.109031647
2007-01-16,2022-01-18,1431.9000244140625,4577.10986328125,3.1965289372449144,0.9485139355668297,73.30029424762307,28438971.186862856
2007-01-17,2022-01-18,1430.6199951171875,4577.10986328125,3.1993889914185925,0.9498507423036381,73.30029424762307,28438971.186862856
2007-01-18,2022-01-18,1426.3699951171875,4577.10986328125,3.2089218638570736,0.9448375154801016,73.30029424762307,28438971.186862856
2007-01-19,2022-01-19,1430.5,4532.759765625,3.168654152831178,0.9450870532113294,73.30029424762307,28060867.439368665
2007-01-22,2022-01-24,1422.949951171875,4410.1298828125,3.099286717133321,0.9355780389119186,73.30029424762307,26782574.72410483
2007-01-23,2022-01-24,1427.989990234375,4410.1298828125,3.0883478966744495,0.9351167272907166,73.30029424762307,26782574.72410483
2007-01-24,2022-01-24,1440.1300048828125,4410.1298828125,3.0623137271356033,0.9413054785529623,73.30029424762307,26782574.72410483
2007-01-25,2022-01-25,1423.9000244140625,4356.4501953125,3.059519713896478,0.9374362688058581,73.30029424762307,26407028.38247434
2007-01-26,2022-01-26,1422.1800537109375,4349.93017578125,3.058635342572022,0.9379375386308388,73.30029424762307,26309176.054687187
2007-01-29,2022-01-31,1420.6199951171875,4515.5498046875,3.1785768327968738,0.9468659973632743,73.30029424762307,28150699.897271372
2007-01-30,2022-01-31,1428.8199462890625,4515.5498046875,3.1603350837978614,0.9472551014835499,73.30029424762307,28150699.897271372
2007-01-31,2022-01-31,1438.239990234375,4515.5498046875,3.1396358294498876,0.9546298084885452,73.30029424762307,28150699.897271372
2007-02-01,2022-02-01,1445.93994140625,4546.5400390625,3.144349159233238,0.9529884047100647,73.30029424762307,28365538.62897633
2007-02-02,2022-02-02,1448.3900146484375,4589.3798828125,3.1686077896128437,0.9472137592886605,73.30029424762307,28597522.67582678
2007-02-05,2022-02-07,1446.989990234375,4483.8701171875,3.0987568313870844,0.9586820590973053,73.30029424762307,27870556.414967075
2007-02-06,2022-02-07,1448.0,4483.8701171875,3.0965953847979972,0.9598000507651828,73.30029424762307,27870556.414967075
2007-02-07,2022-02-07,1450.02001953125,4483.8701171875,3.0922815249385365,0.9555417332028203,73.30029424762307,27870556.414967075
2007-02-08,2022-02-08,1448.31005859375,4521.5400390625,3.121942026317715,0.9499133670358627,73.30029424762307,28135356.038145192
2007-02-09,2022-02-09,1438.06005859375,4587.18017578125,3.1898390810373813,0.9492317730591415,73.30029424762307,28846334.239465043
2007-02-12,2022-02-14,1433.3699951171875,4401.669921875,3.070853957365791,0.9491993333348788,73.18213493974625,27232334.316740654
2007-02-13,2022-02-14,1444.260009765625,4401.669921875,3.0476990930388665,0.9531129119594773,73.18213493974625,27232334.316740654
2007-02-14,2022-02-14,1455.300048828125,4401.669921875,3.0245789694155705,0.9607181612442223,73.18213493974625,27232334.316740654
2007-02-15,2022-02-15,1456.81005859375,4471.06982421875,3.0690822031628797,0.9677192704869917,73.18213493974625,27803661.57189665
2007-02-16,2022-02-16,1455.5400390625,4475.009765625,3.0744669645139497,0.9683862204999096,73.18213493974625,27869395.717943773
2007-02-20,2022-02-22,1459.6800537109375,4304.759765625,2.9491118650837422,0.9549556450654222,73.18213493974625,26105446.700785257
2007-02-21,2022-02-22,1457.6300048828125,4304.759765625,2.9532595728715703,0.947651718588268,73.18213493974625,26105446.700785257
2007-02-22,2022-02-22,1456.3800048828125,4304.759765625,2.9557943333418546,0.9433616196798568,73.18213493974625,26105446.700785257
2007-02-23,2022-02-23,1451.18994140625,4225.5,2.911748406900722,0.9504996626659546,73.18213493974625,25591264.18089594
2007-02-26,2022-02-28,1449.3699951171875,4373.93994140625,3.017821505993436,0.9580984720594293,73.18213493974625,26998095.09699487
2007-02-27,2022-02-28,1399.0400390625,4373.93994140625,3.12638653596879,0.9787873881691856,73.18213493974625,26998095.09699487
2007-02-28,2022-02-28,1406.8199462890625,4373.93994140625,3.1090971896893524,0.9735112929879549,73.18213493974625,26998095.09699487
2007-03-01,2022-03-01,1403.1700439453125,4306.259765625,3.0689507549042525,0.9775569294629689,73.18213493974625,26265829.517519668
2007-03-02,2022-03-02,1387.1700439453125,4386.5400390625,3.162222294381837,0.979887343551518,73.18213493974625,26863272.30740153
2007-03-05,2022-03-07,1374.1199951171875,4201.08984375,3.057294747677202,0.9944631939620657,73.18213493974625,25340770.067081846
2007-03-06,2022-03-07,1395.4100341796875,4201.08984375,3.0106490141585325,0.984329492634152,73.18213493974625,25340770.067081846
2007-03-07,2022-03-07,1391.969970703125,4201.08984375,3.0180894215899685,0.9936035484696367,73.18213493974625,25340770.067081846
2007-03-08,2022-03-08,1401.8900146484375,4170.7001953125,2.9750552124150893,0.9848314092693072,73.18213493974625,25214233.28897634
2007-03-09,2022-03-09,1402.8399658203125,4277.8798828125,3.049442550142207,0.9780425999031882,73.18213493974625,26228436.549227536
2007-03-12,2022-03-14,1406.5999755859375,4173.10986328125,2.9668064380158166,0.9996512684671484,73.01383866738328,25810471.453889407
2007-03-13,2022-03-14,1377.949951171875,4173.10986328125,3.02849160793702,1.013006401734257,73.01383866738328,25810471.453889407
2007-03-14,2022-03-14,1387.1700439453125,4173.10986328125,3.008362155379539,1.002294023430686,73.01383866738328,25810471.453889407
2007-03-15,2022-03-15,1392.280029296875,4262.4501953125,3.061489144152351,1.0091165239397892,73.01383866738328,26791552.61813218
2007-03-16,2022-03-16,1386.949951171875,4357.85986328125,3.1420455075535823,1.0132945175734551,73.01383866738328,27638630.777357116
2007-03-19,2022-03-21,1402.06005859375,4461.18017578125,3.1818752331164486,1.0140549261912357,73.01383866738328,28847285.458870918
2007-03-20,2022-03-21,1410.93994140625,4461.18017578125,3.1618498030007562,1.0171684476612473,73.01383866738328,28847285.458870918
2007-03-21,2022-03-21,1435.0400390625,4461.18017578125,3.1087496197637123,1.0157822738129245,73.01383866738328,28847285.458870918
2007-03-22,2022-03-22,1434.5400390625,4511.60986328125,3.1449870623546174,1.0127360951712243,73.01383866738328,29395454.703993887
2007-03-23,2022-03-23,1436.1099853515625,4456.240234375,3.1029936981352466,1.0278694892086564,73.01383866738328,29480055.528178647
2007-03-26,2022-03-28,1437.5,4575.52001953125,3.182970448369565,1.0351337097865456,73.01383866738328,30847505.698373303
2007-03-27,2022-03-28,1428.6099853515625,4575.52001953125,3.202777571518425,1.0383863833806064,73.01383866738328,30847505.698373303
2007-03-28,2022-03-28,1417.22998046875,4575.52001953125,3.2284950802535892,1.0462051319378642,73.01383866738328,30847505.698373303
2007-03-29,2022-03-29,1422.530029296875,4631.60009765625,3.2558891568324553,1.0481437543953245,73.01383866738328,31818215.017097764
2007-03-30,2022-03-30,1420.8599853515625,4602.4501953125,3.239200373549628,1.0451150373614326,73.01383866738328,31375239.711835667
2007-04-02,2022-04-04,1424.550048828125,4582.64013671875,3.21690356929794,1.0411854482518639,73.01383866738328,31024833.863058336
2007-04-03,2022-04-04,1437.77001953125,4582.64013671875,3.1873248673058354,1.0314629240124003,73.01383866738328,31024833.863058336
2007-04-04,2022-04-04,1439.3699951171875,4582.64013671875,3.1837818992090705,1.03233143113429,73.01383866738328,31024833.863058336
2007-04-05,2022-04-05,1443.760009765625,4525.1201171875,3.1342606018863846,1.034686387612988,73.01383866738328,30575649.65731827
2007-04-09,2022-04-11,1444.6099853515625,4412.52978515625,3.054478253576802,1.0433232751437886,73.01383866738328,30073829.84051758
2007-04-10,2022-04-11,1448.3900146484375,4412.52978515625,3.046506631866892,1.0441991207878771,72.88791860045984,30004718.293617763
2007-04-11,2022-04-11,1438.8699951171875,4412.52978515625,3.066663284473366,1.0427110502271775,72.88791860045984,30004718.293617763
2007-04-12,2022-04-12,1447.800048828125,4397.4501953125,3.037332536956242,1.0543865556476497,72.88791860045984,30216409.932985276
2007-04-13,2022-04-13,1452.8499755859375,4446.58984375,3.0605980785845976,1.051882888829237,72.88791860045984,30647661.655589774
2007-04-16,2022-04-18,1468.3299560546875,4391.68994140625,2.990942140284634,1.057264478601033,72.88791860045984,30530564.802489094
2007-04-17,2022-04-18,1471.47998046875,4391.68994140625,2.9845393751175924,1.0644640560261187,72.88791860045984,30530564.802489094
2007-04-18,2022-04-18,1472.5,4391.68994140625,2.982471946625637,1.0689573615704457,72.88791860045984,30530564.802489094
2007-04-19,2022-04-19,1470.72998046875,4462.2099609375,3.0340103351366428,1.0748245206998217,72.88791860045984,31337505.442483887
2007-04-20,2022-04-20,1484.3499755859375,4459.4501953125,3.004311832559677,1.0899459679943502,72.88791860045984,32038401.440120935
2007-04-23,2022-04-25,1480.9300537109375,4296.1201171875,2.900960856606438,1.0846335165602004,72.88791860045984,30270757.92556662
2007-04-24,2022-04-25,1480.4100341796875,4296.1201171875,2.901979869089465,1.0854573943596444,72.88791860045984,30270757.92556662
2007-04-25,2022-04-25,1495.4200439453125,4296.1201171875,2.8728517680244554,1.0836282052312267,72.88791860045984,30270757.92556662
2007-04-26,2022-04-26,1494.25,4175.2001953125,2.7941778118203113,1.0687191884923224,72.88791860045984,28875266.11310713
2007-04-27,2022-04-27,1494.0699462890625,4183.9599609375,2.8003775668800017,1.0651656784787544,72.88791860045984,28811055.940411814
2007-04-30,2022-05-02,1482.3699951171875,4155.3798828125,2.8032002108110667,1.0892342570551126,72.88791860045984,29377340.912352294
2007-05-01,2022-05-02,1486.300048828125,4155.3798828125,2.7957880281904144,1.085233708472818,72.88791860045984,29377340.912352294
2007-05-02,2022-05-02,1495.9200439453125,4155.3798828125,2.7778088138007537,1.0819823370886852,72.88791860045984,29377340.912352294
2007-05-03,2022-05-03,1502.3900146484375,4175.47998046875,2.77922506124072,1.081023586340265,72.88791860045984,29598552.00188139
2007-05-04,2022-05-04,1505.6199951171875,4300.169921875,2.85607918055067,1.081865809812961,72.88791860045984,30782313.66914519
2007-05-07,2022-05-09,1509.47998046875,3991.239990234375,2.6441158822092796,1.0891211128378844,72.88791860045984,28036604.726782218
2007-05-08,2022-05-09,1507.719970703125,3991.239990234375,2.6472024432846513,1.0896657658779823,72.88791860045984,28036604.726782218
2007-05-09,2022-05-09,1512.5799560546875,3991.239990234375,2.638696866408873,1.0885770731455096,72.88791860045984,28036604.726782218
2007-05-10,2022-05-10,1491.469970703125,4001.050048828125,2.6826219283127144,1.0879255915009154,72.7677641077049,27958932.872581214
2007-05-11,2022-05-11,1505.8499755859375,3935.179931640625,2.6132616100149133,1.0845411038938286,72.7677641077049,27326561.594059363
2007-05-14,2022-05-16,1503.1500244140625,4008.010009765625,2.6664071747116345,1.0757314425218143,72.7677641077049,27749353.06438353
2007-05-15,2022-05-16,1501.18994140625,4008.010009765625,2.6698886657947454,1.0766262312568333,72.7677641077049,27749353.06438353
2007-05-16,2022-05-16,1514.1400146484375,4008.010009765625,2.64705375393981,1.0721670437967183,72.7677641077049,27749353.06438353
2007-05-17,2022-05-17,1512.75,4088.85009765625,2.702925200896546,1.0629230838325727,72.7677641077049,28359296.765744597
2007-05-18,2022-05-18,1522.75,3923.679931640625,2.5767065714271054,1.0693374967922007,72.7677641077049,26961370.033309214
2007-05-21,2022-05-23,1525.0999755859375,3973.75,2.605566889785898,1.0529595669101726,72.7677641077049,26984546.892890632
2007-05-22,2022-05-23,1524.1199951171875,3973.75,2.607242220252129,1.0514880016417876,72.7677641077049,26984546.892890632
2007-05-23,2022-05-23,1522.280029296875,3973.75,2.6103935698581244,1.0525263611849143,72.7677641077049,26984546.892890632
2007-05-24,2022-05-24,1507.510009765625,3941.47998046875,2.6145630575823096,1.0534616495907745,72.7677641077049,26667854.777113207
2007-05-25,2022-05-25,1515.72998046875,3978.72998046875,2.624959611367125,1.0411382635370527,72.7677641077049,26702576.461080797
2007-05-29,2022-05-31,1518.1099853515625,4132.14990234375,2.721904171776349,1.0509416928258466,72.7677641077049,28423026.110422775
2007-05-30,2022-05-31,1530.22998046875,4132.14990234375,2.7003456703141855,1.0509416928258466,72.7677641077049,28423026.110422775
2007-05-31,2022-05-31,1530.6199951171875,4132.14990234375,2.6996575998782664,1.049560546875,72.7677641077049,28423026.110422775
2007-06-01,2022-06-01,1536.3399658203125,4101.22998046875,2.66948076058084,1.054089865936174,72.7677641077049,28419626.5990311
2007-06-04,2022-06-06,1539.1800537109375,4121.43017578125,2.6776790446605325,1.073833383351874,72.7677641077049,29199978.297934182
2007-06-05,2022-06-06,1530.949951171875,4121.43017578125,2.6920737497829212,1.0771963464416738,72.7677641077049,29199978.297934182
2007-06-06,2022-06-06,1517.3800048828125,4121.43017578125,2.7161489953200935,1.0801338602182218,72.7677641077049,29199978.297934182
2007-06-07,2022-06-07,1490.719970703125,4160.68017578125,2.7910541601041206,1.09344803008183,72.7677641077049,30018052.75478138
2007-06-08,2022-06-08,1507.6700439453125,4115.77001953125,2.729887773561508,1.0915044049081624,72.7677641077049,29787063.036202624
2007-06-11,2022-06-13,1509.1199951171875,3749.6298828125,2.4846466118960477,1.1072108491792918,72.5998103055859,26699391.825589187
2007-06-12,2022-06-13,1493.0,3749.6298828125,2.5114734647103147,1.1084853832986523,72.5998103055859,26699391.825589187
2007-06-13,2022-06-13,1515.6700439453125,3749.6298828125,2.473909079216315,1.0998939030512287,72.5998103055859,26699391.825589187
2007-06-14,2022-06-14,1522.969970703125,3735.47998046875,2.4527601018581824,1.0916595836251248,72.5998103055859,26401169.050924018
2007-06-15,2022-06-15,1532.9100341796875,3789.989990234375,2.4724151487875985,1.096385775321753,72.5998103055859,27226491.434949525
2007-06-18,2022-06-21,1531.050048828125,3764.7900390625,2.45895948466485,1.0922299909598336,72.5998103055859,26922391.400785856
2007-06-19,2022-06-21,1533.699951171875,3764.7900390625,2.4547109336385424,1.0945309319346974,72.5998103055859,26922391.400785856
2007-06-20,2022-06-21,1512.8399658203125,3764.7900390625,2.4885580260441524,1.0940876672849935,72.5998103055859,26922391.400785856
2007-06-21,2022-06-21,1522.18994140625,3764.7900390625,2.473272182829208,1.0917004036476325,72.5998103055859,26922391.400785856
2007-06-22,2022-06-22,1502.56005859375,3759.889892578125,2.502322533514578,1.1016977484250225,72.5998103055859,27196979.279485933
2007-06-25,2022-06-27,1497.739990234375,3900.110107421875,2.603996777045102,1.0929114295094704,72.5998103055859,28242433.413306847
2007-06-26,2022-06-27,1492.8900146484375,3900.110107421875,2.6124564228800984,1.09770802547935,72.5998103055859,28242433.413306847
2007-06-27,2022-06-27,1506.3399658203125,3900.110107421875,2.5891300741648844,1.0967275256718436,72.5998103055859,28242433.413306847
2007-06-28,2022-06-28,1505.7099609375,3821.550048828125,2.5380386315892562,1.0996670471865277,72.5998103055859,27575601.54285618
2007-06-29,2022-06-29,1503.3499755859375,3818.830078125,2.540213616351438,1.1046361889007303,72.5998103055859,27718531.905215286
2007-07-02,2022-07-05,1519.4300537109375,3831.389892578125,2.5215967547967324,1.1113473992241774,72.5998103055859,27785006.072124958
2007-07-03,2022-07-05,1524.8699951171875,3831.389892578125,2.5126010117889948,1.1091695515956879,72.5998103055859,27785006.072124958
2007-07-05,2022-07-05,1525.4000244140625,3831.389892578125,2.5117279607031873,1.1048393632337763,72.5998103055859,27785006.072124958
2007-07-06,2022-07-06,1530.43994140625,3845.080078125,2.512401809503178,1.0985813507071105,72.5998103055859,27830968.523497343
2007-07-09,2022-07-11,1531.8499755859375,3854.429931640625,2.516192834201204,1.104814718639723,72.5998103055859,28141227.59553037
2007-07-10,2022-07-11,1510.1199951171875,3854.429931640625,2.552399772272081,1.1237611826548997,72.44060044784878,28057584.68525494
2007-07-11,2022-07-11,1518.760009765625,3854.429931640625,2.5378795246494805,1.1147542211106793,72.44060044784878,28057584.68525494
2007-07-12,2022-07-12,1547.699951171875,3818.800048828125,2.4674033529151673,1.1224509703885375,72.44060044784878,28006490.056716435
2007-07-13,2022-07-13,1552.5,3801.780029296875,2.4488116130736715,1.1216242511348802,72.44060044784878,27654781.192715146
2007-07-16,2022-07-18,1549.52001953125,3830.85009765625,2.4722817707222213,1.1355828562873913,72.44060044784878,28383389.78364341
2007-07-17,2022-07-18,1549.3699951171875,3830.85009765625,2.4725211600386654,1.1337212734535091,72.44060044784878,28383389.78364341
2007-07-18,2022-07-18,1546.1700439453125,3830.85009765625,2.477638286071817,1.13465130131245,72.44060044784878,28383389.78364341
2007-07-19,2022-07-19,1553.0799560546875,3936.68994140625,2.534763214256324,1.1320132225592752,72.44060044784878,29419619.732188404
2007-07-20,2022-07-20,1534.0999755859375,3959.89990234375,2.5812528292566443,1.1395316078834605,72.44060044784878,29641126.81800299
2007-07-23,2022-07-25,1541.5699462890625,3966.840087890625,2.5732469016016974,1.1260800745430588,72.44060044784878,29170653.176667377
2007-07-24,2022-07-25,1511.0400390625,3966.840087890625,2.6252382368052842,1.1348929794961056,72.44060044784878,29170653.176667377
2007-07-25,2022-07-25,1518.0899658203125,3966.840087890625,2.6130467740408982,1.1315955296029188,72.44060044784878,29170653.176667377
2007-07-26,2022-07-26,1482.6600341796875,3921.050048828125,2.644604938715791,1.151705223790959,72.44060044784878,28752300.467992358
2007-07-27,2022-07-27,1458.949951171875,4023.610107421875,2.757880833533723,1.1513954461570035,72.44060044784878,29923020.47834252
2007-07-30,2022-08-01,1473.9100341796875,4118.6298828125,2.7943563632123216,1.1196558621250927,72.44060044784878,29802781.09939859
2007-07-31,2022-08-01,1455.27001953125,4118.6298828125,2.830148238839643,1.126558011682599,72.44060044784878,29802781.09939859
2007-08-01,2022-08-01,1465.81005859375,4118.6298828125,2.8097978033823687,1.1212556220934897,72.44060044784878,29802781.09939859
2007-08-02,2022-08-02,1472.199951171875,4091.18994140625,2.778963508421293,1.1043478839988785,72.44060044784878,28993766.01056031
2007-08-03,2022-08-03,1433.06005859375,4155.169921875,2.899508570458962,1.1299474480535123,72.44060044784878,30147479.022932626
2007-08-06,2022-08-08,1467.6700439453125,4140.06005859375,2.8208384273243468,1.136652139225856,72.44060044784878,30504735.763220586
2007-08-07,2022-08-08,1476.7099609375,4140.06005859375,2.8035702122340957,1.136843462681537,72.44060044784878,30504735.763220586
2007-08-08,2022-08-08,1497.489990234375,4140.06005859375,2.7646662652788625,1.128390041616501,72.44060044784878,30504735.763220586
2007-08-09,2022-08-09,1453.0899658203125,4122.47021484375,2.837037149669183,1.139910349938892,72.44060044784878,30267836.819911376
2007-08-10,2022-08-10,1453.6400146484375,4210.240234375,2.8963431055475213,1.1407222514818607,72.21983139328098,31105342.05464694
2007-08-13,2022-08-15,1452.9200439453125,4297.14013671875,2.9575888601895377,1.1275526217500287,72.21983139328098,31364427.720953725
2007-08-14,2022-08-15,1426.5400390625,4297.14013671875,3.0122814775971967,1.1351387877982186,72.21983139328098,31364427.720953725
2007-08-15,2022-08-15,1406.699951171875,4297.14013671875,3.0547666779535647,1.1458734072769812,72.21983139328098,31364427.720953725
2007-08-16,2022-08-16,1411.27001953125,4305.2001953125,3.050585738895284,1.167306752770154,72.21983139328098,31396934.034224324
2007-08-17,2022-08-17,1445.93994140625,4274.0400390625,2.9558904327006688,1.1752909654078911,72.21983139328098,31447339.92438987
2007-08-20,2022-08-22,1445.550048828125,4137.990234375,2.86257140507143,1.1933211837015294,72.21983139328098,30954011.866282657
2007-08-21,2022-08-22,1447.1199951171875,4137.990234375,2.859465868993059,1.2005343717419261,72.21983139328098,30954011.866282657
2007-08-22,2022-08-22,1464.0699462890625,4137.990234375,2.826361025211568,1.1852706894202367,72.21983139328098,30954011.866282657
2007-08-23,2022-08-23,1462.5,4128.72998046875,2.823063234508547,1.1855370559282246,72.21983139328098,31012942.84000708
2007-08-24,2022-08-24,1479.3699951171875,4140.77001953125,2.7990090600717106,1.174884043099328,72.21983139328098,30889417.938686453
2007-08-27,2022-08-29,1466.7900390625,4030.610107421875,2.7479121074465724,1.1901341466071809,72.21983139328098,30030695.619201504
2007-08-28,2022-08-29,1432.3599853515625,4030.610107421875,2.813964470274273,1.2027287797532384,72.21983139328098,30030695.619201504
2007-08-29,2022-08-29,1463.760009765625,4030.610107421875,2.753600372008558,1.187154770545162,72.21983139328098,30030695.619201504
2007-08-30,2022-08-30,1457.6400146484375,3986.159912109375,2.7346669081877404,1.195411334513606,72.21983139328098,29898986.308567487
2007-08-31,2022-08-31,1473.989990234375,3955.0,2.6831932551801976,1.1983587937555873,72.21983139328098,29626511.93213425
2007-09-04,2022-09-06,1489.4200439453125,3908.18994140625,2.6239676022177583,1.2081038821108876,72.21983139328098,29636199.531733707
2007-09-05,2022-09-06,1472.2900390625,3908.18994140625,2.6544973053643974,1.2198574472319554,72.21983139328098,29636199.531733707
2007-09-06,2022-09-06,1478.550048828125,3908.18994140625,2.643258471029654,1.2170031494807265,72.21983139328098,29636199.531733707
2007-09-07,2022-09-07,1453.550048828125,3979.8701171875,2.7380344559832213,1.262465841318551,72.21983139328098,31145255.021315143
2007-09-10,2022-09-12,1451.699951171875,4110.41015625,2.831446093892818,1.257571159798507,71.99294503175791,32197082.184352778
2007-09-11,2022-09-12,1471.489990234375,4110.41015625,2.793366032748415,1.2479957148257108,71.99294503175791,32197082.184352778
2007-09-12,2022-09-12,1471.56005859375,4110.41015625,2.793233026573162,1.2495267228361773,71.99294503175791,32197082.184352778
2007-09-13,2022-09-13,1483.949951171875,3932.68994140625,2.6501499853823276,1.2443058842015136,71.99294503175791,30369512.740937635
2007-09-14,2022-09-14,1484.25,3946.010009765625,2.658588519296362,1.252854453250234,71.99294503175791,31022995.2376894
2007-09-17,2022-09-19,1476.6500244140625,3899.889892578125,2.641038721497742,1.2411110223826527,71.99294503175791,30083352.04662712
2007-09-18,2022-09-19,1519.780029296875,3899.889892578125,2.5660883926619342,1.231688334734458,71.99294503175791,30083352.04662712
2007-09-19,2022-09-19,1529.030029296875,3899.889892578125,2.550564617996084,1.2306266421924517,71.99294503175791,30083352.04662712
2007-09-20,2022-09-20,1518.75,3855.929931640625,2.538883905606996,1.2493284016458301,71.99294503175791,29758671.224857382
2007-09-21,2022-09-21,1525.75,3789.929931640625,2.4839783264890216,1.2435226951026992,71.99294503175791,29181551.058076434
2007-09-24,2022-09-26,1517.72998046875,3655.0400390625,2.408228134186058,1.2494428071070407,71.99294503175791,27763068.29076676
2007-09-25,2022-09-26,1517.2099609375,3655.0400390625,2.4090535477397026,1.251622161201263,71.99294503175791,27763068.29076676
2007-09-26,2022-09-26,1525.4200439453125,3655.0400390625,2.396087591460504,1.2431652681206047,71.99294503175791,27763068.29076676
2007-09-27,2022-09-27,1531.3800048828125,3647.2900390625,2.3817014897890125,1.25018603045023,71.99294503175791,27931921.521069095
2007-09-28,2022-09-28,1526.75,3719.0400390625,2.4359194622973637,1.2610336147512091,71.99294503175791,28740238.90848486
2007-10-01,2022-10-03,1547.0400390625,3678.429931640625,2.3777212216625876,1.2505698656844468,71.99294503175791,28350316.977336407
2007-10-02,2022-10-03,1546.6300048828125,3678.429931640625,2.378351590249497,1.2515426100468134,71.99294503175791,28350316.977336407
2007-10-03,2022-10-03,1539.5899658203125,3678.429931640625,2.389227010635077,1.2424158999308275,71.99294503175791,28350316.977336407
2007-10-04,2022-10-04,1542.8399658203125,3790.929931640625,2.4571115706255546,1.2414654466626627,71.99294503175791,29442155.08988232
2007-10-05,2022-10-05,1557.5899658203125,3783.280029296875,2.428931947635135,1.2302105231207279,71.99294503175791,29163189.85205362
2007-10-08,2022-10-10,1552.5799560546875,3612.389892578125,2.326701358271872,1.2400442806626129,71.99294503175791,27835005.8086773
2007-10-09,2022-10-10,1565.1500244140625,3612.389892578125,2.308015101574993,1.2414198446804001,71.99294503175791,27835005.8086773
2007-10-10,2022-10-10,1562.469970703125,3612.389892578125,2.3119739644996304,1.2418649176223002,71.91074636579607,27791807.311897375
2007-10-11,2022-10-11,1554.4100341796875,3588.840087890625,2.3088117092505596,1.2411518493887221,71.91074636579607,27594986.848117
2007-10-12,2022-10-12,1561.800048828125,3577.030029296875,2.290325212872704,1.240496637979606,71.91074636579607,27521686.527338065
2007-10-15,2022-10-17,1548.7099609375,3677.949951171875,2.3748474820588457,1.2668940007739946,71.91074636579607,29310805.62909335
2007-10-16,2022-10-17,1538.530029296875,3677.949951171875,2.390561042771936,1.2710107805808621,71.91074636579607,29310805.62909335
2007-10-17,2022-10-17,1541.239990234375,3677.949951171875,2.3863577213647127,1.2759207357699411,71.91074636579607,29310805.62909335
2007-10-18,2022-10-18,1540.0799560546875,3719.97998046875,2.4154460071011115,1.2902389937921468,71.91074636579607,29850714.441456214
2007-10-19,2022-10-19,1500.6300048828125,3695.159912109375,2.462405722986952,1.302452887688597,71.91074636579607,29648070.115391374
2007-10-22,2022-10-24,1506.3299560546875,3797.340087890625,2.520921842274484,1.2916499057142259,71.91074636579607,30364869.345216885
2007-10-23,2022-10-24,1519.5899658203125,3797.340087890625,2.498924165928357,1.2869493249055293,71.91074636579607,30364869.345216885
2007-10-24,2022-10-24,1515.8800048828125,3797.340087890625,2.505040026690097,1.294613766413171,71.91074636579607,30364869.345216885
2007-10-25,2022-10-25,1514.4000244140625,3859.110107421875,2.5482765750185497,1.3064503106908196,71.91074636579607,31317851.104283348
2007-10-26,2022-10-26,1535.280029296875,3830.60009765625,2.4950497789061856,1.295683363223646,71.91074636579607,30762763.78046141
2007-10-29,2022-10-31,1540.97998046875,3871.97998046875,2.5126737722387116,1.288683525655719,71.91074636579607,31156324.469625562
2007-10-30,2022-10-31,1531.02001953125,3871.97998046875,2.5290198240871,1.2877853113082809,71.91074636579607,31156324.469625562
2007-10-31,2022-10-31,1549.3800048828125,3871.97998046875,2.49905121291507,1.2809775304775768,71.91074636579607,31156324.469625562
2007-11-01,2022-11-01,1508.43994140625,3856.10009765625,2.556349770254282,1.299467068857386,71.91074636579607,31244031.646580353
2007-11-02,2022-11-02,1509.6500244140625,3759.68994140625,2.4904381019471655,1.2893566223170427,71.91074636579607,29990609.65448644
2007-11-05,2022-11-07,1502.1700439453125,3806.800048828125,2.534200481611198,1.2846981583322932,71.91074636579607,30197700.13041407
2007-11-06,2022-11-07,1520.27001953125,3806.800048828125,2.5040288895533758,1.2801063951699168,71.91074636579607,30197700.13041407
2007-11-07,2022-11-07,1475.6199951171875,3806.800048828125,2.579797008325172,1.303978355581951,71.91074636579607,30197700.13041407
2007-11-08,2022-11-08,1474.77001953125,3828.110107421875,2.595733610477534,1.3008960527985785,71.91074636579607,30362983.407389708
2007-11-09,2022-11-09,1453.699951171875,3748.570068359375,2.578640843550645,1.3129856620336906,71.91074636579607,29166078.791415185
2007-11-12,2022-11-14,1439.1800537109375,3957.25,2.7496559515233683,1.2730613964408548,71.67773710026363,29583749.667597905
2007-11-13,2022-11-14,1481.050048828125,3957.25,2.6719218591776546,1.2556504817419678,71.67773710026363,29583749.667597905
2007-11-14,2022-11-14,1470.5799560546875,3957.25,2.690945149705848,1.254183499457399,71.67773710026363,29583749.667597905
2007-11-15,2022-11-15,1451.1500244140625,3991.72998046875,2.7507355637336732,1.2682386064063296,71.67773710026363,30089449.25762645
2007-11-16,2022-11-16,1458.739990234375,3958.7900390625,2.7138421278396865,1.2521624809376855,71.67773710026363,29432305.981996424
2007-11-19,2022-11-21,1433.27001953125,3949.93994140625,2.7558937866418747,1.2776989183802108,71.67773710026363,29708817.686396524
2007-11-20,2022-11-21,1439.699951171875,3949.93994140625,2.743585521546424,1.2782811194043342,71.67773710026363,29708817.686396524
2007-11-21,2022-11-21,1416.77001953125,3949.93994140625,2.7879895021445473,1.2944440051371493,71.67773710026363,29708817.686396524
2007-11-23,2022-11-23,1440.699951171875,4027.260009765625,2.7953495844084846,1.3055400961295218,71.67773710026363,30746491.378907472
2007-11-26,2022-11-28,1407.219970703125,3963.93994140625,2.8168587882004306,1.2865335050864393,71.67773710026363,29521962.413856983
2007-11-27,2022-11-28,1428.22998046875,3963.93994140625,2.775421322625696,1.278492667296559,71.67773710026363,29521962.413856983
2007-11-28,2022-11-28,1469.02001953125,3963.93994140625,2.6983566518522357,1.2650055225687775,71.67773710026363,29521962.413856983
2007-11-29,2022-11-29,1469.719970703125,3957.6298828125,2.692778190201185,1.2638392077329919,71.67773710026363,29350965.60166817
2007-11-30,2022-11-30,1481.1400146484375,4080.110107421875,2.7547092557554915,1.241454835944469,71.67773710026363,30576398.328971453
2007-12-03,2022-12-05,1472.4200439453125,3998.840087890625,2.715828342825213,1.217629510420023,71.67773710026363,28544276.30094686
2007-12-04,2022-12-05,1462.7900390625,3998.840087890625,2.7337074912360464,1.2240579406190601,71.67773710026363,28544276.30094686
2007-12-05,2022-12-05,1485.010009765625,3998.840087890625,2.6928034569421864,1.2124695849185771,71.67773710026363,28544276.30094686
2007-12-06,2022-12-06,1507.3399658203125,3941.260009765625,2.614712075003428,1.2271191814733966,71.67773710026363,28604269.795853607
2007-12-07,2022-12-07,1504.6600341796875,3933.919921875,2.614490870038759,1.2259179392572854,71.67773710026363,28598358.833894312
2007-12-10,2022-12-12,1515.9599609375,3990.56005859375,2.6323650765326994,1.2229359020986055,71.43643599969649,28972681.228261612
2007-12-11,2022-12-12,1477.6500244140625,3990.56005859375,2.7006124540052303,1.2329726641567005,71.43643599969649,28972681.228261612
2007-12-12,2022-12-12,1486.5899658203125,3990.56005859375,2.68437171671055,1.2207519262705762,71.43643599969649,28972681.228261612
2007-12-13,2022-12-13,1488.4100341796875,4019.64990234375,2.70063343436079,1.2243255346078745,71.43643599969649,29484199.12802857
2007-12-14,2022-12-14,1467.949951171875,3995.320068359375,2.7217004674920164,1.1971039826637742,71.43643599969649,28697222.727298178
2007-12-17,2022-12-19,1445.9000244140625,3817.659912109375,2.640334634240321,1.2112539148394599,71.43643599969649,27278099.92350769
2007-12-18,2022-12-19,1454.97998046875,3817.659912109375,2.6238573474251115,1.2112539148394599,71.43643599969649,27278099.92350769
2007-12-19,2022-12-19,1453.0,3817.659912109375,2.62743283696447,1.2065495748678359,71.43643599969649,27278099.92350769
2007-12-20,2022-12-20,1460.1199951171875,3821.6201171875,2.6173329109713213,1.21063088267696,71.43643599969649,27400033.81794993
2007-12-21,2022-12-21,1484.4599609375,3878.43994140625,2.6126942076341684,1.1564401118968914,71.43643599969649,26542251.15661429
2007-12-24,2022-12-27,1496.449951171875,3829.25,2.558889455007367,1.1629642896763923,71.43643599969649,26317325.098181553
2007-12-26,2022-12-27,1497.6600341796875,3829.25,2.556821917263348,1.1623534070169055,71.43643599969649,26317325.098181553
2007-12-27,2022-12-27,1476.27001953125,3829.25,2.5938682960017543,1.166233413907534,71.43643599969649,26317325.098181553
2007-12-28,2022-12-28,1478.489990234375,3783.219970703125,2.558840435641635,1.1879148275245626,71.43643599969649,26075891.117931373
2007-12-31,2023-01-03,1468.3599853515625,3824.139892578125,2.60436128110814,1.171464438514495,71.43643599969649,25730689.18598084
2008-01-02,2023-01-03,1447.1600341796875,3824.139892578125,2.642513476227812,1.1970566958911608,71.43643599969649,25730689.18598084
2008-01-03,2023-01-03,1447.1600341796875,3824.139892578125,2.642513476227812,1.1943567144209208,71.43643599969649,25730689.18598084
2008-01-04,2023-01-04,1411.6300048828125,3852.969970703125,2.729447487922292,1.2082114003229727,71.43643599969649,26125020.424621254
2008-01-07,2023-01-09,1416.1800537109375,3892.090087890625,2.748301727377002,1.2071957837521072,71.43643599969649,26662520.621965073
2008-01-08,2023-01-09,1390.18994140625,3892.090087890625,2.7996822390712826,1.2248002510344256,71.43643599969649,26662520.621965073
2008-01-09,2023-01-09,1409.1300048828125,3892.090087890625,2.7620518152363824,1.2000546305766948,71.43643599969649,26662520.621965073
2008-01-10,2023-01-10,1420.3299560546875,3919.25,2.7593940290372188,1.2016876537649726,71.29529661884361,26808257.210854433
2008-01-11,2023-01-11,1401.02001953125,3969.610107421875,2.8333714380112984,1.2123806813029767,71.29529661884361,27386501.849440515
2008-01-14,2023-01-17,1416.25,3990.969970703125,2.817984092288173,1.1854133870254764,71.29529661884361,26512121.904214144
2008-01-15,2023-01-17,1380.949951171875,3990.969970703125,2.8900178223811697,1.2018451173552689,71.29529661884361,26512121.904214144
2008-01-16,2023-01-17,1373.199951171875,3990.969970703125,2.906328366307668,1.1954073099470899,71.29529661884361,26512121.904214144
2008-01-17,2023-01-17,1333.25,3990.969970703125,2.993414566437746,1.2060244107637275,71.29529661884361,26512121.904214144
2008-01-18,2023-01-18,1325.18994140625,3928.860107421875,2.9647524363584377,1.2007956909169,71.29529661884361,25932695.921367772
2008-01-22,2023-01-23,1310.5,4019.81005859375,3.067386538415681,1.2082384350462438,71.29529661884361,27072023.248147547
2008-01-23,2023-01-23,1338.5999755859375,4019.81005859375,3.0029957656574604,1.2117471091920375,71.29529661884361,27072023.248147547
2008-01-24,2023-01-24,1352.0699462890625,4016.949951171875,2.9709631237621497,1.2188240621772504,71.29529661884361,27401627.62434823
2008-01-25,2023-01-25,1330.6099853515625,4016.219970703125,3.0183299501108083,1.2194662424304337,71.29529661884361,27292321.46331057
2008-01-28,2023-01-30,1353.9599609375,4017.77001953125,2.967421589593604,1.213929161675263,71.29529661884361,27196433.383106828
2008-01-29,2023-01-30,1362.300048828125,4017.77001953125,2.949254845132985,1.213135302649397,71.29529661884361,27196433.383106828
2008-01-30,2023-01-30,1355.81005859375,4017.77001953125,2.9633723352801296,1.2223853883345894,71.29529661884361,27196433.383106828
2008-01-31,2023-01-31,1378.550048828125,4076.60009765625,2.9571651033792192,1.22802613227946,71.29529661884361,27922732.561870188
2008-02-01,2023-02-01,1395.4200439453125,4119.2099609375,2.951949829594776,1.2215754201557125,71.29529661884361,28210743.491851717
2008-02-04,2023-02-06,1380.8199462890625,4111.080078125,2.9772745455868304,1.2373137094831892,71.29529661884361,28691927.607571706
2008-02-05,2023-02-06,1336.6400146484375,4111.080078125,3.075682332618401,1.2391604779724692,71.29529661884361,28691927.607571706
2008-02-06,2023-02-06,1326.449951171875,4111.080078125,3.099310361836868,1.2409194030253226,71.29529661884361,28691927.607571706
2008-02-07,2023-02-07,1336.9100341796875,4164.0,3.1146448852521194,1.2358867217960523,71.29529661884361,29372269.78432955
2008-02-08,2023-02-08,1331.2900390625,4117.85986328125,3.0931350362848535,1.216280026401926,71.29529661884361,28471842.006566145
2008-02-11,2023-02-13,1339.1300048828125,4137.2900390625,3.089535761260577,1.2314049669407192,70.96632270116315,28624458.70863013
2008-02-12,2023-02-13,1348.8599853515625,4137.2900390625,3.0672494432282904,1.225554307445135,70.96632270116315,28624458.70863013
2008-02-13,2023-02-13,1367.2099609375,4137.2900390625,3.026082428645815,1.214892573934642,70.96632270116315,28624458.70863013
2008-02-14,2023-02-14,1348.8599853515625,4136.1298828125,3.066389341911179,1.2277298867354494,70.96632270116315,28844342.381634742
2008-02-15,2023-02-15,1349.989990234375,4147.60009765625,3.0723191487784107,1.2336826859884262,70.96632270116315,29144560.43662499
2008-02-19,2023-02-21,1348.780029296875,3997.340087890625,2.96367087372613,1.2447739141438598,70.96632270116315,28107969.464958347
2008-02-20,2023-02-21,1360.030029296875,3997.340087890625,2.9391557552278598,1.2432762123181709,70.96632270116315,28107969.464958347
2008-02-21,2023-02-21,1342.530029296875,3997.340087890625,2.9774679155476003,1.2506842375478426,70.96632270116315,28107969.464958347
2008-02-22,2023-02-22,1353.1099853515625,3991.050048828125,2.9495385386511486,1.259221894304809,70.96632270116315,28229271.555765778
2008-02-25,2023-02-27,1371.800048828125,3982.239990234375,2.902930345888416,1.2625660077171084,70.96632270116315,28545900.39204672
2008-02-26,2023-02-27,1381.2900390625,3982.239990234375,2.882986105464986,1.270563634943523,70.96632270116315,28545900.39204672
2008-02-27,2023-02-27,1380.02001953125,3982.239990234375,2.885639290643782,1.2822694439278248,70.96632270116315,28545900.39204672
2008-02-28,2023-02-28,1367.6800537109375,3970.14990234375,2.902835273185062,1.2988757056372322,70.96632270116315,28406897.88130387
2008-02-29,2023-02-28,1330.6300048828125,3970.14990234375,2.9836617901107663,1.313645617737251,70.96632270116315,28406897.88130387
2008-03-03,2023-03-03,1331.3399658203125,4045.639892578125,3.038772962911379,1.3205661346996476,70.96632270116315,29248578.293256953
2008-03-04,2023-03-06,1326.75,4048.419921875,3.051381135764085,1.3143077972380515,70.96632270116315,29032778.51527158
2008-03-05,2023-03-06,1333.699951171875,4048.419921875,3.0354802954875995,1.3074775846619733,70.96632270116315,29032778.51527158
2008-03-06,2023-03-06,1304.3399658203125,4048.419921875,3.1038073109481914,1.3244296957033375,70.96632270116315,29032778.51527158
2008-03-07,2023-03-07,1293.3699951171875,3986.3701171875,3.082157566850242,1.3242356081905378,70.96632270116315,28473846.926425546
2008-03-10,2023-03-10,1273.3699951171875,3861.590087890625,3.0325750588580855,1.3448531525829286,70.60852427854958,27189622.466586605
2008-03-11,2023-03-13,1320.6500244140625,3855.760009765625,2.919592578265634,1.3070591664108637,70.60852427854958,26748239.62168186
2008-03-12,2023-03-13,1308.77001953125,3855.760009765625,2.94609438803206,1.3301142221367162,70.60852427854958,26748239.62168186
2008-03-13,2023-03-13,1315.47998046875,3855.760009765625,2.931067037897215,1.3406833066984007,70.60852427854958,26748239.62168186
2008-03-14,2023-03-14,1288.1400146484375,3919.2900390625,3.0425962973692444,1.344178532302624,70.60852427854958,26837340.40518529
2008-03-17,2023-03-17,1276.5999755859375,3916.639892578125,3.0680244144454525,1.3735118260724308,70.60852427854958,26882674.34919928
2008-03-18,2023-03-20,1330.739990234375,3951.570068359375,2.969453159413515,1.3252253755405523,70.60852427854958,26909157.27971118
2008-03-19,2023-03-20,1298.4200439453125,3951.570068359375,3.0433680431737153,1.341350566800871,70.60852427854958,26909157.27971118
2008-03-20,2023-03-20,1329.510009765625,3951.570068359375,2.972200313900596,1.3310927776009938,70.60852427854958,26909157.27971118
2008-03-24,2023-03-24,1349.8800048828125,3970.989990234375,2.9417355438042136,1.2990372073476963,70.60852427854958,26692681.815611318
2008-03-25,2023-03-27,1352.989990234375,3977.530029296875,2.939807432431823,1.3074139753002167,70.60852427854958,26747773.38604898
2008-03-26,2023-03-27,1341.1300048828125,3977.530029296875,2.9658049665695385,1.319544052134707,70.60852427854958,26747773.38604898
2008-03-27,2023-03-27,1325.760009765625,3977.530029296875,3.000188571082367,1.3146387485861128,70.60852427854958,26747773.38604898
2008-03-28,2023-03-28,1315.219970703125,3971.27001953125,3.0194721096032198,1.3239810136457013,70.60852427854958,26798457.50672932
2008-03-31,2023-03-31,1322.699951171875,4109.31005859375,3.106759061231549,1.3340110772544784,70.60852427854958,28648580.217314117
2008-04-01,2023-04-03,1370.1800537109375,4124.509765625,3.0101954516520313,1.3354732314455757,70.60852427854958,28834053.174471296
2008-04-02,2023-04-03,1367.530029296875,4124.509765625,3.01602866281894,1.3036171564040782,70.60852427854958,28834053.174471296
2008-04-03,2023-04-03,1369.31005859375,4124.509765625,3.012107988062818,1.3036171564040782,70.60852427854958,28834053.174471296
2008-04-04,2023-04-04,1370.4000244140625,4100.60009765625,2.9922650500604964,1.3031816424977731,70.60852427854958,28305496.937656872
2008-04-07,2023-04-10,1372.5400390625,4109.10986328125,2.993799631585201,1.289506022782724,70.60852427854958,28326383.66712436
2008-04-08,2023-04-10,1365.5400390625,4109.10986328125,3.0091463785289845,1.2210852260068836,70.60852427854958,28326383.66712436
2008-04-09,2023-04-10,1354.489990234375,4109.10986328125,3.033695260140112,1.2973326191125394,70.60852427854958,28326383.66712436
2008-04-10,2023-04-10,1360.550048828125,4109.10986328125,3.0201828053444464,1.294307302390753,70.23146461056898,28121715.26981566
2008-04-11,2023-04-11,1332.8299560546875,4108.93994140625,3.082868840650259,1.3221297491376403,70.23146461056898,28516064.582071193
2008-04-14,2023-04-14,1328.3199462890625,4137.64013671875,3.114942411486108,1.309677685997784,70.23146461056898,28499731.960663617
2008-04-15,2023-04-17,1334.4300537109375,4151.31982421875,3.1109310020965726,1.315763046980271,70.23146461056898,29059681.283619255
2008-04-16,2023-04-17,1364.7099609375,4151.31982421875,3.0419062973402515,1.3160215032005234,70.23146461056898,29059681.283619255
2008-04-17,2023-04-17,1365.56005859375,4151.31982421875,3.0400126293191145,1.3072891164472038,70.23146461056898,29059681.283619255
2008-04-18,2023-04-18,1390.3299560546875,4154.8701171875,2.9884058090625443,1.2956626800169428,70.23146461056898,29225567.22325597
2008-04-21,2023-04-21,1388.1700439453125,4133.52001953125,2.977675564719283,1.297116253897396,70.23146461056898,28899463.531030796
2008-04-22,2023-04-24,1375.93994140625,4137.0400390625,3.006701030013219,1.3022357826232998,70.23146461056898,28922419.176380284
2008-04-23,2023-04-24,1379.9300537109375,4137.0400390625,2.998007056906314,1.2949096588771651,70.23146461056898,28922419.176380284
2008-04-24,2023-04-24,1388.8199462890625,4137.0400390625,2.978816692629381,1.2850345469652322,70.23146461056898,28922419.176380284
2008-04-25,2023-04-25,1397.8399658203125,4071.6298828125,2.9128011663503215,1.284329479636569,70.23146461056898,28342195.266760327
2008-04-28,2023-04-28,1396.3699951171875,4169.47998046875,2.9859421178115726,1.2839651005530195,70.23146461056898,29181064.374994613
2008-04-29,2023-05-01,1390.93994140625,4167.8701171875,2.996441466030341,1.3114038614126353,70.23146461056898,29922313.37344376
2008-04-30,2023-05-01,1385.5899658203125,4167.8701171875,3.008011186570618,1.3121229957361327,70.23146461056898,29922313.37344376
2008-05-01,2023-05-01,1409.3399658203125,4167.8701171875,2.9573206027415626,1.3121229957361327,70.23146461056898,29922313.37344376
2008-05-02,2023-05-02,1413.9000244140625,4119.580078125,2.9136289744617585,1.3059923277129888,70.23146461056898,29788144.26606501
2008-05-05,2023-05-05,1407.489990234375,4136.25,2.9387420363190166,1.2789914800370366,70.23146461056898,28978314.83091174
2008-05-06,2023-05-08,1418.260009765625,4138.1201171875,2.917744340737173,1.2914963850309533,70.23146461056898,29292378.047315992
2008-05-07,2023-05-08,1392.5699462890625,4138.1201171875,2.971570748180236,1.2903254086530742,70.23146461056898,29292378.047315992
2008-05-08,2023-05-08,1397.6800537109375,4138.1201171875,2.9607062833876063,1.2487208766863045,70.23146461056898,29292378.047315992
2008-05-09,2023-05-09,1388.280029296875,4119.169921875,2.9671030591437986,1.313939630710598,70.23146461056898,29075988.434607714
2008-05-12,2023-05-12,1403.5799560546875,4124.080078125,2.9382580310688864,1.2961164638104434,70.06500728571368,28863695.15698602
2008-05-13,2023-05-15,1403.0400390625,4136.27978515625,2.948083924903582,1.2982412794863292,70.06500728571368,29362368.262433536
2008-05-14,2023-05-15,1408.6600341796875,4136.27978515625,2.9363222387188346,1.2929271992373657,70.06500728571368,29362368.262433536
2008-05-15,2023-05-15,1423.5699462890625,4136.27978515625,2.9055683536580923,1.2960114720464961,70.06500728571368,29362368.262433536
2008-05-16,2023-05-16,1425.3499755859375,4109.89990234375,2.8834321203494175,1.3078735104728882,70.06500728571368,29175540.3379988
2008-05-19,2023-05-19,1426.6300048828125,4191.97998046875,2.938379233663385,1.3278922192248523,70.06500728571368,30714232.339234076
2008-05-20,2023-05-22,1413.4000244140625,4192.6298828125,2.966343434549318,1.3294583542386011,70.06500728571368,30447940.121723764
2008-05-21,2023-05-22,1390.7099609375,4192.6298828125,3.0147406724448715,1.3362965850092914,70.06500728571368,30447940.121723764
2008-05-22,2023-05-22,1394.3499755859375,4192.6298828125,3.0068705534639264,1.3234525195224573,70.06500728571368,30447940.121723764
2008-05-23,2023-05-23,1375.9300537109375,4145.580078125,3.0129293759840534,1.3424200675079532,70.06500728571368,30278681.911224842
2008-05-27,2023-05-30,1385.3499755859375,4205.52001953125,3.0357094551162165,1.3479186466423407,70.06500728571368,31382313.990407668
2008-05-28,2023-05-30,1390.8399658203125,4205.52001953125,3.023726757126115,1.3420066145719611,70.06500728571368,31382313.990407668
2008-05-29,2023-05-30,1398.260009765625,4205.52001953125,3.007680967888208,1.331320476885986,70.06500728571368,31382313.990407668
2008-05-30,2023-05-30,1400.3800048828125,4205.52001953125,3.0031277259511993,1.3311942584141736,70.06500728571368,31382313.990407668
2008-06-02,2023-06-02,1385.6700439453125,4282.3701171875,3.0904688572141135,1.3279861853050476,70.06500728571368,31630545.958746567
2008-06-03,2023-06-05,1377.6500244140625,4273.7900390625,3.102232035222599,1.3336536135775794,70.06500728571368,31984023.17870862
2008-06-04,2023-06-05,1377.199951171875,4273.7900390625,3.1032458543335584,1.3322596311139823,70.06500728571368,31984023.17870862
2008-06-05,2023-06-05,1404.050048828125,4273.7900390625,3.0439014924215644,1.3237066007949494,70.06500728571368,31984023.17870862
2008-06-06,2023-06-06,1360.6800537109375,4283.85009765625,3.1483154956031347,1.3287225317254439,70.06500728571368,31835525.734653875
2008-06-09,2023-06-09,1361.760009765625,4298.85986328125,3.1568410237139615,1.3060854683068335,70.06500728571368,31825488.655827813
2008-06-10,2023-06-12,1358.43994140625,4338.93017578125,3.194053740270337,1.2984069960142917,69.88566961363996,32261335.30343064
2008-06-11,2023-06-12,1335.489990234375,4338.93017578125,3.248942491152464,1.3030198521897525,69.88566961363996,32261335.30343064
2008-06-12,2023-06-12,1339.8699951171875,4338.93017578125,3.2383217712116608,1.2928664030774626,69.88566961363996,32261335.30343064
2008-06-13,2023-06-13,1360.030029296875,4369.009765625,3.212436248840582,1.28950536057548,69.88566961363996,32581487.439215504
2008-06-16,2023-06-16,1360.1400146484375,4409.58984375,3.2420117019274444,1.2970964135637004,69.88566961363996,33225989.90171019
2008-06-17,2023-06-20,1350.9300537109375,4388.7099609375,3.2486581735908033,1.3142447019625145,69.88566961363996,33521549.814252473
2008-06-18,2023-06-20,1337.81005859375,4388.7099609375,3.2805179873970514,1.3160731077428023,69.88566961363996,33521549.814252473
2008-06-19,2023-06-20,1342.8299560546875,4388.7099609375,3.26825443619964,1.31485363679359,69.88566961363996,33521549.814252473
2008-06-20,2023-06-20,1317.9300537109375,4388.7099609375,3.330002186823246,1.322327884666246,69.88566961363996,33521549.814252473
2008-06-23,2023-06-23,1318.0,4348.330078125,3.299188223160091,1.326439732453985,69.88566961363996,33464808.374980055
2008-06-24,2023-06-26,1314.2900390625,4328.81982421875,3.293656419481466,1.3317962701052033,69.88566961363996,33424378.271650046
2008-06-25,2023-06-26,1321.969970703125,4328.81982421875,3.274522054321969,1.3315491308223142,69.88566961363996,33424378.271650046
2008-06-26,2023-06-26,1283.1500244140625,4328.81982421875,3.373588233531353,1.3421695068619037,69.88566961363996,33424378.271650046
2008-06-27,2023-06-27,1278.3800048828125,4378.41015625,3.424967646182297,1.3518658405659325,69.88566961363996,33897058.554760605
2008-06-30,2023-06-30,1280.0,4450.3798828125,3.476859283447266,1.3643045140607106,69.88566961363996,35029153.540234126
2008-07-01,2023-07-03,1284.9100341796875,4455.58984375,3.46762786905508,1.3607047800398595,69.88566961363996,34962919.11431747
2008-07-02,2023-07-03,1261.52001953125,4455.58984375,3.53192163007099,1.3630167233097945,69.88566961363996,34962919.11431747
2008-07-03,2023-07-03,1262.9000244140625,4455.58984375,3.528062204145751,1.3528011793611794,69.88566961363996,34962919.11431747
2008-07-07,2023-07-07,1252.31005859375,4398.9501953125,3.5126685800577135,1.343327725913655,69.88566961363996,34253933.00247198
2008-07-08,2023-07-10,1273.699951171875,4409.52978515625,3.4619847328244275,1.299780594770591,69.88566961363996,33823543.665770896
2008-07-09,2023-07-10,1244.68994140625,4409.52978515625,3.542673270239788,1.3306602980226154,69.88566961363996,33823543.665770896
2008-07-10,2023-07-10,1253.3900146484375,4409.52978515625,3.51808274648899,1.328236761629703,69.67655833962985,33692415.25134417
2008-07-11,2023-07-11,1239.489990234375,4439.259765625,3.5815212713299776,1.3303549410440525,69.67655833962985,33704905.087650865
2008-07-14,2023-07-14,1228.300048828125,4505.419921875,3.6680124910631178,1.2998963976789173,69.67655833962985,33344800.459823392
2008-07-15,2023-07-17,1214.9100341796875,4522.7900390625,3.722736591040099,1.323175365579106,69.67655833962985,33703199.75506331
2008-07-16,2023-07-17,1245.3599853515625,4522.7900390625,3.631712992437063,1.3185206924658388,69.67655833962985,33703199.75506331
2008-07-17,2023-07-17,1260.3199462890625,4522.7900390625,3.5886046653308847,1.305512774215938,69.67655833962985,33703199.75506331
2008-07-18,2023-07-18,1260.6800537109375,4554.97998046875,3.6131133883341073,1.2971389234670767,69.67655833962985,34029163.16571768
2008-07-21,2023-07-21,1260.0,4536.33984375,3.600269717261905,1.3133262801171803,69.67655833962985,34207729.77591756
2008-07-22,2023-07-24,1277.0,4554.64013671875,3.5666719942981597,1.3219247930838969,69.67655833962985,34984596.27439819
2008-07-23,2023-07-24,1282.18994140625,4554.64013671875,3.5522351171491953,1.3138381759375584,69.67655833962985,34984596.27439819
2008-07-24,2023-07-24,1252.5400390625,4554.64013671875,3.63632298742945,1.3200782606230512,69.67655833962985,34984596.27439819
2008-07-25,2023-07-25,1257.760009765625,4567.4599609375,3.631424059816161,1.3122114527223356,69.67655833962985,35038654.3937983
2008-07-28,2023-07-28,1234.3699951171875,4582.22998046875,3.7122013647405017,1.2922389688829894,69.67655833962985,34335666.25116217
2008-07-29,2023-07-31,1263.199951171875,4588.9599609375,3.632805682647712,1.3023500483049093,69.67655833962985,35006374.84180675
2008-07-30,2023-07-31,1284.260009765625,4588.9599609375,3.573232776885248,1.3015071069766668,69.67655833962985,35006374.84180675
2008-07-31,2023-07-31,1267.3800048828125,4588.9599609375,3.620824017467291,1.3056117131341929,69.67655833962985,35006374.84180675
2008-08-01,2023-08-01,1260.31005859375,4576.72998046875,3.631431764954293,1.3201280147467191,69.67655833962985,35385493.77888199
2008-08-04,2023-08-04,1249.010009765625,4478.02978515625,3.585263328671438,1.3226788835112229,69.67655833962985,34492532.349134706
2008-08-05,2023-08-07,1284.8800048828125,4518.43994140625,3.5166240615740256,1.3159819153411056,69.67655833962985,34666730.264111735
2008-08-06,2023-08-07,1289.18994140625,4518.43994140625,3.5048675112043846,1.3159819153411056,69.67655833962985,34666730.264111735
2008-08-07,2023-08-07,1266.0699462890625,4518.43994140625,3.5688707046953496,1.3159819153411056,69.67655833962985,34666730.264111735
2008-08-08,2023-08-08,1296.3199462890625,4499.3798828125,3.4708868714801033,1.2936734541525112,69.67655833962985,34681460.62970821
2008-08-11,2023-08-11,1305.3199462890625,4464.0498046875,3.4198893668778263,1.3148226042821285,69.48992788163386,34934653.41611656
2008-08-12,2023-08-14,1289.5899658203125,4489.72021484375,3.4815098859642752,1.31448673640438,69.48992788163386,35181504.60886149
2008-08-13,2023-08-14,1285.8299560546875,4489.72021484375,3.491690478746941,1.31448673640438,69.48992788163386,35181504.60886149
2008-08-14,2023-08-14,1292.9300537109375,4489.72021484375,3.4725159353806188,1.31448673640438,69.48992788163386,35181504.60886149
2008-08-15,2023-08-15,1298.199951171875,4437.85986328125,3.4184717533498814,1.3201143585110513,69.48992788163386,34850815.30381787
2008-08-18,2023-08-18,1278.5999755859375,4369.7099609375,3.417573943668359,1.3226287277698747,69.48992788163386,34246178.42125952
2008-08-19,2023-08-21,1266.68994140625,4399.77001953125,3.473438823274089,1.3189161758263492,69.48992788163386,34425505.06579341
2008-08-20,2023-08-21,1274.5400390625,4399.77001953125,3.4520453533711994,1.3189161758263492,69.48992788163386,34425505.06579341
2008-08-21,2023-08-21,1277.719970703125,4399.77001953125,3.4434540591159983,1.3189161758263492,69.48992788163386,34425505.06579341
2008-08-22,2023-08-22,1292.199951171875,4387.5498046875,3.3954109042555705,1.3273850324254466,69.48992788163386,34586581.80112094
2008-08-25,2023-08-25,1266.8399658203125,4405.7099609375,3.477716270250983,1.3258328380724869,69.48992788163386,34718772.8745424
2008-08-26,2023-08-28,1271.510009765625,4433.31005859375,3.4866497507250718,1.3368397504190563,69.48992788163386,35141865.03780383
2008-08-27,2023-08-28,1281.6600341796875,4433.31005859375,3.4590374517149094,1.33769403537228,69.48992788163386,35141865.03780383
2008-08-28,2023-08-28,1300.6800537109375,4433.31005859375,3.4084554813808245,1.3391611068493166,69.48992788163386,35141865.03780383
2008-08-29,2023-08-29,1282.8299560546875,4497.6298828125,3.506021871086369,1.3463002416033356,69.48992788163386,35775856.4850316
2008-09-02,2023-09-05,1277.5799560546875,4496.830078125,3.519803247392612,1.3487620543905252,69.48992788163386,35792400.88157925
2008-09-03,2023-09-05,1274.97998046875,4496.830078125,3.526980930690165,1.352496551281256,69.48992788163386,35792400.88157925
2008-09-04,2023-09-05,1236.8299560546875,4496.830078125,3.635770670100239,1.373025341126424,69.48992788163386,35792400.88157925
2008-09-05,2023-09-05,1242.31005859375,4496.830078125,3.61973248708559,1.3609119507082166,69.48992788163386,35792400.88157925
2008-09-08,2023-09-08,1267.7900390625,4457.490234375,3.515953034045926,1.3627878348031086,69.48992788163386,35635874.720419124
2008-09-09,2023-09-11,1224.510009765625,4487.4599609375,3.6646984713472563,1.3712994804786207,69.48992788163386,35874729.766363196
2008-09-10,2023-09-11,1232.0400390625,4487.4599609375,3.642300427470001,1.3656981519187232,69.28104037345608,35736829.8104797
2008-09-11,2023-09-11,1249.050048828125,4487.4599609375,3.592698279102341,1.3751449053610652,69.28104037345608,35736829.8104797
2008-09-12,2023-09-12,1251.699951171875,4461.89990234375,3.56467210705441,1.3588844770875024,69.28104037345608,35341844.69351204
2008-09-15,2023-09-15,1192.699951171875,4450.31982421875,3.7312987393402124,1.4146818294885823,69.28104037345608,35472059.677728355
2008-09-16,2023-09-18,1213.5999755859375,4453.52978515625,3.6696851308076566,1.4013267714175628,69.28104037345608,35623957.042835735
2008-09-17,2023-09-18,1156.3900146484375,4453.52978515625,3.8512350753134097,1.417459867040144,69.28104037345608,35623957.042835735
2008-09-18,2023-09-18,1206.510009765625,4453.52978515625,3.6912497609708077,1.4015923811926096,69.28104037345608,35623957.042835735
2008-09-19,2023-09-19,1255.0799560546875,4443.9501953125,3.540770589056291,1.3740923314427227,69.28104037345608,35444846.44395607
2008-09-22,2023-09-22,1207.0899658203125,4320.06005859375,3.57890478830874,1.3986737458044112,69.28104037345608,34189590.77039366
2008-09-23,2023-09-25,1188.219970703125,4337.43994140625,3.6503678177026306,1.4040428234482114,69.28104037345608,34604767.796015576
2008-09-24,2023-09-25,1185.8699951171875,4337.43994140625,3.6576015577303016,1.3992647358142387,69.28104037345608,34604767.796015576
2008-09-25,2023-09-25,1209.1800537109375,4337.43994140625,3.587091871135962,1.3961061527780518,69.28104037345608,34604767.796015576
2008-09-26,2023-09-26,1213.27001953125,4273.52978515625,3.522323733679119,1.4032154677642443,69.28104037345608,34059157.123765774
2008-09-29,2023-09-29,1106.4200439453125,4288.0498046875,3.8756074857402414,1.4381036976954518,69.28104037345608,34365120.00873009
2008-09-30,2023-10-02,1166.3599853515625,4288.39013671875,3.6767294750995334,1.409823642088968,69.28104037345608,34428949.63526211
2008-10-01,2023-10-02,1161.06005859375,4288.39013671875,3.6935127558455094,1.4115536137432225,69.28104037345608,34428949.63526211
2008-10-02,2023-10-02,1114.280029296875,4288.39013671875,3.848574885995919,1.4213477291836851,69.28104037345608,34428949.63526211
2008-10-03,2023-10-03,1099.22998046875,4229.4501953125,3.8476481450305013,1.423086358802372,69.28104037345608,33909445.76701874
2008-10-06,2023-10-06,1056.8900146484375,4308.5,4.07658312623303,1.4572340149090715,69.28104037345608,34315813.156080164
2008-10-07,2023-10-09,996.22998046875,4335.66015625,4.352067535861517,1.4701360635527216,69.28104037345608,34804539.65071427
2008-10-08,2023-10-09,984.9400024414062,4335.66015625,4.401953566210168,1.3548915307827265,69.28104037345608,34804539.65071427
2008-10-09,2023-10-09,909.9199829101562,4335.66015625,4.764880690259656,1.4989448342881897,69.28104037345608,34804539.65071427
2008-10-10,2023-10-10,899.219970703125,4358.240234375,4.846689771544076,1.4671315340086493,68.95178657577871,34573515.68809798
2008-10-13,2023-10-13,1003.3499755859375,4327.77978515625,4.313330234177669,1.4645091422943264,68.95178657577871,34698554.499387264
2008-10-14,2023-10-16,998.010009765625,4373.6298828125,4.382350717944816,1.4669085485061808,68.95178657577871,35104556.20207304
2008-10-15,2023-10-16,907.8400268554688,4373.6298828125,4.817621776340554,1.4998595310049347,68.95178657577871,35104556.20207304
2008-10-16,2023-10-16,946.4299926757812,4373.6298828125,4.621186898829373,1.477340946450376,68.95178657577871,35104556.20207304
2008-10-17,2023-10-17,940.5499877929688,4373.2001953125,4.649620171251458,1.471500252674435,68.95178657577871,35103745.99559748
2008-10-20,2023-10-20,985.4000244140625,4224.16015625,4.286746551241223,1.4690791424910807,68.95178657577871,33631838.8510905
2008-10-21,2023-10-23,955.0499877929688,4217.0400390625,4.415517609510352,1.4939148951476346,68.95178657577871,33580975.43965939
2008-10-22,2023-10-23,896.780029296875,4217.0400390625,4.702424118843159,1.531575760760401,68.95178657577871,33580975.43965939
2008-10-23,2023-10-23,908.1099853515625,4217.0400390625,4.643754729147626,1.5375778099963089,68.95178657577871,33580975.43965939
2008-10-24,2023-10-24,876.77001953125,4247.68017578125,4.844691402714932,1.5887239050135087,68.95178657577871,33865113.24945677
2008-10-27,2023-10-27,848.9199829101562,4117.3701171875,4.850127456150663,1.6134729373193428,68.95178657577871,32688910.483003408
2008-10-28,2023-10-30,940.510009765625,4166.81982421875,4.430383282424736,1.5247760322019506,68.95178657577871,33019739.49168045
2008-10-29,2023-10-30,930.0900268554688,4166.81982421875,4.4800177444180385,1.5354081917888405,68.95178657577871,33019739.49168045
2008-10-30,2023-10-30,954.0900268554688,4166.81982421875,4.36732353020389,1.5156696054392895,68.95178657577871,33019739.49168045
2008-10-31,2023-10-31,968.75,4193.7998046875,4.329083669354839,1.5147398286625897,68.95178657577871,33118424.052323744
2008-11-03,2023-11-03,966.2999877929688,4358.33984375,4.510338299501025,1.5201716567530776,68.95178657577871,35226652.12553775
2008-11-04,2023-11-06,1005.75,4365.97998046875,4.341019120525727,1.4984909966215338,68.95178657577871,34990445.30652552
2008-11-05,2023-11-06,952.77001953125,4365.97998046875,4.582406972268872,1.521574050799867,68.95178657577871,34990445.30652552
2008-11-06,2023-11-06,904.8800048828125,4365.97998046875,4.824927014531801,1.5363399361262917,68.95178657577871,34990445.30652552
2008-11-07,2023-11-07,930.989990234375,4378.3798828125,4.702929063405129,1.5290957693220704,68.95178657577871,35281245.936753295
2008-11-10,2023-11-10,919.2100219726562,4415.240234375,4.80329862472533,1.5448504352111232,68.54220740815438,35802794.780421436
2008-11-11,2023-11-13,898.9500122070312,4411.5498046875,4.907447293822946,1.556865419930763,68.54220740815438,35800794.82824529
2008-11-12,2023-11-13,852.2999877929688,4411.5498046875,5.1760528779440795,1.597774148360815,68.54220740815438,35800794.82824529
2008-11-13,2023-11-13,911.2899780273438,4411.5498046875,4.840994536379209,1.5524135965397563,68.54220740815438,35800794.82824529
2008-11-14,2023-11-14,873.2899780273438,4495.7001953125,5.148003880071705,1.5630385625723218,68.54220740815438,36728988.10537804
2008-11-17,2023-11-17,850.75,4514.02001953125,5.30593008466794,1.5631676808065933,68.54220740815438,36628262.66199917
2008-11-18,2023-11-20,859.1199951171875,4547.3798828125,5.29306721838341,1.549852168951032,68.54220740815438,36735040.809840806
2008-11-19,2023-11-20,806.5800170898438,4547.3798828125,5.637853388953937,1.5618470664106132,68.54220740815438,36735040.809840806
2008-11-20,2023-11-20,752.4400024414062,4547.3798828125,6.043511599672842,1.594279601035813,68.54220740815438,36735040.809840806
2008-11-21,2023-11-21,800.030029296875,4538.18994140625,5.672524499355035,1.5468876430700345,68.54220740815438,36149121.00424574
2008-11-24,2023-11-24,851.8099975585938,4559.33984375,5.35253149976838,1.5446989807390676,68.54220740815438,36762015.73124947
2008-11-25,2023-11-27,857.3900146484375,4550.43017578125,5.307304841481154,1.5670581720259154,68.54220740815438,36650675.45829515
2008-11-26,2023-11-27,887.6799926757812,4550.43017578125,5.126205629648862,1.5644356125863341,68.54220740815438,36650675.45829515
2008-11-28,2023-11-28,896.239990234375,4554.89013671875,5.0822214879382965,1.554471160728894,68.54220740815438,36347043.33160563
2008-12-01,2023-12-01,816.2100219726562,4594.6298828125,5.629225026798831,1.5889949955955278,68.54220740815438,36608741.854157284
2008-12-02,2023-12-04,848.8099975585938,4569.77978515625,5.383748775697939,1.5715666373561283,68.54220740815438,35853626.141520135
2008-12-03,2023-12-04,870.739990234375,4569.77978515625,5.248156552366698,1.5717522689544257,68.54220740815438,35853626.141520135
2008-12-04,2023-12-04,845.219970703125,4569.77978515625,5.406615962179317,1.5834830741319696,68.54220740815438,35853626.141520135
2008-12-05,2023-12-05,876.0700073242188,4567.18017578125,5.213259371509352,1.5872333153845566,68.54220740815438,36119922.08768494
2008-12-08,2023-12-08,909.7000122070312,4604.3701171875,5.061415912281673,1.320743342176326,68.54220740815438,35533226.591817014
2008-12-09,2023-12-11,888.6699829101562,4622.43994140625,5.201525909842253,1.570729006684306,68.54220740815438,35935288.78679162
2008-12-10,2023-12-11,899.239990234375,4622.43994140625,5.140385204845563,1.5616437680729713,68.08964274857271,35631991.16743152
2008-12-11,2023-12-11,873.5900268554688,4622.43994140625,5.291314918102895,1.5839943585990521,68.08964274857271,35631991.16743152
2008-12-12,2023-12-12,879.72998046875,4643.7001953125,5.278551712922389,1.6040958296189567,68.08964274857271,36190309.64349116
2008-12-15,2023-12-15,868.5700073242188,4719.18994140625,5.433286783577223,1.572143723292904,68.08964274857271,35718222.65442104
2008-12-16,2023-12-18,913.1799926757812,4740.56005859375,5.191265792741537,1.6047925468008033,68.08964274857271,35936224.03056834
2008-12-17,2023-12-18,904.4199829101562,4740.56005859375,5.241547232669527,1.629787036617162,68.08964274857271,35936224.03056834
2008-12-18,2023-12-18,885.280029296875,4740.56005859375,5.354870664324026,1.5900006469706303,68.08964274857271,35936224.03056834
2008-12-19,2023-12-19,887.8800048828125,4768.3701171875,5.370511883322406,1.598767844617764,68.08964274857271,36338496.28132682
2008-12-22,2023-12-22,871.6300048828125,4754.6298828125,5.454871741653435,1.5757542319613398,68.08964274857271,35993893.3620384
2008-12-23,2023-12-26,863.1599731445312,4774.75,5.531709241110159,1.565719963247213,68.08964274857271,36240539.22932217
2008-12-24,2023-12-26,868.1500244140625,4774.75,5.499913454731059,1.5716021627352383,68.08964274857271,36240539.22932217
2008-12-26,2023-12-26,872.7999877929688,4774.75,5.47061190052696,1.5669274098007087,68.08964274857271,36240539.22932217
2008-12-29,2023-12-29,869.4199829101562,4769.830078125,5.486220896555931,1.5601419936594523,68.08964274857271,35933070.97716628
2008-12-30,2024-01-02,890.6400146484375,4742.830078125,5.32519311968836,1.5630302984724902,68.08964274857271,35574894.81951073
2008-12-31,2024-01-02,903.25,4742.830078125,5.250849795876003,1.5568229972923855,68.08964274857271,35574894.81951073
2009-01-02,2024-01-02,931.7999877929688,4742.830078125,5.089965808390612,1.5374878055612375,68.08964274857271,35574894.81951073
2009-01-05,2024-01-05,927.4500122070312,4697.240234375,5.064682918270804,1.5529892072761653,68.08964274857271,36300683.3256737
2009-01-06,2024-01-08,934.7000122070312,4763.5400390625,5.096330348616065,1.549753776766916,68.08964274857271,36938308.57495032
2009-01-07,2024-01-08,906.6500244140625,4763.5400390625,5.254000894271211,1.5614588146466264,68.08964274857271,36938308.57495032
2009-01-08,2024-01-08,909.72998046875,4763.5400390625,5.2362130976578625,1.5840192912780222,68.08964274857271,36938308.57495032
2009-01-09,2024-01-09,890.3499755859375,4756.5,5.342281271889469,1.5959941500941708,68.08964274857271,36711535.8906401
2009-01-12,2024-01-12,870.260009765625,4783.830078125,5.497012415189987,1.6218942721017622,67.62043411622389,36920158.652697116
2009-01-13,2024-01-16,871.7899780273438,4765.97998046875,5.466890077416403,1.6318823470739456,67.62043411622389,36986147.602047585
2009-01-14,2024-01-16,842.6199951171875,4765.97998046875,5.656143941618571,1.6351951588088014,67.62043411622389,36986147.602047585
2009-01-15,2024-01-16,843.739990234375,4765.97998046875,5.648635877914061,1.62101403591397,67.62043411622389,36986147.602047585
2009-01-16,2024-01-16,850.1199951171875,4765.97998046875,5.606243833627002,1.603894432346618,67.62043411622389,36986147.602047585
2009-01-20,2024-01-22,805.219970703125,4850.43017578125,6.023733081962451,1.6492707518517487,67.62043411622389,38581940.02440825
2009-01-21,2024-01-22,840.239990234375,4850.43017578125,5.772672369983581,1.6633464022586777,67.62043411622389,38581940.02440825
2009-01-22,2024-01-22,827.5,4850.43017578125,5.861547040219033,1.6619280918047483,67.62043411622389,38581940.02440825
2009-01-23,2024-01-23,831.9500122070312,4864.60009765625,5.8472264274042605,1.6690175160613965,67.62043411622389,38730772.642423786
2009-01-26,2024-01-26,836.5700073242188,4890.97021484375,5.846456569113192,1.655345257041096,67.62043411622389,38856360.620614834
2009-01-27,2024-01-29,845.7100219726562,4927.93017578125,5.8269738417982015,1.6583454198267915,67.62043411622389,39364510.93705621
2009-01-28,2024-01-29,874.0900268554688,4927.93017578125,5.637783322513627,1.6375937154609057,67.62043411622389,39364510.93705621
2009-01-29,2024-01-29,845.1400146484375,4927.93017578125,5.830903862517002,1.6476475737491136,67.62043411622389,39364510.93705621
2009-01-30,2024-01-30,825.8800048828125,4924.97021484375,5.963299977873389,1.64035594901392,67.62043411622389,39111065.88717727
2009-02-02,2024-02-02,825.4400024414062,4958.60986328125,6.007232322900702,1.6388876793646223,67.62043411622389,39105512.49120439
2009-02-03,2024-02-05,838.510009765625,4942.81005859375,5.894753790685615,1.6616426375320612,67.62043411622389,39634228.445919454
2009-02-04,2024-02-05,832.22998046875,4942.81005859375,5.939235757656475,1.6607136000999279,67.62043411622389,39634228.445919454
2009-02-05,2024-02-05,845.8499755859375,4942.81005859375,5.843601349246082,1.6291936872641344,67.62043411622389,39634228.445919454
2009-02-06,2024-02-06,868.5999755859375,4954.22998046875,5.703695739948347,1.6170583371472007,67.62043411622389,39795467.32665645
2009-02-09,2024-02-09,869.8900146484375,5026.60986328125,5.778442996972133,1.6346403096743833,67.62043411622389,40733365.034070976
2009-02-10,2024-02-12,827.1599731445312,5021.83984375,6.071183334293818,1.6492747671889134,67.1263923860486,40283898.66063514
2009-02-11,2024-02-12,833.739990234375,5021.83984375,6.023268528043493,1.6520877830740672,67.1263923860486,40283898.66063514
2009-02-12,2024-02-12,835.1900024414062,5021.83984375,6.012811251416187,1.6451638960921378,67.1263923860486,40283898.66063514
2009-02-13,2024-02-13,826.8400268554688,4953.169921875,5.990481545399122,1.6264423882712304,67.1263923860486,39675433.13921389
2009-02-17,2024-02-20,789.1699829101562,4975.509765625,6.304737728717491,1.628484141945299,67.1263923860486,40188381.319773786
2009-02-18,2024-02-20,788.4199829101562,4975.509765625,6.310735234360466,1.6049344086355328,67.1263923860486,40188381.319773786
2009-02-19,2024-02-20,778.9400024414062,4975.509765625,6.387539155814854,1.5984299894255982,67.1263923860486,40188381.319773786
2009-02-20,2024-02-20,770.0499877929688,4975.509765625,6.461281533014825,1.6099208288854414,67.1263923860486,40188381.319773786
2009-02-23,2024-02-23,743.3300170898438,5088.7998046875,6.845949561690355,1.5940995686078545,67.1263923860486,41403905.76240167
2009-02-24,2024-02-26,773.1400146484375,5069.52978515625,6.5570655885162905,1.558757082772488,67.1263923860486,41214356.23383221
2009-02-25,2024-02-26,764.9000244140625,5069.52978515625,6.627702475287106,1.5453126814027809,67.1263923860486,41214356.23383221
2009-02-26,2024-02-26,752.8300170898438,5069.52978515625,6.7339634048508525,1.530477776345013,67.1263923860486,41214356.23383221
2009-02-27,2024-02-27,735.0900268554688,5078.18017578125,6.908242514871865,1.5423682649708497,67.1263923860486,41324923.33918886
2009-03-02,2024-03-04,700.8200073242188,5130.9501953125,7.321352332538047,1.5466131679886475,67.1263923860486,41699489.275535636
2009-03-03,2024-03-04,696.3300170898438,5130.9501953125,7.368560983132917,1.5233672314284432,67.1263923860486,41699489.275535636
2009-03-04,2024-03-04,712.8699951171875,5130.9501953125,7.197595957828232,1.5163346596964844,67.1263923860486,41699489.275535636
2009-03-05,2024-03-05,682.5499877929688,5078.64990234375,7.440700304992471,1.5333334110811652,67.1263923860486,41295582.819538176
2009-03-06,2024-03-06,683.3800048828125,5104.759765625,7.469869953980253,1.5258186044274384,67.1263923860486,41416405.220463924
2009-03-09,2024-03-11,676.530029296875,5117.93994140625,7.564985617453494,1.4837647067534334,67.1263923860486,40424038.84714012
2009-03-10,2024-03-11,719.5999755859375,5117.93994140625,7.112201382773734,1.4858676239015849,66.58381651737045,40016466.419853926
2009-03-11,2024-03-11,721.3599853515625,5117.93994140625,7.094848682120851,1.5092442372770727,66.58381651737045,40016466.419853926
2009-03-12,2024-03-12,750.739990234375,5175.27001953125,6.893558471443052,1.5077270354400742,66.58381651737045,40562264.9587201
2009-03-13,2024-03-13,756.5499877929688,5165.31005859375,6.82745375974713,1.5072391220759183,66.58381651737045,40770021.77087007
2009-03-16,2024-03-18,753.8900146484375,5149.419921875,6.830465746752642,1.5168534262741749,66.58381651737045,41071908.222507454
2009-03-17,2024-03-18,778.1199951171875,5149.419921875,6.61777097901138,1.507931732824362,66.58381651737045,41071908.222507454
2009-03-18,2024-03-18,794.3499755859375,5149.419921875,6.4825581672318,1.5451603232550395,66.58381651737045,41071908.222507454
2009-03-19,2024-03-19,784.0399780273438,5178.509765625,6.6049052481408,1.5790788990084614,66.58381651737045,41425587.6099656
2009-03-20,2024-03-20,768.5399780273438,5224.6201171875,6.7981110502512,1.5744293045098685,66.58381651737045,42541324.139732815
2009-03-23,2024-03-25,822.9199829101562,5218.18994140625,6.341066020723859,1.5583672002365543,66.58381651737045,42570466.034032285
2009-03-24,2024-03-25,806.1199951171875,5218.18994140625,6.473217353512823,1.538590586844298,66.58381651737045,42570466.034032285
2009-03-25,2024-03-25,813.8800048828125,5218.18994140625,6.4114978990761635,1.548193875765857,66.58381651737045,42570466.034032285
2009-03-26,2024-03-26,832.8599853515625,5203.580078125,6.247844979523769,1.533667738389213,66.58381651737045,42446842.65959208
2009-03-27,2024-03-27,815.9400024414062,5248.490234375,6.432446281185854,1.5485947996143588,66.58381651737045,42954356.88869394
2009-03-30,2024-04-01,787.530029296875,5243.77001953125,6.658501675438344,1.5538836955831465,66.58381651737045,42860643.387241565
2009-03-31,2024-04-01,797.8699951171875,5243.77001953125,6.5722110765188875,1.5297362142847672,66.58381651737045,42860643.387241565
2009-04-01,2024-04-01,811.0800170898438,5243.77001953125,6.465169784783879,1.5345427668300602,66.58381651737045,42860643.387241565
2009-04-02,2024-04-02,834.3800048828125,5205.81005859375,6.239135679341811,1.52250901335282,66.58381651737045,42541413.55610296
2009-04-03,2024-04-03,842.5,5211.490234375,6.185745085311573,1.5108672848986218,66.58381651737045,42584515.50313937
2009-04-06,2024-04-08,835.47998046875,5202.39013671875,6.2268280010730175,1.5054585075962674,66.58381651737045,42544656.926582195
2009-04-07,2024-04-08,815.5499877929688,5202.39013671875,6.378996032845753,1.5065051024274037,66.58381651737045,42544656.926582195
2009-04-08,2024-04-08,825.1599731445312,5202.39013671875,6.30470491302845,1.5208542780258822,66.58381651737045,42544656.926582195
2009-04-09,2024-04-09,856.5599975585938,5209.91015625,6.0823645408372125,1.5117781623702835,66.58381651737045,42673684.87055859
2009-04-13,2024-04-15,858.72998046875,5061.81982421875,5.894541869209788,1.5325235943343545,66.16012614323267,41333043.27185407
2009-04-14,2024-04-15,841.5,5061.81982421875,6.015234491050208,1.548782488331197,66.16012614323267,41333043.27185407
2009-04-15,2024-04-15,852.0599975585938,5061.81982421875,5.940684739011777,1.5447243734274418,66.16012614323267,41333043.27185407
2009-04-16,2024-04-16,865.2999877929688,5051.41015625,5.837755954595711,1.5524613994734926,66.16012614323267,41535941.18018841
2009-04-17,2024-04-17,869.5999755859375,5022.2099609375,5.775310604802546,1.5613443196201873,66.16012614323267,41401510.70026679
2009-04-20,2024-04-22,832.3900146484375,5010.60009765625,6.019534124003749,1.5768971550386204,66.16012614323267,41263458.95094803
2009-04-21,2024-04-22,850.0800170898438,5010.60009765625,5.894268771085213,1.567721009190079,66.16012614323267,41263458.95094803
2009-04-22,2024-04-22,843.5499877929688,5010.60009765625,5.93989706616651,1.575868783429138,66.16012614323267,41263458.95094803
2009-04-23,2024-04-23,851.9199829101562,5070.5498046875,5.9519085200543325,1.5810151800956322,66.16012614323267,41934841.90894153
2009-04-24,2024-04-24,866.22998046875,5071.6298828125,5.854830699888785,1.5918527389495232,66.16012614323267,41922752.233461045
2009-04-27,2024-04-29,857.510009765625,5116.169921875,5.966309271740576,1.6391173834488058,66.16012614323267,43556679.32309589
2009-04-28,2024-04-29,855.1599731445312,5116.169921875,5.982705087402766,1.6391173834488058,66.16012614323267,43556679.32309589
2009-04-29,2024-04-29,873.6400146484375,5116.169921875,5.85615337678163,1.6233097059798736,66.16012614323267,43556679.32309589
2009-04-30,2024-04-30,872.8099975585938,5035.68994140625,5.769514505438731,1.5838888589969802,66.16012614323267,42077864.83713492
2009-05-01,2024-05-01,877.52001953125,5018.39013671875,5.718832647714923,1.5900997705412925,66.16012614323267,42366436.49236388
2009-05-04,2024-05-06,907.239990234375,5180.740234375,5.710440776576235,1.5538398403068865,66.16012614323267,42636038.69891141
2009-05-05,2024-05-06,903.7999877929688,5180.740234375,5.7321755967557495,1.5524261737289986,66.16012614323267,42636038.69891141
2009-05-06,2024-05-06,919.530029296875,5180.740234375,5.634117504935091,1.5604713804296153,66.16012614323267,42636038.69891141
2009-05-07,2024-05-07,907.3900146484375,5187.7001953125,5.717166942070044,1.5559377983599512,66.16012614323267,42937053.2060831
2009-05-08,2024-05-08,929.22998046875,5187.669921875,5.582762105090583,1.571843635302376,66.16012614323267,43112128.664380446
2009-05-11,2024-05-13,909.239990234375,5221.419921875,5.742620186040292,1.5981332632211538,65.76614690986152,43506756.65368802
2009-05-12,2024-05-13,908.3499755859375,5221.419921875,5.748246889649429,1.6153638258653562,65.76614690986152,43506756.65368802
2009-05-13,2024-05-13,883.9199829101562,5221.419921875,5.907118317072506,1.6338260320501758,65.76614690986152,43506756.65368802
2009-05-14,2024-05-14,893.0700073242188,5246.68017578125,5.874881177010016,1.627427101135254,65.76614690986152,43908812.67733235
2009-05-15,2024-05-15,882.8800048828125,5308.14990234375,6.012311835115484,1.6454421206427783,65.76614690986152,44632914.81589346
2009-05-18,2024-05-20,909.7100219726562,5308.1298828125,5.834969116094942,1.6161580113431164,65.76614690986152,44372980.75311032
2009-05-19,2024-05-20,908.1300048828125,5308.1298828125,5.845121132736359,1.6204625929305878,65.76614690986152,44372980.75311032
2009-05-20,2024-05-20,903.469970703125,5308.1298828125,5.875269853940415,1.6410531202334373,65.76614690986152,44372980.75311032
2009-05-21,2024-05-21,888.3300170898438,5321.41015625,5.9903527448986384,1.6612132123642394,65.76614690986152,44724594.856903456
2009-05-22,2024-05-22,887.0,5307.009765625,5.9831000739853435,1.6492612476597028,65.76614690986152,44534973.976772025
2009-05-26,2024-05-28,910.3300170898438,5306.0400390625,5.828699416091898,1.650131469593914,65.76614690986152,44732287.93444141
2009-05-27,2024-05-28,893.0599975585938,5306.0400390625,5.941414970514756,1.6444223709084091,65.76614690986152,44732287.93444141
2009-05-28,2024-05-28,906.8300170898438,5306.0400390625,5.851195857069657,1.620333135579748,65.76614690986152,44732287.93444141
2009-05-29,2024-05-29,919.1400146484375,5266.9501953125,5.7303023602199055,1.6479303458586891,65.76614690986152,44473513.3049686
2009-06-01,2024-06-03,942.8699951171875,5283.39990234375,5.603529574283554,1.6284369108327883,65.76614690986152,44615151.95210177
2009-06-02,2024-06-03,944.739990234375,5283.39990234375,5.592438085565767,1.6441250205297202,65.76614690986152,44615151.95210177
2009-06-03,2024-06-03,931.760009765625,5283.39990234375,5.670344130429827,1.63609860700613,65.76614690986152,44615151.95210177
2009-06-04,2024-06-04,942.4600219726562,5291.33984375,5.614391826058292,1.6149747801229175,65.76614690986152,44313049.948560745
2009-06-05,2024-06-05,940.0900268554688,5354.02978515625,5.695230916410295,1.5699220398010258,65.76614690986152,44621315.59037873
2009-06-08,2024-06-10,939.1400146484375,5360.7900390625,5.708190424693261,1.5929084919003211,65.76614690986152,45292805.430488065
2009-06-09,2024-06-10,942.4299926757812,5360.7900390625,5.688263404947408,1.6089230975137567,65.76614690986152,45292805.430488065
2009-06-10,2024-06-10,939.1500244140625,5360.7900390625,5.70812958494795,1.5979071537941447,65.39163734853011,44977936.987078466
2009-06-11,2024-06-11,944.8900146484375,5375.31982421875,5.688831229969902,1.6085219471890841,65.39163734853011,45199709.11734762
2009-06-12,2024-06-12,946.2100219726562,5421.02978515625,5.729203516418586,1.5970823558099152,65.39163734853011,45692152.09824401
2009-06-15,2024-06-17,923.719970703125,5473.22998046875,5.925204774237576,1.6105869499362468,65.39163734853011,46386261.96451069
2009-06-16,2024-06-17,911.969970703125,5473.22998046875,6.001546274872311,1.6326010906634554,65.39163734853011,46386261.96451069
2009-06-17,2024-06-17,910.7100219726562,5473.22998046875,6.009849291669574,1.6455609856310942,65.39163734853011,46386261.96451069
2009-06-18,2024-06-18,918.3699951171875,5487.02978515625,5.9747485374411475,1.6330122962265505,65.39163734853011,46583683.315842204
2009-06-19,2024-06-20,921.22998046875,5473.169921875,5.9411548016382225,1.6324719829100305,65.39163734853011,46533093.29732906
2009-06-22,2024-06-24,893.0399780273438,5447.8701171875,6.1003653265572995,1.6678246737249778,65.39163734853011,46949702.752375305
2009-06-23,2024-06-24,895.0999755859375,5447.8701171875,6.086325847144944,1.6806420051978601,65.39163734853011,46949702.752375305
2009-06-24,2024-06-24,900.9400024414062,5447.8701171875,6.046873379386669,1.6678594560577902,65.39163734853011,46949702.752375305
2009-06-25,2024-06-25,920.260009765625,5469.2998046875,5.94321142573656,1.6643840959533744,65.39163734853011,47111135.768181615
2009-06-26,2024-06-26,918.9000244140625,5477.89990234375,5.961366587009004,1.6771978381912862,65.39163734853011,47200939.099943526
2009-06-29,2024-07-01,927.22998046875,5475.08984375,5.904780862437315,1.6745097706060617,65.39163734853011,47608742.24790721
2009-06-30,2024-07-01,919.3200073242188,5475.08984375,5.955586520613042,1.6703552910247557,65.39163734853011,47608742.24790721
2009-07-01,2024-07-01,923.3300170898438,5475.08984375,5.929721488971426,1.665359067549356,65.39163734853011,47608742.24790721
2009-07-02,2024-07-02,896.4199829101562,5509.009765625,6.145567781454891,1.6832581660845152,65.39163734853011,48183592.29541175
2009-07-06,2024-07-08,898.719970703125,5572.85009765625,6.200874887976797,1.6879058902903146,65.39163734853011,48539345.54299205
2009-07-07,2024-07-08,881.030029296875,5572.85009765625,6.325380421032621,1.6950480140903375,65.39163734853011,48539345.54299205
2009-07-08,2024-07-08,879.5599975585938,5572.85009765625,6.335952195557874,1.731535323079008,65.39163734853011,48539345.54299205
2009-07-09,2024-07-09,882.6799926757812,5576.97998046875,6.3182354043876465,1.7289014729798977,65.39163734853011,48662591.91197144
2009-07-10,2024-07-10,879.1300048828125,5633.91015625,6.408506278887611,1.7435533965276648,64.96828991398628,49051258.96914676
2009-07-13,2024-07-15,901.0499877929688,5631.22021484375,6.249620211012773,1.7018877054733288,64.96828991398628,47918930.682109594
2009-07-14,2024-07-15,905.8400268554688,5631.22021484375,6.216572516001481,1.694619063956298,64.96828991398628,47918930.682109594
2009-07-15,2024-07-15,932.6799926757812,5631.22021484375,6.0376766512255164,1.6810155373053461,64.96828991398628,47918930.682109594
2009-07-16,2024-07-16,940.739990234375,5667.2001953125,6.024193989989285,1.6863696982477516,64.96828991398628,48225669.168890126
2009-07-17,2024-07-17,940.3800048828125,5588.27001953125,5.942565761197405,1.6808195270390813,64.96828991398628,47490608.123259746
2009-07-20,2024-07-22,951.1300048828125,5564.41015625,5.850315022850723,1.6722115794662147,64.96828991398628,46909659.57080779
2009-07-21,2024-07-22,954.5800170898438,5564.41015625,5.829171003614551,1.6830637518141969,64.96828991398628,46909659.57080779
2009-07-22,2024-07-22,954.0700073242188,5564.41015625,5.832287058112144,1.6824161491473284,64.96828991398628,46909659.57080779
2009-07-23,2024-07-23,976.2899780273438,5555.740234375,5.690666051494995,1.6527020537802795,64.96828991398628,46629329.04921123
2009-07-24,2024-07-24,979.260009765625,5427.1298828125,5.54207241048414,1.641909991161097,64.96828991398628,44922450.93102928
2009-07-27,2024-07-29,982.1799926757812,5463.5400390625,5.562666802220253,1.6197877431328236,64.96828991398628,44712697.08406845
2009-07-28,2024-07-29,979.6199951171875,5463.5400390625,5.577203473076232,1.6331745290740325,64.96828991398628,44712697.08406845
2009-07-29,2024-07-29,975.1500244140625,5463.5400390625,5.6027687045850945,1.6208097796163914,64.96828991398628,44712697.08406845
2009-07-30,2024-07-30,986.75,5436.43994140625,5.509440021693692,1.6098053210956438,64.96828991398628,44333229.36040274
2009-07-31,2024-07-31,987.47998046875,5522.2998046875,5.592315706558529,1.6131656715294114,64.96828991398628,44774083.128954306
2009-08-03,2024-08-05,1002.6300048828125,5186.330078125,5.172725784055484,1.5297739753685526,64.96828991398628,39054091.35759335
2009-08-04,2024-08-05,1005.6500244140625,5186.330078125,5.1571918184427945,1.5277993308326896,64.96828991398628,39054091.35759335
2009-08-05,2024-08-05,1002.719970703125,5186.330078125,5.172261677892237,1.5357610372744657,64.96828991398628,39054091.35759335
2009-08-06,2024-08-06,997.0800170898438,5240.02978515625,5.2553753914858445,1.5268525775574,64.96828991398628,39632129.24080239
2009-08-07,2024-08-07,1010.47998046875,5199.5,5.145574479949629,1.4854972203178536,64.96828991398628,38890847.47668405
2009-08-10,2024-08-12,1007.0999755859375,5344.39013671875,5.306712606769103,1.515740688674545,64.60659358547164,40771082.154623054
2009-08-11,2024-08-12,994.3499755859375,5344.39013671875,5.37475764865331,1.532965077702585,64.60659358547164,40771082.154623054
2009-08-12,2024-08-12,1005.8099975585938,5344.39013671875,5.313518606586937,1.5291867570014337,64.60659358547164,40771082.154623054
2009-08-13,2024-08-13,1012.72998046875,5434.43017578125,5.3661195783558036,1.5427941619393701,64.60659358547164,41605381.50891003
2009-08-14,2024-08-14,1004.0900268554688,5455.2099609375,5.432988890470014,1.5493463219096166,64.60659358547164,41798829.04609562
2009-08-17,2024-08-19,979.72998046875,5608.25,5.72428129362413,1.5668325021093341,64.60659358547164,43608884.59760799
2009-08-18,2024-08-19,989.6699829101562,5608.25,5.666788017060759,1.5600590401249534,64.60659358547164,43608884.59760799
2009-08-19,2024-08-19,996.4600219726562,5608.25,5.628173610916721,1.5721601603737472,64.60659358547164,43608884.59760799
2009-08-20,2024-08-20,1007.3699951171875,5597.1201171875,5.556171162847059,1.5563724629190412,64.60659358547164,43047954.08874866
2009-08-21,2024-08-21,1026.1300048828125,5620.85009765625,5.47771731740577,1.5401822177793103,64.60659358547164,42781887.79494766
2009-08-24,2024-08-26,1025.5699462890625,5616.83984375,5.476798402755518,1.5255853472946648,64.60659358547164,42255424.018857
2009-08-25,2024-08-26,1028.0,5616.83984375,5.463851988083658,1.5335463009584032,64.60659358547164,42255424.018857
2009-08-26,2024-08-26,1028.1199951171875,5616.83984375,5.46321428473899,1.53061221510805,64.60659358547164,42255424.018857
2009-08-27,2024-08-27,1030.97998046875,5625.7998046875,5.456749802386704,1.5434797683330168,64.60659358547164,42526331.319236316
2009-08-28,2024-08-28,1028.9300537109375,5592.18017578125,5.434946870890302,1.5388521789277356,64.60659358547164,42016976.42212678
2009-08-31,2024-09-03,1020.6199951171875,5528.93017578125,5.417226981866467,1.5798642810686279,64.60659358547164,42409882.647626646
2009-09-01,2024-09-03,998.0399780273438,5528.93017578125,5.53978828253889,1.5826420762499989,64.60659358547164,42409882.647626646
2009-09-02,2024-09-03,994.75,5528.93017578125,5.558110254617994,1.591189587836126,64.60659358547164,42409882.647626646
2009-09-03,2024-09-03,1003.239990234375,5528.93017578125,5.511074348710514,1.5829836517083764,64.60659358547164,42409882.647626646
2009-09-04,2024-09-04,1016.4000244140625,5520.06982421875,5.43100127078507,1.5634397646302685,64.60659358547164,41837661.90055076
2009-09-08,2024-09-09,1025.3900146484375,5471.0498046875,5.335579366416289,1.5435597031751374,64.60659358547164,40363938.30083407
2009-09-09,2024-09-09,1033.3699951171875,5471.0498046875,5.29437648716234,1.5465754551116573,64.60659358547164,40363938.30083407
2009-09-10,2024-09-10,1044.1400146484375,5495.52001953125,5.263202197438621,1.561584602846592,64.2402161289745,40546262.913018696
2009-09-11,2024-09-11,1042.72998046875,5554.1298828125,5.3265274681329196,1.568872576493387,64.2402161289745,40748876.120964475
2009-09-14,2024-09-16,1049.3399658203125,5633.08984375,5.368221955928631,1.5493561024617495,64.2402161289745,40947802.85368592
2009-09-15,2024-09-16,1052.6300048828125,5633.08984375,5.351443353903941,1.548878844650951,64.2402161289745,40947802.85368592
2009-09-16,2024-09-16,1068.760009765625,5633.08984375,5.270677974735708,1.5468028837469499,64.2402161289745,40947802.85368592
2009-09-17,2024-09-17,1065.489990234375,5634.580078125,5.288252475169256,1.5436483488759472,64.2402161289745,40961281.09906266
2009-09-18,2024-09-18,1068.300048828125,5618.259765625,5.259065345721894,1.5559877792592975,64.2402161289745,41255801.02200815
2009-09-21,2024-09-23,1064.6600341796875,5718.56982421875,5.371263727979481,1.5648185977288072,64.2402161289745,42901619.891181536
2009-09-22,2024-09-23,1071.6600341796875,5718.56982421875,5.336179051032807,1.5875206620676106,64.2402161289745,42901619.891181536
2009-09-23,2024-09-23,1060.8699951171875,5718.56982421875,5.390452977781746,1.5767953870931604,64.2402161289745,42901619.891181536
2009-09-24,2024-09-24,1050.780029296875,5732.93017578125,5.455880408783003,1.5815157347497788,64.2402161289745,42899674.118412435
2009-09-25,2024-09-25,1044.3800048828125,5722.259765625,5.47909739641854,1.5918383400829252,64.2402161289745,42553084.07197028
2009-09-28,2024-09-30,1062.97998046875,5762.47998046875,5.421061625194134,1.5889141743626805,64.2402161289745,42855835.252100036
2009-09-29,2024-09-30,1060.6099853515625,5762.47998046875,5.4331753048305025,1.5825916770841728,64.2402161289745,42855835.252100036
2009-09-30,2024-09-30,1057.0799560546875,5762.47998046875,5.451318935207046,1.5887726760548315,64.2402161289745,42855835.252100036
2009-10-01,2024-10-01,1029.8499755859375,5708.75,5.543283133790417,1.6048556781979608,64.2402161289745,42702962.44636062
2009-10-02,2024-10-02,1025.2099609375,5709.5400390625,5.569142182194006,1.6040173133871907,64.2402161289745,42719787.15265209
2009-10-05,2024-10-07,1040.4599609375,5695.93994140625,5.474444145139385,1.6605668685933455,64.2402161289745,44454492.68681819
2009-10-06,2024-10-07,1054.719970703125,5695.93994140625,5.400428644210722,1.6759009257857547,64.2402161289745,44454492.68681819
2009-10-07,2024-10-07,1057.5799560546875,5695.93994140625,5.385824408638578,1.6808602401081685,64.2402161289745,44454492.68681819
2009-10-08,2024-10-08,1065.47998046875,5751.1298828125,5.397689293310169,1.6688934287799104,64.2402161289745,44733105.16084947
2009-10-09,2024-10-09,1071.489990234375,5792.0400390625,5.405594164995946,1.6509806118665737,64.2402161289745,45127281.53364491
2009-10-12,2024-10-14,1076.18994140625,5859.85009765625,5.444996159320374,1.6646304888842247,63.88414065219674,45903404.94792641
2009-10-13,2024-10-14,1073.18994140625,5859.85009765625,5.460217126129434,1.6625918519391207,63.88414065219674,45903404.94792641
2009-10-14,2024-10-14,1092.02001953125,5859.85009765625,5.366064717542077,1.6702157870179641,63.88414065219674,45903404.94792641
2009-10-15,2024-10-15,1096.56005859375,5815.259765625,5.3031840071601755,1.6478579325095084,63.88414065219674,45602834.291172385
2009-10-16,2024-10-16,1087.6800537109375,5842.47021484375,5.371497063783105,1.6400725224652133,63.88414065219674,45649887.668454714
2009-10-19,2024-10-21,1097.9100341796875,5853.97998046875,5.33193048448874,1.6480671761222392,63.88414065219674,45946883.75750376
2009-10-20,2024-10-21,1091.06005859375,5853.97998046875,5.365405812777944,1.6476135139052566,63.88414065219674,45946883.75750376
2009-10-21,2024-10-21,1081.4000244140625,5853.97998046875,5.413334426028542,1.6461268774729108,63.88414065219674,45946883.75750376
2009-10-22,2024-10-22,1092.9100341796875,5851.2001953125,5.353780285953979,1.6478291127886682,63.88414065219674,46295981.17442275
2009-10-23,2024-10-23,1079.5999755859375,5797.419921875,5.369970408464054,1.6419119552152484,63.88414065219674,45975951.947066635
2009-10-26,2024-10-28,1066.949951171875,5823.52001953125,5.45810046022781,1.658915411195417,63.88414065219674,46902818.50731944
2009-10-27,2024-10-28,1063.4100341796875,5823.52001953125,5.476269578388456,1.6693442213024012,63.88414065219674,46902818.50731944
2009-10-28,2024-10-28,1042.6300048828125,5823.52001953125,5.58541380188439,1.6887710761287558,63.88414065219674,46902818.50731944
2009-10-29,2024-10-29,1066.1099853515625,5832.919921875,5.471217793679632,1.674270460499724,63.88414065219674,47079256.016555645
2009-10-30,2024-10-30,1036.18994140625,5813.669921875,5.610621846015087,1.7013431935364653,63.88414065219674,46926164.69900649
2009-11-02,2024-11-04,1042.8800048828125,5712.68994140625,5.47780177456579,1.6847771168468073,63.88414065219674,45577185.40143325
2009-11-03,2024-11-04,1045.4100341796875,5712.68994140625,5.464544776336382,1.6847771168468073,63.88414065219674,45577185.40143325
2009-11-04,2024-11-04,1046.5,5712.68994140625,5.458853264602245,1.6790558319134103,63.88414065219674,45577185.40143325
2009-11-05,2024-11-05,1066.6300048828125,5782.759765625,5.421523620330121,1.6776028049814224,63.88414065219674,46254811.12312619
2009-11-06,2024-11-06,1069.300048828125,5929.0400390625,5.544786092135969,1.68485761221844,63.88414065219674,47359280.52933655
2009-11-09,2024-11-11,1093.0799560546875,6001.35009765625,5.490312089627228,1.702167483843943,63.88414065219674,48622034.46512624
2009-11-10,2024-11-11,1093.010009765625,6001.35009765625,5.490663437696353,1.7044254655942028,63.54052832495476,48306725.32134535
2009-11-11,2024-11-11,1098.510009765625,6001.35009765625,5.463172883546761,1.7006339754209787,63.54052832495476,48306725.32134535
2009-11-12,2024-11-12,1087.239990234375,5983.990234375,5.503835664732161,1.7000442822639392,63.54052832495476,48357069.65845607
2009-11-13,2024-11-13,1093.47998046875,5985.3798828125,5.473698640780514,1.7249051133449218,63.54052832495476,48817492.133572966
2009-11-16,2024-11-18,1109.300048828125,5893.6201171875,5.3129179282139,1.7376024913259676,63.54052832495476,47919153.092131324
2009-11-17,2024-11-18,1110.3199462890625,5893.6201171875,5.308037684890104,1.7333183418828777,63.54052832495476,47919153.092131324
2009-11-18,2024-11-18,1109.800048828125,5893.6201171875,5.310524290759196,1.730061040787023,63.54052832495476,47919153.092131324
2009-11-19,2024-11-19,1094.9000244140625,5916.97998046875,5.404128092549118,1.7392238665993953,63.54052832495476,48131051.172473766
2009-11-20,2024-11-20,1091.3800048828125,5917.10986328125,5.421676993172147,1.7417313872580267,63.54052832495476,48170300.02392023
2009-11-23,2024-11-25,1106.239990234375,5987.3701171875,5.4123609434142566,1.7339256855791831,63.54052832495476,48643404.570903614
2009-11-24,2024-11-25,1105.6500244140625,5987.3701171875,5.415248934996856,1.7399342166791738,63.54052832495476,48643404.570903614
2009-11-25,2024-11-25,1110.6300048828125,5987.3701171875,5.3909673706494665,1.7644917011995163,63.54052832495476,48643404.570903614
2009-11-27,2024-11-27,1091.489990234375,5998.740234375,5.495918687341232,1.769299222318766,63.54052832495476,48321389.42952704
2009-11-30,2024-12-02,1095.6300048828125,6047.14990234375,5.519335793464827,1.7379477680593296,63.54052832495476,47596670.63703158
2009-12-01,2024-12-02,1108.8599853515625,6047.14990234375,5.453483742067317,1.7299248973509669,63.54052832495476,47596670.63703158
2009-12-02,2024-12-02,1109.239990234375,6047.14990234375,5.451615480493115,1.7119460846810537,63.54052832495476,47596670.63703158
2009-12-03,2024-12-03,1099.9200439453125,6049.8798828125,5.500290603953479,1.6939687856902546,63.54052832495476,47472751.93763446
2009-12-04,2024-12-04,1105.97998046875,6086.490234375,5.503255340838402,1.6531927609753252,63.54052832495476,47874303.19975896
2009-12-07,2024-12-09,1103.25,6052.85009765625,5.486381235129164,1.680255316843736,63.54052832495476,47701731.530833125
2009-12-08,2024-12-09,1091.93994140625,6052.85009765625,5.543207889127229,1.697556047089543,63.54052832495476,47701731.530833125
2009-12-09,2024-12-09,1095.949951171875,6052.85009765625,5.522925651106669,1.703144568241555,63.54052832495476,47701731.530833125
2009-12-10,2024-12-10,1102.3499755859375,6034.91015625,5.474586374478971,1.7160602856176104,62.84421642131092,47422878.750455715
2009-12-11,2024-12-11,1106.4100341796875,6084.18994140625,5.499037204518105,1.7039736567075474,62.84421642131092,48044342.589690305
2009-12-14,2024-12-16,1114.1099853515625,6074.080078125,5.4519573094107905,1.7302175973111225,62.84421642131092,48576203.49955644
2009-12-15,2024-12-16,1107.9300537109375,6074.080078125,5.482367824376887,1.714347959571054,62.84421642131092,48576203.49955644
2009-12-16,2024-12-16,1109.1800537109375,6074.080078125,5.4761894228112045,1.7078798612766317,62.84421642131092,48576203.49955644
2009-12-17,2024-12-17,1096.0799560546875,6050.60986328125,5.520226722382799,1.7189424317750497,62.84421642131092,48590559.28713262
2009-12-18,2024-12-18,1102.469970703125,5872.16015625,5.326367440652282,1.6980539814235551,62.84421642131092,46672877.672319934
2009-12-21,2024-12-23,1114.050048828125,5974.06982421875,5.362478849583916,1.7190661467514559,62.84421642131092,48768083.999225944
2009-12-22,2024-12-23,1118.02001953125,5974.06982421875,5.343437255017568,1.7050596834638556,62.84421642131092,48768083.999225944
2009-12-23,2024-12-23,1120.5899658203125,5974.06982421875,5.3311826862964224,1.7081297010399588,62.84421642131092,48768083.999225944
2009-12-24,2024-12-24,1126.47998046875,6040.0400390625,5.361870733423174,1.7187020785019007,62.84421642131092,49656937.00789366
2009-12-28,2024-12-30,1127.780029296875,5906.93994140625,5.237670279628011,1.721812595648258,62.84421642131092,48605143.75363524
2009-12-29,2024-12-30,1126.199951171875,5906.93994140625,5.245018822154755,1.716570610016415,62.84421642131092,48605143.75363524
2009-12-30,2024-12-30,1126.4200439453125,5906.93994140625,5.243993990658276,1.708212553846174,62.84421642131092,48605143.75363524
2009-12-31,2024-12-31,1115.0999755859375,5881.6298828125,5.2745314425479695,1.6897534057596137,62.84421642131092,48029498.20176354
2010-01-04,2025-01-06,1132.989990234375,5975.3798828125,5.273991768962062,1.7025893089498458,62.84421642131092,49136961.693461485
2010-01-05,2025-01-06,1136.52001953125,5975.3798828125,5.2576107592693395,1.719506517244881,62.84421642131092,49136961.693461485
2010-01-06,2025-01-06,1137.1400146484375,5975.3798828125,5.254744187908884,1.7051517824527236,62.84421642131092,49136961.693461485
2010-01-07,2025-01-07,1141.68994140625,5909.02978515625,5.175686997713179,1.6890780302682484,62.84421642131092,48577600.841676354
2010-01-08,2025-01-08,1144.97998046875,5918.25,5.168867666644349,1.7077054411594703,62.84421642131092,48852361.98809892
2010-01-11,2025-01-13,1146.97998046875,5836.22021484375,5.088336600660277,1.7144484699001705,62.18945349113874,47305296.71262488
2010-01-12,2025-01-13,1136.219970703125,5836.22021484375,5.13652317801819,1.7334979164918054,62.18945349113874,47305296.71262488
2010-01-13,2025-01-13,1145.6800537109375,5836.22021484375,5.094109996887723,1.7268053736278095,62.18945349113874,47305296.71262488
2010-01-14,2025-01-14,1148.4599609375,5842.91015625,5.087604579162142,1.7242157774413946,62.18945349113874,47180945.29127106
2010-01-15,2025-01-15,1136.030029296875,5949.91015625,5.23745852029333,1.7415978297714358,62.18945349113874,48481924.64055645
2010-01-19,2025-01-21,1150.22998046875,6049.240234375,5.259157157344977,1.702310301427139,62.18945349113874,48404507.22651131
2010-01-20,2025-01-21,1138.0400390625,6049.240234375,5.315489812957962,1.7024409008896555,62.18945349113874,48404507.22651131
2010-01-21,2025-01-21,1116.47998046875,6049.240234375,5.418135873636757,1.717489150692299,62.18945349113874,48404507.22651131
2010-01-22,2025-01-22,1091.760009765625,6086.3701171875,5.574824194645212,1.7344839807346102,62.18945349113874,48961710.85829634
2010-01-25,2025-01-27,1096.780029296875,6012.27978515625,5.481755342509846,1.722546056725769,62.18945349113874,48232744.20710597
2010-01-26,2025-01-27,1092.1700439453125,6012.27978515625,5.504893508558177,1.7376325791414577,62.18945349113874,48232744.20710597
2010-01-27,2025-01-27,1097.5,6012.27978515625,5.478159257545558,1.7314509013881851,62.18945349113874,48232744.20710597
2010-01-28,2025-01-28,1084.530029296875,6067.7001953125,5.594773801926283,1.7254672279696537,62.18945349113874,48454438.79661911
2010-01-29,2025-01-29,1073.8699951171875,6039.31005859375,5.623874478339161,1.723263670346587,62.18945349113874,48425067.91411684
2010-02-01,2025-02-03,1089.18994140625,5994.56982421875,5.503695541366438,1.7118003849162267,62.18945349113874,47919176.80094955
2010-02-02,2025-02-03,1103.3199462890625,5994.56982421875,5.433210778415686,1.7180851526068714,62.18945349113874,47919176.80094955
2010-02-03,2025-02-03,1097.280029296875,5994.56982421875,5.463117585453555,1.710292964058529,62.18945349113874,47919176.80094955
2010-02-04,2025-02-04,1063.1099853515625,6037.8798828125,5.679449883838518,1.7366847828869472,62.18945349113874,48305338.47871498
2010-02-05,2025-02-05,1066.18994140625,6061.47998046875,5.6851783580643875,1.7275610120671332,62.18945349113874,48101993.64962801
2010-02-08,2025-02-10,1056.739990234375,6066.43994140625,5.740711998663712,1.7019277176019245,62.18945349113874,47286722.871051244
2010-02-09,2025-02-10,1070.52001953125,6066.43994140625,5.666815968619223,1.6915381523704898,62.18945349113874,47286722.871051244
2010-02-10,2025-02-10,1068.1300048828125,6066.43994140625,5.679495860685813,1.688490965492112,61.48204842069803,46635086.36432928
2010-02-11,2025-02-11,1078.469970703125,6068.5,5.6269531510863935,1.6897784969489218,61.48204842069803,46621862.231408
2010-02-12,2025-02-12,1075.510009765625,6051.97021484375,5.627070096876731,1.698043397388584,61.48204842069803,46832276.01111376
2010-02-16,2025-02-18,1094.8699951171875,6129.580078125,5.598454707372752,1.6781613704300695,61.48204842069803,47073055.563230395
2010-02-17,2025-02-18,1099.510009765625,6129.580078125,5.574828808908798,1.6633058228240976,61.48204842069803,47073055.563230395
2010-02-18,2025-02-18,1106.75,6129.580078125,5.538360133837814,1.6465421199376986,61.48204842069803,47073055.563230395
2010-02-19,2025-02-19,1109.1700439453125,6144.14990234375,5.5394120458654275,1.6597225064052659,61.48204842069803,47392682.93175916
2010-02-22,2025-02-24,1108.010009765625,5983.25,5.399996342330539,1.6373868845160462,61.48204842069803,44953867.81530791
2010-02-23,2025-02-24,1094.5999755859375,5983.25,5.466152140919952,1.6569097974758011,61.48204842069803,44953867.81530791
2010-02-24,2025-02-24,1105.239990234375,5983.25,5.413530140844075,1.6547258445393067,61.48204842069803,44953867.81530791
2010-02-25,2025-02-25,1102.93994140625,5955.25,5.399432712906424,1.6787723092708984,61.48204842069803,44871349.57580543
2010-02-26,2025-02-26,1104.489990234375,5956.06005859375,5.392588535211498,1.6765219343060902,61.48204842069803,44590989.11805014
2010-03-01,2025-03-03,1115.7099609375,5849.72021484375,5.2430474044781255,1.6912057601029142,61.48204842069803,44225208.1141241
2010-03-02,2025-03-03,1118.31005859375,5849.72021484375,5.230857193755051,1.6990196047244472,61.48204842069803,44225208.1141241
2010-03-03,2025-03-03,1118.7900390625,5849.72021484375,5.228613064651143,1.7022806437083078,61.48204842069803,44225208.1141241
2010-03-04,2025-03-04,1122.969970703125,5778.14990234375,5.145418001450099,1.674573648982833,61.48204842069803,43040970.72775137
2010-03-05,2025-03-05,1138.699951171875,5842.6298828125,5.130965252786434,1.6603745726541261,61.48204842069803,43810323.96932854
2010-03-08,2025-03-10,1138.5,5614.56005859375,4.931541553442029,1.6348935230257107,61.48204842069803,40953492.98654594
2010-03-09,2025-03-10,1140.449951171875,5614.56005859375,4.923109561120574,1.6402894166173945,61.48204842069803,40953492.98654594
2010-03-10,2025-03-10,1145.6099853515625,5614.56005859375,4.900934986936907,1.6315684726132822,60.8520637659066,40431390.6897926
2010-03-11,2025-03-11,1150.239990234375,5572.06982421875,4.844267171656391,1.6224185418992603,60.8520637659066,39866972.44017276
2010-03-12,2025-03-12,1149.989990234375,5599.2998046875,4.868998732368382,1.6351005737719215,60.8520637659066,40442197.56938641
2010-03-15,2025-03-17,1150.510009765625,5675.1201171875,4.932699471553144,1.6452392349893226,60.8520637659066,41317247.60945798
2010-03-16,2025-03-17,1159.4599609375,5675.1201171875,4.894623625121811,1.645785864385718,60.8520637659066,41317247.60945798
2010-03-17,2025-03-17,1166.2099609375,5675.1201171875,4.866293641177057,1.6437287192106336,60.8520637659066,41317247.60945798
2010-03-18,2025-03-18,1165.8299560546875,5614.66015625,4.816019803823452,1.650961452924032,60.8520637659066,41037374.7955511
2010-03-19,2025-03-19,1159.9000244140625,5675.2900390625,4.892913112860258,1.6510384599208556,60.8520637659066,41613711.76368838
2010-03-22,2025-03-24,1165.81005859375,5767.56982421875,4.94726373451936,1.6568187737500173,60.8520637659066,42531916.85900731
2010-03-23,2025-03-24,1174.1700439453125,5767.56982421875,4.912039660660409,1.6563420578681056,60.8520637659066,42531916.85900731
2010-03-24,2025-03-24,1167.719970703125,5767.56982421875,4.939172035180571,1.6266763976395924,60.8520637659066,42531916.85900731
2010-03-25,2025-03-25,1165.72998046875,5776.64990234375,4.955392757438485,1.6297601556474657,60.8520637659066,43000238.26788098
2010-03-26,2025-03-26,1166.5899658203125,5712.2001953125,4.89649350900755,1.620958314659914,60.8520637659066,42122494.56000213
2010-03-29,2025-03-31,1173.219970703125,5611.85009765625,4.7832889294349465,1.6176560476831807,60.8520637659066,41093108.81001813
2010-03-30,2025-03-31,1173.27001953125,5611.85009765625,4.783084886033584,1.6119048145490795,60.8520637659066,41093108.81001813
2010-03-31,2025-03-31,1169.4300537109375,5611.85009765625,4.798790727028297,1.5998397109183802,60.8520637659066,41093108.81001813
2010-04-01,2025-04-01,1178.0999755859375,5633.06982421875,4.781487090191218,1.5973681067890881,60.8520637659066,41387764.49496219
2010-04-05,2025-04-07,1187.43994140625,5062.25,4.263162980693513,1.5417470140379885,60.8520637659066,34800396.6970031
2010-04-06,2025-04-07,1189.43994140625,5062.25,4.255994627198249,1.5505576118369577,60.8520637659066,34800396.6970031
2010-04-07,2025-04-07,1182.449951171875,5062.25,4.281153713933535,1.5586170852358305,60.8520637659066,34800396.6970031
2010-04-08,2025-04-08,1186.43994140625,4982.77001953125,4.199765909452887,1.5819846324292886,60.8520637659066,34811374.91212331
2010-04-09,2025-04-09,1194.3699951171875,5456.89990234375,4.568852135144552,1.5655323689088918,60.8520637659066,38429819.18407609
2010-04-12,2025-04-14,1196.47998046875,5405.97021484375,4.518228723497597,1.5398732339682661,60.30109072217046,36775718.63430382
2010-04-13,2025-04-14,1197.300048828125,5405.97021484375,4.515134046920755,1.5399227841083594,60.30109072217046,36775718.63430382
2010-04-14,2025-04-14,1210.6500244140625,5405.97021484375,4.465345149982682,1.5376455161180953,60.30109072217046,36775718.63430382
2010-04-15,2025-04-15,1211.6700439453125,5396.6298828125,4.453877447725423,1.54223994068359,60.30109072217046,36694900.441512994
2010-04-16,2025-04-16,1192.1300048828125,5275.7001953125,4.425440324212883,1.5571351396328204,60.30109072217046,35648543.76320529
2010-04-19,2025-04-21,1197.52001953125,5158.2001953125,4.307402056903896,1.5374215369244628,60.30109072217046,34215058.773795694
2010-04-20,2025-04-21,1207.1700439453125,5158.2001953125,4.272969016406589,1.5256892974014562,60.30109072217046,34215058.773795694
2010-04-21,2025-04-21,1205.93994140625,5158.2001953125,4.277327599994331,1.5276075460609502,60.30109072217046,34215058.773795694
2010-04-22,2025-04-22,1208.6700439453125,5287.759765625,4.374857962364003,1.5083406831133463,60.30109072217046,34919396.97455406
2010-04-23,2025-04-23,1217.280029296875,5375.85986328125,4.416288556369772,1.5187653877056222,60.30109072217046,36255200.546549544
2010-04-26,2025-04-28,1212.050048828125,5528.75,4.561486553583734,1.5318530466511875,60.30109072217046,37955102.55186671
2010-04-27,2025-04-28,1183.7099609375,5528.75,4.670696524021157,1.5442863496707642,60.30109072217046,37955102.55186671
2010-04-28,2025-04-28,1191.3599853515625,5528.75,4.640704797860491,1.5308748916509853,60.30109072217046,37955102.55186671
2010-04-29,2025-04-29,1206.780029296875,5560.830078125,4.607989810176916,1.512322689797956,60.30109072217046,37675710.50808426
2010-04-30,2025-04-30,1186.68994140625,5569.06005859375,4.692936094153043,1.5165617946794427,60.30109072217046,37786905.153489016
2010-05-03,2025-05-05,1202.260009765625,5650.3798828125,4.699798576777094,1.5273094967799947,60.30109072217046,39276875.47694346
2010-05-04,2025-05-05,1173.5999755859375,5650.3798828125,4.814570552450347,1.5270192621470782,60.30109072217046,39276875.47694346
2010-05-05,2025-05-05,1165.8699951171875,5650.3798828125,4.846492238823379,1.5421460173121468,60.30109072217046,39276875.47694346
2010-05-06,2025-05-06,1128.1500244140625,5606.91015625,4.970004019777522,1.581570010591948,60.30109072217046,38569821.696857825
2010-05-07,2025-05-07,1110.8800048828125,5631.27978515625,5.069206179249123,1.5618584931454582,60.30109072217046,38570727.0630615
2010-05-10,2025-05-12,1159.72998046875,5844.18994140625,5.039267794943176,1.5648421977077591,59.708463543008506,40880746.51553687
2010-05-11,2025-05-12,1155.7900390625,5844.18994140625,5.056446018644241,1.576516378286985,59.708463543008506,40880746.51553687
2010-05-12,2025-05-12,1171.6700439453125,5844.18994140625,4.98791444878745,1.5650269774916112,59.708463543008506,40880746.51553687
2010-05-13,2025-05-13,1157.43994140625,5886.5498046875,5.085836071576676,1.5985642656651262,59.708463543008506,42127529.93594704
2010-05-14,2025-05-14,1135.6800537109375,5892.580078125,5.188591680262817,1.5955872954654282,59.708463543008506,41905794.54875395
2010-05-17,2025-05-19,1136.93994140625,5963.60009765625,5.245307936213443,1.569940565740813,59.708463543008506,41737335.400085635
2010-05-18,2025-05-19,1120.800048828125,5963.60009765625,5.320842110857875,1.5810274382914062,59.708463543008506,41737335.400085635
2010-05-19,2025-05-19,1115.050048828125,5963.60009765625,5.348280199551371,1.5872624284160854,59.708463543008506,41737335.400085635
2010-05-20,2025-05-20,1071.5899658203125,5940.4599609375,5.54359423885611,1.6221886723513637,59.708463543008506,41422016.63738489
2010-05-21,2025-05-21,1087.68994140625,5844.60986328125,5.373415383178854,1.603893970526455,59.708463543008506,40366529.25181924
2010-05-24,2025-05-23,1073.6500244140625,5802.81982421875,5.4047591787515685,1.5950548599047285,59.708463543008506,39843554.44600954
